{"type": "FeatureCollection", "features": [{"type": "Feature", "properties": {"GID_3": "ZWE.5.8.1_2", "GID_0": "ZWE", "COUNTRY": "Zimbabwe", "GID_1": "ZWE.5_1", "NAME_1": "Mashonaland East", "NL_NAME_1": "NA", "GID_2": "ZWE.5.8_2", "NAME_2": "Mutoko", "NL_NAME_2": "NA", "NAME_3": "Ward 1", "VARNAME_3": "NA", "NL_NAME_3": "NA", "TYPE_3": "Ward", "ENGTYPE_3": "Ward", "CC_3": "NA", "HASC_3": "NA", "id": "ZWE.5.8.1_2", "name": "Ward 1"}, "geometry": {"type": "MultiPolygon", "coordinates": [[[[32.172893041000066, -17.03382381599988], [32.17290504100015, -17.033842816999936], [32.17337002900007, -17.036463023999943], [32.17337002900007, -17.036601034999876], [32.17340802800015, -17.039227241999924], [32.17258005200017, -17.041726439999877], [32.17258005200017, -17.04186545099992], [32.174937987000135, -17.04612078699995], [32.174941987000125, -17.046258797999883], [32.174948987000164, -17.046811840999908], [32.17688293400005, -17.051765231999866], [32.1773139230001, -17.053201344999934], [32.17853888900004, -17.057274666999888], [32.17854588900008, -17.057827709999913], [32.17869488500014, -17.058101731999955], [32.17869888500013, -17.058378753999932], [32.178843881000034, -17.05865377599997], [32.17903887600011, -17.059757862999902], [32.18009084800008, -17.06582534199987], [32.18023584399998, -17.065823341999874], [32.182181791000176, -17.07133077599991], [32.182181791000176, -17.07146778699996], [32.182185791000165, -17.07174480899988], [32.18378374700018, -17.073106915999972], [32.18378774700017, -17.073382937999895], [32.18393674200013, -17.073518947999958], [32.183939742000064, -17.07379496999988], [32.18524870600015, -17.07488605599991], [32.18525270600014, -17.07516107799995], [32.185397702000046, -17.075298087999897], [32.185397702000046, -17.075436098999944], [32.18569469400012, -17.07598514299991], [32.18569469400012, -17.076124153999956], [32.18555369799998, -17.07626316499983], [32.18555369799998, -17.07640317599987], [32.185412702000065, -17.076542186999916], [32.185271706000094, -17.076683197999955], [32.18512671000019, -17.07668519799995], [32.18456172599997, -17.077383252999937], [32.18456572600013, -17.07752026399993], [32.18456572600013, -17.077659274999974], [32.18457372600011, -17.078073307999944], [32.18560369700015, -17.07999645899997], [32.18560769700014, -17.080133469999964], [32.18575569300009, -17.08068551399998], [32.18576769300006, -17.08151457899993], [32.18591968900017, -17.0819286119999], [32.18592768900015, -17.08261966599997], [32.185931689000085, -17.082895687999894], [32.18579069300017, -17.08303469899994], [32.18579069300017, -17.08317470999998], [32.18564869700015, -17.08331372099991], [32.185507701000176, -17.083591742999943], [32.185370705000025, -17.083870764999915], [32.185370705000025, -17.084007775999964], [32.185374705000186, -17.084146786999952], [32.1852337090001, -17.08428679799988], [32.1852337090001, -17.084425808999924], [32.18496671700018, -17.085949929999913], [32.184969717000115, -17.086086939999973], [32.18497371700005, -17.086502972999938], [32.18497771700004, -17.086639983999873], [32.18498171700003, -17.086917005999908], [32.18758664400019, -17.088267111999983], [32.18758664400019, -17.088405122999916], [32.18999057900004, -17.095839708999904], [32.19076855800017, -17.10011704599998], [32.19077555800004, -17.10067008999988], [32.19078355800019, -17.101221133999957], [32.19139354100014, -17.10384033999992], [32.19153853700004, -17.10411536199996], [32.19154253700003, -17.10439138399994], [32.191691533000096, -17.104666404999875], [32.19169553300003, -17.10494242699997], [32.19169953300019, -17.10521944899989], [32.192160521000176, -17.107563633999973], [32.19216452100011, -17.107840655999894], [32.192313517, -17.108114676999833], [32.1923205170001, -17.108530709999968], [32.1923205170001, -17.10866772099996], [32.19232851700019, -17.109220764999975], [32.193472486000076, -17.11338309299998], [32.19316349400009, -17.113462098999946], [32.1862406890001, -17.11260503299991], [32.185778702000164, -17.112607033999893], [32.18411574800007, -17.112615034999976], [32.18282678500009, -17.112620034999907], [32.181349826000144, -17.112716042999978], [32.18107183400008, -17.112716042999978], [32.18079284200007, -17.112718043999962], [32.180701844, -17.112718043999962], [32.17803192000008, -17.11388313599997], [32.17757393300013, -17.114240164999956], [32.17720394300005, -17.114509185999907], [32.17683795300013, -17.114776206999977], [32.1764669640001, -17.115132234999976], [32.17619297199997, -17.115401256999917], [32.176009977000035, -17.115668277999873], [32.17573498500019, -17.115846291999958], [32.17555199000009, -17.11611331299997], [32.17536499500011, -17.11629232699994], [32.17426602700016, -17.117894453999952], [32.17426602700016, -17.11815947499997], [32.17427002700015, -17.118426495999927], [32.17427002700015, -17.1189595379999], [32.17427402700008, -17.11922655899997], [32.17427402700008, -17.119403572999943], [32.17219908800013, -17.129530372999966], [32.17210709100004, -17.129974407999896], [32.171928096000045, -17.130863477999924], [32.1717491010001, -17.13157553399998], [32.17165710400019, -17.131842554999935], [32.17156610700005, -17.13201956899985], [32.17147410900009, -17.13228658999998], [32.170475138000086, -17.135662856999943], [32.170291144000146, -17.136019884999882], [32.169925154000055, -17.136553926999966], [32.16964716200016, -17.13673094099994], [32.16946416700006, -17.136910955999895], [32.16928117200007, -17.137087969999982], [32.16900618000005, -17.137178976999962], [32.16891118300009, -17.13726698399995], [32.16881918500013, -17.13726698399995], [32.166057263000084, -17.1383450699999], [32.165870268000106, -17.138435076999883], [32.16559627600003, -17.138524083999982], [32.165321284000186, -17.13870309799995], [32.164951294000105, -17.138793104999934], [32.164768300000105, -17.138883111999917], [32.164398310000024, -17.139062126999818], [32.16348233600007, -17.140397231999884], [32.16329934100014, -17.140664252999954], [32.163116347000084, -17.14119829499998], [32.163116347000084, -17.141463315999886], [32.163024349000125, -17.14146531699987], [32.164142319000064, -17.14393951099987], [32.164146319000054, -17.144117524999956], [32.1648103010001, -17.14810983999996], [32.16490129900018, -17.148463867999965], [32.16490529900011, -17.14899690999988], [32.1649092990001, -17.149438944999872], [32.1649092990001, -17.149617958999954], [32.1649092990001, -17.149705965999942], [32.164646307, -17.152281168999934], [32.164459312000076, -17.152460182999846], [32.16436731500005, -17.15263819799992], [32.164276317000144, -17.152905218999877], [32.16418432000006, -17.153082232999964], [32.16409632299997, -17.15325924699988], [32.16400532500012, -17.15352626799995], [32.163913328000035, -17.15370428199992], [32.16372633300011, -17.153794288999904], [32.16363533600014, -17.153973302999873], [32.16354333800018, -17.15415031699996], [32.16188838500011, -17.15548942299995], [32.16152239600012, -17.15548942299995], [32.161243403000185, -17.155581429999813], [32.160877414000026, -17.15575844499989], [32.160690419000105, -17.155760444999885], [32.16041542700009, -17.155850451999868], [32.16004543700018, -17.15602946599995], [32.157463510000184, -17.15666051699992], [32.15718851800017, -17.1567525239999], [32.15672653100006, -17.15675452399995], [32.15644853800006, -17.15675452399995], [32.15617354600005, -17.156756523999945], [32.15598655100007, -17.156756524999878], [32.15580355700007, -17.15675852499993], [32.15561656200015, -17.15675852499993], [32.15330862700006, -17.156412497999895], [32.15303063400006, -17.156325490999905], [32.152664645000016, -17.15632649199989], [32.15220265800008, -17.1562394849999], [32.151832668000054, -17.156153477999965], [32.15164567300013, -17.156153477999965], [32.151462678000144, -17.15615547799996], [32.14656481600008, -17.155287410999904], [32.146289824000064, -17.1552894109999], [32.14591983400004, -17.1552014049999], [32.14554984400013, -17.15511339799997], [32.145088857000076, -17.155028390999973], [32.14480986500013, -17.15494038399987], [32.14462687000014, -17.154852376999884], [32.144439875000046, -17.154852376999884], [32.14434887800007, -17.154852376999884], [32.14176195100015, -17.154509350999945], [32.14148395800015, -17.154509350999945], [32.141391961000124, -17.154511350999826], [32.13682209100017, -17.158524668999974], [32.129380302000015, -17.16618827499991], [32.12910131000007, -17.16636628999987], [32.128827318000106, -17.16663331099994], [32.12827433300009, -17.167169352999906], [32.12809033900015, -17.16725835999989], [32.127907344, -17.167436373999976], [32.127816346000145, -17.16761338799995], [32.12772434900006, -17.167703394999933], [32.125241420000066, -17.170375606999983], [32.12496642700012, -17.170644627999934], [32.12460043800013, -17.170823641999903], [32.124230448000105, -17.171178669999904], [32.12395545600009, -17.171357684999975], [32.12367746400014, -17.17153769899994], [32.12358546600018, -17.171714712999915], [32.123494469000036, -17.171804719999898], [32.12340247200012, -17.171891726999945], [32.12321947700019, -17.171981733999928], [32.123128479000115, -17.172071740999968], [32.12008356500007, -17.17279479899986], [32.11990057000014, -17.17288380599996], [32.119713576000095, -17.17288380599996], [32.11953058100016, -17.17288580599984], [32.119347586000174, -17.17288580599984], [32.11906959400011, -17.172975812999937], [32.11897759600015, -17.172975813999926], [32.118790602000104, -17.172977813999978], [32.11869960400003, -17.172977813999978], [32.11362174700008, -17.172908809999967], [32.11334775500018, -17.172910809999962], [32.11306876200007, -17.173000816999945], [32.11288576800007, -17.173000816999945], [32.11260777500007, -17.17300281699994], [32.11168380100014, -17.17300581799998], [32.11159280400017, -17.17300581799998], [32.1087888830001, -17.17335484599994], [32.10863988700004, -17.173372847999815], [32.10836189500009, -17.173373847999812], [32.10808690300007, -17.17328684099988], [32.10789990800015, -17.17319883399989], [32.107808910000074, -17.17319883399989], [32.107621916000085, -17.17311082699996], [32.107438921000096, -17.17302281999997], [32.107251926000174, -17.17302281999997], [32.10706893100007, -17.17293581399997], [32.10688193600015, -17.172847806999982], [32.10651594700016, -17.17275979999988], [32.10346803200008, -17.172593787999915], [32.10318904000013, -17.17259578799991], [32.10272805300008, -17.172597787999905], [32.10217406800018, -17.172511781999958], [32.101621084000044, -17.17260178899994], [32.10125109400019, -17.172603788999936], [32.101068100000134, -17.172603788999936], [32.10097310200007, -17.17269379599992], [32.09636123200005, -17.172889812999927], [32.09589924500011, -17.17289181299998], [32.09562125300005, -17.17289181299998], [32.09552925500003, -17.172893812999973], [32.09525126300014, -17.172893813999963], [32.09007440800019, -17.170783648999816], [32.08961342100014, -17.17069764199988], [32.08684349900011, -17.170707643999833], [32.08628651400011, -17.170709643999885], [32.086195517000135, -17.17071164399988], [32.08610352000005, -17.17071164399988], [32.08278161300012, -17.171167680999872], [32.08250662100011, -17.17125668799997], [32.0822276290001, -17.171346694999954], [32.08204463400017, -17.17134869499995], [32.081953636000094, -17.171436701999937], [32.08176664200005, -17.171525708999923], [32.08167464400009, -17.171615716999895], [32.081583647000116, -17.171705723999878], [32.08149165000003, -17.171705723999878], [32.07937070900016, -17.172601794999878], [32.07909671700003, -17.172513787999947], [32.07881772500008, -17.172336773999973], [32.0786307300001, -17.17215875999989], [32.07853973300013, -17.172071752999898], [32.07844773500017, -17.171983745999967], [32.07844773500017, -17.171893738999927], [32.078352738000035, -17.171806732999983], [32.078352738000035, -17.17162871799991], [32.07686877900011, -17.169858578999936], [32.076776782000024, -17.169858578999936], [32.07382486500012, -17.170047594999915], [32.07354587200007, -17.170139601999892], [32.07327088000005, -17.170139601999892], [32.072900891000074, -17.17022860999998], [32.072530901000164, -17.170408623999947], [32.07243990400019, -17.170408623999947], [32.07234790600006, -17.170497630999932], [32.07225690900009, -17.170497630999932], [32.07225690900009, -17.170587637999915], [32.07068495300001, -17.170325617999936], [32.069208994, -17.17006659799989], [32.06791603000016, -17.169715570999813], [32.067450043000065, -17.169362542999977], [32.067450043000065, -17.169273535999935], [32.06735904600009, -17.16927553599993], [32.067267049, -17.169185528999833], [32.06541710000016, -17.16830645999994], [32.065139108000096, -17.16830645999994], [32.06476911900012, -17.168308459999935], [32.06467712100016, -17.16839746799991], [32.064585124000075, -17.16839746799991], [32.06440212900014, -17.168487474999893], [32.06274317600008, -17.169736573999955], [32.06246818400007, -17.16982658099994], [32.062281189000146, -17.16982658099994], [32.06219019100007, -17.16982658099994], [32.06005725100016, -17.167705413999954], [32.059596264000106, -17.167350385999953], [32.05922627400008, -17.166908351999894], [32.05922627400008, -17.166820344999962], [32.059130277, -17.166820344999962], [32.056636346000175, -17.16620829699997], [32.056452352000065, -17.166209296999966], [32.056269357000076, -17.166209296999966], [32.05599136500018, -17.16621129799995], [32.05562137500016, -17.16621129799995], [32.052024476000156, -17.167024362999882], [32.05156248900005, -17.167026362999877], [32.05137949400006, -17.167026362999877], [32.04749960300012, -17.166064287999973], [32.04741260600014, -17.16604728699997], [32.04760260000006, -17.165204220999954], [32.04769459700009, -17.165202219999856], [32.0476905970001, -17.165029206999918], [32.0476905970001, -17.16494119999993], [32.047778595000125, -17.164853192999942], [32.047774595000135, -17.164766185999838], [32.047774595000135, -17.164592171999914], [32.04785859300017, -17.16441815799982], [32.04785859300017, -17.164331151999818], [32.047946590000095, -17.164243144999887], [32.047946590000095, -17.1641551379999], [32.04803358800018, -17.16406713099991], [32.048030588000074, -17.16389411699987], [32.0481215850001, -17.163806109999882], [32.04820558300008, -17.16363109599996], [32.04820558300008, -17.16345708299997], [32.04829358000018, -17.16336907599998], [32.04838157800003, -17.163194061999945], [32.048468575000186, -17.16301804799997], [32.04864457000008, -17.162755026999946], [32.048728568000115, -17.162406], [32.048724568000125, -17.162232985999935], [32.04880856500006, -17.16197096499991], [32.04898356000007, -17.161707943999943], [32.049067558000104, -17.161358916999916], [32.04924755300016, -17.161181902999942], [32.049422548000166, -17.16091788199992], [32.049597543000175, -17.160742867999943], [32.049777537000125, -17.160477846999925], [32.049952532000134, -17.16030183299995], [32.05004053000016, -17.16004081299991], [32.050307522000026, -17.15986179799995], [32.050482517000034, -17.159685784999965], [32.05066251200009, -17.159508770999935], [32.050925505000066, -17.159243749999973], [32.051104500000065, -17.159067735999884], [32.05128049500013, -17.15880271499998], [32.05145949000013, -17.15871370799988], [32.05163548500019, -17.158449686999973], [32.05181048000003, -17.158186665999892], [32.05198947500003, -17.15801165199997], [32.052253467000185, -17.157746630999895], [32.05243246200018, -17.15748260999993], [32.05269545400006, -17.157129581999925], [32.052958447000094, -17.1567795549999], [32.05322143900014, -17.1563405199999], [32.05348543200006, -17.155987491999838], [32.05375242400015, -17.15563646399994], [32.05383642200013, -17.155287436999913], [32.05392341900017, -17.155111422999937], [32.05401141700014, -17.154938408999897], [32.05409941400006, -17.154848401999914], [32.05418741200003, -17.154675387999873], [32.05825729500009, -17.14514163499996], [32.05879527900004, -17.144958620999887], [32.058970274000046, -17.14478260699991], [32.058966274000056, -17.14443557899989], [32.059054272000026, -17.144260564999968], [32.059039272000064, -17.143478503999916], [32.059035272000074, -17.143218482999885], [32.059031272000084, -17.14304546999989], [32.059027272000094, -17.142783448999978], [32.059020272000055, -17.142524428999934], [32.05901627200012, -17.142177400999913], [32.05900827200014, -17.14183037399988], [32.0590012720001, -17.14139533899987], [32.05908527000014, -17.141133318999948], [32.05908127000015, -17.14087229799992], [32.05916926800012, -17.14069728399994], [32.059165268000186, -17.1404372639999], [32.05924926500012, -17.14017624299987], [32.059336263000034, -17.140000228999895], [32.05942426000013, -17.139825215999963], [32.05942026000014, -17.139651201999982], [32.05950825800011, -17.139564194999878], [32.05968425300006, -17.13930017399997], [32.05977125000004, -17.139037152999947], [32.0599472450001, -17.13877413199998], [32.06003124300014, -17.13851311199994], [32.06011824000012, -17.138337097999965], [32.060298235, -17.13816008399988], [32.06038223300004, -17.137813055999857], [32.060466230000145, -17.137637042999927], [32.060466230000145, -17.137464028999943], [32.06054922800013, -17.13728801499991], [32.06072922300018, -17.137111000999937], [32.060813220000114, -17.136763973999905], [32.06089721800009, -17.13641494599989], [32.0610722130001, -17.13615092499998], [32.06124820800005, -17.1358879039999], [32.061331205000045, -17.13562488399998], [32.06141920300007, -17.135363862999952], [32.06709504000008, -17.12476202499994], [32.06718303800011, -17.124586010999963], [32.06735903200007, -17.12432298999994], [32.06753002800019, -17.123973962999912], [32.067706023000085, -17.12370894199995], [32.067881018000094, -17.123445920999927], [32.06796901500019, -17.123183899999844], [32.06805701200011, -17.123008885999923], [32.06814501000008, -17.122920878999935], [32.06823200700012, -17.122745865999946], [32.068316005000156, -17.12248384499992], [32.06840400200002, -17.122220823999896], [32.068488, -17.122046809999972], [32.068575998000085, -17.12187179599988], [32.06866299500007, -17.12169678299989], [32.06883899000013, -17.121432761999813], [32.06901398500014, -17.121169740999903], [32.06928097700006, -17.120816712999897], [32.069456972000125, -17.12055369199993], [32.069544970000095, -17.120379677999892], [32.06980796200003, -17.12011465699993], [32.070074955000166, -17.119849635999913], [32.0703379470001, -17.1194116019999], [32.07051294200011, -17.11906057399989], [32.070596940000144, -17.118798552999976], [32.07068493700001, -17.118711545999815], [32.07086093200013, -17.118445524999913], [32.0711279250001, -17.118182504999936], [32.07121192200003, -17.117919483999913], [32.071390916999974, -17.11774446999982], [32.071390916999974, -17.11765646299989], [32.07147891500017, -17.1175684559999], [32.0717419070001, -17.11730343499994], [32.07387784700006, -17.115443287999938], [32.074140839000165, -17.115092259999926], [32.07431683400006, -17.114915245999953], [32.074583827000026, -17.114650224999934], [32.07485081900012, -17.114472210999963], [32.07502581400013, -17.11420918999994], [32.07520580900018, -17.114032175999967], [32.07520180900019, -17.113946168999973], [32.075292806000164, -17.11394416899998], [32.07538080400019, -17.113856161999877], [32.07538080400019, -17.113769154999886], [32.075468801000056, -17.113593140999967], [32.07546480100012, -17.113420127999973], [32.0755487990001, -17.113158106999947], [32.0755487990001, -17.113071099999956], [32.07554479900017, -17.11289708599992], [32.07554079900018, -17.112723072999927], [32.07544980200004, -17.11255205899988], [32.07544580200005, -17.112378044999957], [32.07544580200005, -17.112292038999954], [32.07515581000018, -17.111340963999965], [32.07514480999998, -17.11081992199985], [32.07514480999998, -17.110645908999913], [32.07513681000006, -17.110298880999892], [32.07513681000006, -17.11021287499989], [32.07513281000007, -17.110125867999955], [32.07512881000008, -17.109865846999867], [32.07536980300006, -17.10812470999997], [32.07545280000011, -17.107862688999944], [32.07554079800008, -17.107687674999852], [32.07562879500017, -17.10759966799992], [32.07571679299997, -17.10751266099993], [32.07571679299997, -17.107424653999942], [32.077287748, -17.10445441899992], [32.077284748000125, -17.104366411999933], [32.07727274800004, -17.10376036499997], [32.077360745000135, -17.10358435099988], [32.077352745000155, -17.103237322999973], [32.07744074300018, -17.103062309999927], [32.07752874000005, -17.10280028899996], [32.077612738000084, -17.102537267999935], [32.07778773300009, -17.102274246999855], [32.07787573000019, -17.10210023299993], [32.077963727999986, -17.10192521999994], [32.078050725000026, -17.10174920599991], [32.07804372500016, -17.101488184999937], [32.07813072300007, -17.101315170999897], [32.07813072300007, -17.101227163999965], [32.07812772300014, -17.101053150999974], [32.07812772300014, -17.10096714399998], [32.07812372300003, -17.10079412999994], [32.07802772600013, -17.100534109999955], [32.07802472600008, -17.100447102999908], [32.07802072600009, -17.10018708199982], [32.07801272600017, -17.09984005499996], [32.078100723000034, -17.09957703399988], [32.0780967230001, -17.099403019999954], [32.07809272300011, -17.099144], [32.07808872300012, -17.099055992999922], [32.07808872300012, -17.09888297899994], [32.07956968100012, -17.095906743999933], [32.07965267900005, -17.095731729999954], [32.07974067600014, -17.09555571599998], [32.079828673, -17.09546870899993], [32.079828673, -17.095380701999943], [32.081163635000166, -17.09197143299997], [32.081346630000155, -17.091968432999977], [32.08197261200007, -17.091784417999918], [32.082155607000175, -17.09178141799987], [32.082334602000174, -17.091691410999942], [32.0824225990001, -17.091603403999954], [32.082513597000116, -17.09160140299997], [32.08260159400004, -17.09151439599998], [32.082689592000065, -17.091512395999814], [32.08278158900009, -17.091424388999883], [32.082868587, -17.091422388999888], [32.08296058400009, -17.091420388999836], [32.08304858200006, -17.091332381999905], [32.08313957900009, -17.09124337499992], [32.08331557400015, -17.091153367999937], [32.08349456900015, -17.090978353999958], [32.083673564000094, -17.090888346999975], [32.08376156200012, -17.09079833999988], [32.08384955899999, -17.090711332999945], [32.08394055700006, -17.090623325999957], [32.08393655700013, -17.09053531899997], [32.08411655200018, -17.090445311999872], [32.08411255200019, -17.090272297999945], [32.084200549000116, -17.090184290999957], [32.08429154700019, -17.090095283999972], [32.084375544000125, -17.089921269999877], [32.08455453900007, -17.089831262999894], [32.08455453900007, -17.089658248999967], [32.08464253700009, -17.089656248999972], [32.08464253600016, -17.08956824199987], [32.08473053400019, -17.089566241999876], [32.08482153100016, -17.089478234999888], [32.08500152600004, -17.089389227999902], [32.08535951600015, -17.08929522099993], [32.08562650900012, -17.089118205999966], [32.085806504000175, -17.089114205999977], [32.085893501000044, -17.089026198999875], [32.085985499000174, -17.08902419899988], [32.0860734960001, -17.08893719199989], [32.08643148600004, -17.088757177999923], [32.08670247800006, -17.088666169999954], [32.08688147300006, -17.08857616299997], [32.0869654710001, -17.088401148999935], [32.087057468000125, -17.088399148999883], [32.08714546600015, -17.088311141999952], [32.087232463000134, -17.088136127999974], [32.08732046100016, -17.088048121999975], [32.08732046100016, -17.087960114999873], [32.08740845800003, -17.087872107999885], [32.08740845800003, -17.08778510099995], [32.087404458000094, -17.08769909399996], [32.08749545600011, -17.087697093999964], [32.08749545600011, -17.08761108699997], [32.087492456000064, -17.08743807299993], [32.087373459000105, -17.08604896399993], [32.087373459000105, -17.085874949999948], [32.08737045900017, -17.085701935999907], [32.08708046700019, -17.084663853999928], [32.08707646700003, -17.084490840999877], [32.08707646700003, -17.084404833999884], [32.086981469000136, -17.084318826999947], [32.086981469000136, -17.084232819999954], [32.08519951800008, -17.080528527999945], [32.08519551800009, -17.080440520999957], [32.08519551800009, -17.08035551499995], [32.08510452100012, -17.080269507999958], [32.08500852300017, -17.080097493999915], [32.08491352600004, -17.07983847399987], [32.08482152900012, -17.07966645999994], [32.084726531000115, -17.07940743999984], [32.08463153400015, -17.079061412999977], [32.08462353400017, -17.07880039199995], [32.08462353400017, -17.078714384999955], [32.08453153600004, -17.07862837899995], [32.084528536000164, -17.078543371999956], [32.084524536000174, -17.07828135099993], [32.084524536000174, -17.078195343999937], [32.084474537, -17.075590138999928], [32.08447053700007, -17.075331117999895], [32.084646532000136, -17.075067096999874], [32.08473053000017, -17.07471806999996], [32.084818527000095, -17.074543055999982], [32.084814527000105, -17.074457048999875], [32.084814527000105, -17.074369041999944], [32.084810527000116, -17.07428303499995], [32.08584049700005, -17.07131380099986], [32.085928495000076, -17.07105077999995], [32.086099490000095, -17.070700751999937], [32.08627548499999, -17.070437730999913], [32.08645048000017, -17.070086702999845], [32.08644648, -17.069913689999908], [32.08644648, -17.06982768299997], [32.087370453000176, -17.066163392999954], [32.087370453000176, -17.06607738699995], [32.08818642900019, -17.06146102199989], [32.08818642900019, -17.061374014999956], [32.08818242900003, -17.061288007999963], [32.08827442600011, -17.061200000999975], [32.08836142400003, -17.061109993999878], [32.08835842400015, -17.06102498699994], [32.08844942100012, -17.060934979999956], [32.08844542100013, -17.060848972999963], [32.08853741900009, -17.06084697299997], [32.088625416000184, -17.06075896599998], [32.088762412000165, -17.060060910999937], [32.089288397000075, -17.06008791299996], [32.08974238400009, -17.060079911999935], [32.090013377, -17.060076911999943], [32.09008237300003, -17.054083437999907], [32.09008237300003, -17.05399543199991], [32.091020345, -17.046250818999965], [32.0911083420001, -17.045989798999926], [32.09110434200011, -17.045903791999933], [32.091100342000175, -17.045729777999895], [32.091093342000136, -17.045209736999936], [32.091089342000146, -17.044947715999967], [32.091081342000166, -17.044600688999935], [32.091077342, -17.044427674999895], [32.09107434200013, -17.044165654999972], [32.091070341999966, -17.04390663399994], [32.09106634200003, -17.04381862699995], [32.09106234300015, -17.043645613999956], [32.09105834300016, -17.043385592999925], [32.09105834300016, -17.043298585999935], [32.09105534300005, -17.043212578999828], [32.09105134300012, -17.042865551999967], [32.09104734300013, -17.04277754499998], [32.09104734300013, -17.042691537999872], [32.09104334300014, -17.042517524999937], [32.09187131900006, -17.040852392999852], [32.09186731900013, -17.040766385999916], [32.0919553170001, -17.040679378999926], [32.0921343120001, -17.040501364999955], [32.092401304000134, -17.040410357999974], [32.09258029900013, -17.04023434399994], [32.092760294000186, -17.04014333599997], [32.09302728600005, -17.040053328999818], [32.09320628100005, -17.039962321999838], [32.095274223000104, -17.039494283999943], [32.095453218000046, -17.039490283999953], [32.09554521500013, -17.039576290999946], [32.09572821000006, -17.0395722909999], [32.09581920800014, -17.039658296999903], [32.09618219800018, -17.039826309999967], [32.09655218700016, -17.040166336999846], [32.0967311820001, -17.040250343999958], [32.09691417700009, -17.040248343999963], [32.09700617500005, -17.04033234999997], [32.09709317200003, -17.04033234999997], [32.09727616700019, -17.040328349999925], [32.09745616200007, -17.04032634999993], [32.09808514400004, -17.040314348999914], [32.09862712900002, -17.04030534799989], [32.0987181270001, -17.040303346999963], [32.09881012400018, -17.040303346999963], [32.098898121000104, -17.04030134699991], [32.09916811400012, -17.040295346999926], [32.099527104000174, -17.040204338999956], [32.09998109100019, -17.04019633899992], [32.10367398699998, -17.039872311999943], [32.103943980000054, -17.039868311999953], [32.10412397500011, -17.039864310999974], [32.104284361000055, -17.039862557999925], [32.10430696900016, -17.03986231099998], [32.104664959000104, -17.039857310999935], [32.10493595200006, -17.039765302999967], [32.105115947000115, -17.039761302999977], [32.105473937000056, -17.039668294999956], [32.10574492900014, -17.039576287999978], [32.10592392400008, -17.03948728099988], [32.106103919000134, -17.039485280999884], [32.10619091600017, -17.0393952739999], [32.106370911000056, -17.039305266999918], [32.106549906, -17.039216258999943], [32.10664090400007, -17.039214258999948], [32.10672890100017, -17.03912625199996], [32.106999894000126, -17.03912225199997], [32.107178889000124, -17.03903324499987], [32.107358883000074, -17.03902924399989], [32.107899868000175, -17.039019243999974], [32.107991866000134, -17.039017242999876], [32.10807986300006, -17.039017242999876], [32.108349856000075, -17.03901224299983], [32.110524795000174, -17.039323266999872], [32.1106127920001, -17.03932126699982], [32.11070379000017, -17.039319265999836], [32.110886785000105, -17.039403272999948], [32.11106677900011, -17.039401272999953], [32.11133677200013, -17.039483278999967], [32.111611764000145, -17.039565285999913], [32.1118827570001, -17.03964729199987], [32.1120617520001, -17.039643291999823], [32.11224874600009, -17.039815304999934], [32.11242774100009, -17.039899311999932], [32.11261073600019, -17.039895310999952], [32.11270273399998, -17.03998131799989], [32.112794731000065, -17.040066324999827], [32.11288172900015, -17.040065324999944], [32.11306872299997, -17.040234337999948], [32.11324871800008, -17.04031834499989], [32.11343171300018, -17.04049035799983], [32.113614708000114, -17.040572364999946], [32.11388870100018, -17.04074237799989], [32.11425169000006, -17.040822383999966], [32.11452268300002, -17.04090439099997], [32.11479667500015, -17.041074403999914], [32.11488867300011, -17.04107240399992], [32.11506766800011, -17.041070403999925], [32.115338660000134, -17.041064402999893], [32.11579264700015, -17.041230415999962], [32.11624663500004, -17.04131042199998], [32.11769259400006, -17.041371426999888], [32.11814658100019, -17.04153943999995], [32.11841657400009, -17.041533438999977], [32.11850457100019, -17.041531438999982], [32.11868756600012, -17.04152943899993], [32.118779562999975, -17.04161344599993], [32.118962558000135, -17.041697451999937], [32.11905355600004, -17.041783458999873], [32.119141553000134, -17.04178145899988], [32.11923355100009, -17.041867464999882], [32.119324548000066, -17.041953471999932], [32.119507543, -17.04203747899993], [32.119599541000184, -17.042035478999935], [32.119778536000126, -17.042031477999956], [32.11986653300005, -17.041943470999968], [32.12004552800005, -17.041854463999982], [32.1202255230001, -17.041676449999898], [32.120312520000084, -17.041674449999903], [32.12040451800004, -17.041587442999912], [32.12040051800011, -17.041499435999924], [32.12048851499998, -17.041411428999936], [32.120576513000174, -17.0412364149999], [32.12075150800018, -17.040887387999817], [32.120839505000106, -17.0407973799999], [32.120835505000116, -17.04053835999997], [32.120923503000085, -17.04045035299987], [32.12091950300015, -17.040189331999954], [32.12091550300016, -17.040101324999966], [32.12091150300017, -17.039927311999975], [32.121003500000086, -17.039839304999873], [32.12099950100003, -17.039666290999946], [32.121087498000065, -17.03957828399996], [32.121266493000064, -17.039489276999973], [32.12135449100009, -17.039399269999876], [32.12144548800006, -17.039399269999876], [32.121625483000116, -17.039395268999897], [32.12180447800006, -17.039391268999907], [32.12189547500009, -17.039391268999907], [32.12198747300005, -17.039389268999855], [32.12216646799999, -17.039386268999976], [32.12234946300015, -17.039469274999874], [32.12289544700019, -17.03972129499988], [32.122986445000095, -17.039719294999884], [32.12344043200011, -17.039885307999953], [32.123711424000135, -17.039881306999973], [32.123799422000104, -17.039880306999976], [32.12389141900019, -17.03996331399992], [32.12425340900012, -17.040045319999933], [32.124711396000066, -17.040211332999945], [32.12516138400002, -17.040290338999966], [32.12561137100005, -17.04028233899993], [32.12597736100014, -17.040364344999887], [32.12615635600008, -17.040360344999897], [32.126340351000124, -17.040444350999906], [32.1264313480001, -17.040530357999955], [32.12651934600012, -17.04052835799996], [32.126610343000095, -17.040526357999966], [32.12833129500018, -17.040930388999982], [32.12842229200015, -17.040929388999928], [32.12851429000017, -17.040929388999928], [32.12869328500011, -17.04101139499994], [32.1288762800001, -17.041095401999883], [32.12924326900014, -17.04126241499995], [32.12933026700006, -17.041260414999954], [32.12942226400014, -17.041346421999947], [32.12978425400007, -17.04142642799991], [32.129967249000174, -17.041510433999917], [32.13005924700019, -17.041508433999866], [32.13005924700019, -17.041596440999967], [32.13015024400016, -17.041594440999972], [32.13033423899998, -17.04176645399997], [32.13042523600018, -17.04185046099991], [32.13051723400014, -17.041936467999847], [32.13088322400006, -17.042277494999894], [32.13097822100019, -17.042361500999903], [32.13107021900015, -17.042447507999952], [32.131158216000074, -17.042445507999957], [32.13143220800015, -17.04252751399997], [32.13161120300015, -17.042611520999912], [32.13206519100004, -17.042603519999943], [32.13215318800013, -17.042603519999943], [32.13224518600009, -17.04260151999989], [32.132516178000174, -17.042596518999915], [32.132695173000116, -17.04259451899992], [32.132878168000104, -17.042590518999873], [32.133053163000056, -17.042500511999947], [32.13314516000014, -17.042498511999895], [32.13332415500014, -17.04249651099991], [32.1334161530001, -17.042495510999913], [32.13350415000019, -17.04240550399993], [32.13377414300004, -17.042315496999947], [32.142063909000115, -17.041651441999875], [32.14224690400005, -17.041650441999877], [32.142425899000045, -17.04164644199983], [32.14278488900004, -17.041466426999932], [32.14323087700018, -17.04128541299997], [32.143772861000116, -17.041188404999957], [32.14431084600011, -17.041093397999873], [32.14476083400007, -17.04099738999986], [32.145118823000075, -17.04090638299988], [32.1452068210001, -17.040816374999963], [32.14529881800013, -17.040816374999963], [32.145385816000044, -17.04072636799998], [32.1455658110001, -17.040725367999983], [32.14583580300007, -17.04054535399996], [32.14601579800012, -17.040543353999965], [32.14619479300012, -17.04045234599988], [32.14655378300017, -17.040446345999896], [32.14718676500013, -17.040435344999878], [32.147998742000084, -17.040421342999878], [32.14826973500004, -17.040503349999938], [32.14854072700007, -17.040499349999948], [32.14871972200007, -17.040496348999966], [32.14890271700017, -17.040580355999907], [32.149173709000024, -17.040576354999928], [32.14971969400017, -17.040740367999888], [32.14989868900017, -17.040736367999955], [32.14999068700013, -17.04073436799996], [32.15034867700007, -17.040728366999872], [32.150531671000124, -17.04072636699982], [32.150890661000176, -17.040633358999912], [32.151161654000134, -17.04062735899987], [32.151340649000076, -17.040538351999885], [32.15160764100017, -17.040446343999918], [32.151970631000154, -17.040440343999933], [32.152237623000076, -17.040349336999952], [32.15268761100015, -17.040255328999933], [32.15313759800017, -17.04007431499997], [32.15439656300015, -17.039965305999885], [32.154937547000145, -17.039868297999874], [32.155475532000025, -17.039685282999926], [32.15601351700019, -17.039504268999963], [32.15628051000016, -17.03941226199987], [32.156463504000044, -17.039408260999892], [32.1566434990001, -17.039319253999906], [32.15673049700018, -17.03931725399991], [32.15700148900004, -17.039225246999933], [32.157268482, -17.039134238999964], [32.15753947400009, -17.03904223199993], [32.15762747200006, -17.038954224999827], [32.15780646700006, -17.03895122499995], [32.157898464000084, -17.038863217999847], [32.15807745900008, -17.038773210999864], [32.15834445100012, -17.038594195999963], [32.15852344600012, -17.03850418899998], [32.158790439000086, -17.038327174999893], [32.15905343100019, -17.03806215399993], [32.15940842100008, -17.03770712599993], [32.15958741600002, -17.03753211199995], [32.15985440900005, -17.037440104999973], [32.1600344040001, -17.03743610399988], [32.16021339800017, -17.037347096999895], [32.160484391000125, -17.037343096999905], [32.16075538300015, -17.037251089999927], [32.16102237600012, -17.037160081999957], [32.161293368000145, -17.037154081999915], [32.161563360000116, -17.037062073999948], [32.16174335500017, -17.036973066999963], [32.16192235000017, -17.036971066999968], [32.16210134500011, -17.03688105999987], [32.16236833800008, -17.03679005299989], [32.16263933000016, -17.03678405199986], [32.162819325000044, -17.036694044999933], [32.163177315000155, -17.0366010379999], [32.163356310000154, -17.03651102999993], [32.16362730200018, -17.03642002299995], [32.16380729700006, -17.036418022999953], [32.16407729000008, -17.036326015999975], [32.16434428200017, -17.036147000999904], [32.164524277000055, -17.03605699399992], [32.164699272000064, -17.035879979999947], [32.164878267, -17.035703965999915], [32.165054262000126, -17.03561495899993], [32.16532525400015, -17.035434944999963], [32.16550024900016, -17.035345937999978], [32.16577124200012, -17.035165923999898], [32.16594723700018, -17.03507691599998], [32.16612623200018, -17.03498690899994], [32.16630522700012, -17.034897901999955], [32.16648422200012, -17.03480789499997], [32.16684721100006, -17.034801893999884], [32.16711820400019, -17.034795893999956], [32.16747619400013, -17.03479089299998], [32.16765618900018, -17.034786892999875], [32.16783918400017, -17.034784892999824], [32.168018179000114, -17.034780892999947], [32.16819717400011, -17.034776891999968], [32.16838016800017, -17.034774891999973], [32.16856016300005, -17.034685884999874], [32.168735158, -17.03459587799989], [32.16891415300017, -17.03450486999992], [32.16918514600013, -17.034412862999943], [32.169452138, -17.03423584899997], [32.169723131000126, -17.03423184899998], [32.16999412300004, -17.03422584799995], [32.17035311300003, -17.034219847999964], [32.170715103000134, -17.034126839999885], [32.172515052000165, -17.03400882999989], [32.172893041000066, -17.03382381599988]]]]}}, {"type": "Feature", "properties": {"GID_3": "ZWE.5.8.2_2", "GID_0": "ZWE", "COUNTRY": "Zimbabwe", "GID_1": "ZWE.5_1", "NAME_1": "Mashonaland East", "NL_NAME_1": "NA", "GID_2": "ZWE.5.8_2", "NAME_2": "Mutoko", "NL_NAME_2": "NA", "NAME_3": "Ward 10", "VARNAME_3": "NA", "NL_NAME_3": "NA", "TYPE_3": "Ward", "ENGTYPE_3": "Ward", "CC_3": "NA", "HASC_3": "NA", "id": "ZWE.5.8.2_2", "name": "Ward 10"}, "geometry": {"type": "MultiPolygon", "coordinates": [[[[32.06027932100005, -17.41689302399982], [32.06020232300011, -17.416823018999878], [32.06005032700011, -17.416678007999963], [32.059893331000126, -17.416532995999944], [32.05974133600006, -17.41638798499997], [32.05966133800018, -17.416242973999942], [32.059584340000185, -17.416169967999963], [32.059352346000026, -17.415879944999915], [32.059199351000075, -17.41573493399983], [32.05904335500014, -17.415517916999818], [32.05903135500017, -17.41550691599997], [32.0588863590001, -17.41537290499997], [32.05881036100004, -17.415227893999884], [32.05873036400004, -17.415008876999877], [32.058577368000044, -17.414790859999982], [32.05849737000017, -17.414645847999964], [32.05849337000018, -17.41435282499998], [32.05841737200012, -17.41420781399995], [32.05841337200013, -17.413987796999947], [32.05840937200014, -17.413840784999934], [32.05840937200014, -17.413694773999964], [32.05848237000015, -17.41354776199995], [32.05848237000015, -17.41325373899997], [32.05847837000016, -17.41310872799994], [32.058554368000046, -17.412959715999875], [32.058547368, -17.412448675999883], [32.05854336800007, -17.41200764099989], [32.05853536800009, -17.411569606999876], [32.05845937000004, -17.41142459499997], [32.05845537000005, -17.411130571999877], [32.05837537200017, -17.41083854899989], [32.05837137200001, -17.410545525999964], [32.058291374000135, -17.410327508999956], [32.05821137700019, -17.41010849199995], [32.05821137700019, -17.409961480999982], [32.058131379000145, -17.409816468999963], [32.058131379000145, -17.40974346299987], [32.05805538100009, -17.409524445999978], [32.0580513810001, -17.409452440999928], [32.0580513810001, -17.409377434999953], [32.05737239900009, -17.405507130999922], [32.057067407000034, -17.403750992999903], [32.05698740899999, -17.40360598199993], [32.05698740899999, -17.403532975999894], [32.05698740899999, -17.403458969999917], [32.05698740899999, -17.403385963999938], [32.056983409000054, -17.403311958999836], [32.05690641100006, -17.403238952999914], [32.05690641100006, -17.40316694699993], [32.05690641100006, -17.403019935999907], [32.05690341100018, -17.402947929999982], [32.05690341100018, -17.40280091799991], [32.05690341100018, -17.40272791299992], [32.05689941100019, -17.402508894999983], [32.05682341300013, -17.402508895999915], [32.05682341300013, -17.402435889999936], [32.05681541300015, -17.402069860999916], [32.05673941600003, -17.401922849999835], [32.05673941600003, -17.40185084399991], [32.05665841800004, -17.40170583199989], [32.05665141800017, -17.40111978599998], [32.056575420000115, -17.401047780999818], [32.056571420000125, -17.400828763999982], [32.056571420000125, -17.400753757999894], [32.056571420000125, -17.400606745999937], [32.056567420000135, -17.40038772899993], [32.05649142200008, -17.4002427179999], [32.05648742200009, -17.400023699999906], [32.056483422000156, -17.399729676999982], [32.05640342400011, -17.39936564899989], [32.05632342600006, -17.39907362599996], [32.05624342900006, -17.3988536089999], [32.056163431000016, -17.39863459099996], [32.056086433000075, -17.39841757399995], [32.05600643500003, -17.39834456899996], [32.05593043700014, -17.39819955699994], [32.05585443900003, -17.398052545999974], [32.0557734410001, -17.397980539999935], [32.0557734410001, -17.397907533999955], [32.055697444000145, -17.397835528999963], [32.05562144600003, -17.397762522999926], [32.055464450000045, -17.397617511999954], [32.055312454000045, -17.39747449999993], [32.0552324570001, -17.397328488999904], [32.05507946100005, -17.397110471999895], [32.054923465000115, -17.39696546099998], [32.05484346700007, -17.396748443999968], [32.05469047200012, -17.39653042599997], [32.05461447400006, -17.396458420999977], [32.05461047400007, -17.396311408999964], [32.05461047400007, -17.396237402999873], [32.05445447800014, -17.39587437499995], [32.05436248000018, -17.394703282999956], [32.05428248200013, -17.394337253999936], [32.05420248500013, -17.394192242999964], [32.054126487000076, -17.39397222599996], [32.054045489000146, -17.393681202999858], [32.05388149300006, -17.39295014499993], [32.05380549500018, -17.392805133999957], [32.05380549500018, -17.392733127999918], [32.05380149500019, -17.392513110999914], [32.053797495000026, -17.39222008799993], [32.05379449500015, -17.392000070999927], [32.05379449500015, -17.391853058999857], [32.05379049500016, -17.39178105399992], [32.05379049500016, -17.39163404199985], [32.053786495, -17.391415024999958], [32.053786495, -17.391268012999944], [32.053782495000064, -17.391048995999938], [32.053778495000074, -17.390828978999934], [32.053778495000074, -17.390607960999944], [32.053771495000035, -17.39009692099995], [32.053763495000055, -17.389510874999928], [32.053759495000065, -17.389216851999947], [32.053755496, -17.38899783499994], [32.05367549800013, -17.388631805999978], [32.05367249800008, -17.388267777999943], [32.05367249800008, -17.38812076599993], [32.05366849800009, -17.388045759999954], [32.053965487000085, -17.38123222499985], [32.053965487000085, -17.38108521299995], [32.053965487000085, -17.38101320699991], [32.053961487000095, -17.380939201999922], [32.053961487000095, -17.38071918399993], [32.053958487000045, -17.380647178999936], [32.053958487000045, -17.380572172999962], [32.053954487000055, -17.38013413799996], [32.053954487000055, -17.38005913199993], [32.053950487000066, -17.379914120999956], [32.05394648700013, -17.37969510399995], [32.05394648700013, -17.379548091999936], [32.05394248700014, -17.37940108099997], [32.053866489000086, -17.379182063999963], [32.053862489000096, -17.378963045999853], [32.053862489000096, -17.37889004099992], [32.05378249200015, -17.378743028999963], [32.05370649400004, -17.378526011999952], [32.053626496, -17.378379], [32.05354949800005, -17.37823398899991], [32.053469500000176, -17.378016971999898], [32.05339350200012, -17.377943965999975], [32.05331350500012, -17.377796954999894], [32.053160509000065, -17.377653943999974], [32.05308051100002, -17.377506931999903], [32.05300451300013, -17.377361920999874], [32.052928515000076, -17.37728991499995], [32.05277551900019, -17.377218909999954], [32.05269552200008, -17.37707189799994], [32.05246652800014, -17.376928886999963], [32.052310532000035, -17.376638863999915], [32.052153537000095, -17.376493852999943], [32.051924543000155, -17.376276835999818], [32.05176854700005, -17.376059818999977], [32.05168855000005, -17.37591480699996], [32.051612552000165, -17.37591480699996], [32.051612552000165, -17.375841801999968], [32.051535554, -17.375841801999968], [32.049998597000126, -17.374762716999953], [32.049842601000194, -17.374617705999924], [32.049613608000186, -17.37440168899991], [32.04953661000019, -17.37440168899991], [32.049380614000086, -17.374256677999824], [32.04922761800003, -17.374186671999894], [32.049075623000135, -17.37404166099998], [32.04891862700015, -17.373898649999944], [32.04876663100015, -17.373825643999965], [32.048613635000095, -17.37375563899991], [32.04838164200004, -17.373610626999948], [32.0481526480001, -17.37339460999982], [32.047919655000044, -17.373249598999962], [32.047690661000104, -17.373034581999946], [32.047457668000106, -17.372889570999973], [32.04738167000005, -17.372744558999955], [32.047305672000164, -17.372671553999965], [32.04722567400012, -17.372526541999946], [32.04722567400012, -17.372379530999922], [32.04714567600007, -17.37230752499994], [32.04714567600007, -17.37216251399991], [32.04714567600007, -17.372087507999936], [32.04714167600008, -17.37201550199984], [32.04714167600008, -17.37186849099993], [32.04713767600009, -17.371649472999934], [32.04713767600009, -17.37142945599993], [32.04705767900015, -17.371283444999847], [32.04698168100009, -17.371138432999942], [32.0469776810001, -17.370918415999938], [32.046820685000114, -17.37077340499991], [32.046668689000114, -17.370483381999975], [32.046664689000124, -17.370409375999884], [32.04658869100007, -17.37019035899982], [32.046508694000124, -17.370045347999962], [32.046504694000134, -17.369753324999976], [32.046504694000134, -17.36967831899989], [32.046500693999974, -17.369532306999815], [32.04649269400005, -17.368885255999942], [32.04649269400005, -17.36887425499998], [32.046569691000116, -17.36865223799998], [32.046565691000126, -17.368507226999895], [32.04656169200007, -17.368286208999905], [32.04663768900002, -17.3680671919999], [32.04668768700009, -17.366089036999938], [32.04676368499997, -17.36594002499993], [32.04675968500004, -17.365721007999923], [32.046832683, -17.36550098999993], [32.046832683, -17.365426983999953], [32.046832683, -17.365279972999872], [32.047930651000115, -17.361758695999924], [32.048007649000056, -17.361758695999924], [32.04808364700011, -17.36160968399986], [32.04823264200013, -17.361463671999957], [32.04830864000019, -17.36138866699997], [32.04830864000019, -17.361314660999938], [32.04838163800002, -17.36116764899998], [32.04853363400014, -17.361018636999972], [32.04858363200003, -17.36092162999995], [32.048606632000144, -17.36087162599989], [32.04868263000003, -17.360724613999878], [32.04875462700005, -17.360578602999965], [32.04883162500005, -17.3604295909999], [32.048907623000105, -17.360354584999925], [32.048903623000115, -17.360209573999896], [32.048979621, -17.36006156199994], [32.04905261900018, -17.359986555999853], [32.049128617000065, -17.359839544999943], [32.049128617000065, -17.35976753899996], [32.04920161500007, -17.359620526999947], [32.04927761200008, -17.35947151599987], [32.04927361200009, -17.35932450399997], [32.04935061000009, -17.359178492999945], [32.04949860600004, -17.35902948099988], [32.04957160400005, -17.358809462999886], [32.04972360000005, -17.358588445999885], [32.04987259500018, -17.3583654279999], [32.05009758900013, -17.358144410999955], [32.050246585000025, -17.357923393999954], [32.05047557800009, -17.357627369999875], [32.050776570000096, -17.357402351999895], [32.05100156300017, -17.357181334999893], [32.05130355500012, -17.356883311999866], [32.05160454600002, -17.35666029399988], [32.051905538000085, -17.356364270999904], [32.052283526999986, -17.355992240999853], [32.05258451800012, -17.355622211999957], [32.05280951200007, -17.355401194999956], [32.053035505000025, -17.355178176999914], [32.053183501000035, -17.354957159999913], [32.05326049900003, -17.3548101479999], [32.054908452, -17.35244496199988], [32.05498445000012, -17.352369955999905], [32.05513344500008, -17.352148937999914], [32.055285441000024, -17.351999925999905], [32.055434437000144, -17.351852914999938], [32.05566343000015, -17.351702902999932], [32.05596442199999, -17.351478884999892], [32.05611341800005, -17.35125786799989], [32.05633841100013, -17.351034849999905], [32.05641440900018, -17.35096084399993], [32.05649140700018, -17.350887838999938], [32.05656740500007, -17.350813832999847], [32.05671640000003, -17.350664820999953], [32.05701739200009, -17.350513808999892], [32.057322382999985, -17.350290791999896], [32.057700373000046, -17.35006577399986], [32.05800136400012, -17.349842755999873], [32.05822635800013, -17.349621738999872], [32.05837935300008, -17.349544732999902], [32.058455351000134, -17.349398720999886], [32.05853134900019, -17.349396720999835], [32.05852834900014, -17.34932371499991], [32.05988231000015, -17.347841597999945], [32.06003430600015, -17.347694586999864], [32.06018330200004, -17.34747156899988], [32.06025630000005, -17.347252551999873], [32.060332298000105, -17.347177545999898], [32.060332298000105, -17.347103539999978], [32.060332298000105, -17.347031533999882], [32.063346212000056, -17.344065299999954], [32.063494208000066, -17.34406329999996], [32.06364720300019, -17.34398629399982], [32.06372320100007, -17.34398629399982], [32.06380019900007, -17.343985293999822], [32.06380019900007, -17.3439122879999], [32.063952195000184, -17.343910287999904], [32.064105190000134, -17.34390828799991], [32.06418118800008, -17.343906287999857], [32.064334184000074, -17.343904286999873], [32.064486180000074, -17.343902286999878], [32.064868169000135, -17.343899286999886], [32.065173160000086, -17.343967291999945], [32.06532515600003, -17.34396529199995], [32.06532515600003, -17.344040297999925], [32.065402154000026, -17.34403829799993], [32.06555415000014, -17.344110302999866], [32.06586314100002, -17.34432631999988], [32.06609213500013, -17.34446933099997], [32.066249130000074, -17.3445403369999], [32.066478124000014, -17.344685347999928], [32.06655412200013, -17.34482935999995], [32.06655812200006, -17.34490236499994], [32.066634120000174, -17.34497437099992], [32.06671011800006, -17.345047376999958], [32.066714118, -17.345194387999925], [32.06686711300017, -17.345339399999943], [32.06686711300017, -17.345411404999936], [32.06694711100005, -17.345484410999973], [32.06717610500016, -17.34570142799987], [32.067637091999984, -17.34584243899991], [32.06779008700016, -17.345913443999905], [32.067942083000105, -17.346058455999923], [32.0680190810001, -17.34605645599993], [32.06809507900016, -17.34605645599993], [32.068171077000045, -17.346054454999944], [32.06869006200009, -17.344803356999932], [32.068766060000144, -17.344728350999844], [32.06884305700004, -17.344654344999924], [32.06891505500016, -17.344580338999947], [32.06899105300005, -17.344507332999854], [32.0691440490001, -17.34443132699994], [32.06921604700017, -17.34428431599997], [32.069293045000165, -17.34421030999988], [32.06936904200012, -17.344135303999963], [32.06944504, -17.344061297999872], [32.06951803800018, -17.343986291999897], [32.06959403600007, -17.343840280999814], [32.06967003400018, -17.343840280999814], [32.06974703200012, -17.343838280999933], [32.06982303, -17.343910285999925], [32.07005202300007, -17.34398129199991], [32.07020401900019, -17.343979291999858], [32.07035701500007, -17.34404929699997], [32.07043701200001, -17.34412230299995], [32.07051301000013, -17.34412230299995], [32.07059000800007, -17.344120302999954], [32.07059000800007, -17.344194307999885], [32.07074200400007, -17.344265313999813], [32.070974997000064, -17.344482330999824], [32.071203991000175, -17.344625341999915], [32.07128398900005, -17.344770353999934], [32.07128398900005, -17.344917364999958], [32.07135998700011, -17.344990370999938], [32.07135998700011, -17.34506237599993], [32.07151698200005, -17.34520738799995], [32.071596980000095, -17.345426404999955], [32.07167297800015, -17.34557141599987], [32.071825974000035, -17.34564242199997], [32.071829974000025, -17.345789433999983], [32.07190597200008, -17.345934444999955], [32.07213896500008, -17.346079455999813], [32.07229096100002, -17.346149461999914], [32.072366959000135, -17.346222466999905], [32.072366959000135, -17.346294472999944], [32.072447957000065, -17.346367478999923], [32.07252395400002, -17.346367478999923], [32.07267595000019, -17.34643748399992], [32.07282894600007, -17.346510489999957], [32.072981942000126, -17.346508489999962], [32.07305793900008, -17.346506489999967], [32.07320993500002, -17.34650448899987], [32.07336293100008, -17.346502488999818], [32.07359192400014, -17.346500488999936], [32.07366792200003, -17.34649848899994], [32.07374491999997, -17.34649848899994], [32.07382091800008, -17.346496488999946], [32.07541187300018, -17.345598416999962], [32.075487871000064, -17.345596416999967], [32.075483871000074, -17.345524411999975], [32.07555986900013, -17.345449405999886], [32.07563686700013, -17.345449405999886], [32.07563686700013, -17.34537539999991], [32.07571286400008, -17.34537539999991], [32.07571286400008, -17.345301393999932], [32.075784862000035, -17.34515438199992], [32.08008074000003, -17.341000054999824], [32.08045773000015, -17.34077403699996], [32.08060672500011, -17.34062602499995], [32.08075972100016, -17.340551018999975], [32.080911717000106, -17.340477012999884], [32.08113671000018, -17.340326000999937], [32.081289706000064, -17.340251994999903], [32.081289706000064, -17.340176989999918], [32.08136570400012, -17.340104983999936], [32.08143870200013, -17.340030977999845], [32.081514700000184, -17.339955971999927], [32.081663695000145, -17.33973495499987], [32.08173969300003, -17.339585942999975], [32.0817356930001, -17.33936692599997], [32.08181269100004, -17.33929191999988], [32.082037685000046, -17.33907090199989], [32.08226267800006, -17.338700872999937], [32.08248767200001, -17.338332843999922], [32.08271266500009, -17.338109826999982], [32.08374963500012, -17.33589865199997], [32.08374963500012, -17.335679634999963], [32.08382263300007, -17.335460617999956], [32.083818633000135, -17.335166594999976], [32.08389163100014, -17.33487257199988], [32.08388763100015, -17.33443353699988], [32.08388363100016, -17.33428752599997], [32.08387963100017, -17.334067507999976], [32.08387963100017, -17.33399150199989], [32.08391763000003, -17.33399150199989], [32.08391763000003, -17.33406350799993], [32.08399462800003, -17.33406350799993], [32.084070626000084, -17.334061507999934], [32.084070626000084, -17.33413651399991], [32.084222622000084, -17.334134513999913], [32.084375617000035, -17.334205518999966], [32.08445161500009, -17.334205518999966], [32.084608611000135, -17.334348529999943], [32.08468460900019, -17.334348529999943], [32.08468460900019, -17.334420535999982], [32.08476060700008, -17.334420535999982], [32.08483760400014, -17.33449354199996], [32.08491360200003, -17.334565546999897], [32.084989600000085, -17.334563546999902], [32.08506959800013, -17.33470855799993], [32.08529859200007, -17.334853569999837], [32.08545158700002, -17.334924574999945], [32.08553158500007, -17.335069586999964], [32.08560758300018, -17.335141591999957], [32.08568458100012, -17.335141591999957], [32.08583657700012, -17.33528460399998], [32.085916574000066, -17.33535760899997], [32.085916574000066, -17.335431614999948], [32.08599357200006, -17.335503620999873], [32.08730953600019, -17.337170750999974], [32.087541529000134, -17.337460773999908], [32.08769852500018, -17.337605785999926], [32.087774523000064, -17.337823802999935], [32.087930518000064, -17.337968813999908], [32.08808351400012, -17.338113824999937], [32.08823951000005, -17.338258836999955], [32.088392506000105, -17.338475853999967], [32.08854850100016, -17.338767876999952], [32.08862849899998, -17.338984893999964], [32.08870949700014, -17.33912990499988], [32.088785495000025, -17.339202910999973], [32.08886549300007, -17.33942192799998], [32.08901848800019, -17.339713950999908], [32.08909848600007, -17.339858961999823], [32.08909848600007, -17.340005973999894], [32.089178484000115, -17.34015098499998], [32.089254482, -17.34029599699994], [32.08925848200016, -17.34044300799991], [32.08933448000005, -17.340515013999948], [32.08949147500016, -17.34080503699994], [32.08949147500016, -17.34095204799985], [32.08964747100009, -17.341169064999974], [32.08965147100008, -17.34131607699993], [32.089807467000014, -17.341608099999974], [32.08988346500013, -17.341753110999946], [32.08996046300007, -17.341898121999975], [32.09004046000001, -17.342045133999875], [32.09019245600018, -17.342188144999966], [32.09027345400011, -17.34233515699998], [32.09042545000011, -17.3424781679999], [32.09058244500005, -17.34262317899993], [32.09065844300011, -17.34269518499991], [32.09081043900005, -17.342693184999916], [32.09088743700005, -17.34276618999985], [32.090963435000106, -17.34276418999997], [32.091116430000056, -17.34283619599995], [32.09119242800011, -17.342834195999956], [32.09127242599999, -17.342907200999946], [32.0913484240001, -17.342907200999946], [32.0915014200001, -17.342905200999894], [32.09165441500011, -17.342976206999822], [32.09218840000011, -17.34297020599996], [32.09234039600011, -17.34304021199995], [32.09241639400017, -17.343038210999964], [32.09249339200011, -17.343038210999964], [32.09249339200011, -17.343111216999887], [32.09256939000005, -17.343111216999887], [32.092645387000175, -17.343183222999983], [32.09272238500017, -17.343256227999973], [32.092878381000105, -17.343399239999826], [32.09303437700004, -17.34361625699995], [32.09318737200016, -17.343761267999923], [32.093263370000045, -17.34383427399996], [32.09334036800004, -17.34383427399996], [32.09334336800009, -17.343906278999953], [32.093492363999985, -17.343904278999958], [32.093649359000096, -17.343975284999885], [32.09395435100015, -17.34404628999988], [32.09410634700009, -17.3441913019999], [32.09418334400016, -17.344189300999915], [32.09425934200004, -17.344189300999915], [32.0944123380001, -17.344259306999845], [32.09464433200009, -17.344330311999954], [32.09494932300004, -17.34439831799989], [32.09517831700015, -17.344469322999885], [32.09525531400004, -17.34454132899998], [32.0953313120001, -17.344540328999926], [32.095407309999985, -17.34461233399992], [32.0954833080001, -17.34461233399992], [32.095716301000095, -17.344683339999847], [32.09586929700015, -17.34475334499996], [32.09609829100009, -17.34489635599988], [32.096178289000136, -17.34504336799995], [32.096330284000146, -17.345041367999897], [32.096330284000146, -17.345186378999813], [32.09648328000003, -17.345259384999906], [32.096563278000076, -17.34540439599982], [32.09671627400013, -17.345549407999897], [32.09687226900013, -17.34576642499991], [32.09702826500012, -17.345983441999863], [32.09718126100012, -17.34612845299995], [32.09733725600017, -17.346273463999978], [32.09749025200006, -17.346491481999976], [32.0975702500001, -17.34663649299989], [32.09772724600009, -17.346853509999903], [32.0978032430001, -17.347000520999813], [32.09795923900003, -17.34721753799994], [32.09803523700009, -17.347290543999918], [32.09811223500009, -17.347435555999937], [32.09826823100019, -17.34758056699991], [32.09842122600014, -17.347723577999943], [32.098577222000074, -17.34794259499995], [32.09865322000019, -17.348087606999968], [32.098810216000174, -17.34837762899997], [32.09896621100006, -17.3486696519999], [32.09904620900011, -17.348888669999894], [32.09912320700005, -17.34903368099998], [32.099203205000094, -17.349253697999814], [32.09935920000015, -17.349396708999905], [32.09943519800004, -17.3496157269999], [32.09951619600014, -17.349834743999907], [32.09967219200007, -17.350052760999915], [32.09982818700013, -17.350342783999963], [32.10006118100006, -17.35070681199994], [32.100137179000114, -17.35085182399996], [32.100218177000045, -17.350996834999876], [32.1003741720001, -17.351288857999975], [32.10045017000016, -17.35128685799998], [32.10045017000016, -17.3513608639999], [32.10045017000016, -17.35143386899989], [32.10592401800011, -17.356191241999966], [32.10592401800011, -17.356265247999886], [32.10600101600005, -17.35626324699996], [32.106004016000156, -17.356338252999876], [32.10608101300005, -17.356410258999972], [32.10615701100011, -17.356555269999888], [32.106233009000164, -17.356627275999926], [32.10631300700004, -17.3567722869999], [32.106466003000094, -17.35684329299994], [32.106546, -17.356990303999908], [32.106621998000094, -17.357135315999926], [32.10693099000008, -17.357423337999933], [32.107083986000134, -17.35756834999995], [32.107163983000135, -17.357715360999975], [32.10731697900013, -17.357858371999896], [32.10747297500012, -17.35800338399997], [32.10762897000012, -17.358220400999983], [32.10785796400006, -17.358437417999937], [32.10793796200011, -17.358582428999853], [32.10809095800016, -17.358727440999928], [32.108166955000115, -17.35880044599986], [32.108246953, -17.358945457999937], [32.108403949000035, -17.35916247499995], [32.10863294200004, -17.359380491999957], [32.108788937999975, -17.35967051499989], [32.10894593400019, -17.359889531999897], [32.10917792700013, -17.3601795539999], [32.10933492300012, -17.360396570999853], [32.10941092100006, -17.36054158299993], [32.10956391700006, -17.360686593999958], [32.109719912000116, -17.360904610999967], [32.1100289040001, -17.361192633999906], [32.1102618970001, -17.361409650999917], [32.11057088900009, -17.361772678999955], [32.11080288200003, -17.36206170199995], [32.110955878000084, -17.362206712999978], [32.11118887100008, -17.3623497239999], [32.111340867000024, -17.362567741999896], [32.11149786300007, -17.362712752999983], [32.11164985900018, -17.362782757999923], [32.111729856000125, -17.362929769999937], [32.111958850000065, -17.36314578699995], [32.112191844000165, -17.363362803999962], [32.11234783900005, -17.36358082099997], [32.112424837, -17.363725831999886], [32.11257683300016, -17.363797837999982], [32.11265683100004, -17.363870843999962], [32.11280982600016, -17.364087860999916], [32.11296582200009, -17.364232871999832], [32.113118818000146, -17.364375882999923], [32.11319881600019, -17.364522894999936], [32.113274812999975, -17.364667905999966], [32.11343180900019, -17.364884922999977], [32.11358380500013, -17.36495592899996], [32.113740801000176, -17.365174945999968], [32.11397279400012, -17.365464968999902], [32.11412579000017, -17.36568298599991], [32.114281786000106, -17.365900002999922], [32.11459477700015, -17.366335036999942], [32.11474777300003, -17.366552053999953], [32.11482777000015, -17.366699064999978], [32.11490376800003, -17.366772070999957], [32.11490376800003, -17.366844076999882], [32.11490376800003, -17.366917081999873], [32.11497976600009, -17.366917081999873], [32.11498376600008, -17.36698908799997], [32.12028961900006, -17.373587604999955], [32.12028961900006, -17.37365961099988], [32.12036661700006, -17.37365961099988], [32.12052261200006, -17.37387762799989], [32.12075160600017, -17.374020638999923], [32.120831604000045, -17.37423965599993], [32.120984599, -17.374310661999914], [32.12106459700004, -17.374382667999953], [32.12106459700004, -17.37445667299994], [32.121140595000156, -17.37452767899987], [32.121140595000156, -17.37467468999995], [32.12129759100014, -17.37474669599993], [32.12129759100014, -17.37489170699996], [32.12137358900003, -17.37496471299994], [32.12145358600003, -17.37510972499996], [32.12160658200003, -17.375254735999874], [32.12176257800019, -17.375546758999974], [32.121995571000184, -17.375761775999933], [32.12222756500017, -17.376051797999935], [32.12253655600006, -17.376413826999965], [32.12284554800004, -17.376703848999966], [32.1230785410001, -17.376921866999965], [32.123231537000095, -17.377138883999976], [32.12346353100014, -17.377354899999943], [32.12362052600008, -17.37757391799994], [32.12392951800007, -17.377861939999946], [32.12408151300008, -17.378006951999964], [32.124161511000125, -17.37815196299988], [32.12431450700018, -17.378296973999966], [32.124390505000065, -17.37836897999989], [32.12447050300011, -17.378513990999977], [32.1245475, -17.3785869969999], [32.127957406000064, -17.382863331999886], [32.12803340400012, -17.38293633799998], [32.12811340100012, -17.383082348999892], [32.12819039900006, -17.383227360999967], [32.128266397000175, -17.3833003659999], [32.12842239300011, -17.383445377999976], [32.128579389000095, -17.38373539999992], [32.128655386000105, -17.38388041199994], [32.12873538400015, -17.383952416999932], [32.12881138200004, -17.38409742899995], [32.12896837800008, -17.384316445999957], [32.12920137100008, -17.384606468999948], [32.12943336500007, -17.384896490999893], [32.129510363000065, -17.38511450899989], [32.12974235600012, -17.385404530999892], [32.129899352000166, -17.385696553999935], [32.13020834300005, -17.386058582999965], [32.130517335000036, -17.38634660499997], [32.130829326000026, -17.3867086329999], [32.13113531800013, -17.386998655999832], [32.13129131300013, -17.38721667299984], [32.13160030500012, -17.387578701999928], [32.13183329800012, -17.387868723999873], [32.13198929400005, -17.388085740999884], [32.1320692920001, -17.388305758999877], [32.132222287000104, -17.38844876999991], [32.13237828300004, -17.388740792999897], [32.132535279000024, -17.389030814999842], [32.132847270000184, -17.38961386099993], [32.133080264000114, -17.389903883999978], [32.133237259000055, -17.390121900999873], [32.13338925500017, -17.390338917999884], [32.1336222490001, -17.390481928999918], [32.13393124000015, -17.39077195199991], [32.13416323400003, -17.391061974999957], [32.13447222500008, -17.391349996999963], [32.13470521800008, -17.391640019999898], [32.13485821400013, -17.391785030999927], [32.13509020800012, -17.391928041999904], [32.13516720600012, -17.392000047999943], [32.13524320300007, -17.392073053999923], [32.135319201000186, -17.392071053999928], [32.13539619900013, -17.392143058999977], [32.13555219500006, -17.39228807099994], [32.13586118600017, -17.392578092999884], [32.136788160000094, -17.393444160999877], [32.13694115600015, -17.393662177999886], [32.137021154000024, -17.39380818999996], [32.137173150000024, -17.393952200999877], [32.137330145000135, -17.394169217999888], [32.137562139000124, -17.394386234999843], [32.13771913500017, -17.394678257999942], [32.13787113000018, -17.394821268999863], [32.13802812600005, -17.395041285999923], [32.13825712000016, -17.395256302999883], [32.13826012000004, -17.395403314999953], [32.138337117000106, -17.39547531999989], [32.138413115, -17.395548325999982], [32.13856911100015, -17.395691336999903], [32.13864610900009, -17.395838348999973], [32.138802105000025, -17.396128370999918], [32.138959100000136, -17.39634538799993], [32.13903909800018, -17.396492399999943], [32.13919109400018, -17.39671041699995], [32.13927109200006, -17.39685442799987], [32.13934808900012, -17.397074445999863], [32.13942808700017, -17.39721945699995], [32.13950808499999, -17.397438473999955], [32.13950808499999, -17.397511479999878], [32.13951208500015, -17.39773049699994], [32.142868992, -17.40376796999982], [32.1429449900001, -17.403984986999944], [32.14302898800008, -17.404351015999907], [32.14302898800008, -17.40457103299991], [32.14303298800007, -17.40471804499998], [32.14310898600013, -17.404863055999897], [32.14311298600012, -17.405009067999913], [32.143192984000166, -17.40522708499992], [32.143192984000166, -17.405374096999935], [32.143192984000166, -17.405446101999928], [32.14327298200004, -17.40566611899993], [32.1432769810001, -17.405959141999915], [32.14327698200003, -17.40603214799995], [32.14328098100009, -17.40617915999991], [32.143356979000146, -17.406177159999913], [32.143356979000146, -17.406251164999844], [32.143360979000136, -17.406585191999966], [32.14309798700003, -17.4065891919999], [32.134564227000055, -17.40805030899992], [32.134442231000094, -17.40805030899992], [32.10414708500008, -17.413518746999955], [32.10216714100005, -17.413644756999815], [32.10204514400016, -17.41364675799997], [32.10204514400016, -17.413764766999975], [32.09252341300004, -17.415464902999872], [32.09190543000017, -17.415467903999854], [32.091779434000046, -17.415467903999854], [32.091783434000035, -17.415586912999913], [32.07582388300017, -17.416598996999824], [32.06047731500013, -17.41689302399982], [32.06027932100005, -17.41689302399982]]]]}}, {"type": "Feature", "properties": {"GID_3": "ZWE.5.8.3_2", "GID_0": "ZWE", "COUNTRY": "Zimbabwe", "GID_1": "ZWE.5_1", "NAME_1": "Mashonaland East", "NL_NAME_1": "NA", "GID_2": "ZWE.5.8_2", "NAME_2": "Mutoko", "NL_NAME_2": "NA", "NAME_3": "Ward 11", "VARNAME_3": "NA", "NL_NAME_3": "NA", "TYPE_3": "Ward", "ENGTYPE_3": "Ward", "CC_3": "NA", "HASC_3": "NA", "id": "ZWE.5.8.3_2", "name": "Ward 11"}, "geometry": {"type": "MultiPolygon", "coordinates": [[[[32.168693265, -17.402100831999974], [32.168693265, -17.40208483099991], [32.16695031400013, -17.40030969199995], [32.16695031400013, -17.40019068299995], [32.16286042800016, -17.398544554999887], [32.16273543200009, -17.398544554999887], [32.162613435000026, -17.398544554999887], [32.16112547700004, -17.397720489999926], [32.16112547700004, -17.39760048099987], [32.16099948000016, -17.39748247199998], [32.160873484000035, -17.39700743399993], [32.160873484000035, -17.396771415999922], [32.16074748700004, -17.396534396999925], [32.16074748700004, -17.396296378999978], [32.16061749, -17.394871266999928], [32.160614490000114, -17.39475125699994], [32.160614490000114, -17.394396228999938], [32.16073648700018, -17.39427621999988], [32.16073648700018, -17.39403720099989], [32.16085848300014, -17.393801182999937], [32.160980480000035, -17.393681172999948], [32.16110647600016, -17.393442153999956], [32.16135046900018, -17.3933221449999], [32.16505036400014, -17.390811946999975], [32.16505036400014, -17.39069393699998], [32.16517636100019, -17.39057392799998], [32.16517236100003, -17.390454917999875], [32.165298357000154, -17.390334908999932], [32.165298357000154, -17.390216899999928], [32.16542035400005, -17.39009688999994], [32.16554235000018, -17.39009688999994], [32.16554235000018, -17.389978880999934], [32.165664347000074, -17.389857870999947], [32.165912340000034, -17.38973786199989], [32.16603433600005, -17.38949984299984], [32.16616033300005, -17.38938183399995], [32.17035321400016, -17.386521607999953], [32.17047521000012, -17.386521607999953], [32.17047521000012, -17.38640359899989], [32.17047521000012, -17.386285588999897], [32.17047521000012, -17.386165579999897], [32.170597207000185, -17.386165579999897], [32.170597207000185, -17.385926560999962], [32.17096719600016, -17.38544952399991], [32.17156917800003, -17.38212126199994], [32.17156917800003, -17.38188324299989], [32.171814171000165, -17.3816442239999], [32.17193916800011, -17.38140620599995], [32.17218416100019, -17.381286195999962], [32.172432154000035, -17.38104717699997], [32.17255415000017, -17.38092916799991], [32.17267614700006, -17.380691148999915], [32.17304613600004, -17.38033212099998], [32.17304613600004, -17.380096101999982], [32.17304613600004, -17.379857083999923], [32.17292014000009, -17.379857083999923], [32.17292014000009, -17.37973907399993], [32.17279414300003, -17.379502055999865], [32.17242415300018, -17.37926603699998], [32.17192816700015, -17.379029018999972], [32.17143218100017, -17.378795000999958], [32.17130618500005, -17.378557981999904], [32.171180188000164, -17.378557981999904], [32.1695552330001, -17.374880692999852], [32.16968122900005, -17.37476268399996], [32.16979922600012, -17.37428564699991], [32.169921222000085, -17.37392861899997], [32.170654201000104, -17.371786449999888], [32.1707801980001, -17.371786449999888], [32.1707801980001, -17.371548430999894], [32.17102419100013, -17.371191402999955], [32.17114618700015, -17.37095338399996], [32.17139418000011, -17.370596355999908], [32.17151617600007, -17.370476346999965], [32.17163817300013, -17.37011931899997], [32.17188616600015, -17.36999930899998], [32.17200816200011, -17.36976128999993], [32.17200816200011, -17.369642280999926], [32.172130159000176, -17.369404261999875], [32.17225215500014, -17.369284252999876], [32.17225215500014, -17.369047233999936], [32.17237415200003, -17.36880921599993], [32.17237415200003, -17.368570196999883], [32.172496148000164, -17.36845218699989], [32.172496148000164, -17.368334177999884], [32.172493148000115, -17.367977149999945], [32.17237115200015, -17.36773913099995], [32.17236715200016, -17.367502112999944], [32.1722451550001, -17.367264093999893], [32.17211915900015, -17.367027075999943], [32.17199316200015, -17.36667304799994], [32.17174516900013, -17.366436028999942], [32.17161917200008, -17.36619800999989], [32.171493176000126, -17.365960991999884], [32.17137117900006, -17.365724972999942], [32.17124518300017, -17.36560596399994], [32.17124518300017, -17.36548595499994], [32.17111918600011, -17.36524993599994], [32.17111918600011, -17.365010916999893], [32.17099319000016, -17.364774898999826], [32.17099318900006, -17.364181851999945], [32.17099018900018, -17.363585804999957], [32.17111218600007, -17.363347786999952], [32.171234182000035, -17.36299075799991], [32.1713561790001, -17.362872748999905], [32.171604172000116, -17.362632729999973], [32.171852165000075, -17.36251372099997], [32.17222215400005, -17.362512720999973], [32.17345812000019, -17.36250671999983], [32.174076102000186, -17.362504719999947], [32.177425008000114, -17.363795819999893], [32.17754700500018, -17.363795819999893], [32.17766900099997, -17.363795819999893], [32.180529922000176, -17.36687306099998], [32.18065591800013, -17.36687306099998], [32.18077791500019, -17.36687106099987], [32.1811519040001, -17.36722608899987], [32.181525894000174, -17.367580115999942], [32.18189588400003, -17.368055153999876], [32.182147877000034, -17.368292171999883], [32.182269873000166, -17.368410181999877], [32.18239587000005, -17.36852819099994], [32.18289085600014, -17.36888321899994], [32.1831388490001, -17.368881217999956], [32.18338684200012, -17.36899922799995], [32.18350883900018, -17.36911823699984], [32.183634835000134, -17.369116236999957], [32.18375683200003, -17.369116236999957], [32.18400482499999, -17.36923424599985], [32.184252818000175, -17.369232245999967], [32.18450081100019, -17.369350254999915], [32.18462680700014, -17.369350254999915], [32.18474880400004, -17.36934925499986], [32.18474880400004, -17.369469263999918], [32.184996797, -17.369467263999923], [32.18524479000018, -17.369467263999923], [32.18549278300003, -17.369347253999933], [32.18561477900016, -17.369347253999933], [32.18586277200018, -17.36934525399988], [32.18598476900007, -17.369225244999882], [32.18610676600014, -17.36910623499989], [32.18623276200003, -17.368868215999953], [32.18635475800005, -17.368748206999953], [32.18647675500006, -17.36862919799995], [32.18647675500006, -17.368509187999962], [32.18659875200012, -17.3683911789999], [32.186598751000076, -17.367916141999956], [32.18659575100014, -17.367678122999962], [32.18659575100014, -17.367441103999965], [32.18659575100014, -17.36732109499991], [32.18646975500002, -17.36708507599991], [32.18634775800018, -17.36684805799996], [32.18634375800019, -17.366135001999908], [32.18621776200007, -17.36589798299991], [32.186091765000185, -17.365659963999974], [32.186087765000025, -17.36506691799991], [32.18596576800019, -17.364709889999972], [32.185839772000065, -17.36435486199997], [32.185835772000075, -17.363997833999917], [32.185835772000075, -17.363641805999976], [32.18470680200011, -17.36008252599987], [32.18470280200012, -17.359843506999937], [32.18470280200012, -17.359546984999895], [32.18470280200012, -17.359250460999874], [32.18469580200008, -17.358417394999947], [32.18469580200008, -17.35806236699989], [32.18469180200009, -17.357467320999945], [32.18469180200009, -17.357230301999948], [32.18481379800005, -17.356992282999897], [32.18481379800005, -17.356753264999952], [32.184935795000115, -17.356515245999958], [32.18505779100008, -17.356276226999967], [32.18505779100008, -17.356158217999905], [32.18517978800014, -17.35592019899991], [32.18517978800014, -17.35568317999997], [32.18517578799998, -17.355327151999973], [32.18517578799998, -17.35497012399992], [32.18505079100004, -17.35473210599997], [32.18505079100004, -17.35425706799998], [32.184924795000086, -17.35413805899998], [32.18492479400004, -17.353782030999923], [32.18492079400005, -17.353663021999978], [32.18492079400005, -17.35330699399998], [32.1847947980001, -17.35318798399993], [32.1847947980001, -17.35247492799988], [32.18479079800011, -17.352238909999983], [32.18491279400007, -17.351999890999934], [32.18491279400007, -17.35176187199994], [32.185034791000135, -17.351524852999944], [32.18528278400015, -17.351284833999898], [32.18552677700018, -17.35104681599995], [32.18577477000002, -17.35080779699996], [32.185896766000155, -17.350569777999908], [32.18614475900017, -17.350330758999917], [32.18638975200008, -17.35009273999998], [32.186514749000025, -17.34997273099998], [32.18675974200016, -17.34973371199993], [32.186881738000125, -17.349495692999938], [32.18700373500019, -17.34925667499988], [32.18798370600018, -17.34723351499997], [32.18798370600018, -17.34711450599991], [32.18785771000006, -17.346640468999965], [32.187731713000176, -17.34640344999997], [32.187731713000176, -17.346165430999974], [32.187605717000054, -17.34592841299991], [32.18748372000016, -17.345810402999916], [32.18748372000016, -17.34569039399986], [32.18735772400004, -17.34557138499997], [32.18735772400004, -17.345453374999977], [32.18723572699997, -17.345453374999977], [32.187232727000094, -17.345335365999972], [32.18698473400008, -17.345098347999965], [32.18673674100012, -17.34498033799997], [32.18661474400005, -17.3449823389999], [32.18661474400005, -17.34486232899991], [32.186240755000085, -17.344627310999897], [32.18599276200007, -17.34439129199984], [32.18586676500007, -17.34427328299995], [32.18586676500007, -17.344152273999953], [32.18574476900011, -17.34403426399996], [32.18574076900012, -17.343916254999954], [32.18574076900012, -17.343798245999892], [32.185618772000055, -17.3436792359999], [32.185492775, -17.34344121799984], [32.185492775, -17.343204198999956], [32.185366779000105, -17.34308618999995], [32.18524078200005, -17.342850170999952], [32.18524078200005, -17.3423731339999], [32.18523678200006, -17.34201610599996], [32.18523678200006, -17.341541067999913], [32.185359779, -17.34130304999985], [32.185355779000076, -17.340948021999964], [32.18548177500003, -17.340828011999974], [32.18547777500004, -17.340588992999926], [32.185725768000054, -17.34035097499992], [32.185725768000054, -17.340114955999866], [32.18584776400019, -17.339875936999874], [32.18596976100008, -17.339637918999927], [32.18596976100008, -17.33928088999994], [32.1879307050001, -17.335351580999827], [32.188124699000184, -17.335236571999815], [32.188296694000144, -17.33551159299992], [32.18837669200019, -17.33572961099992], [32.18853268800012, -17.33602063299992], [32.18860968600006, -17.336165644999937], [32.188689683000064, -17.33638566199994], [32.18876968100011, -17.33653067299997], [32.18892167700005, -17.33682069599996], [32.18900267499998, -17.336966707999977], [32.18908267300003, -17.337184724999872], [32.18915867100014, -17.337331735999953], [32.1892346680001, -17.337401741999884], [32.19257257600003, -17.34190009499997], [32.192648574000145, -17.34190009499997], [32.19272957099997, -17.34197009999997], [32.192805569000086, -17.34204310599995], [32.19288156700014, -17.34204310599995], [32.19311056100008, -17.342258122999908], [32.19326655600008, -17.3423311279999], [32.19334355400008, -17.342403133999937], [32.19341955200014, -17.34254814499991], [32.19357554800007, -17.34261915099995], [32.19365254600007, -17.34276616199992], [32.19365254600007, -17.342838167999957], [32.19372854400012, -17.342836167999963], [32.19373254400011, -17.34305818499996], [32.19373654300017, -17.34320219699987], [32.19381254100006, -17.34320219699987], [32.19381254100006, -17.34334920799995], [32.19388853900011, -17.343347207999955], [32.19388853900011, -17.343420213999877], [32.1938925390001, -17.343496219999963], [32.1939425380001, -17.343494219999968], [32.1951935030001, -17.345749396999963], [32.1951935030001, -17.345821401999956], [32.1951935030001, -17.34589640799993], [32.1951935030001, -17.34596841399997], [32.195502495000085, -17.34625843699996], [32.19573548800008, -17.346474453999974], [32.19581148599997, -17.346546458999967], [32.19588748400008, -17.34661946499989], [32.19733744300004, -17.346599462999848], [32.19748943899998, -17.346598462999964], [32.197947426000155, -17.346592461999876], [32.19901539600005, -17.34657746099998], [32.199168392000104, -17.346575460999816], [32.19932038700017, -17.34664746599998], [32.199473383, -17.346645465999927], [32.19962637900005, -17.346716471999912], [32.199702377000165, -17.34678847699996], [32.19977837500005, -17.346786476999966], [32.19978237400011, -17.34686148299994], [32.199858372000165, -17.346933488999866], [32.200087366000105, -17.34700249399998], [32.20024336200004, -17.347147504999896], [32.20079334600007, -17.348459607999928], [32.200869344000125, -17.348530613999912], [32.200873344000115, -17.348677624999937], [32.200877344000105, -17.349043653999843], [32.200881344000095, -17.349337676999937], [32.200884344000144, -17.349556693999943], [32.200888344000134, -17.34984871699993], [32.200892344000124, -17.350141739999913], [32.200892344000124, -17.350288751999926], [32.20089634400006, -17.35043576399994], [32.20099134200012, -17.35197188399991], [32.20107134000017, -17.352190901999904], [32.20107134000017, -17.35233791299993], [32.201151338000045, -17.3524829239999], [32.201151338000045, -17.352629935999914], [32.2012323350001, -17.35270194199984], [32.2012323350001, -17.352846952999926], [32.201312333000146, -17.35299396499994], [32.20138833100003, -17.353138975999855], [32.20139233100019, -17.353430998999954], [32.20147232900001, -17.35365001599996], [32.201548327000125, -17.353795027999865], [32.20155232700006, -17.353942038999946], [32.20155232700006, -17.35408905099996], [32.20187631800013, -17.355403153999873], [32.20187631800013, -17.35547515999997], [32.201952316000074, -17.35554816499996], [32.201956316, -17.355695176999973], [32.202033314000175, -17.35584018799989], [32.202036314000054, -17.35605920499995], [32.20211731100011, -17.35627822299989], [32.202197309000155, -17.356717256999957], [32.20228130700019, -17.357081285999982], [32.20228430700007, -17.357375308999963], [32.20236430500012, -17.35766733199989], [32.202441303000114, -17.357884348999903], [32.20251730100017, -17.357957353999893], [32.202673296, -17.358029359999932], [32.202826292000054, -17.358172370999853], [32.20290229000011, -17.358172370999853], [32.20297928800011, -17.358245376999946], [32.203135283000165, -17.358315381999944], [32.203288279, -17.35838638799987], [32.203364277000105, -17.35838638799987], [32.20561521400009, -17.358649407999962], [32.20569121200015, -17.358647407999968], [32.20569121200015, -17.35857540199987], [32.206439190000026, -17.357247297999947], [32.206435190000036, -17.35717329199997], [32.206435190000036, -17.357100285999877], [32.20650718800016, -17.356954274999964], [32.20658418600016, -17.356805262999956], [32.20665618400005, -17.356585245999895], [32.20665218400006, -17.356364227999904], [32.20672818200012, -17.35621721699988], [32.20672818200012, -17.356145210999898], [32.20672518200007, -17.35607020499998], [32.20672518200007, -17.355926193999892], [32.20672118200008, -17.355704175999904], [32.20672118200008, -17.355559164999818], [32.20679717999997, -17.355557164999937], [32.206793180000034, -17.355411152999977], [32.2068701770001, -17.355264141999896], [32.206942175000165, -17.35511712999994], [32.20715216900015, -17.353795025999943], [32.20715216900015, -17.353648013999873], [32.20722416700005, -17.353501002999963], [32.20730116500005, -17.35327998599996], [32.20737316300011, -17.353060967999966], [32.20744616100012, -17.35291195699989], [32.20744616000002, -17.35276694499987], [32.20752215800013, -17.352692938999894], [32.20751815800014, -17.35239891599997], [32.20759115600015, -17.35225190499989], [32.20758715600016, -17.351885875999926], [32.20758315600017, -17.35159185299983], [32.207579156, -17.351372835999825], [32.20750315800012, -17.351299829999903], [32.20749915800019, -17.351007806999974], [32.20757215599997, -17.350859794999906], [32.20764815400008, -17.35071278399994], [32.20772015200015, -17.350565771999925], [32.20794914600009, -17.35041475999998], [32.20809814100005, -17.350193742999977], [32.20832313500006, -17.349970724999878], [32.20862412600019, -17.349747706999835], [32.208777122000015, -17.349672701999907], [32.20884912000014, -17.349523689999955], [32.209906090000175, -17.348558613999955], [32.21005508600007, -17.348410601999944], [32.21028407900013, -17.34826158999988], [32.21058507100014, -17.348110577999933], [32.210814063999976, -17.347887560999936], [32.211264052000104, -17.34758753699998], [32.211642041, -17.347217507999915], [32.211943032000136, -17.346847478999962], [32.21201603000014, -17.346773472999928], [32.21201603000014, -17.34669946699995], [32.21209202800003, -17.34662646099997], [32.21224102400009, -17.346477448999963], [32.21239301900016, -17.346329437999884], [32.21261801300011, -17.346178425999938], [32.21269501100011, -17.346031413999924], [32.21284300700012, -17.345882401999916], [32.21314899800012, -17.345732390999956], [32.21344999000013, -17.34558337899989], [32.213678983000136, -17.34543236699983], [32.21382797900003, -17.34535836099991], [32.214056972000094, -17.345207348999963], [32.2143579640001, -17.345058336999955], [32.214586957000165, -17.34498233099987], [32.21473895300011, -17.344906324999897], [32.214815951000105, -17.344906324999897], [32.21489194900016, -17.344904324999902], [32.215040945000055, -17.344829318999928], [32.21526993800006, -17.344826318999935], [32.21565092700007, -17.344820317999904], [32.215726925000126, -17.344820317999904], [32.215803923000124, -17.34481831799991], [32.21587992100018, -17.34481831799991], [32.215955919000066, -17.344816317999914], [32.21618491200013, -17.344740311999942], [32.21626091000019, -17.344740311999942], [32.21626091000019, -17.344665305999968], [32.21648990400013, -17.34466430599997], [32.21663890000019, -17.344587299999887], [32.21686789300003, -17.344511293999915], [32.21702088900008, -17.344437287999938], [32.21716888500009, -17.34428827599993], [32.21724588200016, -17.344213269999955], [32.21739387800011, -17.344065257999944], [32.21762287200005, -17.343988251999974], [32.21777186700007, -17.343841240999893], [32.21792486300012, -17.343765234999978], [32.21814985700007, -17.343542216999936], [32.21837885000008, -17.343466210999964], [32.21853084600008, -17.343391204999875], [32.218606844000135, -17.34338920499988], [32.21867984200014, -17.34331519899996], [32.21875584000003, -17.343243192999978], [32.21883283700009, -17.343094181999902], [32.2189808330001, -17.342945169999894], [32.21912982900017, -17.342724151999903], [32.219358822000174, -17.342501134999964], [32.21950781800007, -17.34235412299995], [32.21957981600019, -17.342205111999874], [32.21965581400008, -17.342131105999954], [32.21973281200002, -17.34205609999998], [32.21995780500009, -17.341835081999818], [32.22071278400011, -17.34123803499989], [32.22101477500013, -17.34108702299983], [32.22101477500013, -17.341015017999894], [32.22101477500013, -17.34094201199997], [32.221090773000014, -17.34094001199992], [32.221239769000135, -17.340792], [32.222764726000094, -17.340772997999977], [32.222764726000094, -17.340697991999946], [32.222841724000034, -17.340697991999946], [32.22291372200016, -17.34054897999988], [32.22306671800004, -17.340402968999967], [32.22329171100006, -17.340178950999928], [32.22374169800008, -17.339732915999946], [32.223970692000194, -17.33958390399988], [32.22411968800009, -17.33950989799996], [32.22411968800009, -17.339434892999975], [32.2241956850001, -17.339434892999975], [32.2241956850001, -17.339360886999827], [32.224271683000154, -17.339360886999827], [32.22434868100015, -17.3393588859999], [32.22442467900004, -17.3393588859999], [32.224500677000094, -17.339284880999912], [32.22465367300015, -17.339282879999928], [32.225107660000106, -17.33927487999989], [32.22525965500017, -17.33920087399997], [32.22548864900011, -17.339124867999942], [32.22563764500018, -17.338975855999934], [32.225847639000165, -17.338837844999887], [32.22586663800007, -17.33882684399987], [32.22700360600015, -17.338445813999954], [32.22707960400004, -17.33844381399996], [32.22707960400004, -17.33837080799998], [32.227155602000096, -17.33836880799987], [32.22730859800015, -17.338294801999893], [32.22753359100005, -17.33821879599992], [32.22768558700017, -17.338216795999926], [32.22791458, -17.33799377799994], [32.228063576000125, -17.337844765999876], [32.22821657200012, -17.33776976099989], [32.228288570000075, -17.33769575499997], [32.228288570000075, -17.337623748999874], [32.228441565000026, -17.337546742999905], [32.228441565000026, -17.33747473699998], [32.22851356300009, -17.337325725999904], [32.228666559000146, -17.337178713999947], [32.228662558999986, -17.337104707999913], [32.2287385570001, -17.33702970199994], [32.22888755300016, -17.336881690999974], [32.22888755300016, -17.336736678999955], [32.229036548000124, -17.336587666999947], [32.229188544000124, -17.336511660999975], [32.229265542000064, -17.336364649999894], [32.22933754000019, -17.336289643999976], [32.22933754000019, -17.33621763799988], [32.229413538000074, -17.336215637999885], [32.229413538000074, -17.336142631999905], [32.229413538000074, -17.33606862599993], [32.229490536000014, -17.33606862599993], [32.22948653600008, -17.335996620999822], [32.229562533000035, -17.335847608999927], [32.2297115290001, -17.33569859699992], [32.229787526999985, -17.33562459099994], [32.229787526999985, -17.33555158599995], [32.22986452500015, -17.33555158599995], [32.229860525, -17.33547757999986], [32.229936523000106, -17.335402573999943], [32.2300895190001, -17.335328567999966], [32.23016551600011, -17.335254561999875], [32.23024151400017, -17.33525256199988], [32.23031451200018, -17.33510554999998], [32.23039051000006, -17.33510554999998], [32.23046650800012, -17.334956538999904], [32.23053950600013, -17.334809526999834], [32.23061550400001, -17.334735520999914], [32.23061150400008, -17.334662515999923], [32.230688501000145, -17.33466051499994], [32.230688501000145, -17.334514503999912], [32.23076449900003, -17.334514503999912], [32.23076449900003, -17.334439497999938], [32.2308364970001, -17.33436549199996], [32.2308364970001, -17.334292485999924], [32.230913495000095, -17.334145474999957], [32.230985493, -17.33407146899998], [32.231061491000105, -17.33406946899987], [32.231061491000105, -17.333997462999946], [32.231138489000045, -17.33399546299995], [32.23129048400011, -17.333920456999977], [32.23136748200011, -17.33391845699998], [32.23136348200012, -17.333846450999886], [32.231439480000176, -17.33384445099989], [32.23151547800006, -17.33377244499991], [32.23159247600006, -17.333623433999946], [32.23204646300002, -17.333323409999878], [32.23204946300012, -17.333344411999917], [32.23260344800019, -17.335074546999977], [32.23267944600008, -17.335074546999977], [32.23275544300009, -17.335072546999925], [32.23290843900014, -17.335217558999943], [32.233060435000084, -17.33528856399994], [32.23314043300013, -17.335433575999957], [32.23329342800008, -17.335578586999873], [32.23336942599997, -17.335578586999873], [32.23336942599997, -17.33565059299997], [32.233449424000014, -17.33572359799996], [32.23452139400007, -17.336221636999937], [32.234598392000066, -17.336221636999937], [32.23467439000012, -17.336219636999886], [32.23467439000012, -17.33629164299998], [32.23475438800017, -17.33636464799997], [32.23498338100006, -17.336507659999825], [32.235139377000166, -17.33672667699983], [32.23529237300005, -17.336869687999922], [32.23544836800005, -17.33708770499993], [32.235757360000036, -17.337302721999947], [32.236387342000114, -17.33883284199993], [32.236391342000104, -17.339053858999932], [32.23646734000016, -17.339198870999894], [32.23647134000015, -17.339345881999918], [32.23654733800004, -17.33941588799985], [32.23655133800003, -17.33956289899993], [32.23655133800003, -17.339782916999923], [32.23663133600007, -17.34000193399993], [32.23757731000018, -17.342186104999882], [32.23765330800006, -17.34225811099998], [32.23773030600006, -17.342403121999894], [32.237810303000174, -17.342550133999907], [32.23788630100006, -17.342695144999936], [32.23796629900011, -17.342914162999932], [32.23812229500004, -17.343204184999934], [32.23827929000015, -17.343422201999942], [32.23835928800003, -17.343641219999938], [32.24015223900017, -17.3466204529999], [32.24030423400018, -17.346691458999885], [32.24045723000006, -17.346836469999914], [32.240613226000164, -17.347053486999926], [32.240846219, -17.34726950399994], [32.24115521099998, -17.347484520999956], [32.24138420400004, -17.347702537999965], [32.242700168, -17.349003639999978], [32.24277616500018, -17.349075645999903], [32.24292916100006, -17.34914665099984], [32.24300915900011, -17.349291662999917], [32.24323815300005, -17.34950867999993], [32.243551144000094, -17.349871707999966], [32.24370314000004, -17.350088724999978], [32.243936133000034, -17.350304741999935], [32.24409212899997, -17.350523758999827], [32.24424512500002, -17.35066676999992], [32.24563008600012, -17.35160184399996], [32.245710084, -17.35167384899995], [32.24586207900006, -17.35174485499988], [32.246015075000116, -17.351889865999965], [32.246248069000046, -17.352032876999886], [32.24663305800016, -17.35232089999994], [32.24686205100005, -17.352463910999973], [32.24693804900011, -17.352535916999955], [32.247018047000154, -17.352608921999945], [32.24714804300004, -17.35273093199993], [32.2471140450001, -17.353170966999926], [32.27148936600014, -17.37832893799998], [32.271374369000114, -17.378330937999976], [32.26245262200007, -17.386319567999976], [32.25882291700009, -17.40493682499988], [32.252592156000105, -17.406016526999963], [32.25197692200004, -17.406123125999898], [32.24964298599997, -17.3988505559999], [32.249474991000056, -17.39867254199993], [32.23607436700007, -17.39559430399987], [32.23592137100019, -17.39552129799995], [32.22039082900005, -17.39230601999992], [32.2147031400001, -17.384481884999957], [32.20593972600011, -17.389962351999827], [32.20619150500005, -17.38948377699984], [32.19817467200011, -17.395446424999875], [32.19793877900008, -17.39629951199987], [32.197115464000035, -17.396473382999943], [32.18801772000012, -17.397764486999847], [32.18760573200012, -17.39772448399998], [32.18748073500018, -17.397726483999975], [32.18748073500018, -17.39784449299998], [32.18735773900016, -17.39784449299998], [32.169559241000115, -17.40184281199987], [32.16893725800003, -17.40196482199991], [32.16881526200007, -17.40196482199991], [32.16881526200007, -17.40208483099991], [32.168693265, -17.402100831999974]]]]}}, {"type": "Feature", "properties": {"GID_3": "ZWE.5.8.4_2", "GID_0": "ZWE", "COUNTRY": "Zimbabwe", "GID_1": "ZWE.5_1", "NAME_1": "Mashonaland East", "NL_NAME_1": "NA", "GID_2": "ZWE.5.8_2", "NAME_2": "Mutoko", "NL_NAME_2": "NA", "NAME_3": "Ward 12", "VARNAME_3": "NA", "NL_NAME_3": "NA", "TYPE_3": "Ward", "ENGTYPE_3": "Ward", "CC_3": "NA", "HASC_3": "NA", "id": "ZWE.5.8.4_2", "name": "Ward 12"}, "geometry": {"type": "MultiPolygon", "coordinates": [[[[32.25882291700009, -17.40493682499988], [32.26245262200007, -17.386319567999976], [32.271374369000114, -17.378330937999976], [32.27148936600014, -17.37832893799998], [32.2471140450001, -17.353170966999926], [32.24714804300004, -17.35273093199993], [32.247018047000154, -17.352608921999945], [32.24693804900011, -17.352535916999955], [32.24686205100005, -17.352463910999973], [32.24663305800016, -17.35232089999994], [32.246248069000046, -17.352032876999886], [32.246015075000116, -17.351889865999965], [32.24586207900006, -17.35174485499988], [32.245710084, -17.35167384899995], [32.24563008600012, -17.35160184399996], [32.24424512500002, -17.35066676999992], [32.24409212899997, -17.350523758999827], [32.243936133000034, -17.350304741999935], [32.24370314000004, -17.350088724999978], [32.243551144000094, -17.349871707999966], [32.24323815300005, -17.34950867999993], [32.24300915900011, -17.349291662999917], [32.24292916100006, -17.34914665099984], [32.24277616500018, -17.349075645999903], [32.242700168, -17.349003639999978], [32.24138420400004, -17.347702537999965], [32.24115521099998, -17.347484520999956], [32.240846219, -17.34726950399994], [32.240613226000164, -17.347053486999926], [32.24045723000006, -17.346836469999914], [32.24030423400018, -17.346691458999885], [32.24015223900017, -17.3466204529999], [32.23835928800003, -17.343641219999938], [32.23827929000015, -17.343422201999942], [32.23812229500004, -17.343204184999934], [32.23796629900011, -17.342914162999932], [32.23788630100006, -17.342695144999936], [32.237810303000174, -17.342550133999907], [32.23773030600006, -17.342403121999894], [32.23765330800006, -17.34225811099998], [32.23757731000018, -17.342186104999882], [32.23663133600007, -17.34000193399993], [32.23655133800003, -17.339782916999923], [32.23655133800003, -17.33956289899993], [32.23654733800004, -17.33941588799985], [32.23647134000015, -17.339345881999918], [32.23646734000016, -17.339198870999894], [32.236391342000104, -17.339053858999932], [32.236387342000114, -17.33883284199993], [32.235757360000036, -17.337302721999947], [32.23544836800005, -17.33708770499993], [32.23529237300005, -17.336869687999922], [32.235139377000166, -17.33672667699983], [32.23498338100006, -17.336507659999825], [32.23475438800017, -17.33636464799997], [32.23467439000012, -17.33629164299998], [32.23467439000012, -17.336219636999886], [32.234598392000066, -17.336221636999937], [32.23452139400007, -17.336221636999937], [32.233449424000014, -17.33572359799996], [32.23336942599997, -17.33565059299997], [32.23336942599997, -17.335578586999873], [32.23329342800008, -17.335578586999873], [32.23314043300013, -17.335433575999957], [32.233060435000084, -17.33528856399994], [32.23290843900014, -17.335217558999943], [32.23275544300009, -17.335072546999925], [32.23267944600008, -17.335074546999977], [32.23260344800019, -17.335074546999977], [32.23204946300012, -17.333344411999917], [32.23212246100013, -17.333323409999878], [32.23211846100014, -17.33303038699995], [32.23370541600008, -17.332057309999925], [32.233781414000134, -17.332057309999925], [32.233778414000085, -17.33191029799991], [32.23393040900015, -17.33176128699995], [32.234079405000045, -17.331687280999972], [32.23423140100016, -17.331611274999887], [32.234460394, -17.331462262999878], [32.23461339000005, -17.331460262999826], [32.235292371000185, -17.331084232999956], [32.23536836900007, -17.33108223299996], [32.23536836900007, -17.33101022699998], [32.23552136400008, -17.33093522099989], [32.23567036000014, -17.33085921499992], [32.23574635800003, -17.330712203999838], [32.235818356000095, -17.330563191999943], [32.23589535400009, -17.330417179999927], [32.23596735199999, -17.330195162999928], [32.23611634700018, -17.33004815099997], [32.23611634700018, -17.32982713399997], [32.23618834500007, -17.329680121999957], [32.23618834500007, -17.329608116999964], [32.236185345000024, -17.32938809899997], [32.236185345000024, -17.32931409299988], [32.236181345000034, -17.32916708199997], [32.236181345000034, -17.328948064999963], [32.23610134800009, -17.328803052999945], [32.23610134800009, -17.328656041999977], [32.2360973480001, -17.32858403599994], [32.2360973480001, -17.32843702499997], [32.23609334800011, -17.328290012999958], [32.23609334800011, -17.328143000999887], [32.23616634600012, -17.32807099599995], [32.23624234300013, -17.327995989999977], [32.23639433900007, -17.32784697799991], [32.236543335000135, -17.32777097199994], [32.23677232799997, -17.327768971999944], [32.23700132200014, -17.32761795999994], [32.237073320000036, -17.327543953999964], [32.23715031800003, -17.327543953999964], [32.23722631600009, -17.327469947999873], [32.23730231300004, -17.327467947999878], [32.23730231300004, -17.3273949419999], [32.23737931100004, -17.3273949419999], [32.23737931100004, -17.32732093599998], [32.23745130900011, -17.32724693099982], [32.23745130900011, -17.327173924999897], [32.237447309000174, -17.32680789599982], [32.237443309000184, -17.326513872999897], [32.23736331100014, -17.32636886199998], [32.23736331100014, -17.32614984399993], [32.23736031100009, -17.32592982699998], [32.2373563110001, -17.325710809999975], [32.237428309000165, -17.32556179799991], [32.23773030100011, -17.325266774999932], [32.24103720699998, -17.321632487999977], [32.24103720699998, -17.321485475999964], [32.2411092050001, -17.321411470999976], [32.2411092050001, -17.321338464999883], [32.241186202000165, -17.321337464999885], [32.24118220300011, -17.32119245299998], [32.24125420000013, -17.32089642999989], [32.24140319600019, -17.32060240699991], [32.24147619399997, -17.320309383999927], [32.24162419000015, -17.32001336099995], [32.24170118800015, -17.31979234299996], [32.241849183000056, -17.319570325999962], [32.24273815800012, -17.317800185999943], [32.24289115300007, -17.317579168999885], [32.242963151000026, -17.31743215699987], [32.243036149000034, -17.31728514599996], [32.24318814500015, -17.317062127999918], [32.243261143000154, -17.316843110999912], [32.24333314100005, -17.316694098999847], [32.24341013900005, -17.316547086999947], [32.243558134000125, -17.31625206399997], [32.24370713000019, -17.31603004699997], [32.244909096000185, -17.31476994699989], [32.244909096000185, -17.314696940999966], [32.24498509400007, -17.314622935999978], [32.245210087000146, -17.314471923999918], [32.24551507900014, -17.31432091199997], [32.2456640740001, -17.314246905999937], [32.245740072, -17.31409989399998], [32.24581307000017, -17.314025887999946], [32.24596506600017, -17.31387687699987], [32.24611406200006, -17.31365585899988], [32.246191059000125, -17.313580852999905], [32.24626705700018, -17.313506847999918], [32.24633905500008, -17.31335783599991], [32.246564049000085, -17.31313681799992], [32.246641047000026, -17.313061811999944], [32.246641047000026, -17.312987806999956], [32.24671704500008, -17.312987806999956], [32.2468660400001, -17.31283879499989], [32.2468660400001, -17.31276478899997], [32.24693803800017, -17.3126177769999], [32.24709103400005, -17.3123967599999], [32.247163032000174, -17.31232175399998], [32.247240030000114, -17.312175742999898], [32.247236030000124, -17.311955724999905], [32.247236030000124, -17.311881718999928], [32.24730802800008, -17.311587695999947], [32.24730402800009, -17.31151569099984], [32.24730102800004, -17.311221666999927], [32.24722403000004, -17.31107665599984], [32.24722003000005, -17.310857638999835], [32.247144032000165, -17.310784632999912], [32.24706403400012, -17.310639621999826], [32.24667904500018, -17.310277592999967], [32.246522049000134, -17.310059575999958], [32.24629405600018, -17.309916564999867], [32.24613705999997, -17.30977155399995], [32.24606106200008, -17.309699547999912], [32.24606106200008, -17.309626541999933], [32.245985064000024, -17.30955453699994], [32.245904066000094, -17.30940952499992], [32.245904066000094, -17.30933651999993], [32.24582806900008, -17.309264513999892], [32.24582406900009, -17.309117501999935], [32.24574807100004, -17.309045496999886], [32.24574807100004, -17.308972490999906], [32.24574407100005, -17.308678467999982], [32.24554607500005, -17.305459214999928], [32.24554607500005, -17.305312202999914], [32.24554207500006, -17.30502017999993], [32.24553407500008, -17.30450713999994], [32.24566007100003, -17.302601989999857], [32.24573706900003, -17.302452977999963], [32.24588506500004, -17.30230596599995], [32.24595806299999, -17.302009942999973], [32.24610705900011, -17.301788925999972], [32.246179056000074, -17.301494902999934], [32.24633205200013, -17.301273884999944], [32.24640405000008, -17.301052867999942], [32.24647704800003, -17.30090585599993], [32.246549046000155, -17.300684838999928], [32.246702041000106, -17.300535826999976], [32.246774039, -17.30031680999997], [32.246850037000115, -17.30016779799996], [32.246847037, -17.30009479199998], [32.24692303500012, -17.299947780999958], [32.24692303500012, -17.29987377499998], [32.24691903500013, -17.299726762999967], [32.24699503300019, -17.299726762999967], [32.24699503300019, -17.29965275699982], [32.247068031000026, -17.299579751999886], [32.247068031000026, -17.29943273999993], [32.24714402900008, -17.299431739999932], [32.24714402900008, -17.299358733999895], [32.24721702700009, -17.299209721999944], [32.247293024000044, -17.29906271099992], [32.24736502200017, -17.298988704999942], [32.247442020000165, -17.29884169299993], [32.24751801800005, -17.29876768799994], [32.24759101600006, -17.29862067599987], [32.24758701600007, -17.298326652999947], [32.24758701600007, -17.298254646999965], [32.24758301600008, -17.29810763599994], [32.24758301600008, -17.29803462999996], [32.24758301600008, -17.29796062399987], [32.247655013999974, -17.29788661799995], [32.247655013999974, -17.297739606999983], [32.247652014000096, -17.297594594999964], [32.24772801199998, -17.2974455829999], [32.24802900300011, -17.29714955999998], [32.24825399700006, -17.29707355399995], [32.25083292300013, -17.29174813399993], [32.253010861, -17.28910992599998], [32.253010861, -17.288972914999817], [32.25328185300009, -17.288008838999872], [32.25496080500005, -17.285172615999954], [32.25503280300018, -17.28517061599996], [32.256997747000014, -17.282744423999873], [32.25706974500014, -17.282742423999878], [32.257279739000126, -17.282466401999955], [32.25756173100018, -17.282324390999918], [32.25841670700004, -17.28197036299997], [32.25977466900014, -17.282088371999862], [32.26006066100018, -17.282084370999883], [32.26027065500011, -17.281945359999952], [32.26048364900015, -17.281872354999905], [32.26239859500015, -17.280680259999883], [32.26246759300017, -17.280680259999883], [32.26246759300017, -17.280612254999937], [32.26253959100012, -17.280610254999942], [32.26289458100018, -17.280537248999963], [32.26574750000003, -17.280293228999938], [32.267815442000085, -17.279921198999943], [32.2678844400001, -17.27985319399994], [32.267956438, -17.279851193999946], [32.26816643200016, -17.27964317699997], [32.269158404000166, -17.27894312199993], [32.269158404000166, -17.27887411599994], [32.26922640200013, -17.27887411599994], [32.26922640200013, -17.278805110999883], [32.269368398000154, -17.278735104999953], [32.26950939400007, -17.27859609399991], [32.26958139200019, -17.27845608299998], [32.26965039000004, -17.27838807799992], [32.269722388000105, -17.278317071999936], [32.26979138600012, -17.278180061999876], [32.27055036400009, -17.27638491999994], [32.27055036400009, -17.27624790899995], [32.270829356000036, -17.275831876999916], [32.27089735400017, -17.275694865999924], [32.27089735400017, -17.275625859999934], [32.27097035200018, -17.275556854999877], [32.27103835000014, -17.275486848999947], [32.271180346000165, -17.275346837999905], [32.27132134200008, -17.275276832999907], [32.27146233800005, -17.275137821999976], [32.27224831600006, -17.274990809999963], [32.272316314000136, -17.27491980399992], [32.27336528400008, -17.273258672999816], [32.27336528400008, -17.273121662999927], [32.273434282000096, -17.273052656999823], [32.273503280000114, -17.272915645999944], [32.273644276000084, -17.272775634999903], [32.273785272, -17.27270562999996], [32.27441825400018, -17.272009574999913], [32.27449125200019, -17.272009574999913], [32.274559250000095, -17.271869563999815], [32.27470124600012, -17.271661546999894], [32.27491424000016, -17.271591541999896], [32.274983238, -17.27145353099985], [32.27505523600013, -17.271452530999966], [32.27505523600013, -17.27138352499992], [32.275124234000145, -17.271314519999976], [32.27597821000012, -17.270959491999918], [32.27597521000001, -17.270891485999982], [32.275902212, -17.270753475999925], [32.275456224000095, -17.26931936299991], [32.275452224000105, -17.269250356999976], [32.275452224000105, -17.26904534099998], [32.275448224000115, -17.26883932499993], [32.27552122200012, -17.26883932499993], [32.27551722200013, -17.26870131399994], [32.275795214000084, -17.268217275999973], [32.275868212000034, -17.268215275999978], [32.275868212000034, -17.268079264999926], [32.27593721000011, -17.268009258999882], [32.276005208000186, -17.26780324299989], [32.27607420600003, -17.26766423199996], [32.27614320400005, -17.26752622099997], [32.27614320400005, -17.267320204999976], [32.27614320400005, -17.267252199999973], [32.27613520400013, -17.26690817299982], [32.27661919100012, -17.266071106999902], [32.279404114000045, -17.272125582999934], [32.28470996600015, -17.276294909999933], [32.290279812, -17.28708375699989], [32.29039780900007, -17.287192765999976], [32.29779460300017, -17.296207472999924], [32.30333344900015, -17.300594816999876], [32.30356244200016, -17.30059281699988], [32.314773125000045, -17.292259157999922], [32.31488712100008, -17.292259157999922], [32.32623980100004, -17.288228837999952], [32.32635379800013, -17.288228837999952], [32.32839074000009, -17.28768279499991], [32.32841774000002, -17.287776801999883], [32.32514083400014, -17.29739455999993], [32.32081195800009, -17.30392907499987], [32.32014797800002, -17.308898465999903], [32.307716332000155, -17.325516776999905], [32.31386516200013, -17.33685266699996], [32.31386916200012, -17.33696367499988], [32.314929133000135, -17.341915063999863], [32.31679108200012, -17.346540427999912], [32.31679108200012, -17.34665143599989], [32.32092996600011, -17.346851450999907], [32.32104396300019, -17.346849450999912], [32.32104396300019, -17.346739441999887], [32.32127295600003, -17.346739441999887], [32.32356989200002, -17.346617431999903], [32.329535723000106, -17.344601271999977], [32.329535723000106, -17.344490262999955], [32.32987871300003, -17.34426724599996], [32.33285062900006, -17.34160403599998], [32.332964626000035, -17.34160203499988], [32.333079623, -17.34160203499988], [32.33376960300012, -17.34148802599998], [32.33446058400017, -17.34159503399985], [32.33595554200002, -17.342140076999897], [32.336069539000164, -17.342138076999902], [32.336184535000086, -17.342138076999902], [32.33676051900011, -17.34235609399991], [32.340472415000136, -17.34254610799985], [32.34044141600015, -17.34311115199995], [32.336336533, -17.348761596999964], [32.33054269900009, -17.36115257299997], [32.33031770600002, -17.36170561699987], [32.32997471500016, -17.362147650999873], [32.32974872200003, -17.362700694999887], [32.32952372900013, -17.36358476399994], [32.32952372900013, -17.363915789999965], [32.329409732000045, -17.364137807999953], [32.329413732000035, -17.364688850999983], [32.329424732000064, -17.366898024999898], [32.32954272900014, -17.367449067999928], [32.32954672900013, -17.368000110999958], [32.32978372300016, -17.36888118099995], [32.32978372300016, -17.369324214999892], [32.32978772300015, -17.36976424999989], [32.32978772300015, -17.370096275999913], [32.32979072300003, -17.370426301999885], [32.32979072300003, -17.37075832799991], [32.32979472300019, -17.371309371999928], [32.329680726000106, -17.371531388999927], [32.32968472600004, -17.371752405999928], [32.32956972900007, -17.371973423999975], [32.32956973000012, -17.372303449999947], [32.329577730000096, -17.37373756199986], [32.329581730000086, -17.37395957999985], [32.329581730000086, -17.374180596999906], [32.32969572700017, -17.374399613999913], [32.32969972700016, -17.374731639999936], [32.32981772300013, -17.3752826839999], [32.32993272000016, -17.3752826839999], [32.32993272000016, -17.375391691999937], [32.332716643000026, -17.380235071999948], [32.33283164000005, -17.380454088999954], [32.33294963700013, -17.380786114999978], [32.33306363400004, -17.381005132999974], [32.33306763400003, -17.381557175999887], [32.33307163400019, -17.38177819299989], [32.33307163400019, -17.38199921099988], [32.33307163400019, -17.382110218999912], [32.332842640000024, -17.382331236999903], [32.332842640000024, -17.38244224599987], [32.33272864300011, -17.382552253999904], [32.3324996500001, -17.382552253999904], [32.33238465300008, -17.38266526299992], [32.33238465300008, -17.38277527199989], [32.33227065600016, -17.38277527199989], [32.3320416630001, -17.382997288999945], [32.33192766600018, -17.382997288999945], [32.331698673000176, -17.38322030699993], [32.331469679000065, -17.383330315999956], [32.33112668900009, -17.383664341999975], [32.33089769500015, -17.38377535099994], [32.330210715000135, -17.384219385999927], [32.330210715000135, -17.38433039499995], [32.33009671800005, -17.384332394999944], [32.323096915000065, -17.386132537999913], [32.321024974000125, -17.386033530999896], [32.319415019000076, -17.3859305229999], [32.31918702500019, -17.385932522999894], [32.3190720290001, -17.385932522999894], [32.30964229400013, -17.385097459999827], [32.308956313000124, -17.38520946899996], [32.308841316000155, -17.38521146899984], [32.308727320000116, -17.385322477999978], [32.30861232300009, -17.385322477999978], [32.29654666300013, -17.385934528999883], [32.29470871400002, -17.386052538999877], [32.29402173400018, -17.38616754799989], [32.2939077370001, -17.386277556999858], [32.29379274000007, -17.386277556999858], [32.29367474300017, -17.386277556999858], [32.28978385400018, -17.388724749999938], [32.28944086300015, -17.389058775999956], [32.28921187000009, -17.389279793999947], [32.28909687300012, -17.38939080299997], [32.28898287599998, -17.389392802999964], [32.286735942000064, -17.399336584999958], [32.28651494900015, -17.401102722999894], [32.28639995200018, -17.401102722999894], [32.28639995200018, -17.401213731999974], [32.28617095900012, -17.401215731999855], [32.280564118000086, -17.405767090999916], [32.28056657000013, -17.405878481999935], [32.28049912000006, -17.40600110999992], [32.27477328000003, -17.403309899999954], [32.27447628800019, -17.403339901999914], [32.27427029400019, -17.40345691099992], [32.27368231100013, -17.402489835999916], [32.27368231000003, -17.402378826999893], [32.27356831399999, -17.402380826999888], [32.25882291700009, -17.40493682499988]]]]}}, {"type": "Feature", "properties": {"GID_3": "ZWE.5.8.5_2", "GID_0": "ZWE", "COUNTRY": "Zimbabwe", "GID_1": "ZWE.5_1", "NAME_1": "Mashonaland East", "NL_NAME_1": "NA", "GID_2": "ZWE.5.8_2", "NAME_2": "Mutoko", "NL_NAME_2": "NA", "NAME_3": "Ward 13", "VARNAME_3": "NA", "NL_NAME_3": "NA", "TYPE_3": "Ward", "ENGTYPE_3": "Ward", "CC_3": "NA", "HASC_3": "NA", "id": "ZWE.5.8.5_2", "name": "Ward 13"}, "geometry": {"type": "MultiPolygon", "coordinates": [[[[32.340472415000136, -17.34254610799985], [32.33676051900011, -17.34235609399991], [32.336184535000086, -17.342138076999902], [32.336069539000164, -17.342138076999902], [32.33595554200002, -17.342140076999897], [32.33446058400017, -17.34159503399985], [32.33376960300012, -17.34148802599998], [32.333079623, -17.34160203499988], [32.332964626000035, -17.34160203499988], [32.33285062900006, -17.34160403599998], [32.32987871300003, -17.34426724599996], [32.329535723000106, -17.344490262999955], [32.329535723000106, -17.344601271999977], [32.32356989200002, -17.346617431999903], [32.32127295600003, -17.346739441999887], [32.32104396300019, -17.346739441999887], [32.32104396300019, -17.346849450999912], [32.32092996600011, -17.346851450999907], [32.31679108200012, -17.34665143599989], [32.31679108200012, -17.346540427999912], [32.314929133000135, -17.341915063999863], [32.31386916200012, -17.33696367499988], [32.31386516200013, -17.33685266699996], [32.307716332000155, -17.325516776999905], [32.32014797800002, -17.308898465999903], [32.32081195800009, -17.30392907499987], [32.32514083400014, -17.29739455999993], [32.32841774000002, -17.287776801999883], [32.32839074000009, -17.28768279499991], [32.328875727000025, -17.287553784999886], [32.328989723, -17.287442775999864], [32.33334660000003, -17.28576364299994], [32.33357559400014, -17.28576364299994], [32.33426157500014, -17.285317606999968], [32.33483355800013, -17.28509458999997], [32.33884344500018, -17.28286641299991], [32.33884344500018, -17.282756404999873], [32.338957442000094, -17.282756404999873], [32.34056339699998, -17.28263739499988], [32.342402345000096, -17.28262839399997], [32.35053911500012, -17.27927512799988], [32.36464171700004, -17.2746757619999], [32.36464171700004, -17.274564753999982], [32.36972257400009, -17.272138560999963], [32.37563440700012, -17.269319337999946], [32.37574940300004, -17.269319337999946], [32.390888976999975, -17.26559604099998], [32.391003973000124, -17.265594040999872], [32.39115996900006, -17.265592040999877], [32.391228967000075, -17.265726051999877], [32.391228967000075, -17.26585206099992], [32.391232967000064, -17.265916066999978], [32.391232967000064, -17.266105080999978], [32.39130096500014, -17.266233090999833], [32.39136996299999, -17.266359100999864], [32.39143496200012, -17.26642010599994], [32.391438961, -17.266548115999967], [32.39150396000019, -17.266611120999926], [32.39150696000007, -17.266674125999884], [32.39347590500017, -17.270580432999907], [32.393543903000136, -17.270769447999896], [32.393677900000114, -17.270895457999927], [32.39368190000005, -17.271021467999958], [32.39374989800018, -17.271146477999935], [32.39381489600004, -17.271209482999893], [32.39388389400011, -17.271335492999924], [32.39394889200014, -17.271398496999893], [32.39395289200013, -17.271431499999892], [32.39395289200013, -17.271524506999924], [32.3940168900001, -17.27158751199994], [32.394020890000036, -17.271650516999898], [32.39408588800012, -17.27177652699993], [32.39408988800005, -17.271904536999955], [32.39409388800004, -17.272094551999942], [32.39409788800003, -17.27234857199994], [32.39409788800003, -17.272474581999973], [32.39410088800008, -17.272602591999885], [32.39410088800008, -17.272665596999957], [32.39410088800008, -17.272855611999944], [32.39410488800007, -17.272918616999902], [32.39417388600009, -17.27310763199995], [32.39417388600009, -17.273235641999975], [32.39417388600009, -17.273298646999933], [32.39417788600008, -17.273361651999892], [32.39417788600008, -17.27342665699996], [32.39424288400011, -17.273487661999923], [32.39424588400004, -17.27361567199995], [32.394249883999976, -17.273931696999966], [32.394253884000136, -17.274059706999935], [32.394318882, -17.274122711999894], [32.394318882, -17.274185716999966], [32.394322882000154, -17.274311726999883], [32.39460087500015, -17.275259800999834], [32.394669873, -17.275575825999965], [32.39474187100012, -17.27589285099998], [32.39474187100012, -17.27595585599994], [32.39622983000004, -17.278474053999958], [32.39622983000004, -17.27853605899992], [32.39652782200017, -17.280812237999953], [32.39652782200017, -17.280875242999855], [32.396530822000045, -17.281003252999938], [32.396530822000045, -17.28119226799987], [32.39659982000012, -17.281254272999945], [32.39659982000012, -17.28138228299997], [32.39660382000005, -17.28144528799993], [32.39660382000005, -17.281636302999914], [32.396538822000025, -17.28169930799993], [32.396538822000025, -17.28176431299994], [32.39647382400017, -17.281827317999955], [32.39640882600008, -17.281829317999836], [32.39640882600008, -17.281891322999968], [32.39641282600007, -17.28195432799987], [32.39641282600007, -17.282019332999937], [32.39634782700011, -17.282147342999963], [32.396282829000086, -17.282338357999947], [32.39622183100016, -17.28252937299993], [32.39615783300019, -17.28271938799992], [32.39615783300019, -17.282784392999872], [32.3957108460001, -17.283869478999975], [32.39592884000018, -17.28513457799994], [32.39599383800004, -17.2851975829999], [32.39613083400019, -17.28544960299996], [32.39626383100011, -17.285575612999935], [32.396267831000046, -17.285763627999927], [32.39633682900012, -17.28595464299991], [32.396404827000026, -17.286080651999953], [32.396404827000026, -17.28614365699991], [32.396404827000026, -17.286206661999927], [32.39640882700019, -17.28633467199984], [32.396275831000025, -17.286462682999968], [32.39627983000008, -17.28652668799998], [32.396210832000065, -17.28652668799998], [32.39614583400004, -17.286591692999878], [32.396080836000124, -17.286591692999878], [32.396015838000096, -17.286656697999945], [32.395886842000095, -17.286721702999955], [32.395886842000095, -17.286786707999852], [32.395821843000135, -17.28684971299998], [32.395821843000135, -17.286914717999935], [32.39575684500005, -17.286976722999952], [32.39575684500005, -17.287041727999963], [32.39569184700002, -17.28723274299989], [32.3956308490001, -17.287360752999916], [32.3956308490001, -17.2875517679999], [32.39556585100007, -17.287614772999973], [32.395500853000044, -17.28761577399996], [32.39544785400017, -17.288567847999957], [32.39538285600014, -17.288695858999972], [32.395317858000055, -17.288760863999926], [32.395321858000045, -17.288823868999827], [32.39525686000019, -17.288951878999853], [32.395191862000104, -17.28907888899988], [32.395191862000104, -17.28914389399995], [32.39512786400019, -17.28927190399986], [32.395130863000134, -17.289397913999892], [32.39506686500016, -17.289525923999918], [32.39506686500016, -17.289588928999876], [32.39500186700013, -17.289653933999944], [32.39500186700013, -17.289715938999905], [32.39500486700018, -17.289780943999972], [32.39500486700018, -17.28996995899996], [32.39507386500003, -17.290095968999935], [32.39507386500003, -17.29022397899996], [32.39507786500019, -17.29028698399992], [32.39507786500019, -17.29034998899988], [32.39521086100018, -17.290347988999883], [32.39527586000014, -17.290410993999956], [32.395340858, -17.290410993999956], [32.39540985600007, -17.290473997999925], [32.39547885400009, -17.29053500299983], [32.39554285200006, -17.29053500299983], [32.39567684800011, -17.29065901299998], [32.395939841000086, -17.290720017999945], [32.39620683400011, -17.2909050319999], [32.39627583200013, -17.2909050319999], [32.396340830000156, -17.290903031999903], [32.396340830000156, -17.29096803699997], [32.397278804000166, -17.29177810099992], [32.397343802000194, -17.29177810099992], [32.397343802000194, -17.29184110599988], [32.397476798000184, -17.291902109999967], [32.39761079400006, -17.292091124999956], [32.397679792000076, -17.29215412999997], [32.39774379100015, -17.292152129999977], [32.39774379100015, -17.29221713499993], [32.39854876800007, -17.293092203999947], [32.39855276800006, -17.2931572089999], [32.398617766000086, -17.293155208999906], [32.399410744000136, -17.293144207999887], [32.399609738000095, -17.293333221999887], [32.39987673100006, -17.293583241999954], [32.39994572900008, -17.29364624699997], [32.400009727000054, -17.293644246999975], [32.400013727000044, -17.293707251999933], [32.400013727000044, -17.29377125699989], [32.40007872500007, -17.293833261999964], [32.40014772400019, -17.29395827199994], [32.400215722000155, -17.294149286999982], [32.40028472000017, -17.2942102909999], [32.40082270500017, -17.29483834099989], [32.40095570100016, -17.29502735499983], [32.401020699000014, -17.29502535499995], [32.401020699000014, -17.295089359999963], [32.40108969700009, -17.29515036499987], [32.401158695000106, -17.2952763749999], [32.401226694000115, -17.295467389999885], [32.40129569200013, -17.29571940999989], [32.40136469000015, -17.295910424999875], [32.40136469000015, -17.295973429999947], [32.401367690000086, -17.296035434999908], [32.40078470600014, -17.29680649599993], [32.40071970800011, -17.2968694999999], [32.40065071000009, -17.296934505999957], [32.400654710000026, -17.297062515999983], [32.400654710000026, -17.297188525999957], [32.40059371200016, -17.29731553599987], [32.40059371200016, -17.297569555999928], [32.40093370200003, -17.298135599999966], [32.40100170100004, -17.298261609999827], [32.40100170100004, -17.298324614999956], [32.40091370300007, -17.29843962399997], [32.39547085700019, -17.302435939999953], [32.39535586, -17.302435939999953], [32.39535586, -17.30254594799993], [32.395241864000184, -17.30254594799993], [32.3951278670001, -17.30265895699995], [32.39489487300017, -17.30265895699995], [32.39489887300016, -17.302768965999974], [32.394779877000076, -17.302768965999974], [32.394783877, -17.30287997499994], [32.39455488300007, -17.302992983999957], [32.394440886000154, -17.303102991999936], [32.39421189300015, -17.303324009999926], [32.394097896, -17.303437018999944], [32.39386890300017, -17.303658035999945], [32.39375390599997, -17.303769044999967], [32.39363990900006, -17.30399006199997], [32.39352491200003, -17.304101070999877], [32.39341091600005, -17.304103070999872], [32.39341091600005, -17.30421107999996], [32.39329691900008, -17.304324088999977], [32.38438517200018, -17.31286976299998], [32.384042181000154, -17.313092780999852], [32.384046181000144, -17.313203789999875], [32.37145053800003, -17.320555370999955], [32.371106547000124, -17.32066537999998], [32.37087855400017, -17.320888396999976], [32.37053456400014, -17.32100140599988], [32.370420567, -17.321111414999848], [32.37019157300006, -17.321333431999903], [32.369848583000135, -17.321445440999867], [32.369619589000024, -17.32155644999989], [32.363881751000065, -17.322801548999962], [32.363191771000174, -17.32280554999994], [32.36307677400015, -17.322916558999907], [32.362962777000064, -17.322916558999907], [32.35896489100003, -17.32745291599997], [32.35885089400011, -17.32745291599997], [32.35873589700009, -17.32767393399996], [32.35862590000016, -17.32778394199994], [32.3583969070001, -17.328005959999928], [32.35805391700018, -17.32822897799997], [32.35782492300001, -17.32844999499997], [32.35759592900007, -17.328563003999932], [32.35748093299998, -17.328673012999957], [32.35724893900016, -17.328675012999952], [32.357133943000065, -17.328675012999952], [32.35015314000003, -17.333236372999977], [32.349924147000024, -17.333348381999883], [32.34981015000011, -17.333348381999883], [32.34981015000011, -17.333459390999963], [32.34969615299997, -17.333459390999963], [32.34078440600007, -17.34255610799994], [32.340670409000154, -17.342556108999872], [32.340472415000136, -17.34254610799985]]]]}}, {"type": "Feature", "properties": {"GID_3": "ZWE.5.8.6_2", "GID_0": "ZWE", "COUNTRY": "Zimbabwe", "GID_1": "ZWE.5_1", "NAME_1": "Mashonaland East", "NL_NAME_1": "NA", "GID_2": "ZWE.5.8_2", "NAME_2": "Mutoko", "NL_NAME_2": "NA", "NAME_3": "Ward 14", "VARNAME_3": "NA", "NL_NAME_3": "NA", "TYPE_3": "Ward", "ENGTYPE_3": "Ward", "CC_3": "NA", "HASC_3": "NA", "id": "ZWE.5.8.6_2", "name": "Ward 14"}, "geometry": {"type": "MultiPolygon", "coordinates": [[[[32.40100170100004, -17.298324614999956], [32.40100170100004, -17.298261609999827], [32.40093370200003, -17.298135599999966], [32.40059371200016, -17.297569555999928], [32.40059371200016, -17.29731553599987], [32.400654710000026, -17.297188525999957], [32.400654710000026, -17.297062515999983], [32.40065071000009, -17.296934505999957], [32.40071970800011, -17.2968694999999], [32.40078470600014, -17.29680649599993], [32.401367690000086, -17.296035434999908], [32.40136469000015, -17.295973429999947], [32.40136469000015, -17.295910424999875], [32.40129569200013, -17.29571940999989], [32.401226694000115, -17.295467389999885], [32.401158695000106, -17.2952763749999], [32.40108969700009, -17.29515036499987], [32.401020699000014, -17.295089359999963], [32.401020699000014, -17.29502535499995], [32.40095570100016, -17.29502735499983], [32.40082270500017, -17.29483834099989], [32.40028472000017, -17.2942102909999], [32.400215722000155, -17.294149286999982], [32.40014772400019, -17.29395827199994], [32.40007872500007, -17.293833261999964], [32.400013727000044, -17.29377125699989], [32.400013727000044, -17.293707251999933], [32.400009727000054, -17.293644246999975], [32.39994572900008, -17.29364624699997], [32.39987673100006, -17.293583241999954], [32.399609738000095, -17.293333221999887], [32.399410744000136, -17.293144207999887], [32.398617766000086, -17.293155208999906], [32.39855276800006, -17.2931572089999], [32.39854876800007, -17.293092203999947], [32.39774379100015, -17.29221713499993], [32.39774379100015, -17.292152129999977], [32.397679792000076, -17.29215412999997], [32.39761079400006, -17.292091124999956], [32.397476798000184, -17.291902109999967], [32.397343802000194, -17.29184110599988], [32.397343802000194, -17.29177810099992], [32.397278804000166, -17.29177810099992], [32.396340830000156, -17.29096803699997], [32.396340830000156, -17.290903031999903], [32.39627583200013, -17.2909050319999], [32.39620683400011, -17.2909050319999], [32.395939841000086, -17.290720017999945], [32.39567684800011, -17.29065901299998], [32.39554285200006, -17.29053500299983], [32.39547885400009, -17.29053500299983], [32.39540985600007, -17.290473997999925], [32.395340858, -17.290410993999956], [32.39527586000014, -17.290410993999956], [32.39521086100018, -17.290347988999883], [32.39507786500019, -17.29034998899988], [32.39507786500019, -17.29028698399992], [32.39507386500003, -17.29022397899996], [32.39507386500003, -17.290095968999935], [32.39500486700018, -17.28996995899996], [32.39500486700018, -17.289780943999972], [32.39500186700013, -17.289715938999905], [32.39500186700013, -17.289653933999944], [32.39506686500016, -17.289588928999876], [32.39506686500016, -17.289525923999918], [32.395130863000134, -17.289397913999892], [32.39512786400019, -17.28927190399986], [32.395191862000104, -17.28914389399995], [32.395191862000104, -17.28907888899988], [32.39525686000019, -17.288951878999853], [32.395321858000045, -17.288823868999827], [32.395317858000055, -17.288760863999926], [32.39538285600014, -17.288695858999972], [32.39544785400017, -17.288567847999957], [32.395500853000044, -17.28761577399996], [32.39556585100007, -17.287614772999973], [32.3956308490001, -17.2875517679999], [32.3956308490001, -17.287360752999916], [32.39569184700002, -17.28723274299989], [32.39575684500005, -17.287041727999963], [32.39575684500005, -17.286976722999952], [32.395821843000135, -17.286914717999935], [32.395821843000135, -17.28684971299998], [32.395886842000095, -17.286786707999852], [32.395886842000095, -17.286721702999955], [32.396015838000096, -17.286656697999945], [32.396080836000124, -17.286591692999878], [32.39614583400004, -17.286591692999878], [32.396210832000065, -17.28652668799998], [32.39627983000008, -17.28652668799998], [32.396275831000025, -17.286462682999968], [32.39640882700019, -17.28633467199984], [32.396404827000026, -17.286206661999927], [32.396404827000026, -17.28614365699991], [32.396404827000026, -17.286080651999953], [32.39633682900012, -17.28595464299991], [32.396267831000046, -17.285763627999927], [32.39626383100011, -17.285575612999935], [32.39613083400019, -17.28544960299996], [32.39599383800004, -17.2851975829999], [32.39592884000018, -17.28513457799994], [32.3957108460001, -17.283869478999975], [32.39615783300019, -17.282784392999872], [32.39615783300019, -17.28271938799992], [32.39622183100016, -17.28252937299993], [32.396282829000086, -17.282338357999947], [32.39634782700011, -17.282147342999963], [32.39641282600007, -17.282019332999937], [32.39641282600007, -17.28195432799987], [32.39640882600008, -17.281891322999968], [32.39640882600008, -17.281829317999836], [32.39647382400017, -17.281827317999955], [32.396538822000025, -17.28176431299994], [32.396538822000025, -17.28169930799993], [32.39660382000005, -17.281636302999914], [32.39660382000005, -17.28144528799993], [32.39659982000012, -17.28138228299997], [32.39659982000012, -17.281254272999945], [32.396530822000045, -17.28119226799987], [32.396530822000045, -17.281003252999938], [32.39652782200017, -17.280875242999855], [32.39652782200017, -17.280812237999953], [32.39622983000004, -17.27853605899992], [32.39622983000004, -17.278474053999958], [32.39474187100012, -17.27595585599994], [32.39474187100012, -17.27589285099998], [32.394669873, -17.275575825999965], [32.39460087500015, -17.275259800999834], [32.394322882000154, -17.274311726999883], [32.394318882, -17.274185716999966], [32.394318882, -17.274122711999894], [32.394253884000136, -17.274059706999935], [32.394249883999976, -17.273931696999966], [32.39424588400004, -17.27361567199995], [32.39424288400011, -17.273487661999923], [32.39417788600008, -17.27342665699996], [32.39417788600008, -17.273361651999892], [32.39417388600009, -17.273298646999933], [32.39417388600009, -17.273235641999975], [32.39417388600009, -17.27310763199995], [32.39410488800007, -17.272918616999902], [32.39410088800008, -17.272855611999944], [32.39410088800008, -17.272665596999957], [32.39410088800008, -17.272602591999885], [32.39409788800003, -17.272474581999973], [32.39409788800003, -17.27234857199994], [32.39409388800004, -17.272094551999942], [32.39408988800005, -17.271904536999955], [32.39408588800012, -17.27177652699993], [32.394020890000036, -17.271650516999898], [32.3940168900001, -17.27158751199994], [32.39395289200013, -17.271524506999924], [32.39395289200013, -17.271431499999892], [32.39410488800007, -17.271429499999897], [32.39891575200005, -17.269525348999935], [32.399147745000164, -17.269525348999935], [32.39914374600011, -17.269415339999966], [32.39926274200013, -17.269415339999966], [32.399719729000026, -17.269411339999976], [32.40017771600003, -17.26940933899982], [32.40063970300014, -17.269516347999968], [32.40547256800005, -17.270815448999883], [32.405701561000114, -17.27081344899989], [32.40581555800003, -17.27081344899989], [32.40627754500014, -17.270921456999872], [32.406735532000084, -17.27091845699988], [32.40719651900014, -17.271026464999863], [32.41487930300008, -17.269439337999927], [32.4149943000001, -17.269327328999964], [32.415108296000085, -17.269327328999964], [32.41579827700008, -17.26921231999995], [32.41648925800013, -17.26920931999996], [32.42142911900004, -17.26984436899994], [32.42154311600012, -17.26984436899994], [32.421658112000046, -17.269842367999956], [32.42326806700015, -17.270053384999926], [32.42533900900008, -17.270374408999828], [32.42694896400013, -17.270586425999966], [32.43362077700016, -17.272535577999918], [32.433734773000026, -17.272533577999866], [32.43442875400012, -17.272972611999933], [32.44242053000005, -17.277300950999972], [32.442264535, -17.277563971999882], [32.44183754800014, -17.282532362999916], [32.44183754800014, -17.28264337099995], [32.442908519000184, -17.28914988299988], [32.442912519000174, -17.28925889199985], [32.443141513000114, -17.28958891799988], [32.44337450699999, -17.29013996099991], [32.44523545500016, -17.29344021999998], [32.445350452000184, -17.29344021999998], [32.44811637400005, -17.295189356999913], [32.454459197, -17.299017656999922], [32.45457419400003, -17.299015656999927], [32.45457419400003, -17.299125665999895], [32.45526817400008, -17.299673707999943], [32.45804109700009, -17.302417923999883], [32.45815609400012, -17.302416923999886], [32.45827009100003, -17.302526931999864], [32.459880045000034, -17.302957965999894], [32.46460291300019, -17.304808109999954], [32.46471691000011, -17.304808109999954], [32.46529689400012, -17.305356152999934], [32.46713584200006, -17.305897194999943], [32.46898578999998, -17.30743131599985], [32.473383668000054, -17.31303575599992], [32.47338766800004, -17.313145763999955], [32.47373465800018, -17.313584798999955], [32.47861352300015, -17.322166472999925], [32.47872752000012, -17.32216447199994], [32.48231742000013, -17.32644880899994], [32.482432417000155, -17.32655781699998], [32.482432417000155, -17.326668825999946], [32.48266441000004, -17.32688784299995], [32.48300840100018, -17.327106859999958], [32.485319336000146, -17.32896900599991], [32.48520533900006, -17.329301031999933], [32.484999346000166, -17.332944318999978], [32.484999346000166, -17.3330543269999], [32.485003346000155, -17.33360837099991], [32.48512134300006, -17.33393839699994], [32.485239340000135, -17.334378431999937], [32.48535433600006, -17.334597448999943], [32.485357336000106, -17.334819465999942], [32.48547233300013, -17.334929474999967], [32.485590330000036, -17.335370508999972], [32.48581932400015, -17.335589526999968], [32.48593732000012, -17.33591955299994], [32.486056317000134, -17.33624957899997], [32.48617031400005, -17.336469595999972], [32.486403307000046, -17.33668861299998], [32.486403307000046, -17.336799621999887], [32.48651730400019, -17.336799621999887], [32.48651730400019, -17.336909629999866], [32.49091218200016, -17.340957947999982], [32.49091218200016, -17.341067955999847], [32.4911441750001, -17.341616998999882], [32.491633163000074, -17.346140354999875], [32.49163616300012, -17.3464723809999], [32.49164016300011, -17.347464458999923], [32.4916441630001, -17.348127510999973], [32.491648163000036, -17.34878956299997], [32.49145317000017, -17.354088979999915], [32.49145717000016, -17.354529013999922], [32.49146517000008, -17.355744109999932], [32.49158316600011, -17.35629615299996], [32.49170116300019, -17.356736187999957], [32.49170116300019, -17.35717722299995], [32.49263213800003, -17.358937360999903], [32.49286513100003, -17.359157377999907], [32.492979128000115, -17.35937639499997], [32.49309712500002, -17.359487403999935], [32.493326118000084, -17.35970642099994], [32.49344511500004, -17.359925437999948], [32.493677108000156, -17.360255463999977], [32.49402109900012, -17.36047548099998], [32.494368089000034, -17.360913515999982], [32.49483307600008, -17.36135254999988], [32.49518006700009, -17.361793584999873], [32.49737800500003, -17.36409776499994], [32.497492002000115, -17.36409776499994], [32.497724996000045, -17.364425790999974], [32.498071986000184, -17.364976833999947], [32.498418976000096, -17.365415868999946], [32.49853697300017, -17.365523876999873], [32.498433976000115, -17.36751203299997], [32.498433976000115, -17.367622041999937], [32.49820498300005, -17.36784605999992], [32.4979799890001, -17.368177085999946], [32.49775099600009, -17.368399102999945], [32.495459060000144, -17.369295173999888], [32.49522606700015, -17.369297173999882], [32.49511207000006, -17.369297173999882], [32.492697138000096, -17.36920216799996], [32.49258214100007, -17.36920216799996], [32.49258614100006, -17.36931217599988], [32.49235414800012, -17.369425184999898], [32.4873302900001, -17.37431056999992], [32.48721529400018, -17.374311569999918], [32.48721529400018, -17.37442057899989], [32.48675730700006, -17.37486561399993], [32.48618532300014, -17.375309648999973], [32.47944551400019, -17.381311121999886], [32.479330517000164, -17.381311121999886], [32.46997777900009, -17.37430057299997], [32.469862782000064, -17.374302573999955], [32.456485157000145, -17.366983000999937], [32.45637116000006, -17.366983000999937], [32.456256163000035, -17.36698500199998], [32.45614216600012, -17.36698500199998], [32.447719402000075, -17.361403564999932], [32.44760440500005, -17.361405564999927], [32.44760440500005, -17.36129555599996], [32.44748640900008, -17.361184547999926], [32.42832594400005, -17.346834423999837], [32.42832594400005, -17.34672341499987], [32.42060116, -17.34224106499994], [32.420487163000075, -17.34224106499994], [32.42025017000009, -17.341359994999948], [32.42003317600006, -17.340443922999896], [32.419895180000026, -17.34006689399996], [32.41982718100019, -17.33994088399993], [32.41982718100019, -17.339875878999976], [32.41975818300017, -17.339749868999945], [32.41968918500015, -17.33968886399998], [32.41962518700018, -17.33968886399998], [32.41962518700018, -17.339625858999966], [32.41955618900016, -17.339625858999966], [32.41949119100008, -17.33962785899996], [32.419358195000086, -17.339629859999945], [32.419358195000086, -17.33956485399989], [32.4192281980001, -17.339566854999816], [32.41915920000008, -17.33950584999991], [32.41909020200006, -17.33944284499995], [32.41895720600007, -17.339316834999977], [32.41889220799999, -17.3392558299999], [32.41888120800019, -17.338429764999944], [32.418877208000026, -17.338303754999913], [32.418942206000054, -17.338176744999885], [32.419071202000055, -17.338046734999978], [32.41913620000014, -17.33798172999991], [32.4192011990001, -17.337853719999885], [32.41926619700013, -17.33772670999997], [32.419331194999984, -17.337535694999872], [32.41932719500005, -17.337409684999955], [32.41939219300008, -17.33728167499993], [32.41938819300009, -17.33715366499996], [32.41938819300009, -17.33702765499993], [32.4193841930001, -17.3369006449999], [32.41931919500007, -17.33677463499987], [32.41925119700011, -17.33671162999991], [32.41925119700011, -17.33658561999988], [32.41918219900009, -17.33645960999985], [32.41911320100007, -17.336396604999948], [32.41904920200005, -17.336270595999906], [32.41898020399998, -17.336207590999948], [32.41891120600013, -17.336144585999875], [32.418846208000105, -17.33614658599987], [32.41878221000013, -17.33614658599987], [32.418648214000086, -17.336085580999963], [32.418648214000086, -17.336022575999834], [32.41798023200005, -17.335587541999814], [32.41778223800003, -17.33546353199995], [32.417515245, -17.33533952299996], [32.417515245, -17.335276517999944], [32.41738224900001, -17.335278517999825], [32.41671826800007, -17.335036498999955], [32.41665327000004, -17.33503849899995], [32.41664927000005, -17.334973493999883], [32.41661127000009, -17.332246279999936], [32.41654227200007, -17.33212026999996], [32.41653827200008, -17.331740239999874], [32.41653127200004, -17.331296204999944], [32.41652727200011, -17.331105189999846], [32.41652727200011, -17.331042184999944], [32.41652727200011, -17.330979179999872], [32.41652727200011, -17.33085116999996], [32.416458274000036, -17.330853169999955], [32.416458274000036, -17.330726159999926], [32.41631727800012, -17.330092109999953], [32.41631327800013, -17.329966099999922], [32.41624528, -17.329778085999976], [32.41617628199998, -17.329652075999945], [32.41617628199998, -17.32952406599992], [32.41617628199998, -17.32946106099996], [32.41617228200005, -17.329333050999935], [32.41569929500008, -17.32857999199996], [32.41563129700012, -17.328453981999928], [32.41556629800016, -17.328327971999897], [32.4155622990001, -17.32819996199987], [32.41549330000015, -17.328073951999954], [32.41549330000015, -17.327883936999967], [32.41542530200002, -17.327820931999952], [32.41501631400013, -17.327064872999927], [32.41462032500016, -17.326816852999855], [32.41461632500017, -17.326753847999953], [32.41455132700008, -17.326753847999953], [32.414028341000176, -17.32714387899989], [32.41396434300003, -17.32714387899989], [32.413895345000185, -17.32714487899989], [32.41383034700016, -17.32714487899989], [32.41376534900007, -17.327146878999883], [32.41369735100017, -17.32708387399998], [32.41356735400012, -17.327085873999977], [32.413498356000105, -17.32708787499996], [32.41343335800008, -17.32708787499996], [32.41343335800008, -17.327024869999832], [32.413365360000114, -17.327024869999832], [32.41323136400007, -17.326900859999967], [32.41303336900012, -17.32677684999993], [32.41289937300019, -17.326650839999957], [32.41283137500011, -17.326587834999884], [32.412766377000025, -17.326589835999982], [32.41269737900018, -17.32652683099991], [32.41263238100015, -17.32646482599995], [32.41263238100015, -17.326401820999877], [32.412564382000085, -17.326338815999975], [32.41249538400007, -17.326212805999944], [32.41249538400007, -17.326149800999815], [32.41242638600005, -17.326023790999955], [32.41235838800014, -17.325834775999965], [32.41222439200004, -17.32558275699995], [32.41208739600006, -17.325203726999973], [32.41208339600013, -17.3251407219999], [32.41201439800005, -17.32501471199987], [32.411946399000044, -17.324825696999937], [32.41187740100003, -17.324634681999953], [32.41180840300018, -17.324383661999946], [32.41167140700003, -17.32400363299996], [32.41167140700003, -17.32387762299993], [32.41160240900018, -17.3237516129999], [32.411530411000115, -17.32343558799994], [32.411530411000115, -17.323307577999913], [32.410721433000106, -17.32230449899987], [32.410721433000106, -17.322176488999958], [32.41065643500008, -17.322178488999953], [32.410588437000115, -17.322243493999906], [32.41059143700005, -17.32236850399994], [32.41052643900014, -17.322370503999934], [32.41052643900014, -17.322433508999893], [32.410462441, -17.322433508999893], [32.410462441, -17.32256151899992], [32.410332444000176, -17.322689528999945], [32.410202448000064, -17.322819539999955], [32.41006945200007, -17.32288354499991], [32.410004454000045, -17.322885544999906], [32.40987045700007, -17.322822539999947], [32.409806459000094, -17.322824539999942], [32.409603464999975, -17.322700530999953], [32.40953846700012, -17.322637525999824], [32.40947046800011, -17.322574520999922], [32.40947046800011, -17.32244951099989], [32.40947046800011, -17.32238650599993], [32.40946646900005, -17.322321500999976], [32.40953146700008, -17.32219349099995], [32.40959646500011, -17.322130485999878], [32.40966146300019, -17.32206548099998], [32.409725461000164, -17.321937469999966], [32.40985945700004, -17.32187346499984], [32.40992445600017, -17.321808459999943], [32.40992045600018, -17.32168044999986], [32.40992045600018, -17.32161744499996], [32.40985545700005, -17.32161744499996], [32.40985145800016, -17.321554439999886], [32.40978645900003, -17.32155643999988], [32.40978645900003, -17.321491434999928], [32.40971846100007, -17.321430430999953], [32.40965346300004, -17.321430430999953], [32.40965346300004, -17.32136742599988], [32.409584465000194, -17.321304420999923], [32.40945146900003, -17.321180410999943], [32.40938647000007, -17.321117405999814], [32.409382471000185, -17.321054400999913], [32.409317472000055, -17.32092839099988], [32.40924947400009, -17.32092839099988], [32.409184476000064, -17.320865385999923], [32.409180476000074, -17.320803380999962], [32.40911547800005, -17.320804380999846], [32.40904648000003, -17.320677371999977], [32.40891348400004, -17.32055336199994], [32.408779487, -17.32042735199991], [32.40871548900009, -17.320366346999947], [32.40864649100001, -17.320366346999947], [32.408581493000156, -17.32030334199993], [32.40851249500014, -17.320305341999926], [32.40791351200005, -17.31993331299998], [32.40778051500013, -17.319870307999906], [32.40765051900007, -17.31987230899989], [32.407452525, -17.31987630899988], [32.407387526000036, -17.31987630899988], [32.40731852800019, -17.319877308999878], [32.40725353000016, -17.319877308999878], [32.40718553200003, -17.31981630399997], [32.407051536000154, -17.3197532989999], [32.40698653800007, -17.319692294999925], [32.40685354100003, -17.319629289999966], [32.40678854300012, -17.31956728499989], [32.40665554700013, -17.31956828499989], [32.40658654900011, -17.319507279999982], [32.40658654900011, -17.319380269999954], [32.40658254900018, -17.319254259999923], [32.40651755100009, -17.319128249999892], [32.4065135510001, -17.31906324499994], [32.4065135510001, -17.318937234999964], [32.40651055100005, -17.31880922499988], [32.40651055100005, -17.318683214999908], [32.406441553000036, -17.318558204999874], [32.406441553000036, -17.318430194999962], [32.406437553000046, -17.31830418499993], [32.406437553000046, -17.318113169999947], [32.406433553000056, -17.317985159999978], [32.406433553000056, -17.31792215499985], [32.40636555500015, -17.317924155999833], [32.40636555500015, -17.317797145999975], [32.40623155800017, -17.31767313599994], [32.40609856200018, -17.317547125999965], [32.406029564000164, -17.317421115999934], [32.40596456600008, -17.31742311599993], [32.40589556800006, -17.31736011099997], [32.40589556800006, -17.317232100999945], [32.4058275700001, -17.317106090999914], [32.40575857200008, -17.316980080999883], [32.405625575000045, -17.316856071999837], [32.405621575000055, -17.31666505699991], [32.40555657699997, -17.316540046999876], [32.40554857700005, -17.316032006999933], [32.40554557700017, -17.31596700199998], [32.40554557700017, -17.31584099199995], [32.40547657900015, -17.315778986999874], [32.40547657900015, -17.315652976999957], [32.40534258300005, -17.31546396199991], [32.40514058800011, -17.31521194299995], [32.405003592000185, -17.315024927999957], [32.40486959600008, -17.314898917999813], [32.40473660000009, -17.314837912999906], [32.404671602000064, -17.314774907999947], [32.404606603000104, -17.314774907999947], [32.40453760500009, -17.314776907999942], [32.40391962200016, -17.313008769999897], [32.40391962200016, -17.312945764999938], [32.40391662200011, -17.312817753999923], [32.40385162400008, -17.312754749999954], [32.40384762400009, -17.312629739999977], [32.4038436240001, -17.312438724999936], [32.403774626000086, -17.312121699999977], [32.40370662800012, -17.311932684999874], [32.40370262800019, -17.311679664999815], [32.403633630000115, -17.311553654999955], [32.40356563200004, -17.311364639999965], [32.40349663400019, -17.311110619999965], [32.403427636000174, -17.310921604999976], [32.40342463600007, -17.310794594999948], [32.40335963700011, -17.310668585999906], [32.40335563700012, -17.310542575999875], [32.40335563700012, -17.310414565999963], [32.40335163800006, -17.310351560999948], [32.40334763800013, -17.309970530999976], [32.403412636000155, -17.309779515999878], [32.403408636000165, -17.30965350599996], [32.403401636000126, -17.309209470999974], [32.4033366380001, -17.309083460999943], [32.40333263800011, -17.30902045599987], [32.40333263800011, -17.30889244599996], [32.40326764000008, -17.308894445999954], [32.40319864100013, -17.30883144099994], [32.40313464300016, -17.30883144099994], [32.40306564500014, -17.308833440999933], [32.403000647000056, -17.308770435999975], [32.40293164900004, -17.308707430999902], [32.402867651000065, -17.308644425999944], [32.40279865300005, -17.30858342199997], [32.40272965500003, -17.30845741199994], [32.40266165600019, -17.30826639699984], [32.40266165600019, -17.308013376999952], [32.40265765600003, -17.30788736699992], [32.40272265500016, -17.307822361999968], [32.40272265500016, -17.307759356999895], [32.402786653000135, -17.30769435199994], [32.402851651, -17.307566341999916], [32.402916649000076, -17.307566341999916], [32.402916649000076, -17.307439331999888], [32.40304664500013, -17.307374325999945], [32.40311164400009, -17.307309320999877], [32.40324064000015, -17.30724431599998], [32.40330963800017, -17.30717931099997], [32.40343963400005, -17.307114305999903], [32.403504632000136, -17.307050300999947], [32.403568630999985, -17.307050300999947], [32.40363362900007, -17.30698529599988], [32.4036986270001, -17.306920290999926], [32.40383262299997, -17.30685528499987], [32.403897621000056, -17.306790279999916], [32.40396161900003, -17.30666226999989], [32.40396161900003, -17.30659926499993], [32.40402661800016, -17.306597264999937], [32.40402661800016, -17.306535259999976], [32.40395861900009, -17.306409249999945], [32.403954620000036, -17.30628323999997], [32.403889621000076, -17.3062202349999], [32.40388562100014, -17.306092224999873], [32.40375262500015, -17.305903210999872], [32.40375262500015, -17.305777200999955], [32.40368362700008, -17.305777200999955], [32.40368362700008, -17.305714195999883], [32.40361862900005, -17.305716195999935], [32.40361462900006, -17.30565119099998], [32.40354963100003, -17.305590185999904], [32.40341663400011, -17.30546517599987], [32.40334763600009, -17.30546617599998], [32.403282638000064, -17.305403170999966], [32.403282638000064, -17.305341165999835], [32.4032146400001, -17.305341165999835], [32.40314964200007, -17.305342166999935], [32.40308464399999, -17.305280161999917], [32.40301564599997, -17.30521715699996], [32.402882649000105, -17.30515615199988], [32.40281365100009, -17.305030141999964], [32.402748653000174, -17.304904131999933], [32.4026806550001, -17.304841126999918], [32.40261165700002, -17.30477812199996], [32.402546659000166, -17.304715116999887], [32.40227966600003, -17.30446509799998], [32.40221066800018, -17.30440209299985], [32.40221066800018, -17.30433908799995], [32.402146670000036, -17.304341087999944], [32.402142670000046, -17.30427608299982], [32.40207767200019, -17.30415007299996], [32.40200867400017, -17.30402406299993], [32.40194067600004, -17.303836047999823], [32.40187167700009, -17.30364703299989], [32.40186767800003, -17.303393012999948], [32.40179867900008, -17.303267003999906], [32.40179567900003, -17.303076988999976], [32.40179567900003, -17.30288597399982], [32.401726681000184, -17.30275996399996], [32.401722681000024, -17.30263395399993], [32.401718681000034, -17.302314928999976], [32.401715681000155, -17.301935898999886], [32.4017116820001, -17.301807888999974], [32.401711681, -17.301616873999876], [32.40170768200011, -17.301491863999843], [32.40170768200011, -17.30136385399993], [32.401703682000175, -17.301237843999957], [32.401703682000175, -17.301174838999884], [32.40176868000003, -17.300981823999905], [32.40176468000004, -17.300792808999915], [32.40176068000005, -17.300665798999887], [32.40128069300005, -17.299402699999916], [32.40121569500019, -17.299404699999968], [32.40118869600019, -17.299278689999937], [32.40114669700017, -17.299085674999958], [32.401066699000125, -17.298324614999956], [32.40100170100004, -17.298324614999956]]]]}}, {"type": "Feature", "properties": {"GID_3": "ZWE.5.8.7_2", "GID_0": "ZWE", "COUNTRY": "Zimbabwe", "GID_1": "ZWE.5_1", "NAME_1": "Mashonaland East", "NL_NAME_1": "NA", "GID_2": "ZWE.5.8_2", "NAME_2": "Mutoko", "NL_NAME_2": "NA", "NAME_3": "Ward 15", "VARNAME_3": "NA", "NL_NAME_3": "NA", "TYPE_3": "Ward", "ENGTYPE_3": "Ward", "CC_3": "NA", "HASC_3": "NA", "id": "ZWE.5.8.7_2", "name": "Ward 15"}, "geometry": {"type": "MultiPolygon", "coordinates": [[[[32.467173824000156, -17.23702577399996], [32.46723082300019, -17.237051775999873], [32.46741781700018, -17.237050775999876], [32.46760081200017, -17.23713578299987], [32.46769581000018, -17.237223789999973], [32.46778780700009, -17.23722178899982], [32.46806579900016, -17.237395802999913], [32.46834479100016, -17.23756881699984], [32.46862278400016, -17.23774082999995], [32.468901776000166, -17.237826836999943], [32.46899677300013, -17.23800185099998], [32.46917976800006, -17.238087856999982], [32.46918376800005, -17.23817586399997], [32.46927576500008, -17.23826387099996], [32.46946276, -17.238348877999897], [32.469557758000064, -17.238524891999873], [32.46974475200011, -17.238699904999976], [32.46983975000012, -17.238875918999895], [32.470026744000165, -17.239048932999935], [32.470026744000165, -17.239138939999975], [32.470122742000115, -17.239314953999894], [32.470125742000164, -17.23949196799998], [32.47021773900008, -17.23966698099997], [32.470316737000076, -17.239931001999878], [32.470507731000055, -17.240459043999977], [32.47060272900012, -17.240634056999966], [32.47078972300011, -17.240898077999873], [32.470884721000175, -17.241163098999948], [32.470888721000165, -17.241251105999936], [32.471274710000046, -17.242397195999843], [32.471274710000046, -17.242485202999944], [32.471369708000054, -17.242572209999935], [32.47146470500019, -17.242836230999842], [32.47165170000011, -17.243099250999933], [32.47183869500003, -17.24327426499991], [32.471937692000154, -17.243537285999935], [32.472124687000075, -17.24371329999991], [32.472124687000075, -17.243801306999842], [32.47231168100012, -17.244064326999933], [32.47240767900007, -17.244327347999956], [32.47259367400011, -17.244503361999932], [32.472597673000166, -17.244590368999923], [32.47259767400004, -17.244768382999837], [32.4726016730001, -17.244857389999936], [32.472696671000165, -17.24503340299998], [32.472696671000165, -17.245210416999896], [32.472700671000155, -17.245298423999884], [32.47271667100006, -17.246360507999952], [32.47271667100006, -17.24644851499994], [32.47271967100011, -17.246625528999914], [32.47271967100011, -17.246713535999902], [32.47281566800018, -17.246713535999902], [32.47281566800018, -17.246801542999947], [32.47319265699997, -17.247327583999947], [32.47328465500016, -17.247503597999923], [32.47337965200012, -17.247678611999845], [32.47357064700003, -17.247942631999933], [32.47357064700003, -17.248119645999907], [32.473665644000164, -17.248205652999843], [32.4736696440001, -17.24838266699993], [32.47376164200011, -17.248558680999906], [32.473765642000046, -17.248647687999892], [32.47385663900002, -17.248735694999823], [32.47395163599998, -17.248998714999914], [32.47395563600014, -17.249263735999875], [32.47405163400009, -17.249439749999965], [32.47405463399997, -17.249528756999894], [32.47414663100005, -17.249527756999896], [32.47414663100005, -17.24961676399988], [32.47424162900012, -17.249879784999962], [32.474245628000176, -17.249969791999945], [32.47502360700014, -17.249958790999926], [32.47508460500006, -17.250017794999962], [32.475264600000116, -17.25018880899995], [32.47544359500006, -17.25036082199989], [32.47562259000006, -17.250446828999827], [32.47580258500011, -17.250616841999943], [32.476069576999976, -17.250787855999874], [32.47759153500016, -17.251558915999908], [32.47767853199997, -17.2516449229999], [32.47777053000016, -17.2516449229999], [32.4779495250001, -17.251815935999957], [32.478396512000074, -17.252159962999883], [32.478933497000185, -17.252588996999975], [32.47946848200013, -17.252930023999852], [32.47982647200007, -17.253188043999955], [32.47991847000003, -17.253188043999955], [32.48063145000009, -17.253789090999874], [32.480723447000116, -17.25387409799987], [32.48081044500003, -17.253958103999935], [32.480902442000115, -17.25413011799992], [32.480990440000085, -17.254216124999857], [32.48108143700006, -17.254473144999963], [32.481260432000056, -17.254817171999946], [32.48144042700011, -17.255160198999874], [32.48161942200011, -17.25550322599986], [32.48179841700005, -17.255761245999963], [32.481978413000036, -17.257136353999897], [32.481978413000036, -17.257393374999936], [32.481890415000066, -17.257651394999982], [32.48180241800014, -17.25799442199991], [32.48180241800014, -17.258252441999957], [32.48180241800014, -17.258509462999882], [32.48171442100005, -17.25885448999992], [32.481623423000144, -17.259112509999966], [32.48153542600005, -17.25945553699995], [32.48153542600005, -17.259627550999937], [32.48144742800008, -17.259799563999877], [32.48144742800008, -17.25988457099993], [32.481005441000036, -17.262291759999925], [32.481005441000036, -17.26246377399997], [32.481005441000036, -17.263064820999944], [32.48118443700008, -17.263579861999858], [32.481276434000165, -17.26375187499997], [32.481276434000165, -17.264008895999893], [32.48145542900011, -17.26426691599994], [32.48154342700013, -17.264437928999882], [32.481634424000106, -17.264609942999982], [32.481722422000075, -17.26486696299986], [32.481722422000075, -17.26503897699996], [32.48181441900016, -17.26503897699996], [32.48181441900016, -17.265124982999964], [32.48271039400015, -17.267013131999875], [32.48279839200012, -17.267013131999875], [32.48288938900009, -17.26709913899998], [32.482889390000025, -17.267185144999928], [32.48316038200005, -17.26795720599995], [32.48316038200005, -17.268129219999935], [32.48324838000008, -17.268386239999813], [32.48333937700005, -17.268730266999967], [32.48342737500019, -17.269073293999895], [32.4835193720001, -17.269502327999874], [32.4835193720001, -17.26984735499991], [32.48351937299998, -17.27019138199995], [32.48361037000018, -17.27062041599993], [32.48361037000018, -17.271650496999882], [32.48326338100014, -17.27637486899988], [32.48335137900011, -17.276546881999934], [32.48344237600014, -17.27671889599992], [32.48344237600014, -17.277061922999906], [32.48353037400011, -17.27732094299995], [32.483622371000024, -17.27757896299994], [32.48370936900011, -17.277921989999925], [32.48380136600014, -17.27818001099996], [32.48488133700005, -17.28152727399987], [32.48496833500019, -17.281785293999917], [32.485060332000046, -17.282214327999895], [32.485239327000045, -17.282557354999938], [32.48541832199999, -17.28307239499992], [32.485506320000184, -17.283415421999962], [32.48559831700004, -17.28358743599989], [32.48568531500018, -17.283759448999945], [32.48685328300019, -17.286334651999937], [32.48703227800013, -17.286591671999872], [32.487303269999984, -17.286849691999976], [32.48766126000015, -17.287278725999954], [32.487929253000175, -17.28762175299994], [32.4881962450001, -17.287879772999872], [32.488466238000115, -17.288048785999933], [32.48864623300017, -17.28822079999992], [32.48891322500009, -17.288392812999973], [32.489004223000165, -17.288478819999966], [32.48918421800005, -17.28856382699996], [32.49320810500018, -17.29061898699996], [32.493475097000044, -17.290703993999955], [32.49365409200004, -17.290703993999955], [32.493834087000096, -17.290790000999948], [32.49419207700004, -17.290962013999888], [32.49455106700009, -17.291046020999943], [32.49490905700003, -17.29121803399994], [32.49517605000017, -17.29130304099988], [32.49553504000005, -17.291475053999875], [32.495802032000086, -17.29155906099993], [32.49616102200014, -17.291731073999927], [32.496428015000106, -17.29181608099998], [32.496607010000105, -17.291902087999972], [32.496607010000105, -17.291988093999976], [32.49820496500007, -17.292703149999966], [32.499272935000135, -17.292692148999947], [32.49975392100015, -17.292844160999948], [32.50222185200016, -17.293907243999968], [32.50229785000005, -17.293907243999968], [32.50237884799998, -17.29398324999994], [32.502538843000025, -17.294059255999912], [32.50285883400011, -17.294212267999967], [32.50317582500014, -17.294439285999943], [32.50357281400005, -17.294592297999884], [32.504846779, -17.294971326999814], [32.50516677000013, -17.295122338999875], [32.50548376100011, -17.295274350999932], [32.505643756000154, -17.295274350999932], [32.50587975000013, -17.295273350999935], [32.5069937180001, -17.295347355999922], [32.50890166500011, -17.29549636799993], [32.51263955900015, -17.29517934199987], [32.51263955900015, -17.295103335999897], [32.51295655000018, -17.294950323999956], [32.51303654800006, -17.294798311999955], [32.51335253900015, -17.294643299999848], [32.513509535000026, -17.29449128799996], [32.513669530000186, -17.29441428199982], [32.51390652300017, -17.29426026899995], [32.51398652100005, -17.29418326299998], [32.51414651700014, -17.294107256999894], [32.514226514000086, -17.29395524499995], [32.51438251000019, -17.29387623899987], [32.51454350500012, -17.293647220999958], [32.51469950100005, -17.293495208999957], [32.5147794990001, -17.293264190999935], [32.522595277, -17.287581741999816], [32.527017153000145, -17.285132547999922], [32.52739414200016, -17.28506054199994], [32.527791131000015, -17.284981535999975], [32.528268117000096, -17.284903529999895], [32.52858510800007, -17.28467451199998], [32.52890109900005, -17.28452049999993], [32.531125036000105, -17.283139389999974], [32.531362030000025, -17.283063383999888], [32.531522025000186, -17.282986377999976], [32.531758019000165, -17.28290837199995], [32.531919014000096, -17.28283236599998], [32.53215500700014, -17.28283236599998], [32.532475998000166, -17.2827543599999], [32.53279199000019, -17.2827543599999], [32.532871987000135, -17.28267735399993], [32.53295198500018, -17.28267735399993], [32.533108981000055, -17.282675352999945], [32.533268976000045, -17.282675352999945], [32.53342897200014, -17.282752358999915], [32.53358596700008, -17.282752358999915], [32.53374596300017, -17.282828364999887], [32.534065954000084, -17.28305538299992], [32.534462943000165, -17.283208394999974], [32.53477993400003, -17.28335840699998], [32.53485993100014, -17.28343541299995], [32.53493992900019, -17.28343541299995], [32.53924680800009, -17.284060460999967], [32.55082348200017, -17.280390169999862], [32.5509074790001, -17.28033716599998], [32.551067475000025, -17.28018415399987], [32.55130446800018, -17.28010614699997], [32.551464464000105, -17.27995413499991], [32.55276942700016, -17.278775041999893], [32.55384139600011, -17.277807965999898], [32.553921394000156, -17.277807965999898], [32.553921394000156, -17.277731959999926], [32.55400139200003, -17.277731959999926], [32.55407739000009, -17.27757894799987], [32.55415738700003, -17.27757894799987], [32.554318383000066, -17.277500941999904], [32.55455437600011, -17.277423935999934], [32.554714372000035, -17.277347929999962], [32.55479436899998, -17.277271923999876], [32.55495136500019, -17.277193916999977], [32.55519135800006, -17.27704090499992], [32.555668345000186, -17.276886892999983], [32.55614133100005, -17.27665587499996], [32.55654132, -17.276579868999875], [32.556618318000176, -17.276502862999905], [32.556778313, -17.27650086199992], [32.55685831100004, -17.27650086199992], [32.55860926200006, -17.277412933999926], [32.5588492550001, -17.277412933999926], [32.558929252999974, -17.277488939999955], [32.55916624600013, -17.277717957999982], [32.55924624400018, -17.277794963999895], [32.5594062400001, -17.27802098099994], [32.55956723500003, -17.278173993999815], [32.55964723300008, -17.278327005999927], [32.55966623300003, -17.278346006999925], [32.559727231000124, -17.27840301099991], [32.56013522, -17.281687269999964], [32.56013522, -17.281916287999934], [32.56013522, -17.28214530599996], [32.56005922200012, -17.282374323999875], [32.56005922200012, -17.282603341999902], [32.55997922500018, -17.282756353999957], [32.55997922500018, -17.28291036599984], [32.559639235000134, -17.284100459999877], [32.550659494000115, -17.315633942999966], [32.55020550800003, -17.317226067999968], [32.54739058700005, -17.317068055999982], [32.54729858900009, -17.317070056999967], [32.54720759200012, -17.317070056999967], [32.546753605000106, -17.31707205699996], [32.54528864600013, -17.31708105799987], [32.543823687000156, -17.317003051999905], [32.53942981100005, -17.316326], [32.53933781300009, -17.316328], [32.53933781300009, -17.31623999299984], [32.53869683100015, -17.316243992999887], [32.53686588300019, -17.31607798099992], [32.531564032000176, -17.31637600499988], [32.53128904000016, -17.31637600499988], [32.53092305000007, -17.316467012999965], [32.530557060000035, -17.31646901299996], [32.53010307300019, -17.316559019999943], [32.5297370830001, -17.316561019999938], [32.529462091000084, -17.316562020999925], [32.528913107000164, -17.31656602099997], [32.52461022800003, -17.316151988999934], [32.52461022800003, -17.316064981999943], [32.52451823000007, -17.316066982999928], [32.52451823000007, -17.315978975999826], [32.52277927900013, -17.315987976999963], [32.52076833600012, -17.315911970999878], [32.51893738700005, -17.315835965999895], [32.517472428000076, -17.31584496699992], [32.51519549300008, -17.316913050999915], [32.51510349500006, -17.316913050999915], [32.51501249800009, -17.317001057999903], [32.51492050000013, -17.317003057999898], [32.51455451100014, -17.31718007199993], [32.51400952600005, -17.317360086999884], [32.51345954200002, -17.317539100999966], [32.512181578000025, -17.317634108999982], [32.511815588000104, -17.317724115999965], [32.51172459000003, -17.317812122999953], [32.50944665500009, -17.319320241999947], [32.50944665500009, -17.319408248999878], [32.509355657000015, -17.319408248999878], [32.50899266800013, -17.319586262999962], [32.50734871400016, -17.319773277999957], [32.506066750000116, -17.319956292999905], [32.505521766000186, -17.32013530699993], [32.505429768, -17.32013530699993], [32.50123788700017, -17.32262050299994], [32.50078389900011, -17.322681507999903], [32.48543433300017, -17.32896900599991], [32.485319336000146, -17.32896900599991], [32.48300840100018, -17.327106859999958], [32.48266441000004, -17.32688784299995], [32.482432417000155, -17.326668825999946], [32.482432417000155, -17.32655781699998], [32.48231742000013, -17.32644880899994], [32.47872752000012, -17.32216447199994], [32.47861352300015, -17.322166472999925], [32.47373465800018, -17.313584798999955], [32.47338766800004, -17.313145763999955], [32.473383668000054, -17.31303575599992], [32.46898578999998, -17.30743131599985], [32.46713584200006, -17.305897194999943], [32.46529689400012, -17.305356152999934], [32.46471691000011, -17.304808109999954], [32.46460291300019, -17.304808109999954], [32.459880045000034, -17.302957965999894], [32.45827009100003, -17.302526931999864], [32.45815609400012, -17.302416923999886], [32.45804109700009, -17.302417923999883], [32.45526817400008, -17.299673707999943], [32.45457419400003, -17.299125665999895], [32.45457419400003, -17.299015656999927], [32.454459197, -17.299017656999922], [32.44811637400005, -17.295189356999913], [32.445350452000184, -17.29344021999998], [32.44523545500016, -17.29344021999998], [32.44337450699999, -17.29013996099991], [32.443141513000114, -17.28958891799988], [32.442912519000174, -17.28925889199985], [32.442908519000184, -17.28914988299988], [32.44183754800014, -17.28264337099995], [32.44183754800014, -17.282532362999916], [32.442264535, -17.277563971999882], [32.44242053000005, -17.277300950999972], [32.44249352800006, -17.277341953999894], [32.44929433300007, -17.262734802999944], [32.44929433300007, -17.26262379399998], [32.44929033300008, -17.26261279299996], [32.45390620200004, -17.256669323999972], [32.46219596700013, -17.247018561999937], [32.46692583099997, -17.237521812999944], [32.467173824000156, -17.23702577399996]]]]}}, {"type": "Feature", "properties": {"GID_3": "ZWE.5.8.8_2", "GID_0": "ZWE", "COUNTRY": "Zimbabwe", "GID_1": "ZWE.5_1", "NAME_1": "Mashonaland East", "NL_NAME_1": "NA", "GID_2": "ZWE.5.8_2", "NAME_2": "Mutoko", "NL_NAME_2": "NA", "NAME_3": "Ward 16", "VARNAME_3": "NA", "NL_NAME_3": "NA", "TYPE_3": "Ward", "ENGTYPE_3": "Ward", "CC_3": "NA", "HASC_3": "NA", "id": "ZWE.5.8.8_2", "name": "Ward 16"}, "geometry": {"type": "MultiPolygon", "coordinates": [[[[32.28049912000006, -17.40600110999992], [32.28056657000013, -17.405878481999935], [32.280564118000086, -17.405767090999916], [32.28617095900012, -17.401215731999855], [32.28639995200018, -17.401213731999974], [32.28639995200018, -17.401102722999894], [32.28651494900015, -17.401102722999894], [32.286735942000064, -17.399336584999958], [32.28898287599998, -17.389392802999964], [32.28909687300012, -17.38939080299997], [32.28921187000009, -17.389279793999947], [32.28944086300015, -17.389058775999956], [32.28978385400018, -17.388724749999938], [32.29367474300017, -17.386277556999858], [32.29379274000007, -17.386277556999858], [32.2939077370001, -17.386277556999858], [32.29402173400018, -17.38616754799989], [32.29470871400002, -17.386052538999877], [32.29654666300013, -17.385934528999883], [32.30861232300009, -17.385322477999978], [32.308727320000116, -17.385322477999978], [32.308841316000155, -17.38521146899984], [32.308956313000124, -17.38520946899996], [32.30964229400013, -17.385097459999827], [32.3190720290001, -17.385932522999894], [32.31918702500019, -17.385932522999894], [32.319415019000076, -17.3859305229999], [32.321024974000125, -17.386033530999896], [32.323096915000065, -17.386132537999913], [32.33009671800005, -17.384332394999944], [32.330210715000135, -17.38433039499995], [32.330210715000135, -17.384219385999927], [32.33089769500015, -17.38377535099994], [32.33112668900009, -17.383664341999975], [32.331469679000065, -17.383330315999956], [32.331698673000176, -17.38322030699993], [32.33192766600018, -17.382997288999945], [32.3320416630001, -17.382997288999945], [32.33227065600016, -17.38277527199989], [32.33238465300008, -17.38277527199989], [32.33238465300008, -17.38266526299992], [32.3324996500001, -17.382552253999904], [32.33272864300011, -17.382552253999904], [32.332842640000024, -17.38244224599987], [32.332842640000024, -17.382331236999903], [32.33307163400019, -17.382110218999912], [32.33307163400019, -17.38199921099988], [32.33307163400019, -17.38177819299989], [32.33306763400003, -17.381557175999887], [32.33306363400004, -17.381005132999974], [32.33294963700013, -17.380786114999978], [32.33283164000005, -17.380454088999954], [32.332716643000026, -17.380235071999948], [32.32993272000016, -17.375391691999937], [32.32993272000016, -17.3752826839999], [32.32981772300013, -17.3752826839999], [32.32969972700016, -17.374731639999936], [32.32969572700017, -17.374399613999913], [32.329581730000086, -17.374180596999906], [32.329581730000086, -17.37395957999985], [32.329577730000096, -17.37373756199986], [32.32956973000012, -17.372303449999947], [32.32956972900007, -17.371973423999975], [32.32968472600004, -17.371752405999928], [32.329680726000106, -17.371531388999927], [32.32979472300019, -17.371309371999928], [32.32979072300003, -17.37075832799991], [32.32979072300003, -17.370426301999885], [32.32978772300015, -17.370096275999913], [32.32978772300015, -17.36976424999989], [32.32978372300016, -17.369324214999892], [32.32978372300016, -17.36888118099995], [32.32954672900013, -17.368000110999958], [32.32954272900014, -17.367449067999928], [32.329424732000064, -17.366898024999898], [32.329413732000035, -17.364688850999983], [32.329409732000045, -17.364137807999953], [32.32952372900013, -17.363915789999965], [32.32952372900013, -17.36358476399994], [32.32974872200003, -17.362700694999887], [32.32997471500016, -17.362147650999873], [32.33031770600002, -17.36170561699987], [32.33054269900009, -17.36115257299997], [32.336336533, -17.348761596999964], [32.34044141600015, -17.34311115199995], [32.340472415000136, -17.34254610799985], [32.340670409000154, -17.342556108999872], [32.34078440600007, -17.34255610799994], [32.34969615299997, -17.333459390999963], [32.34981015000011, -17.333459390999963], [32.34981015000011, -17.333348381999883], [32.349924147000024, -17.333348381999883], [32.35015314000003, -17.333236372999977], [32.357133943000065, -17.328675012999952], [32.35724893900016, -17.328675012999952], [32.35748093299998, -17.328673012999957], [32.35759592900007, -17.328563003999932], [32.35782492300001, -17.32844999499997], [32.35805391700018, -17.32822897799997], [32.3583969070001, -17.328005959999928], [32.35862590000016, -17.32778394199994], [32.35873589700009, -17.32767393399996], [32.35885089400011, -17.32745291599997], [32.35896489100003, -17.32745291599997], [32.362962777000064, -17.322916558999907], [32.36307677400015, -17.322916558999907], [32.363191771000174, -17.32280554999994], [32.363881751000065, -17.322801548999962], [32.369619589000024, -17.32155644999989], [32.369848583000135, -17.321445440999867], [32.37019157300006, -17.321333431999903], [32.370420567, -17.321111414999848], [32.37053456400014, -17.32100140599988], [32.37087855400017, -17.320888396999976], [32.371106547000124, -17.32066537999998], [32.37145053800003, -17.320555370999955], [32.384046181000144, -17.313203789999875], [32.384042181000154, -17.313092780999852], [32.38438517200018, -17.31286976299998], [32.39329691900008, -17.304324088999977], [32.39341091600005, -17.30421107999996], [32.39341091600005, -17.304103070999872], [32.39352491200003, -17.304101070999877], [32.39363990900006, -17.30399006199997], [32.39375390599997, -17.303769044999967], [32.39386890300017, -17.303658035999945], [32.394097896, -17.303437018999944], [32.39421189300015, -17.303324009999926], [32.394440886000154, -17.303102991999936], [32.39455488300007, -17.302992983999957], [32.394783877, -17.30287997499994], [32.394779877000076, -17.302768965999974], [32.39489887300016, -17.302768965999974], [32.39489487300017, -17.30265895699995], [32.3951278670001, -17.30265895699995], [32.395241864000184, -17.30254594799993], [32.39535586, -17.30254594799993], [32.39535586, -17.302435939999953], [32.39547085700019, -17.302435939999953], [32.40091370300007, -17.29843962399997], [32.40100170100004, -17.298324614999956], [32.401066699000125, -17.298324614999956], [32.40114669700017, -17.299085674999958], [32.40118869600019, -17.299278689999937], [32.40121569500019, -17.299404699999968], [32.40128069300005, -17.299402699999916], [32.40176068000005, -17.300665798999887], [32.40176468000004, -17.300792808999915], [32.40176868000003, -17.300981823999905], [32.401703682000175, -17.301174838999884], [32.401703682000175, -17.301237843999957], [32.40170768200011, -17.30136385399993], [32.40170768200011, -17.301491863999843], [32.401711681, -17.301616873999876], [32.4017116820001, -17.301807888999974], [32.401715681000155, -17.301935898999886], [32.401718681000034, -17.302314928999976], [32.401722681000024, -17.30263395399993], [32.401726681000184, -17.30275996399996], [32.40179567900003, -17.30288597399982], [32.40179567900003, -17.303076988999976], [32.40179867900008, -17.303267003999906], [32.40186767800003, -17.303393012999948], [32.40187167700009, -17.30364703299989], [32.40194067600004, -17.303836047999823], [32.40200867400017, -17.30402406299993], [32.40207767200019, -17.30415007299996], [32.402142670000046, -17.30427608299982], [32.402146670000036, -17.304341087999944], [32.40221066800018, -17.30433908799995], [32.40221066800018, -17.30440209299985], [32.40227966600003, -17.30446509799998], [32.402546659000166, -17.304715116999887], [32.40261165700002, -17.30477812199996], [32.4026806550001, -17.304841126999918], [32.402748653000174, -17.304904131999933], [32.40281365100009, -17.305030141999964], [32.402882649000105, -17.30515615199988], [32.40301564599997, -17.30521715699996], [32.40308464399999, -17.305280161999917], [32.40314964200007, -17.305342166999935], [32.4032146400001, -17.305341165999835], [32.403282638000064, -17.305341165999835], [32.403282638000064, -17.305403170999966], [32.40334763600009, -17.30546617599998], [32.40341663400011, -17.30546517599987], [32.40354963100003, -17.305590185999904], [32.40361462900006, -17.30565119099998], [32.40361862900005, -17.305716195999935], [32.40368362700008, -17.305714195999883], [32.40368362700008, -17.305777200999955], [32.40375262500015, -17.305777200999955], [32.40375262500015, -17.305903210999872], [32.40388562100014, -17.306092224999873], [32.403889621000076, -17.3062202349999], [32.403954620000036, -17.30628323999997], [32.40395861900009, -17.306409249999945], [32.40402661800016, -17.306535259999976], [32.40402661800016, -17.306597264999937], [32.40396161900003, -17.30659926499993], [32.40396161900003, -17.30666226999989], [32.403897621000056, -17.306790279999916], [32.40383262299997, -17.30685528499987], [32.4036986270001, -17.306920290999926], [32.40363362900007, -17.30698529599988], [32.403568630999985, -17.307050300999947], [32.403504632000136, -17.307050300999947], [32.40343963400005, -17.307114305999903], [32.40330963800017, -17.30717931099997], [32.40324064000015, -17.30724431599998], [32.40311164400009, -17.307309320999877], [32.40304664500013, -17.307374325999945], [32.402916649000076, -17.307439331999888], [32.402916649000076, -17.307566341999916], [32.402851651, -17.307566341999916], [32.402786653000135, -17.30769435199994], [32.40272265500016, -17.307759356999895], [32.40272265500016, -17.307822361999968], [32.40265765600003, -17.30788736699992], [32.40266165600019, -17.308013376999952], [32.40266165600019, -17.30826639699984], [32.40272965500003, -17.30845741199994], [32.40279865300005, -17.30858342199997], [32.402867651000065, -17.308644425999944], [32.40293164900004, -17.308707430999902], [32.403000647000056, -17.308770435999975], [32.40306564500014, -17.308833440999933], [32.40313464300016, -17.30883144099994], [32.40319864100013, -17.30883144099994], [32.40326764000008, -17.308894445999954], [32.40333263800011, -17.30889244599996], [32.40333263800011, -17.30902045599987], [32.4033366380001, -17.309083460999943], [32.403401636000126, -17.309209470999974], [32.403408636000165, -17.30965350599996], [32.403412636000155, -17.309779515999878], [32.40334763800013, -17.309970530999976], [32.40335163800006, -17.310351560999948], [32.40335563700012, -17.310414565999963], [32.40335563700012, -17.310542575999875], [32.40335963700011, -17.310668585999906], [32.40342463600007, -17.310794594999948], [32.403427636000174, -17.310921604999976], [32.40349663400019, -17.311110619999965], [32.40356563200004, -17.311364639999965], [32.403633630000115, -17.311553654999955], [32.40370262800019, -17.311679664999815], [32.40370662800012, -17.311932684999874], [32.403774626000086, -17.312121699999977], [32.4038436240001, -17.312438724999936], [32.40384762400009, -17.312629739999977], [32.40385162400008, -17.312754749999954], [32.40391662200011, -17.312817753999923], [32.40391962200016, -17.312945764999938], [32.40391962200016, -17.313008769999897], [32.40453760500009, -17.314776907999942], [32.404606603000104, -17.314774907999947], [32.404671602000064, -17.314774907999947], [32.40473660000009, -17.314837912999906], [32.40486959600008, -17.314898917999813], [32.405003592000185, -17.315024927999957], [32.40514058800011, -17.31521194299995], [32.40534258300005, -17.31546396199991], [32.40547657900015, -17.315652976999957], [32.40547657900015, -17.315778986999874], [32.40554557700017, -17.31584099199995], [32.40554557700017, -17.31596700199998], [32.40554857700005, -17.316032006999933], [32.40555657699997, -17.316540046999876], [32.405621575000055, -17.31666505699991], [32.405625575000045, -17.316856071999837], [32.40575857200008, -17.316980080999883], [32.4058275700001, -17.317106090999914], [32.40589556800006, -17.317232100999945], [32.40589556800006, -17.31736011099997], [32.40596456600008, -17.31742311599993], [32.406029564000164, -17.317421115999934], [32.40609856200018, -17.317547125999965], [32.40623155800017, -17.31767313599994], [32.40636555500015, -17.317797145999975], [32.40636555500015, -17.317924155999833], [32.406433553000056, -17.31792215499985], [32.406433553000056, -17.317985159999978], [32.406437553000046, -17.318113169999947], [32.406437553000046, -17.31830418499993], [32.406441553000036, -17.318430194999962], [32.406441553000036, -17.318558204999874], [32.40651055100005, -17.318683214999908], [32.40651055100005, -17.31880922499988], [32.4065135510001, -17.318937234999964], [32.4065135510001, -17.31906324499994], [32.40651755100009, -17.319128249999892], [32.40658254900018, -17.319254259999923], [32.40658654900011, -17.319380269999954], [32.40658654900011, -17.319507279999982], [32.40665554700013, -17.31956828499989], [32.40678854300012, -17.31956728499989], [32.40685354100003, -17.319629289999966], [32.40698653800007, -17.319692294999925], [32.407051536000154, -17.3197532989999], [32.40718553200003, -17.31981630399997], [32.40725353000016, -17.319877308999878], [32.40731852800019, -17.319877308999878], [32.407387526000036, -17.31987630899988], [32.407452525, -17.31987630899988], [32.40765051900007, -17.31987230899989], [32.40778051500013, -17.319870307999906], [32.40791351200005, -17.31993331299998], [32.40851249500014, -17.320305341999926], [32.408581493000156, -17.32030334199993], [32.40864649100001, -17.320366346999947], [32.40871548900009, -17.320366346999947], [32.408779487, -17.32042735199991], [32.40891348400004, -17.32055336199994], [32.40904648000003, -17.320677371999977], [32.40911547800005, -17.320804380999846], [32.409180476000074, -17.320803380999962], [32.409184476000064, -17.320865385999923], [32.40924947400009, -17.32092839099988], [32.409317472000055, -17.32092839099988], [32.409382471000185, -17.321054400999913], [32.40938647000007, -17.321117405999814], [32.40945146900003, -17.321180410999943], [32.409584465000194, -17.321304420999923], [32.40965346300004, -17.32136742599988], [32.40965346300004, -17.321430430999953], [32.40971846100007, -17.321430430999953], [32.40978645900003, -17.321491434999928], [32.40978645900003, -17.32155643999988], [32.40985145800016, -17.321554439999886], [32.40985545700005, -17.32161744499996], [32.40992045600018, -17.32161744499996], [32.40992045600018, -17.32168044999986], [32.40992445600017, -17.321808459999943], [32.40985945700004, -17.32187346499984], [32.409725461000164, -17.321937469999966], [32.40966146300019, -17.32206548099998], [32.40959646500011, -17.322130485999878], [32.40953146700008, -17.32219349099995], [32.40946646900005, -17.322321500999976], [32.40947046800011, -17.32238650599993], [32.40947046800011, -17.32244951099989], [32.40947046800011, -17.322574520999922], [32.40953846700012, -17.322637525999824], [32.409603464999975, -17.322700530999953], [32.409806459000094, -17.322824539999942], [32.40987045700007, -17.322822539999947], [32.410004454000045, -17.322885544999906], [32.41006945200007, -17.32288354499991], [32.410202448000064, -17.322819539999955], [32.410332444000176, -17.322689528999945], [32.410462441, -17.32256151899992], [32.410462441, -17.322433508999893], [32.41052643900014, -17.322433508999893], [32.41052643900014, -17.322370503999934], [32.41059143700005, -17.32236850399994], [32.410588437000115, -17.322243493999906], [32.41065643500008, -17.322178488999953], [32.410721433000106, -17.322176488999958], [32.410721433000106, -17.32230449899987], [32.411530411000115, -17.323307577999913], [32.411530411000115, -17.32343558799994], [32.41160240900018, -17.3237516129999], [32.41167140700003, -17.32387762299993], [32.41167140700003, -17.32400363299996], [32.41180840300018, -17.324383661999946], [32.41187740100003, -17.324634681999953], [32.411946399000044, -17.324825696999937], [32.41201439800005, -17.32501471199987], [32.41208339600013, -17.3251407219999], [32.41208739600006, -17.325203726999973], [32.41222439200004, -17.32558275699995], [32.41235838800014, -17.325834775999965], [32.41242638600005, -17.326023790999955], [32.41249538400007, -17.326149800999815], [32.41249538400007, -17.326212805999944], [32.412564382000085, -17.326338815999975], [32.41263238100015, -17.326401820999877], [32.41263238100015, -17.32646482599995], [32.41269737900018, -17.32652683099991], [32.412766377000025, -17.326589835999982], [32.41283137500011, -17.326587834999884], [32.41289937300019, -17.326650839999957], [32.41303336900012, -17.32677684999993], [32.41323136400007, -17.326900859999967], [32.413365360000114, -17.327024869999832], [32.41343335800008, -17.327024869999832], [32.41343335800008, -17.32708787499996], [32.413498356000105, -17.32708787499996], [32.41356735400012, -17.327085873999977], [32.41369735100017, -17.32708387399998], [32.41376534900007, -17.327146878999883], [32.41383034700016, -17.32714487899989], [32.413895345000185, -17.32714487899989], [32.41396434300003, -17.32714387899989], [32.414028341000176, -17.32714387899989], [32.41455132700008, -17.326753847999953], [32.41461632500017, -17.326753847999953], [32.41462032500016, -17.326816852999855], [32.41501631400013, -17.327064872999927], [32.41542530200002, -17.327820931999952], [32.41549330000015, -17.327883936999967], [32.41549330000015, -17.328073951999954], [32.4155622990001, -17.32819996199987], [32.41556629800016, -17.328327971999897], [32.41563129700012, -17.328453981999928], [32.41569929500008, -17.32857999199996], [32.41617228200005, -17.329333050999935], [32.41617628199998, -17.32946106099996], [32.41617628199998, -17.32952406599992], [32.41617628199998, -17.329652075999945], [32.41624528, -17.329778085999976], [32.41631327800013, -17.329966099999922], [32.41631727800012, -17.330092109999953], [32.416458274000036, -17.330726159999926], [32.416458274000036, -17.330853169999955], [32.41652727200011, -17.33085116999996], [32.41652727200011, -17.330979179999872], [32.41652727200011, -17.331042184999944], [32.41652727200011, -17.331105189999846], [32.41653127200004, -17.331296204999944], [32.41653827200008, -17.331740239999874], [32.41654227200007, -17.33212026999996], [32.41661127000009, -17.332246279999936], [32.41664927000005, -17.334973493999883], [32.41665327000004, -17.33503849899995], [32.41671826800007, -17.335036498999955], [32.41738224900001, -17.335278517999825], [32.417515245, -17.335276517999944], [32.417515245, -17.33533952299996], [32.41778223800003, -17.33546353199995], [32.41798023200005, -17.335587541999814], [32.418648214000086, -17.336022575999834], [32.418648214000086, -17.336085580999963], [32.41878221000013, -17.33614658599987], [32.418846208000105, -17.33614658599987], [32.41891120600013, -17.336144585999875], [32.41898020399998, -17.336207590999948], [32.41904920200005, -17.336270595999906], [32.41911320100007, -17.336396604999948], [32.41918219900009, -17.33645960999985], [32.41925119700011, -17.33658561999988], [32.41925119700011, -17.33671162999991], [32.41931919500007, -17.33677463499987], [32.4193841930001, -17.3369006449999], [32.41938819300009, -17.33702765499993], [32.41938819300009, -17.33715366499996], [32.41939219300008, -17.33728167499993], [32.41932719500005, -17.337409684999955], [32.419331194999984, -17.337535694999872], [32.41926619700013, -17.33772670999997], [32.4192011990001, -17.337853719999885], [32.41913620000014, -17.33798172999991], [32.419071202000055, -17.338046734999978], [32.418942206000054, -17.338176744999885], [32.418877208000026, -17.338303754999913], [32.41888120800019, -17.338429764999944], [32.41889220799999, -17.3392558299999], [32.41895720600007, -17.339316834999977], [32.41909020200006, -17.33944284499995], [32.41915920000008, -17.33950584999991], [32.4192281980001, -17.339566854999816], [32.419358195000086, -17.33956485399989], [32.419358195000086, -17.339629859999945], [32.41949119100008, -17.33962785899996], [32.41955618900016, -17.339625858999966], [32.41962518700018, -17.339625858999966], [32.41962518700018, -17.33968886399998], [32.41968918500015, -17.33968886399998], [32.41975818300017, -17.339749868999945], [32.41982718100019, -17.339875878999976], [32.41982718100019, -17.33994088399993], [32.419895180000026, -17.34006689399996], [32.42003317600006, -17.340443922999896], [32.42025017000009, -17.341359994999948], [32.420487163000075, -17.34224106499994], [32.41968218600016, -17.342688099999975], [32.41968618600015, -17.34279810899983], [32.41957118900012, -17.34279810899983], [32.41945319300015, -17.34280010899988], [32.41922419900004, -17.34291111799996], [32.415817297000046, -17.349331622999955], [32.41570330000013, -17.349331622999955], [32.415592303000096, -17.349995674999832], [32.41358236200011, -17.359828448999906], [32.41358236200011, -17.35993945799993], [32.41346836600013, -17.360270483999898], [32.413357369000096, -17.36060250999992], [32.41222840100011, -17.364030779999894], [32.41222840100011, -17.36414078799993], [32.412113405000184, -17.364362805999917], [32.411888411000064, -17.36480484099991], [32.411659418, -17.365357883999934], [32.411320427000135, -17.36580091899998], [32.41109143400007, -17.36613494499983], [32.40788352500016, -17.367918085999918], [32.40765453100005, -17.367918085999918], [32.40754053400008, -17.36802909499994], [32.40731154100007, -17.368141103999903], [32.407196544000044, -17.368141103999903], [32.40685355400012, -17.368364120999956], [32.406391567000185, -17.368477129999974], [32.40610957500007, -17.36853413499989], [32.405819583000095, -17.36859113999992], [32.40536159600009, -17.36870414899994], [32.40077272500014, -17.370605298999976], [32.400543732000074, -17.370605298999976], [32.40042973500016, -17.370607298999857], [32.40008674500001, -17.370609299999842], [32.39997174800004, -17.370609299999842], [32.3997427540001, -17.370720307999875], [32.39962475800007, -17.37072230799987], [32.39939576400013, -17.370722308999973], [32.399166771000125, -17.370724308999854], [32.39870978400006, -17.370836317999874], [32.398247797000124, -17.37094932699989], [32.398018803000184, -17.370951326999887], [32.39778980900007, -17.371061335999855], [32.397675813000035, -17.371063335999906], [32.397560816, -17.371174344999872], [32.397446819000095, -17.371174344999872], [32.39733182200007, -17.37139536199993], [32.39721782600009, -17.37150837099989], [32.397103829000116, -17.37150837099989], [32.397103829000116, -17.37172938799995], [32.396874835, -17.371840396999914], [32.396874835, -17.37195040599994], [32.39675983900008, -17.372061413999973], [32.39664584200017, -17.372061413999973], [32.39664584200017, -17.37217142299994], [32.39641684800006, -17.372284431999958], [32.39618785500005, -17.372395440999924], [32.39595886100011, -17.37239644099992], [32.39584486500007, -17.372507449999944], [32.395500874000106, -17.37262045899996], [32.39527288100015, -17.372732467999924], [32.394810894000045, -17.372734467999976], [32.3943529070001, -17.372847476999937], [32.39251795800004, -17.373518529999956], [32.38923005300006, -17.38104212199994], [32.38798608900015, -17.38502243499994], [32.38799008900014, -17.385131443999967], [32.38799008900014, -17.38524245199983], [32.38776109500003, -17.385354460999963], [32.38741810500005, -17.385686486999873], [32.386960118000104, -17.38613052199986], [32.386274137999976, -17.386577557999885], [32.385816150000096, -17.38680057499994], [32.385701154000174, -17.386910583999907], [32.38558715700009, -17.386910583999907], [32.38558715700009, -17.38702159299993], [32.385473160000174, -17.38702159299993], [32.38535416400009, -17.387023592999924], [32.38524416700011, -17.38713460199989], [32.38512917000014, -17.387244609999925], [32.385011173, -17.387244609999925], [32.384900175999974, -17.387466627999913], [32.38455718600005, -17.387689644999966], [32.38421419600007, -17.387912662999952], [32.38363821200005, -17.388135680999937], [32.38306522800008, -17.388248689999955], [32.382608241000185, -17.38847170699995], [32.38123128000018, -17.38892174299997], [32.38123128000018, -17.389031751999937], [32.379457331000026, -17.39444917799989], [32.379457331000026, -17.39456018599992], [32.37923233800018, -17.39511122999994], [32.37799637400008, -17.400637663999873], [32.37800037400001, -17.400747672999955], [32.37788537700004, -17.40119070799983], [32.3778638120001, -17.401298448999967], [32.37766438400013, -17.402294793999943], [32.3775493870001, -17.402845837999905], [32.37665341300004, -17.40649312399995], [32.376653414000145, -17.406825150999907], [32.376539417, -17.407046167999965], [32.37654241700011, -17.407376193999937], [32.37631342300017, -17.40782122899998], [32.37620342700012, -17.408261262999872], [32.376088430000095, -17.408704297999975], [32.37597843300017, -17.409036323999885], [32.37202476900006, -17.413641304999885], [32.356582694, -17.418540013999916], [32.356583792000094, -17.418226252999887], [32.347094271000174, -17.421646807999934], [32.34709538599998, -17.421333046999905], [32.325831088000086, -17.42722375799997], [32.326036902000055, -17.42751072199991], [32.32299057200004, -17.426065454999957], [32.30337147900008, -17.416755948999935], [32.28049912000006, -17.40600110999992]]]]}}, {"type": "Feature", "properties": {"GID_3": "ZWE.5.8.9_2", "GID_0": "ZWE", "COUNTRY": "Zimbabwe", "GID_1": "ZWE.5_1", "NAME_1": "Mashonaland East", "NL_NAME_1": "NA", "GID_2": "ZWE.5.8_2", "NAME_2": "Mutoko", "NL_NAME_2": "NA", "NAME_3": "Ward 17", "VARNAME_3": "NA", "NL_NAME_3": "NA", "TYPE_3": "Ward", "ENGTYPE_3": "Ward", "CC_3": "NA", "HASC_3": "NA", "id": "ZWE.5.8.9_2", "name": "Ward 17"}, "geometry": {"type": "MultiPolygon", "coordinates": [[[[32.326036902000055, -17.42751072199991], [32.325831088000086, -17.42722375799997], [32.34709538599998, -17.421333046999905], [32.347094271000174, -17.421646807999934], [32.356583792000094, -17.418226252999887], [32.356582694, -17.418540013999916], [32.37202476900006, -17.413641304999885], [32.37597843300017, -17.409036323999885], [32.376088430000095, -17.408704297999975], [32.37620342700012, -17.408261262999872], [32.37631342300017, -17.40782122899998], [32.37654241700011, -17.407376193999937], [32.376539417, -17.407046167999965], [32.376653414000145, -17.406825150999907], [32.37665341300004, -17.40649312399995], [32.3775493870001, -17.402845837999905], [32.37766438400013, -17.402294793999943], [32.3778638120001, -17.401298448999967], [32.37788537700004, -17.40119070799983], [32.37800037400001, -17.400747672999955], [32.37799637400008, -17.400637663999873], [32.37923233800018, -17.39511122999994], [32.379457331000026, -17.39456018599992], [32.379457331000026, -17.39444917799989], [32.38123128000018, -17.389031751999937], [32.38123128000018, -17.38892174299997], [32.382608241000185, -17.38847170699995], [32.38306522800008, -17.388248689999955], [32.38363821200005, -17.388135680999937], [32.38421419600007, -17.387912662999952], [32.38455718600005, -17.387689644999966], [32.384900175999974, -17.387466627999913], [32.385011173, -17.387244609999925], [32.38512917000014, -17.387244609999925], [32.38524416700011, -17.38713460199989], [32.38535416400009, -17.387023592999924], [32.385473160000174, -17.38702159299993], [32.38558715700009, -17.38702159299993], [32.38558715700009, -17.386910583999907], [32.385701154000174, -17.386910583999907], [32.385816150000096, -17.38680057499994], [32.386274137999976, -17.386577557999885], [32.386960118000104, -17.38613052199986], [32.38741810500005, -17.385686486999873], [32.38776109500003, -17.385354460999963], [32.38799008900014, -17.38524245199983], [32.38799008900014, -17.385131443999967], [32.38798608900015, -17.38502243499994], [32.38923005300006, -17.38104212199994], [32.39251795800004, -17.373518529999956], [32.3943529070001, -17.372847476999937], [32.394810894000045, -17.372734467999976], [32.39527288100015, -17.372732467999924], [32.395500874000106, -17.37262045899996], [32.39584486500007, -17.372507449999944], [32.39595886100011, -17.37239644099992], [32.39618785500005, -17.372395440999924], [32.39641684800006, -17.372284431999958], [32.39664584200017, -17.37217142299994], [32.39664584200017, -17.372061413999973], [32.39675983900008, -17.372061413999973], [32.396874835, -17.37195040599994], [32.396874835, -17.371840396999914], [32.397103829000116, -17.37172938799995], [32.397103829000116, -17.37150837099989], [32.39721782600009, -17.37150837099989], [32.39733182200007, -17.37139536199993], [32.397446819000095, -17.371174344999872], [32.397560816, -17.371174344999872], [32.397675813000035, -17.371063335999906], [32.39778980900007, -17.371061335999855], [32.398018803000184, -17.370951326999887], [32.398247797000124, -17.37094932699989], [32.39870978400006, -17.370836317999874], [32.399166771000125, -17.370724308999854], [32.39939576400013, -17.370722308999973], [32.39962475800007, -17.37072230799987], [32.3997427540001, -17.370720307999875], [32.39997174800004, -17.370609299999842], [32.40008674500001, -17.370609299999842], [32.40042973500016, -17.370607298999857], [32.400543732000074, -17.370605298999976], [32.40077272500014, -17.370605298999976], [32.40536159600009, -17.36870414899994], [32.405819583000095, -17.36859113999992], [32.40610957500007, -17.36853413499989], [32.40615157400009, -17.368727149999813], [32.40810852000004, -17.37289047699994], [32.40826851500003, -17.372889476999944], [32.408432511000115, -17.373352512999872], [32.40891749700006, -17.37396856099997], [32.41249939800008, -17.38044306899991], [32.41265939300007, -17.380597080999962], [32.412827389000086, -17.38121512999993], [32.41315137999999, -17.381986189999964], [32.41363936600004, -17.382756250999932], [32.417378263000046, -17.388766721999843], [32.417542258000026, -17.389075746999936], [32.41770225400012, -17.389228757999945], [32.4178662490001, -17.389537782999867], [32.41819024000017, -17.389844806999974], [32.418354236000084, -17.390153830999964], [32.418514231000074, -17.390460854999958], [32.41884322200002, -17.391078903999926], [32.419167213000094, -17.39154093999997], [32.425816027999986, -17.399544566999964], [32.42597602300003, -17.399544566999964], [32.42598002300019, -17.399698578999903], [32.42598002300019, -17.399853590999953], [32.42630401400004, -17.400314626999887], [32.42662800500011, -17.40077666399992], [32.42859695200008, -17.406797135999966], [32.42876094700006, -17.406795135999914], [32.42876094700006, -17.40726017199995], [32.42908893800012, -17.408185244999913], [32.429420929000116, -17.409421341999973], [32.42974492000019, -17.410037389999957], [32.4299089160001, -17.410501426999872], [32.43007291100008, -17.41096246299992], [32.43023690600006, -17.411271486999908], [32.43023690700011, -17.41142649899996], [32.430396902000155, -17.411580510999897], [32.43040090200009, -17.411889535999876], [32.43056089800001, -17.41219655999987], [32.43056489800017, -17.412662595999905], [32.43072889300015, -17.4129696199999], [32.43089288900006, -17.413278644999878], [32.432025856999985, -17.414663752999843], [32.43234984800006, -17.41466175299996], [32.43251084300016, -17.41466175299996], [32.43283083400007, -17.414659752999967], [32.432994830000155, -17.41481176499991], [32.43331582100018, -17.41481176399992], [32.43379980700007, -17.41496277599998], [32.433959803000164, -17.41496277599998], [32.44555647600015, -17.414897767999946], [32.44587646700006, -17.41489576799995], [32.44587646700006, -17.4147417559999], [32.446037463000096, -17.414739755999904], [32.454570222000086, -17.41453773799998], [32.45473421800011, -17.414535737999927], [32.45489421300016, -17.414535737999927], [32.45505420900008, -17.414533737999932], [32.45585918600011, -17.41468374899989], [32.45650816800003, -17.41498977299989], [32.45699215400009, -17.415141784999946], [32.45909009500019, -17.416057855999895], [32.459251091000056, -17.4160558559999], [32.460056068000085, -17.416051855999854], [32.46472093700015, -17.41509777999994], [32.46488093199997, -17.415095778999955], [32.46536591900008, -17.415094778999958], [32.46568591000016, -17.415092778999963], [32.46584990500014, -17.415244790999964], [32.466009901000064, -17.415244790999964], [32.46616989600005, -17.41524279099997], [32.46616989600005, -17.415397802999905], [32.466334891000145, -17.415397802999905], [32.46649488700007, -17.415549814999963], [32.46649488700007, -17.4157048269999], [32.46665888200005, -17.4157048269999], [32.46665888200005, -17.415858838999952], [32.46681887800014, -17.41601385099989], [32.46682287800007, -17.41616786299994], [32.467146869000146, -17.416629898999872], [32.467146869000146, -17.417092935999904], [32.467150869000136, -17.417401959999893], [32.467150869000136, -17.417556971999943], [32.46511392800011, -17.426382665999938], [32.46495393300006, -17.426384665999933], [32.46370597000015, -17.43350322499998], [32.46370997000008, -17.433658236999975], [32.464033961000155, -17.43412127399995], [32.46435895200017, -17.434428297999943], [32.46468294300007, -17.435045345999924], [32.46484693800005, -17.435663394999892], [32.46501093400008, -17.436126430999934], [32.46533892500014, -17.43658846699998], [32.46550292000012, -17.437206515999947], [32.466150902000095, -17.438129587999924], [32.46631889800011, -17.438747635999903], [32.466643889000125, -17.43920867199995], [32.46696788000003, -17.439670708999927], [32.46713187500018, -17.440133744999855], [32.46729587100003, -17.440440768999963], [32.46729587100003, -17.44059778099995], [32.46729587100003, -17.440751792999833], [32.46729587100003, -17.440906805999873], [32.46745986600001, -17.44105881699994], [32.46746386600017, -17.44152285399997], [32.467627862000086, -17.44214090199995], [32.467627862000086, -17.442449926999927], [32.467791857000066, -17.44291296299997], [32.467795857000056, -17.443376998999952], [32.466257903000155, -17.45529293499993], [32.466261903000145, -17.455447946999982], [32.466261903000145, -17.45560195899992], [32.4661019080001, -17.45560195899992], [32.4661019080001, -17.456066995999947], [32.46594491200011, -17.456376019999936], [32.46594491299999, -17.456840056999965], [32.46594891300015, -17.45746010499994], [32.46595291300014, -17.45792314199997], [32.46595691300013, -17.458387177999896], [32.46596091300012, -17.459159238999916], [32.46596391300017, -17.459779286999947], [32.46597191300009, -17.461015383999836], [32.46597591300008, -17.461633432999975], [32.46598391300006, -17.46271651799998], [32.46598391300006, -17.46302554199997], [32.46598691300011, -17.463643589999947], [32.4659909130001, -17.463952614999926], [32.46599491300009, -17.464416650999965], [32.46599891300002, -17.46549973599997], [32.46600291300018, -17.466117784999938], [32.46600591300006, -17.466581820999977], [32.46601791300003, -17.468128941999908], [32.46602191300019, -17.46905601499998], [32.466025913000124, -17.46952105199989], [32.46652090000015, -17.471373196999934], [32.466845891000105, -17.471989244999918], [32.467009886000085, -17.472453280999957], [32.46733787700015, -17.47306932999993], [32.46798985900011, -17.474303425999892], [32.46815385499997, -17.47476446299993], [32.468317850000176, -17.475382510999907], [32.46864184100002, -17.475998558999834], [32.468809837000094, -17.476616607999972], [32.468813837000084, -17.477389667999887], [32.468977832000064, -17.478161728999908], [32.47064478800013, -17.48681240699989], [32.47064478800013, -17.48696741899994], [32.47064478800013, -17.487121430999878], [32.47065278800005, -17.487894491999896], [32.47065678800004, -17.488513540999975], [32.47082078300019, -17.48912958899996], [32.47082378300013, -17.48959562499988], [32.47082778300006, -17.49021367399996], [32.47083578300004, -17.491758794999896], [32.47083978300003, -17.49206981999987], [32.46925282900014, -17.49608113499994], [32.46885584000006, -17.496609175999936], [32.462585016000105, -17.492280837999942], [32.448936399000104, -17.485813333999943], [32.39930479000009, -17.46227849899998], [32.381803280999975, -17.454029855999977], [32.36037688100015, -17.44386506299992], [32.36034988200015, -17.4438540619999], [32.344576324000116, -17.436368477999963], [32.3447063210001, -17.436366477999968], [32.34030844400013, -17.434280314999967], [32.33215267200018, -17.4304120139999], [32.326036902000055, -17.42751072199991]]]]}}, {"type": "Feature", "properties": {"GID_3": "ZWE.5.8.10_2", "GID_0": "ZWE", "COUNTRY": "Zimbabwe", "GID_1": "ZWE.5_1", "NAME_1": "Mashonaland East", "NL_NAME_1": "NA", "GID_2": "ZWE.5.8_2", "NAME_2": "Mutoko", "NL_NAME_2": "NA", "NAME_3": "Ward 18", "VARNAME_3": "NA", "NL_NAME_3": "NA", "TYPE_3": "Ward", "ENGTYPE_3": "Ward", "CC_3": "NA", "HASC_3": "NA", "id": "ZWE.5.8.10_2", "name": "Ward 18"}, "geometry": {"type": "MultiPolygon", "coordinates": [[[[32.55020550800003, -17.317226067999968], [32.54950752800016, -17.31967526099993], [32.54961852500003, -17.319729264999978], [32.54961852500003, -17.31979927099991], [32.5497635210001, -17.319942281999943], [32.5497635210001, -17.320013287999927], [32.549835519000055, -17.32015629899996], [32.54990851700006, -17.32037031599998], [32.55005351300014, -17.320583331999956], [32.55019850900004, -17.32072634399998], [32.550270507000164, -17.320940359999895], [32.55034350500017, -17.32101036599994], [32.55034350500017, -17.321152376999862], [32.55041550300007, -17.321224382999958], [32.550488501000075, -17.321224382999958], [32.550488501000075, -17.321295387999953], [32.55056049900014, -17.32136739399988], [32.5507054950001, -17.321510404999913], [32.55077749300017, -17.321651415999952], [32.55085449000006, -17.321653415999947], [32.55092248900007, -17.321794426999872], [32.55107148400009, -17.32179642799997], [32.55129247800005, -17.321939438999948], [32.551659468000025, -17.322157455999957], [32.554524387000015, -17.32267249599994], [32.55666032700003, -17.32305552499986], [32.5567323250001, -17.32305552499986], [32.556881321, -17.32305752499991], [32.55732030900009, -17.32320253699993], [32.55835028000013, -17.323425553999982], [32.558792268000104, -17.323572565999825], [32.559082259000036, -17.323715576999916], [32.55915825700009, -17.323788582999953], [32.55915525700004, -17.32385858799995], [32.559376251, -17.32400159899987], [32.56042122200006, -17.32446563499991], [32.562969150000015, -17.32559472399987], [32.56304214800019, -17.32559672399998], [32.5634121380001, -17.325741734999895], [32.56443810900015, -17.325962751999953], [32.56576207200004, -17.326259774999926], [32.56576207200004, -17.326330780999967], [32.5658380700001, -17.326330780999967], [32.565910068000164, -17.32640278699995], [32.58033366300015, -17.331853211999828], [32.58040566100004, -17.331853211999828], [32.58048265900004, -17.33185521199988], [32.580554657000164, -17.33185521199988], [32.580771651000134, -17.331998223999904], [32.58121463900005, -17.332145234999928], [32.58224461000009, -17.332295246999877], [32.592525321000096, -17.335864524999977], [32.59281831300018, -17.335938530999897], [32.59304030700008, -17.336011536999877], [32.59311230499998, -17.33608154199993], [32.5931843030001, -17.336083541999926], [32.593261300000165, -17.336083541999926], [32.59333329800006, -17.336085541999978], [32.59340629600007, -17.336085541999978], [32.61347873300008, -17.34077290699986], [32.61946756400005, -17.34261905099993], [32.61954756200009, -17.342617049999944], [32.62009254700018, -17.342789063999874], [32.650563692000105, -17.352299804999973], [32.65855946700009, -17.354794], [32.66202237000016, -17.35577507599993], [32.66210336800009, -17.35577507599993], [32.66240835900004, -17.35596409099992], [32.660283420000155, -17.35945236599997], [32.660283420000155, -17.359662381999954], [32.66017242300012, -17.35976538999995], [32.66006242599997, -17.359973406999927], [32.66006242599997, -17.360181422999972], [32.65995142900016, -17.36038943899996], [32.659840432000124, -17.360597455999937], [32.65961943900004, -17.36080347199993], [32.65940244500018, -17.361114495999914], [32.659181451, -17.3613195129999], [32.658509470000126, -17.363503683999966], [32.65850547000014, -17.363711700999943], [32.65850547100007, -17.363921716999926], [32.65850247100013, -17.364024724999922], [32.65850247100013, -17.36433774999989], [32.65849847099997, -17.36454776599993], [32.65849447100004, -17.3648607909999], [32.658383474000175, -17.365170814999885], [32.658379474000185, -17.365483839999968], [32.658269478000136, -17.365796864999936], [32.6581584810001, -17.366107888999977], [32.658048484000176, -17.366315905999954], [32.658044484000186, -17.366628929999933], [32.65793348700015, -17.366940954999905], [32.657712494000066, -17.367251978999946], [32.657384503, -17.367561003999867], [32.65584654600002, -17.369112125999948], [32.655846547000124, -17.369320141999935], [32.65573655000003, -17.36952815799998], [32.655625553000164, -17.36963116699991], [32.65551555600018, -17.369839182999897], [32.6552975620001, -17.3699401909999], [32.6552975620001, -17.37004519899989], [32.65518756500012, -17.370043198999895], [32.655076568000084, -17.370148206999886], [32.654858575000105, -17.370144206999896], [32.654752578000114, -17.370249214999887], [32.65453458400003, -17.37035022299989], [32.65398959900017, -17.370554238999887], [32.65355461100006, -17.370653246999836], [32.65333361800015, -17.370756254999833], [32.6532266210001, -17.370859263999932], [32.65322262100011, -17.37096427199998], [32.653115624000066, -17.37096227199993], [32.653005627000084, -17.371170287999973], [32.65289463000005, -17.37127329599997], [32.65289463000005, -17.37137830399996], [32.65278363300018, -17.371376303999966], [32.65267663600014, -17.371481312999947], [32.652566638999986, -17.371584320999943], [32.65234864600018, -17.371790336999936], [32.652127652, -17.37199635299993], [32.65191065800019, -17.372099360999925], [32.651799661000155, -17.372307377999903], [32.65168866400012, -17.3724103859999], [32.65157866700014, -17.372513393999895], [32.651467671000034, -17.372721409999883], [32.65135767400005, -17.37292742699998], [32.65124667700002, -17.37324045099996], [32.65102968300005, -17.37344646699995], [32.65091868600018, -17.37365348399993], [32.650807689000146, -17.373756491999927], [32.650803689000156, -17.373966507999967], [32.65080369000009, -17.374069515999963], [32.65069369300011, -17.37417252399996], [32.65058269600007, -17.374380540999937], [32.650365702000045, -17.37458655699993], [32.650147708000134, -17.374794572999917], [32.65003771100004, -17.375002589999895], [32.64981571800001, -17.375103597999896], [32.64970972100008, -17.375206605999892], [32.64948772700018, -17.37530961399989], [32.64927073300015, -17.37551562999988], [32.64883574500004, -17.37571964599988], [32.64839675800005, -17.375820653999824], [32.648072767000144, -17.376026670999977], [32.64785577300012, -17.37602266999994], [32.64774477600008, -17.37612767899998], [32.64730978799997, -17.376122677999945], [32.646222819, -17.376112677999913], [32.645898828000156, -17.376110677999918], [32.645898828000156, -17.376213685999915], [32.64578783100012, -17.376213685999915], [32.64567783400014, -17.37631669399991], [32.64545984000006, -17.376417701999912], [32.645242847000134, -17.37652070999991], [32.64491485600007, -17.37662171799991], [32.644807859000025, -17.37661971799986], [32.644589865000114, -17.376722725999855], [32.6443688710001, -17.376928741999848], [32.64382388700011, -17.37713275899995], [32.64327790200019, -17.377439782999943], [32.64262592000006, -17.377642798999943], [32.6422979300001, -17.377848814999936], [32.6422979300001, -17.377953822999928], [32.64229393000011, -17.378160839999907], [32.64229393000011, -17.3782658479999], [32.64218693300006, -17.378263847999904], [32.642075936000026, -17.37847186399989], [32.641854942, -17.378574871999888], [32.64174494600019, -17.37878288899998], [32.64152695200005, -17.37898890499997], [32.64119896100004, -17.379194920999964], [32.640977967000026, -17.379503944999954], [32.64075697400011, -17.379814969999927], [32.64053898000003, -17.38002298599997], [32.640427983000166, -17.380229002999954], [32.640424983000116, -17.380439018999937], [32.640424983000116, -17.380544026999928], [32.64031398600008, -17.3808550519999], [32.64030998600009, -17.381063067999946], [32.640202989000045, -17.381166075999943], [32.64019999000004, -17.381375092999917], [32.64008899300018, -17.381478100999914], [32.64008899300018, -17.3816861169999], [32.639867999000046, -17.38210214999998], [32.63975700200018, -17.382413173999964], [32.639646005000145, -17.38262119099994], [32.63952400900018, -17.38397529699995], [32.63963100600006, -17.38418531399992], [32.639738003000105, -17.384395329999904], [32.63984500000015, -17.384397329999956], [32.63984500000015, -17.384500337999953], [32.639951997000026, -17.38460634699993], [32.64005799400019, -17.38481436299992], [32.64016499100006, -17.384921370999905], [32.64037898500004, -17.385131387999877], [32.64048598200009, -17.385341403999917], [32.64059597900007, -17.385446411999908], [32.640702976000114, -17.38555142099989], [32.640916970000035, -17.385865444999865], [32.64113396400006, -17.385972453999898], [32.64124096100011, -17.38607746199989], [32.64134795799998, -17.386079461999884], [32.641454955000086, -17.386289477999867], [32.641671949000056, -17.3863964869999], [32.64177894600016, -17.38660350299989], [32.64177894600016, -17.38670851099988], [32.64177494600017, -17.386813519999976], [32.641881943000044, -17.386918527999967], [32.641881943000044, -17.38702353599996], [32.64187794400016, -17.38743956899998], [32.64187794400016, -17.38754457699997], [32.64187394400017, -17.38775259299996], [32.64176394700007, -17.387960609999936], [32.64175994700008, -17.388585658999943], [32.64175594700009, -17.388795674999926], [32.64175594700009, -17.389003691999903], [32.64186294400014, -17.389003691999903], [32.64196994100001, -17.389110699999947], [32.642075938000175, -17.38931971599993], [32.642182936000154, -17.38952773299991], [32.64228993300003, -17.389634740999895], [32.64239693000013, -17.389844757999867], [32.64260992400017, -17.3901597819999], [32.642716921000044, -17.39047280699998], [32.642716921000044, -17.390679822999857], [32.64282391800009, -17.39088983999983], [32.642926914999975, -17.391309872999955], [32.64292291500004, -17.391517888999942], [32.64292291500004, -17.391830913999968], [32.64281291800006, -17.392037929999958], [32.642701921000025, -17.392140937999955], [32.64259092500009, -17.392348953999942], [32.642369931000076, -17.392554970999925], [32.642152937000105, -17.392760986999917], [32.64193494299997, -17.392863994999914], [32.64171394900018, -17.392965002999915], [32.64160695200013, -17.392965002999915], [32.64149695600008, -17.39306801099991], [32.64149695600008, -17.393173018999903], [32.64138995900004, -17.393171018999908], [32.64116896500019, -17.3933770349999], [32.64095097100011, -17.393480043999887], [32.640622980000046, -17.39368605999988], [32.64040198700013, -17.393892075999872], [32.63996699900002, -17.394306108999956], [32.63974600500006, -17.394407116999957], [32.636675092000075, -17.397717376999935], [32.636671092000086, -17.39782038499993], [32.63656409600014, -17.397923392999928], [32.63645409900016, -17.397923393999918], [32.636126108000155, -17.398232417999907], [32.63569112000005, -17.398436433999848], [32.63525213300005, -17.39864244999984], [32.635035139000024, -17.398743457999956], [32.63481314500012, -17.39894947399995], [32.63470314799997, -17.399157490999983], [32.63448515400006, -17.39926049899998], [32.634050167000055, -17.399464514999977], [32.63383317300003, -17.399567522999973], [32.63361217900007, -17.399668530999918], [32.63361217900007, -17.399773538999966], [32.63350118200003, -17.399876547999895], [32.63295919700005, -17.399975554999912], [32.632524209999985, -17.399971554999922], [32.63197922500012, -17.400070562999872], [32.623705458000074, -17.402077721999945], [32.62359846100003, -17.40207572199995], [32.62348746500004, -17.40207572199995], [32.62251149200006, -17.402065721999918], [32.622183501000166, -17.40216672999992], [32.62174851400016, -17.40226873799992], [32.62142452300009, -17.402369745999863], [32.62087853800011, -17.40257176199998], [32.618036619000065, -17.404421907999904], [32.61792662200014, -17.404421907999904], [32.617815625000105, -17.4045249159999], [32.617815625000105, -17.404627923999897], [32.61770462800007, -17.404730931999893], [32.61748763400004, -17.40483393999989], [32.61737663700018, -17.40504195699998], [32.616938650000066, -17.405453988999966], [32.616720656000155, -17.405556996999962], [32.61661065900006, -17.40566000499996], [32.61661065900006, -17.40576501399994], [32.616499662000024, -17.405868021999936], [32.61639266500009, -17.405971029999932], [32.61617167100013, -17.406177045999925], [32.615953678000096, -17.40628005399992], [32.61562568700009, -17.406486069999914], [32.61529769600003, -17.406587077999916], [32.61267777000012, -17.40802119199992], [32.61267777000012, -17.40822920799991], [32.61256677300008, -17.408332215999906], [32.612562774000025, -17.408542232999935], [32.61245577700015, -17.40864524099993], [32.612451777, -17.408748248999927], [32.612345780000055, -17.40885325699992], [32.61223478300019, -17.40905927299991], [32.61201378900017, -17.40926728999989], [32.61168579800011, -17.409576313999878], [32.61112881400004, -17.410926419999953], [32.61112481500015, -17.41113443599994], [32.61112481500015, -17.41144746099991], [32.611120815, -17.41165747799988], [32.61111681500006, -17.41196950199992], [32.61100681800008, -17.412177517999908], [32.61100281800009, -17.412490542999876], [32.610891822000156, -17.41280156699986], [32.610659828000166, -17.41436368999996], [32.61076582500016, -17.41457370699993], [32.610762826000155, -17.41478172299992], [32.610762826000155, -17.415094747999888], [32.610758826000165, -17.41530376399993], [32.610758826000165, -17.415511779999918], [32.61064782900013, -17.415614787999914], [32.61064382899997, -17.415927812999882], [32.610533832000044, -17.41613582899987], [32.61042283600011, -17.41634384599996], [32.610311839000076, -17.416446853999958], [32.610311839000076, -17.416549861999954], [32.610201842000095, -17.416549861999954], [32.61009484500005, -17.41665286999995], [32.608240897000144, -17.41736392599995], [32.60802390300012, -17.417361925999955], [32.60769591300016, -17.417359925999904], [32.60726492500004, -17.417354925999916], [32.606718940000064, -17.41735092599987], [32.605200983000145, -17.41723091599988], [32.60476599500004, -17.41722691599989], [32.604442004000134, -17.417119907999847], [32.602695053000105, -17.41793697199995], [32.602695053000105, -17.418040980999933], [32.602584057000115, -17.418040980999933], [32.602584057000115, -17.41824899699992], [32.602363063000155, -17.418455012999914], [32.60214506900007, -17.41855802099991], [32.60203507200009, -17.418661028999907], [32.601928075000046, -17.418764037999892], [32.601706081000145, -17.418970053999885], [32.601035101000036, -17.421154224999952], [32.60102710100011, -17.42167526599991], [32.60102710100011, -17.421885282999938], [32.60091710400013, -17.42209129899993], [32.60080610800003, -17.422196306999922], [32.60069611100005, -17.42229931499992], [32.60037112000009, -17.42229531499987], [32.59989113400019, -17.426983682999833], [32.59988713500013, -17.42729670799997], [32.59988313500014, -17.427401715999963], [32.59988313500014, -17.42750472399996], [32.59988313500014, -17.42771474099993], [32.59999013200019, -17.427923756999974], [32.599986132000026, -17.42802676499997], [32.59998213200004, -17.42833978999994], [32.59998213200004, -17.42854980599992], [32.59998213200004, -17.428652813999918], [32.60081411000016, -17.432197092999957], [32.60081411000016, -17.432302100999948], [32.60070311300012, -17.432613124999932], [32.600482119000105, -17.4330281579999], [32.60015012900004, -17.43344218999988], [32.59849517600014, -17.436033393999878], [32.59827718200006, -17.43623940999987], [32.59816318500009, -17.436551434999842], [32.59794519100018, -17.436652442999957], [32.59761720100005, -17.437066475999927], [32.597289209999985, -17.43716948399998], [32.597289209999985, -17.437272491999977], [32.59728521000005, -17.437377499999968], [32.59717821300012, -17.437480507999965], [32.596179242000176, -17.439452662999884], [32.59607224500013, -17.43945066299989], [32.59606824500014, -17.43976368799997], [32.59606524500009, -17.44007671199995], [32.59584325100019, -17.44038773699998], [32.59551526100006, -17.440698760999965], [32.595077273000015, -17.44100578499996], [32.59474828200007, -17.441316809999933], [32.5935323170001, -17.443389972999967], [32.59342532000005, -17.44338797299997], [32.59342532000005, -17.443492980999963], [32.593204326000034, -17.443698996999956], [32.59287533600019, -17.44390501299995], [32.59244134800019, -17.444109028999947], [32.59189536300005, -17.444313045999877], [32.59156737300009, -17.44441405399988], [32.591239382000026, -17.444516061999877], [32.591239382000026, -17.444619069999874], [32.589591429000166, -17.446585223999932], [32.58948043200013, -17.446688232999918], [32.58925943800017, -17.44689424899991], [32.58904244400014, -17.447100264999904], [32.58871445400018, -17.4472032729999], [32.588279466000074, -17.44740728899984], [32.58795147500018, -17.447611304999953], [32.5877334810001, -17.44771431299995], [32.58762348500005, -17.447817321999935], [32.58761948500006, -17.44802533799998], [32.58740149100015, -17.448128345999976], [32.58718449700018, -17.448229353999977], [32.58696750300015, -17.448332361999974], [32.58652851600016, -17.448536377999915], [32.58467056800009, -17.44945745099983], [32.584453574000065, -17.449559458999943], [32.584453574000065, -17.449663466999823], [32.584235580000154, -17.44976647499982], [32.58401458700007, -17.449972490999983], [32.58379659300016, -17.44997149099993], [32.58368659600018, -17.450177507999967], [32.583468602000096, -17.450280515999964], [32.58325160800007, -17.45038352399996], [32.58281262100007, -17.4505875399999], [32.5825956270001, -17.450688547999903], [32.582377633000135, -17.450894563999896], [32.58204964200013, -17.45110057999989], [32.58193964500015, -17.451203588999874], [32.58182864800011, -17.45130659699987], [32.58161165500019, -17.45140960499998], [32.58138966100012, -17.451615620999974], [32.58117266700009, -17.45171862899997], [32.58095567300012, -17.451924644999963], [32.58062668200017, -17.452025652999964], [32.580298691999985, -17.452126660999966], [32.580081698000185, -17.452229668999962], [32.57632080500014, -17.458970198999907], [32.57632080500014, -17.459075207999888], [32.5762098080001, -17.459073206999904], [32.5762098080001, -17.459178215999884], [32.57609881200017, -17.45928122399988], [32.57588181800014, -17.459279223999886], [32.575664824000114, -17.459382231999882], [32.575225836000016, -17.45958624799988], [32.575225836000016, -17.459689255999876], [32.575007842000105, -17.45968825599988], [32.57490184500011, -17.45968825599988], [32.57479084900018, -17.459791263999875], [32.57457385499998, -17.45978926399988], [32.57435586100007, -17.459890271999825], [32.574138867000045, -17.459888271999944], [32.57402787, -17.45999127999994], [32.57186093100006, -17.45965725399998], [32.571753934000185, -17.459655253999927], [32.57164393700003, -17.45986326999997], [32.57131594600003, -17.460069286999897], [32.57087695900003, -17.460273302999894], [32.57044197100009, -17.460477318999892], [32.569671993000156, -17.461408391999953], [32.569671993000156, -17.46151339999983], [32.56956099600012, -17.46172141699998], [32.569447, -17.462032440999963], [32.569336003000046, -17.46244747399993], [32.56922500600018, -17.462760497999966], [32.569115009000086, -17.462968514999943], [32.568981013000155, -17.46526169499998], [32.5689770140001, -17.46557471899996], [32.56940500200017, -17.466203767999957], [32.56951099900016, -17.466518792999977], [32.56972499300008, -17.46704083399993], [32.56982799000019, -17.467355858999895], [32.57004198400011, -17.467773890999922], [32.57003798400012, -17.46808691599989], [32.56860402500007, -17.47036809499997], [32.568275035, -17.470574111999895], [32.568165038000075, -17.47067711999989], [32.567947044000164, -17.470675119999896], [32.56773005000014, -17.47088113599989], [32.567402059000074, -17.4708771359999], [32.56653208400013, -17.47107715099986], [32.565659108000034, -17.47127816699998], [32.56522412100003, -17.47127416699982], [32.56098923999997, -17.4711271569999], [32.5604482550001, -17.471121155999924], [32.560230261000186, -17.471119155999872], [32.55979527300008, -17.471115155999883], [32.55946728300012, -17.47111215599989], [32.55892629800019, -17.471106154999973], [32.55838031300004, -17.47120516299998], [32.55576338700007, -17.472119235999912], [32.55576338700007, -17.47222224399991], [32.55565339000009, -17.47222224399991], [32.55565339000009, -17.4723272519999], [32.55543539700011, -17.4724282599999], [32.554558421000024, -17.473046308999812], [32.55412343400019, -17.473353332999977], [32.55411943400003, -17.47345834099997], [32.54765761700014, -17.478712754999947], [32.547546620000105, -17.47871175499995], [32.547436623000124, -17.478814762999946], [32.547108633, -17.47902077899994], [32.54656264800002, -17.479224794999936], [32.54482369700014, -17.47951981899996], [32.54330174000006, -17.47971283399994], [32.540562818000126, -17.481876003999957], [32.54045182100009, -17.481874003999962], [32.54045182100009, -17.481979011999954], [32.54023482700006, -17.482080019999955], [32.54001283300016, -17.48218302899994], [32.5396848420001, -17.482389044999934], [32.53936085200013, -17.482490052999935], [32.53913985800017, -17.482591060999937], [32.53892186400003, -17.482589060999942], [32.53544696200015, -17.48255505899982], [32.53490197700006, -17.48265406699994], [32.53446698900012, -17.482648065999967], [32.53392500500007, -17.48264306599998], [32.533708011000044, -17.48264106599993], [32.53359701400018, -17.48274407399998], [32.533273023000106, -17.48274207399993], [32.53294503200004, -17.48284308199993], [32.53272703800013, -17.482841081999936], [32.53251004500004, -17.482942089999938], [32.53239904800017, -17.482942089999938], [32.531625070000075, -17.48460121999983], [32.53162107000014, -17.484811236999974], [32.531400076000125, -17.485225268999955], [32.53117908300004, -17.48553629299994], [32.530850092000094, -17.48574230999992], [32.53052210100003, -17.48594632599992], [32.530412104000106, -17.486049333999915], [32.526559214000144, -17.491018724999947], [32.52644821700011, -17.491016723999962], [32.526338220000184, -17.491119732999948], [32.526124226000036, -17.491117731999964], [32.52590323300018, -17.491323748999946], [32.52546824500007, -17.491422755999963], [32.52502925700014, -17.49162877299989], [32.524488273000145, -17.49172577999991], [32.524049285000046, -17.491826787999912], [32.52144335800017, -17.49180078699993], [32.52122636399997, -17.491798786999937], [32.52111536800004, -17.49179678699994], [32.520246392000104, -17.491788785999972], [32.51992140100009, -17.49178578599998], [32.51959741000002, -17.491781785999933], [32.51926942000006, -17.491779785999938], [32.518945428999984, -17.49177578599989], [32.518510441000046, -17.491769784999917], [32.51567952100015, -17.492263824999952], [32.51556952400017, -17.492261824999957], [32.515462527000125, -17.492364832999954], [32.5152455330001, -17.49236283199997], [32.514699548000124, -17.492462839999973], [32.514154564000194, -17.49256184799998], [32.51035467100007, -17.49221082199989], [32.51024767400003, -17.49220882199984], [32.51002668000007, -17.492311829999835], [32.50959169200013, -17.492305828999974], [32.50905070700003, -17.49240483699998], [32.50423984400015, -17.49506804699996], [32.50413284700011, -17.49506804699996], [32.503804856000045, -17.495064046999914], [32.50336986800011, -17.495060046999924], [32.499978964000036, -17.497216216999902], [32.497015048000094, -17.49857232399995], [32.497015048000094, -17.498658329999955], [32.496927050000124, -17.498662330999935], [32.496840053000085, -17.498751337999977], [32.49684305300019, -17.498837343999924], [32.49666805800018, -17.499014357999897], [32.49648906300018, -17.499106365999978], [32.496405064999976, -17.49928337999995], [32.49631306800012, -17.499285379999947], [32.496225070000094, -17.49937538699993], [32.49613807300011, -17.499463393999918], [32.49596207800005, -17.499556400999893], [32.49578708300004, -17.49973341499998], [32.49560808800004, -17.499825421999958], [32.49543209300015, -17.500004435999926], [32.49534409500012, -17.50000643599992], [32.49516910000017, -17.500184449999892], [32.495081103000075, -17.50027345699982], [32.494906108000066, -17.500453471999947], [32.49473011300017, -17.500544478999927], [32.494459120000045, -17.5006384859999], [32.494284125000036, -17.50072949299988], [32.49419612800011, -17.500819499999977], [32.49401713300011, -17.500910507999947], [32.49383713800006, -17.500916507999932], [32.49365814300012, -17.501008514999967], [32.493570146000025, -17.501009515999954], [32.49357414500008, -17.501097521999952], [32.49348314800011, -17.501099522999937], [32.49321615600019, -17.501194529999907], [32.49294516300006, -17.50128853799987], [32.49276616800012, -17.50129453799991], [32.49267817100019, -17.501296537999906], [32.49258617300006, -17.5012995379999], [32.492495176000034, -17.501301538999883], [32.492499176000024, -17.501387544999886], [32.49132720900013, -17.50142154799994], [32.49114421400003, -17.501427548999914], [32.49078622400003, -17.501437549999935], [32.49060622899998, -17.50144254999998], [32.490336237000065, -17.501450550999948], [32.49024423900005, -17.501454550999938], [32.49006524400011, -17.501458551999974], [32.489794252000024, -17.50146755199995], [32.48961525700008, -17.50155955999992], [32.48934426500006, -17.501566559999958], [32.489348265, -17.50165256699995], [32.48916827000011, -17.50174457399993], [32.4889932750001, -17.50183558099991], [32.488814280000156, -17.501927588999877], [32.488638285000036, -17.502020595999966], [32.488638285000036, -17.50210660299996], [32.488550287000066, -17.502108602999954], [32.488554287000056, -17.50219660999994], [32.48846629000013, -17.50228461699993], [32.48847828900017, -17.502717650999898], [32.4884822890001, -17.502890663999892], [32.48848528900004, -17.502976670999942], [32.48840229200016, -17.50315168499992], [32.48831429400019, -17.503241691999904], [32.48831829400012, -17.50341570499984], [32.48823829600008, -17.503676725999924], [32.488062301000184, -17.503855739999835], [32.48797430400009, -17.50394574699982], [32.487890306000054, -17.504206767999904], [32.48780330900007, -17.5042087679999], [32.48780630900012, -17.504296774999887], [32.48610135700011, -17.504605798999876], [32.48601035900003, -17.50460779899987], [32.48601435900002, -17.504694805999975], [32.48592236200017, -17.50469680599997], [32.485380377000126, -17.504712807999965], [32.48493039000016, -17.50472580899998], [32.48466339700013, -17.504820815999835], [32.48457240000016, -17.504822816999933], [32.48439240500011, -17.504828816999975], [32.482561457000145, -17.505919902999892], [32.48247445900006, -17.505923902999882], [32.48247445900006, -17.506009909999875], [32.48244746000006, -17.50609691699998], [32.48243546000009, -17.506098916999974], [32.482386462000136, -17.506098916999974], [32.48235546300015, -17.506098916999974], [32.48226446500007, -17.506014910999966], [32.482168468000054, -17.505845896999915], [32.47637463000012, -17.501767578999875], [32.472479739000164, -17.499024364999855], [32.47239974100012, -17.49905436699993], [32.46885584000006, -17.496609175999936], [32.46925282900014, -17.49608113499994], [32.47083978300003, -17.49206981999987], [32.47083578300004, -17.491758794999896], [32.47082778300006, -17.49021367399996], [32.47082378300013, -17.48959562499988], [32.47082078300019, -17.48912958899996], [32.47065678800004, -17.488513540999975], [32.47065278800005, -17.487894491999896], [32.47064478800013, -17.487121430999878], [32.47064478800013, -17.48696741899994], [32.47064478800013, -17.48681240699989], [32.468977832000064, -17.478161728999908], [32.468813837000084, -17.477389667999887], [32.468809837000094, -17.476616607999972], [32.46864184100002, -17.475998558999834], [32.468317850000176, -17.475382510999907], [32.46815385499997, -17.47476446299993], [32.46798985900011, -17.474303425999892], [32.46733787700015, -17.47306932999993], [32.467009886000085, -17.472453280999957], [32.466845891000105, -17.471989244999918], [32.46652090000015, -17.471373196999934], [32.466025913000124, -17.46952105199989], [32.46602191300019, -17.46905601499998], [32.46601791300003, -17.468128941999908], [32.46600591300006, -17.466581820999977], [32.46600291300018, -17.466117784999938], [32.46599891300002, -17.46549973599997], [32.46599491300009, -17.464416650999965], [32.4659909130001, -17.463952614999926], [32.46598691300011, -17.463643589999947], [32.46598391300006, -17.46302554199997], [32.46598391300006, -17.46271651799998], [32.46597591300008, -17.461633432999975], [32.46597191300009, -17.461015383999836], [32.46596391300017, -17.459779286999947], [32.46596091300012, -17.459159238999916], [32.46595691300013, -17.458387177999896], [32.46595291300014, -17.45792314199997], [32.46594891300015, -17.45746010499994], [32.46594491299999, -17.456840056999965], [32.46594491200011, -17.456376019999936], [32.4661019080001, -17.456066995999947], [32.4661019080001, -17.45560195899992], [32.466261903000145, -17.45560195899992], [32.466261903000145, -17.455447946999982], [32.466257903000155, -17.45529293499993], [32.467795857000056, -17.443376998999952], [32.467791857000066, -17.44291296299997], [32.467627862000086, -17.442449926999927], [32.467627862000086, -17.44214090199995], [32.46746386600017, -17.44152285399997], [32.46745986600001, -17.44105881699994], [32.46729587100003, -17.440906805999873], [32.46729587100003, -17.440751792999833], [32.46729587100003, -17.44059778099995], [32.46729587100003, -17.440440768999963], [32.46713187500018, -17.440133744999855], [32.46696788000003, -17.439670708999927], [32.466643889000125, -17.43920867199995], [32.46631889800011, -17.438747635999903], [32.466150902000095, -17.438129587999924], [32.46550292000012, -17.437206515999947], [32.46533892500014, -17.43658846699998], [32.46501093400008, -17.436126430999934], [32.46484693800005, -17.435663394999892], [32.46468294300007, -17.435045345999924], [32.46435895200017, -17.434428297999943], [32.464033961000155, -17.43412127399995], [32.46370997000008, -17.433658236999975], [32.46370597000015, -17.43350322499998], [32.46495393300006, -17.426384665999933], [32.46511392800011, -17.426382665999938], [32.467150869000136, -17.417556971999943], [32.467150869000136, -17.417401959999893], [32.467146869000146, -17.417092935999904], [32.467146869000146, -17.416629898999872], [32.46682287800007, -17.41616786299994], [32.46681887800014, -17.41601385099989], [32.46665888200005, -17.415858838999952], [32.46665888200005, -17.4157048269999], [32.46649488700007, -17.4157048269999], [32.46649488700007, -17.415549814999963], [32.466334891000145, -17.415397802999905], [32.46616989600005, -17.415397802999905], [32.46616989600005, -17.41524279099997], [32.466009901000064, -17.415244790999964], [32.46584990500014, -17.415244790999964], [32.46568591000016, -17.415092778999963], [32.46536591900008, -17.415094778999958], [32.46488093199997, -17.415095778999955], [32.46472093700015, -17.41509777999994], [32.460056068000085, -17.416051855999854], [32.459251091000056, -17.4160558559999], [32.45909009500019, -17.416057855999895], [32.45699215400009, -17.415141784999946], [32.45650816800003, -17.41498977299989], [32.45585918600011, -17.41468374899989], [32.45505420900008, -17.414533737999932], [32.45489421300016, -17.414535737999927], [32.45473421800011, -17.414535737999927], [32.454570222000086, -17.41453773799998], [32.446037463000096, -17.414739755999904], [32.44587646700006, -17.4147417559999], [32.44587646700006, -17.41489576799995], [32.44555647600015, -17.414897767999946], [32.433959803000164, -17.41496277599998], [32.43379980700007, -17.41496277599998], [32.43331582100018, -17.41481176399992], [32.432994830000155, -17.41481176499991], [32.43283083400007, -17.414659752999967], [32.43251084300016, -17.41466175299996], [32.43234984800006, -17.41466175299996], [32.432025856999985, -17.414663752999843], [32.43089288900006, -17.413278644999878], [32.43072889300015, -17.4129696199999], [32.43056489800017, -17.412662595999905], [32.43056089800001, -17.41219655999987], [32.43040090200009, -17.411889535999876], [32.430396902000155, -17.411580510999897], [32.43023690700011, -17.41142649899996], [32.43023690600006, -17.411271486999908], [32.43007291100008, -17.41096246299992], [32.4299089160001, -17.410501426999872], [32.42974492000019, -17.410037389999957], [32.429420929000116, -17.409421341999973], [32.42908893800012, -17.408185244999913], [32.42876094700006, -17.40726017199995], [32.42876094700006, -17.406795135999914], [32.42859695200008, -17.406797135999966], [32.42662800500011, -17.40077666399992], [32.42630401400004, -17.400314626999887], [32.42598002300019, -17.399853590999953], [32.42598002300019, -17.399698578999903], [32.42597602300003, -17.399544566999964], [32.425816027999986, -17.399544566999964], [32.419167213000094, -17.39154093999997], [32.41884322200002, -17.391078903999926], [32.418514231000074, -17.390460854999958], [32.418354236000084, -17.390153830999964], [32.41819024000017, -17.389844806999974], [32.4178662490001, -17.389537782999867], [32.41770225400012, -17.389228757999945], [32.417542258000026, -17.389075746999936], [32.417378263000046, -17.388766721999843], [32.41363936600004, -17.382756250999932], [32.41315137999999, -17.381986189999964], [32.412827389000086, -17.38121512999993], [32.41265939300007, -17.380597080999962], [32.41249939800008, -17.38044306899991], [32.40891749700006, -17.37396856099997], [32.408432511000115, -17.373352512999872], [32.40826851500003, -17.372889476999944], [32.40810852000004, -17.37289047699994], [32.40615157400009, -17.368727149999813], [32.40610957500007, -17.36853413499989], [32.406391567000185, -17.368477129999974], [32.40685355400012, -17.368364120999956], [32.407196544000044, -17.368141103999903], [32.40731154100007, -17.368141103999903], [32.40754053400008, -17.36802909499994], [32.40765453100005, -17.367918085999918], [32.40788352500016, -17.367918085999918], [32.41109143400007, -17.36613494499983], [32.411320427000135, -17.36580091899998], [32.411659418, -17.365357883999934], [32.411888411000064, -17.36480484099991], [32.412113405000184, -17.364362805999917], [32.41222840100011, -17.36414078799993], [32.41222840100011, -17.364030779999894], [32.413357369000096, -17.36060250999992], [32.41346836600013, -17.360270483999898], [32.41358236200011, -17.35993945799993], [32.41358236200011, -17.359828448999906], [32.415592303000096, -17.349995674999832], [32.41570330000013, -17.349331622999955], [32.415817297000046, -17.349331622999955], [32.41922419900004, -17.34291111799996], [32.41945319300015, -17.34280010899988], [32.41957118900012, -17.34279810899983], [32.41968618600015, -17.34279810899983], [32.41968218600016, -17.342688099999975], [32.420487163000075, -17.34224106499994], [32.42060116, -17.34224106499994], [32.42832594400005, -17.34672341499987], [32.42832594400005, -17.346834423999837], [32.44748640900008, -17.361184547999926], [32.44760440500005, -17.36129555599996], [32.44760440500005, -17.361405564999927], [32.447719402000075, -17.361403564999932], [32.45614216600012, -17.36698500199998], [32.456256163000035, -17.36698500199998], [32.45637116000006, -17.366983000999937], [32.456485157000145, -17.366983000999937], [32.469862782000064, -17.374302573999955], [32.46997777900009, -17.37430057299997], [32.479330517000164, -17.381311121999886], [32.47944551400019, -17.381311121999886], [32.48618532300014, -17.375309648999973], [32.48675730700006, -17.37486561399993], [32.48721529400018, -17.37442057899989], [32.48721529400018, -17.374311569999918], [32.4873302900001, -17.37431056999992], [32.49235414800012, -17.369425184999898], [32.49258614100006, -17.36931217599988], [32.49258214100007, -17.36920216799996], [32.492697138000096, -17.36920216799996], [32.49511207000006, -17.369297173999882], [32.49522606700015, -17.369297173999882], [32.495459060000144, -17.369295173999888], [32.49775099600009, -17.368399102999945], [32.4979799890001, -17.368177085999946], [32.49820498300005, -17.36784605999992], [32.498433976000115, -17.367622041999937], [32.498433976000115, -17.36751203299997], [32.49853697300017, -17.365523876999873], [32.498418976000096, -17.365415868999946], [32.498071986000184, -17.364976833999947], [32.497724996000045, -17.364425790999974], [32.497492002000115, -17.36409776499994], [32.49737800500003, -17.36409776499994], [32.49518006700009, -17.361793584999873], [32.49483307600008, -17.36135254999988], [32.494368089000034, -17.360913515999982], [32.49402109900012, -17.36047548099998], [32.493677108000156, -17.360255463999977], [32.49344511500004, -17.359925437999948], [32.493326118000084, -17.35970642099994], [32.49309712500002, -17.359487403999935], [32.492979128000115, -17.35937639499997], [32.49286513100003, -17.359157377999907], [32.49263213800003, -17.358937360999903], [32.49170116300019, -17.35717722299995], [32.49170116300019, -17.356736187999957], [32.49158316600011, -17.35629615299996], [32.49146517000008, -17.355744109999932], [32.49145717000016, -17.354529013999922], [32.49145317000017, -17.354088979999915], [32.491648163000036, -17.34878956299997], [32.4916441630001, -17.348127510999973], [32.49164016300011, -17.347464458999923], [32.49163616300012, -17.3464723809999], [32.491633163000074, -17.346140354999875], [32.4911441750001, -17.341616998999882], [32.49091218200016, -17.341067955999847], [32.49091218200016, -17.340957947999982], [32.48651730400019, -17.336909629999866], [32.48651730400019, -17.336799621999887], [32.486403307000046, -17.336799621999887], [32.486403307000046, -17.33668861299998], [32.48617031400005, -17.336469595999972], [32.486056317000134, -17.33624957899997], [32.48593732000012, -17.33591955299994], [32.48581932400015, -17.335589526999968], [32.485590330000036, -17.335370508999972], [32.48547233300013, -17.334929474999967], [32.485357336000106, -17.334819465999942], [32.48535433600006, -17.334597448999943], [32.485239340000135, -17.334378431999937], [32.48512134300006, -17.33393839699994], [32.485003346000155, -17.33360837099991], [32.484999346000166, -17.3330543269999], [32.484999346000166, -17.332944318999978], [32.48520533900006, -17.329301031999933], [32.485319336000146, -17.32896900599991], [32.48543433300017, -17.32896900599991], [32.50078389900011, -17.322681507999903], [32.50123788700017, -17.32262050299994], [32.505429768, -17.32013530699993], [32.505521766000186, -17.32013530699993], [32.506066750000116, -17.319956292999905], [32.50734871400016, -17.319773277999957], [32.50899266800013, -17.319586262999962], [32.509355657000015, -17.319408248999878], [32.50944665500009, -17.319408248999878], [32.50944665500009, -17.319320241999947], [32.51172459000003, -17.317812122999953], [32.511815588000104, -17.317724115999965], [32.512181578000025, -17.317634108999982], [32.51345954200002, -17.317539100999966], [32.51400952600005, -17.317360086999884], [32.51455451100014, -17.31718007199993], [32.51492050000013, -17.317003057999898], [32.51501249800009, -17.317001057999903], [32.51510349500006, -17.316913050999915], [32.51519549300008, -17.316913050999915], [32.517472428000076, -17.31584496699992], [32.51893738700005, -17.315835965999895], [32.52076833600012, -17.315911970999878], [32.52277927900013, -17.315987976999963], [32.52451823000007, -17.315978975999826], [32.52451823000007, -17.316066982999928], [32.52461022800003, -17.316064981999943], [32.52461022800003, -17.316151988999934], [32.528913107000164, -17.31656602099997], [32.529462091000084, -17.316562020999925], [32.5297370830001, -17.316561019999938], [32.53010307300019, -17.316559019999943], [32.530557060000035, -17.31646901299996], [32.53092305000007, -17.316467012999965], [32.53128904000016, -17.31637600499988], [32.531564032000176, -17.31637600499988], [32.53686588300019, -17.31607798099992], [32.53869683100015, -17.316243992999887], [32.53933781300009, -17.31623999299984], [32.53933781300009, -17.316328], [32.53942981100005, -17.316326], [32.543823687000156, -17.317003051999905], [32.54528864600013, -17.31708105799987], [32.546753605000106, -17.31707205699996], [32.54720759200012, -17.317070056999967], [32.54729858900009, -17.317070056999967], [32.54739058700005, -17.317068055999982], [32.55020550800003, -17.317226067999968]]]]}}, {"type": "Feature", "properties": {"GID_3": "ZWE.5.8.11_2", "GID_0": "ZWE", "COUNTRY": "Zimbabwe", "GID_1": "ZWE.5_1", "NAME_1": "Mashonaland East", "NL_NAME_1": "NA", "GID_2": "ZWE.5.8_2", "NAME_2": "Mutoko", "NL_NAME_2": "NA", "NAME_3": "Ward 19", "VARNAME_3": "NA", "NL_NAME_3": "NA", "TYPE_3": "Ward", "ENGTYPE_3": "Ward", "CC_3": "NA", "HASC_3": "NA", "id": "ZWE.5.8.11_2", "name": "Ward 19"}, "geometry": {"type": "MultiPolygon", "coordinates": [[[[32.57936253800017, -17.605913859999873], [32.579272756000194, -17.605700699999943], [32.57915475900012, -17.60551368499989], [32.579055762, -17.60539367599995], [32.57875377100015, -17.60539367599995], [32.578437779000126, -17.60539367599995], [32.578280784000185, -17.60539567599983], [32.57796479300009, -17.60539567599983], [32.57780779700005, -17.60539567599983], [32.57764780200006, -17.605245664999927], [32.577491806000126, -17.605245664999927], [32.577331811000136, -17.605245664999927], [32.57717481500009, -17.60509465299998], [32.5770148200001, -17.60509465299998], [32.57685882400017, -17.60509465299998], [32.576697828000135, -17.604941640999982], [32.57641183600009, -17.604806630999917], [32.57633583900014, -17.604768627999817], [32.57633583900014, -17.604731624999943], [32.57625584100009, -17.6046936219999], [32.576179843000034, -17.60458161299988], [32.57602284700016, -17.604470603999914], [32.57590885100012, -17.604358595999884], [32.575828853000075, -17.60428358999991], [32.57567185700009, -17.60413357799996], [32.57551986100009, -17.60402256899988], [32.575206870000045, -17.603797551999946], [32.575049875000104, -17.603648539999938], [32.57493187800003, -17.60357453399996], [32.574817881000115, -17.603536531999907], [32.57466088500007, -17.603499528999976], [32.57450489000007, -17.603461525999933], [32.57430989500017, -17.603461525999933], [32.57411590100014, -17.603461525999933], [32.574000904000115, -17.603461525999933], [32.57392090600007, -17.603499528999976], [32.57388290700004, -17.60357453499995], [32.57380691000003, -17.603648540999927], [32.57376491100001, -17.603722545999858], [32.57376491100001, -17.60379955199994], [32.573688913000126, -17.603909560999966], [32.57364991400004, -17.60409657599996], [32.57356991600017, -17.60428358999991], [32.57345592000013, -17.604470604999847], [32.57329892400014, -17.604583613999978], [32.573142929000085, -17.604731624999943], [32.57298693300015, -17.60484463399996], [32.5728339370001, -17.60488063699995], [32.57263994300001, -17.60488063699995], [32.57240294900015, -17.60488063699995], [32.57224995400003, -17.60488063699995], [32.572093958000096, -17.60488063699995], [32.57201396000005, -17.60488063699995], [32.57189896400013, -17.60488063699995], [32.57166297000009, -17.60480663199985], [32.57150997500014, -17.604731625999932], [32.57142997700009, -17.604695622999884], [32.57135397900004, -17.604619616999912], [32.57127398100016, -17.604545610999935], [32.57096499000011, -17.604247587999964], [32.57080799400006, -17.604134578999947], [32.57065199900006, -17.603986567999925], [32.57030100800006, -17.603761549999888], [32.57014901300016, -17.603650540999922], [32.57006801500006, -17.603576535999935], [32.56995401800009, -17.603463526999917], [32.569836021000015, -17.603314514999852], [32.56975902400012, -17.60320250599989], [32.569641027000046, -17.603089497999974], [32.56948503100011, -17.602940485999966], [32.56936603500003, -17.60275447099997], [32.56921403900009, -17.602567456999964], [32.56913404100004, -17.602456447999884], [32.569019044000186, -17.602305435999938], [32.56893904600014, -17.602118421999933], [32.56882505000016, -17.60197040999992], [32.56874505200011, -17.601783395999973], [32.56866805400011, -17.601634383999908], [32.568630055000085, -17.60144736899997], [32.56858805600007, -17.601260354999965], [32.56855005700004, -17.6011113429999], [32.56855005700004, -17.600737313999957], [32.56855005700004, -17.6005522989999], [32.56855005700004, -17.600140266999915], [32.56858805600007, -17.59999225499996], [32.56858805600007, -17.599843243999942], [32.56858805600007, -17.599582222999857], [32.56858805600007, -17.59928219999989], [32.56858805600007, -17.599095184999953], [32.56855005700004, -17.59890816999996], [32.56855005700004, -17.598723155999835], [32.56851205800018, -17.598536140999897], [32.568436060000124, -17.59834912699995], [32.568394061000106, -17.59812410899991], [32.56835606200008, -17.59793909499996], [32.56827906400008, -17.59771407699992], [32.568161067000176, -17.597527061999813], [32.56808506900012, -17.597340047999978], [32.567966073000036, -17.59723003899984], [32.56792807400018, -17.59723003899984], [32.56789007500015, -17.59723003899984], [32.56784807600013, -17.59730404499993], [32.567772078000075, -17.597379050999905], [32.56765408200005, -17.597527062999973], [32.56753908500008, -17.59771407699992], [32.56738308900009, -17.597901091999915], [32.56718809500012, -17.598088106999967], [32.56699410000016, -17.59820111499988], [32.56679910600019, -17.59834912699995], [32.56660511100006, -17.59846213599991], [32.56644811600012, -17.598573144999932], [32.566292120000185, -17.598723155999835], [32.56613912500006, -17.598946173999877], [32.565945130000046, -17.599469214999942], [32.56575013600008, -17.599656229999937], [32.56563213900017, -17.5998052409999], [32.5655141420001, -17.599955252999905], [32.565399146000175, -17.600066261999928], [32.56524315000007, -17.600179270999945], [32.56508615500013, -17.600327281999967], [32.56485416100014, -17.60051429699996], [32.56469716600003, -17.60062730599998], [32.5645411700001, -17.6007013119999], [32.56442617300007, -17.6007013119999], [32.564384174000054, -17.6007013119999], [32.564346175000026, -17.600665308999965], [32.564270178000015, -17.60062730599998], [32.56423217900016, -17.600552299999833], [32.564205179000055, -17.600507296999922], [32.564205179000055, -17.60041328899996], [32.564072183000064, -17.600285278999934], [32.56403718400014, -17.60021727399993], [32.563995185000124, -17.600068261999922], [32.56391918700001, -17.599881247999974], [32.563843189000124, -17.599730235999914], [32.56372519300015, -17.59958222399996], [32.563648195000155, -17.59939520999984], [32.56356819700011, -17.59917219199997], [32.56353019800008, -17.599059182999838], [32.56349219900005, -17.59894617499998], [32.56349219900005, -17.598836165999955], [32.563454200000024, -17.598761159999867], [32.56337420200015, -17.598611147999975], [32.563335203, -17.5984621369999], [32.563259206000055, -17.598239118999913], [32.56321720700004, -17.598088106999967], [32.56321720700004, -17.597939095999948], [32.56314120900015, -17.597642072999975], [32.56310321000012, -17.59745505799998], [32.563023212000076, -17.59730404599992], [32.56298521300005, -17.59715503399991], [32.56294621400008, -17.59704302599988], [32.56290821500005, -17.59689401399993], [32.562828217000174, -17.596782004999966], [32.56275221900012, -17.596596990999956], [32.56267622200011, -17.596445978999952], [32.562576224000054, -17.59632396899991], [32.562462228000186, -17.59632396899991], [32.56230223200009, -17.59647598099997], [32.56214523700015, -17.59647598099997], [32.561829245000126, -17.59662899299991], [32.561829245000126, -17.59678000499997], [32.561672250000186, -17.59678000499997], [32.56151225400009, -17.596932016999972], [32.56119926300005, -17.597236040999974], [32.56103926800006, -17.597388052999918], [32.560883272000126, -17.597388052999918], [32.56056628100009, -17.59769107699998], [32.560410286000035, -17.59799510099998], [32.560093295, -17.598147112999868], [32.559620308000035, -17.59845113699987], [32.559464313000035, -17.598603148999928], [32.55930331700006, -17.598906171999943], [32.55899132600007, -17.599210195999888], [32.55899132600007, -17.59936020799995], [32.55883033100014, -17.59936020799995], [32.55883033100014, -17.599513219999835], [32.55741937200003, -17.604972647999887], [32.556473399000026, -17.605882718999965], [32.55600041200006, -17.606034730999966], [32.555683421000026, -17.606034730999966], [32.55552742500009, -17.606034730999966], [32.555054439, -17.60603673199995], [32.5545774520001, -17.60588371999995], [32.55426046100007, -17.60573370799989], [32.55394447000009, -17.60573370799989], [32.553631479000046, -17.605735707999884], [32.55347148300012, -17.605582695999942], [32.552364514000146, -17.605584696999927], [32.55204852300017, -17.605737708999982], [32.55173153200013, -17.605737708999982], [32.5512585460001, -17.60604073299993], [32.55094255400007, -17.606192744999873], [32.55078555900013, -17.60634575699993], [32.5504685680001, -17.606496768999875], [32.550312572000166, -17.606799791999833], [32.550312572000166, -17.60710281599995], [32.55015657700011, -17.607406839999953], [32.55015657700011, -17.6077098639999], [32.55015657700011, -17.608012886999916], [32.55015657700011, -17.608315910999863], [32.550159577000045, -17.60861993499998], [32.550159577000045, -17.608922958999926], [32.550159577000045, -17.609074969999938], [32.550159577000045, -17.60922598199994], [32.55031657300003, -17.609529005999946], [32.55032057300019, -17.60983302999989], [32.55032057300019, -17.610136053999895], [32.550476569000125, -17.610590088999913], [32.55063656400017, -17.610893112999918], [32.55079756000015, -17.611196135999876], [32.55079756000015, -17.61165017199994], [32.55095355600008, -17.611954195999886], [32.55095355600008, -17.6122572189999], [32.55111355100007, -17.612558242999967], [32.55111355100007, -17.613014278999856], [32.551273547000164, -17.61331730199987], [32.551273547000164, -17.613621325999873], [32.551434542000095, -17.61377133799988], [32.55143454300003, -17.614225372999954], [32.55143454300003, -17.614378384999895], [32.55143454300003, -17.614681408999957], [32.55143454300003, -17.614832420999903], [32.55143454300003, -17.615135444999964], [32.55143454300003, -17.615288456999906], [32.551277547000154, -17.61543846799998], [32.551121552000154, -17.61574249199998], [32.551113552000174, -17.615751492999948], [32.55096155600006, -17.61604551599993], [32.55096155600006, -17.61619852799987], [32.55048857000014, -17.61665156399988], [32.550331574000154, -17.616955586999893], [32.550015583000175, -17.617260610999836], [32.55001858300011, -17.617563634999954], [32.54985858800006, -17.617866658999958], [32.54985858800006, -17.618320693999976], [32.54986258800005, -17.618624717999978], [32.54954559700019, -17.618776729999865], [32.54938960100009, -17.61908075399998], [32.54891261500006, -17.61908075399998], [32.54859562400003, -17.619232765999925], [32.5484396280001, -17.61938377799993], [32.54828363300004, -17.61938377799993], [32.54780664600014, -17.61938577799998], [32.547493655000096, -17.61938577799998], [32.54654368200005, -17.619387778999965], [32.546387686000116, -17.619387778999965], [32.54638368600018, -17.61923476699991], [32.54622769000002, -17.61923476699991], [32.54607069500008, -17.619083754999963], [32.545910699, -17.618933742999957], [32.54575470400016, -17.618933742999957], [32.545437713000126, -17.618629718999955], [32.54527771700003, -17.61847970799988], [32.545120721000046, -17.618175683999937], [32.54480473000007, -17.617872659999932], [32.54464373500019, -17.61757163699997], [32.54432774400004, -17.617268612999965], [32.54401075200013, -17.616814577999946], [32.54385075700009, -17.61666156599989], [32.543694761000154, -17.616358541999887], [32.54353376600005, -17.61636054199988], [32.54353376600005, -17.61620752999994], [32.54337777000012, -17.61620752999994], [32.54337777000012, -17.616056517999937], [32.543060779000086, -17.615906506999977], [32.542744788000164, -17.61575349499992], [32.54258479200007, -17.61575349499992], [32.54227180100003, -17.61560248299986], [32.542110806000096, -17.61545247099997], [32.54195481000016, -17.61545247199996], [32.53831591200003, -17.614698412999928], [32.53800292100016, -17.614698412999928], [32.53768593000012, -17.614700413999913], [32.53736993900014, -17.61454840199997], [32.53689295200002, -17.614550401999963], [32.53626397000005, -17.614550401999963], [32.53594697900019, -17.614853425999968], [32.53562998800015, -17.615005437999912], [32.53562998800015, -17.615158449999967], [32.53547399300015, -17.615158449999967], [32.53531799700005, -17.61530946199997], [32.53531799700005, -17.615461473999915], [32.533265055000186, -17.617433628999947], [32.53310906000013, -17.617433628999947], [32.53263207300017, -17.617435628999942], [32.53247607800017, -17.617435628999942], [32.532003091000036, -17.617435628999942], [32.53168610000017, -17.617435628999942], [32.531209113000045, -17.617437628999824], [32.531209113000045, -17.617588640999884], [32.531053118000045, -17.617588640999884], [32.53073612700018, -17.617588640999884], [32.528997176000075, -17.617289617999916], [32.528680184000166, -17.617136605999974], [32.52852418900011, -17.61698559399997], [32.528207198000075, -17.616682570999956], [32.52804720199998, -17.616531558999895], [32.527730211000176, -17.616381546999946], [32.527417220000075, -17.616228534999948], [32.52741322000014, -17.61607752399982], [32.52725722399998, -17.61607752399982], [32.52441130400007, -17.614717417999884], [32.52425130900008, -17.614717417999884], [32.52362232600018, -17.614717417999884], [32.523145340000156, -17.61471941799988], [32.52298834400011, -17.61471941799988], [32.52045941600011, -17.615177454999866], [32.520143425000185, -17.615177454999866], [32.51998642900014, -17.615177454999866], [32.51967043800005, -17.615026442999977], [32.519353447000185, -17.614876430999914], [32.51919745100008, -17.614876430999914], [32.51903645600015, -17.614876431999903], [32.51634753100018, -17.61336331399997], [32.516030540000145, -17.613060289999908], [32.51587454400004, -17.61290927799996], [32.515714549, -17.612759266999888], [32.51539755800019, -17.612455242999943], [32.51492457100005, -17.612152218999938], [32.51460858000007, -17.61184919599998], [32.514440584000056, -17.61154417199998], [32.51443258500018, -17.61153417099996], [32.514276589000076, -17.61142216199994], [32.51411959300003, -17.61127315099992], [32.513967598000136, -17.611160141999903], [32.51384860100018, -17.61105013299988], [32.5137306040001, -17.610937123999918], [32.513654606000046, -17.61086311899993], [32.51361660700019, -17.610788112999956], [32.513497611000105, -17.61071410699998], [32.51334161500017, -17.610638100999893], [32.51322761800003, -17.610563094999975], [32.51303262400006, -17.610451085999955], [32.51283762899999, -17.61037608099997], [32.51264363500013, -17.610266071999945], [32.51248763900003, -17.61018906599986], [32.512330643000155, -17.610153062999814], [32.51225464600003, -17.61011505999994], [32.511941654000054, -17.610041054999954], [32.51170866100006, -17.60996604899998], [32.51116367600014, -17.60989204299989], [32.51093068300014, -17.60985403999996], [32.51077468700004, -17.60985403999996], [32.510617692000096, -17.60985403999996], [32.51038569800011, -17.60985403999996], [32.51030870000011, -17.60985403999996], [32.50762377600017, -17.609518014999935], [32.507386783000186, -17.609480011999892], [32.507192788000054, -17.609444008999958], [32.507035793000114, -17.609444008999958], [32.506803799000124, -17.609405005999918], [32.506608805000155, -17.60936900299987], [32.50641480999997, -17.60936900299987], [32.50625781400015, -17.609331], [32.50602482100015, -17.609331], [32.505830826000135, -17.609292996999955], [32.505673831000024, -17.609292996999955], [32.50547983600006, -17.60925699499984], [32.50530784100016, -17.609189988999958], [32.50496485100018, -17.609132984999974], [32.50442286600003, -17.60892696899998], [32.50439286700009, -17.60892096899994], [32.50377613100005, -17.60876267699996], [32.50264754600005, -17.608823498999925], [32.502248672000064, -17.609045307999907], [32.50153194800009, -17.60934800299998], [32.500375979000125, -17.606257760999938], [32.500375979000125, -17.606107748999932], [32.5021039290001, -17.60049730999998], [32.5021039290001, -17.600345297999922], [32.50620481200019, -17.59518689299989], [32.50604781700008, -17.59518689299989], [32.506036816000176, -17.589578453999934], [32.50696378700019, -17.577451503999896], [32.511384662000125, -17.57593038399989], [32.51564554099997, -17.572591120999903], [32.51548954500004, -17.572591120999903], [32.512162638, -17.568653812999912], [32.51200664300018, -17.568653812999912], [32.514211579000175, -17.564407479999943], [32.52365230800018, -17.54241575499998], [32.523019326, -17.54105264799989], [32.50010096900007, -17.533502061999968], [32.49962398300005, -17.533199037999964], [32.499349991000145, -17.53320103799996], [32.48372942700013, -17.51844688499989], [32.48900427700016, -17.51396153199994], [32.48900427700016, -17.513876525999933], [32.48576236700012, -17.50834009199997], [32.48576236700012, -17.50825308499998], [32.48263045500016, -17.506178922999936], [32.48263045500016, -17.50626492999993], [32.48254245700019, -17.506266929999924], [32.48244746000006, -17.50609691699998], [32.48247445900006, -17.506009909999875], [32.48247445900006, -17.505923902999882], [32.482561457000145, -17.505919902999892], [32.48439240500011, -17.504828816999975], [32.48457240000016, -17.504822816999933], [32.48466339700013, -17.504820815999835], [32.48493039000016, -17.50472580899998], [32.485380377000126, -17.504712807999965], [32.48592236200017, -17.50469680599997], [32.48601435900002, -17.504694805999975], [32.48601035900003, -17.50460779899987], [32.48610135700011, -17.504605798999876], [32.48780630900012, -17.504296774999887], [32.48780330900007, -17.5042087679999], [32.487890306000054, -17.504206767999904], [32.48797430400009, -17.50394574699982], [32.488062301000184, -17.503855739999835], [32.48823829600008, -17.503676725999924], [32.48831829400012, -17.50341570499984], [32.48831429400019, -17.503241691999904], [32.48840229200016, -17.50315168499992], [32.48848528900004, -17.502976670999942], [32.4884822890001, -17.502890663999892], [32.48847828900017, -17.502717650999898], [32.48846629000013, -17.50228461699993], [32.488554287000056, -17.50219660999994], [32.488550287000066, -17.502108602999954], [32.488638285000036, -17.50210660299996], [32.488638285000036, -17.502020595999966], [32.488814280000156, -17.501927588999877], [32.4889932750001, -17.50183558099991], [32.48916827000011, -17.50174457399993], [32.489348265, -17.50165256699995], [32.48934426500006, -17.501566559999958], [32.48961525700008, -17.50155955999992], [32.489794252000024, -17.50146755199995], [32.49006524400011, -17.501458551999974], [32.49024423900005, -17.501454550999938], [32.490336237000065, -17.501450550999948], [32.49060622899998, -17.50144254999998], [32.49078622400003, -17.501437549999935], [32.49114421400003, -17.501427548999914], [32.49132720900013, -17.50142154799994], [32.492499176000024, -17.501387544999886], [32.492495176000034, -17.501301538999883], [32.49258617300006, -17.5012995379999], [32.49267817100019, -17.501296537999906], [32.49276616800012, -17.50129453799991], [32.49294516300006, -17.50128853799987], [32.49321615600019, -17.501194529999907], [32.49348314800011, -17.501099522999937], [32.49357414500008, -17.501097521999952], [32.493570146000025, -17.501009515999954], [32.49365814300012, -17.501008514999967], [32.49383713800006, -17.500916507999932], [32.49401713300011, -17.500910507999947], [32.49419612800011, -17.500819499999977], [32.494284125000036, -17.50072949299988], [32.494459120000045, -17.5006384859999], [32.49473011300017, -17.500544478999927], [32.494906108000066, -17.500453471999947], [32.495081103000075, -17.50027345699982], [32.49516910000017, -17.500184449999892], [32.49534409500012, -17.50000643599992], [32.49543209300015, -17.500004435999926], [32.49560808800004, -17.499825421999958], [32.49578708300004, -17.49973341499998], [32.49596207800005, -17.499556400999893], [32.49613807300011, -17.499463393999918], [32.496225070000094, -17.49937538699993], [32.49631306800012, -17.499285379999947], [32.496405064999976, -17.49928337999995], [32.49648906300018, -17.499106365999978], [32.49666805800018, -17.499014357999897], [32.49684305300019, -17.498837343999924], [32.496840053000085, -17.498751337999977], [32.496927050000124, -17.498662330999935], [32.497015048000094, -17.498658329999955], [32.497015048000094, -17.49857232399995], [32.499978964000036, -17.497216216999902], [32.50336986800011, -17.495060046999924], [32.503804856000045, -17.495064046999914], [32.50413284700011, -17.49506804699996], [32.50423984400015, -17.49506804699996], [32.50905070700003, -17.49240483699998], [32.50959169200013, -17.492305828999974], [32.51002668000007, -17.492311829999835], [32.51024767400003, -17.49220882199984], [32.51035467100007, -17.49221082199989], [32.514154564000194, -17.49256184799998], [32.514699548000124, -17.492462839999973], [32.5152455330001, -17.49236283199997], [32.515462527000125, -17.492364832999954], [32.51556952400017, -17.492261824999957], [32.51567952100015, -17.492263824999952], [32.518510441000046, -17.491769784999917], [32.518945428999984, -17.49177578599989], [32.51926942000006, -17.491779785999938], [32.51959741000002, -17.491781785999933], [32.51992140100009, -17.49178578599998], [32.520246392000104, -17.491788785999972], [32.52111536800004, -17.49179678699994], [32.52122636399997, -17.491798786999937], [32.52144335800017, -17.49180078699993], [32.524049285000046, -17.491826787999912], [32.524488273000145, -17.49172577999991], [32.52502925700014, -17.49162877299989], [32.52546824500007, -17.491422755999963], [32.52590323300018, -17.491323748999946], [32.526124226000036, -17.491117731999964], [32.526338220000184, -17.491119732999948], [32.52644821700011, -17.491016723999962], [32.526559214000144, -17.491018724999947], [32.530412104000106, -17.486049333999915], [32.53052210100003, -17.48594632599992], [32.530850092000094, -17.48574230999992], [32.53117908300004, -17.48553629299994], [32.531400076000125, -17.485225268999955], [32.53162107000014, -17.484811236999974], [32.531625070000075, -17.48460121999983], [32.53239904800017, -17.482942089999938], [32.53251004500004, -17.482942089999938], [32.53272703800013, -17.482841081999936], [32.53294503200004, -17.48284308199993], [32.533273023000106, -17.48274207399993], [32.53359701400018, -17.48274407399998], [32.533708011000044, -17.48264106599993], [32.53392500500007, -17.48264306599998], [32.53446698900012, -17.482648065999967], [32.53490197700006, -17.48265406699994], [32.53544696200015, -17.48255505899982], [32.53892186400003, -17.482589060999942], [32.53913985800017, -17.482591060999937], [32.53936085200013, -17.482490052999935], [32.5396848420001, -17.482389044999934], [32.54001283300016, -17.48218302899994], [32.54023482700006, -17.482080019999955], [32.54045182100009, -17.481979011999954], [32.54045182100009, -17.481874003999962], [32.540562818000126, -17.481876003999957], [32.54330174000006, -17.47971283399994], [32.54482369700014, -17.47951981899996], [32.54656264800002, -17.479224794999936], [32.547108633, -17.47902077899994], [32.547436623000124, -17.478814762999946], [32.547546620000105, -17.47871175499995], [32.54765761700014, -17.478712754999947], [32.55411943400003, -17.47345834099997], [32.55412343400019, -17.473353332999977], [32.554558421000024, -17.473046308999812], [32.55543539700011, -17.4724282599999], [32.55565339000009, -17.4723272519999], [32.55565339000009, -17.47222224399991], [32.55576338700007, -17.47222224399991], [32.55576338700007, -17.472119235999912], [32.55838031300004, -17.47120516299998], [32.55892629800019, -17.471106154999973], [32.55946728300012, -17.47111215599989], [32.55979527300008, -17.471115155999883], [32.560230261000186, -17.471119155999872], [32.5604482550001, -17.471121155999924], [32.56098923999997, -17.4711271569999], [32.56522412100003, -17.47127416699982], [32.565659108000034, -17.47127816699998], [32.56653208400013, -17.47107715099986], [32.567402059000074, -17.4708771359999], [32.56773005000014, -17.47088113599989], [32.567947044000164, -17.470675119999896], [32.568165038000075, -17.47067711999989], [32.568275035, -17.470574111999895], [32.56860402500007, -17.47036809499997], [32.57003798400012, -17.46808691599989], [32.57004198400011, -17.467773890999922], [32.56982799000019, -17.467355858999895], [32.56972499300008, -17.46704083399993], [32.56951099900016, -17.466518792999977], [32.56940500200017, -17.466203767999957], [32.5689770140001, -17.46557471899996], [32.568981013000155, -17.46526169499998], [32.569115009000086, -17.462968514999943], [32.56922500600018, -17.462760497999966], [32.569336003000046, -17.46244747399993], [32.569447, -17.462032440999963], [32.56956099600012, -17.46172141699998], [32.569671993000156, -17.46151339999983], [32.569671993000156, -17.461408391999953], [32.57044197100009, -17.460477318999892], [32.57087695900003, -17.460273302999894], [32.57131594600003, -17.460069286999897], [32.57164393700003, -17.45986326999997], [32.571753934000185, -17.459655253999927], [32.57186093100006, -17.45965725399998], [32.57402787, -17.45999127999994], [32.574138867000045, -17.459888271999944], [32.57435586100007, -17.459890271999825], [32.57457385499998, -17.45978926399988], [32.57479084900018, -17.459791263999875], [32.57490184500011, -17.45968825599988], [32.575007842000105, -17.45968825599988], [32.575225836000016, -17.459689255999876], [32.575225836000016, -17.45958624799988], [32.575664824000114, -17.459382231999882], [32.57588181800014, -17.459279223999886], [32.57609881200017, -17.45928122399988], [32.5762098080001, -17.459178215999884], [32.5762098080001, -17.459073206999904], [32.57632080500014, -17.459075207999888], [32.57632080500014, -17.458970198999907], [32.580081698000185, -17.452229668999962], [32.580298691999985, -17.452126660999966], [32.58062668200017, -17.452025652999964], [32.58095567300012, -17.451924644999963], [32.58117266700009, -17.45171862899997], [32.58138966100012, -17.451615620999974], [32.58161165500019, -17.45140960499998], [32.58182864800011, -17.45130659699987], [32.58193964500015, -17.451203588999874], [32.58204964200013, -17.45110057999989], [32.582377633000135, -17.450894563999896], [32.5825956270001, -17.450688547999903], [32.58281262100007, -17.4505875399999], [32.58325160800007, -17.45038352399996], [32.583468602000096, -17.450280515999964], [32.58368659600018, -17.450177507999967], [32.58379659300016, -17.44997149099993], [32.58401458700007, -17.449972490999983], [32.584235580000154, -17.44976647499982], [32.584453574000065, -17.449663466999823], [32.584453574000065, -17.449559458999943], [32.58467056800009, -17.44945745099983], [32.58652851600016, -17.448536377999915], [32.58696750300015, -17.448332361999974], [32.58718449700018, -17.448229353999977], [32.58740149100015, -17.448128345999976], [32.58761948500006, -17.44802533799998], [32.58762348500005, -17.447817321999935], [32.5877334810001, -17.44771431299995], [32.58795147500018, -17.447611304999953], [32.588279466000074, -17.44740728899984], [32.58871445400018, -17.4472032729999], [32.58904244400014, -17.447100264999904], [32.58925943800017, -17.44689424899991], [32.58948043200013, -17.446688232999918], [32.589591429000166, -17.446585223999932], [32.591239382000026, -17.444619069999874], [32.591239382000026, -17.444516061999877], [32.59156737300009, -17.44441405399988], [32.59189536300005, -17.444313045999877], [32.59244134800019, -17.444109028999947], [32.59287533600019, -17.44390501299995], [32.593204326000034, -17.443698996999956], [32.59342532000005, -17.443492980999963], [32.59342532000005, -17.44338797299997], [32.5935323170001, -17.443389972999967], [32.59474828200007, -17.441316809999933], [32.595077273000015, -17.44100578499996], [32.59551526100006, -17.440698760999965], [32.59584325100019, -17.44038773699998], [32.59606524500009, -17.44007671199995], [32.59606824500014, -17.43976368799997], [32.59607224500013, -17.43945066299989], [32.596179242000176, -17.439452662999884], [32.59717821300012, -17.437480507999965], [32.59728521000005, -17.437377499999968], [32.597289209999985, -17.437272491999977], [32.597289209999985, -17.43716948399998], [32.59761720100005, -17.437066475999927], [32.59794519100018, -17.436652442999957], [32.59816318500009, -17.436551434999842], [32.59827718200006, -17.43623940999987], [32.59849517600014, -17.436033393999878], [32.60015012900004, -17.43344218999988], [32.600482119000105, -17.4330281579999], [32.60070311300012, -17.432613124999932], [32.60081411000016, -17.432302100999948], [32.60081411000016, -17.432197092999957], [32.59998213200004, -17.428652813999918], [32.59998213200004, -17.42854980599992], [32.59998213200004, -17.42833978999994], [32.599986132000026, -17.42802676499997], [32.59999013200019, -17.427923756999974], [32.59988313500014, -17.42771474099993], [32.59988313500014, -17.42750472399996], [32.59988313500014, -17.427401715999963], [32.59988713500013, -17.42729670799997], [32.59989113400019, -17.426983682999833], [32.60037112000009, -17.42229531499987], [32.60069611100005, -17.42229931499992], [32.60080610800003, -17.422196306999922], [32.60091710400013, -17.42209129899993], [32.60102710100011, -17.421885282999938], [32.60102710100011, -17.42167526599991], [32.601035101000036, -17.421154224999952], [32.601706081000145, -17.418970053999885], [32.601928075000046, -17.418764037999892], [32.60203507200009, -17.418661028999907], [32.60214506900007, -17.41855802099991], [32.602363063000155, -17.418455012999914], [32.602584057000115, -17.41824899699992], [32.602584057000115, -17.418040980999933], [32.602695053000105, -17.418040980999933], [32.602695053000105, -17.41793697199995], [32.604442004000134, -17.417119907999847], [32.60476599500004, -17.41722691599989], [32.605200983000145, -17.41723091599988], [32.606718940000064, -17.41735092599987], [32.60726492500004, -17.417354925999916], [32.60769591300016, -17.417359925999904], [32.60802390300012, -17.417361925999955], [32.608240897000144, -17.41736392599995], [32.61009484500005, -17.41665286999995], [32.610201842000095, -17.416549861999954], [32.610311839000076, -17.416549861999954], [32.610311839000076, -17.416446853999958], [32.61042283600011, -17.41634384599996], [32.610533832000044, -17.41613582899987], [32.61064382899997, -17.415927812999882], [32.61064782900013, -17.415614787999914], [32.610758826000165, -17.415511779999918], [32.610758826000165, -17.41530376399993], [32.610762826000155, -17.415094747999888], [32.610762826000155, -17.41478172299992], [32.61076582500016, -17.41457370699993], [32.610659828000166, -17.41436368999996], [32.610891822000156, -17.41280156699986], [32.61100281800009, -17.412490542999876], [32.61100681800008, -17.412177517999908], [32.61111681500006, -17.41196950199992], [32.611120815, -17.41165747799988], [32.61112481500015, -17.41144746099991], [32.61112481500015, -17.41113443599994], [32.61112881400004, -17.410926419999953], [32.61168579800011, -17.409576313999878], [32.61201378900017, -17.40926728999989], [32.61223478300019, -17.40905927299991], [32.612345780000055, -17.40885325699992], [32.612451777, -17.408748248999927], [32.61245577700015, -17.40864524099993], [32.612562774000025, -17.408542232999935], [32.61256677300008, -17.408332215999906], [32.61267777000012, -17.40822920799991], [32.61267777000012, -17.40802119199992], [32.61529769600003, -17.406587077999916], [32.61562568700009, -17.406486069999914], [32.615953678000096, -17.40628005399992], [32.61617167100013, -17.406177045999925], [32.61639266500009, -17.405971029999932], [32.616499662000024, -17.405868021999936], [32.61661065900006, -17.40576501399994], [32.61661065900006, -17.40566000499996], [32.616720656000155, -17.405556996999962], [32.616938650000066, -17.405453988999966], [32.61737663700018, -17.40504195699998], [32.61748763400004, -17.40483393999989], [32.61770462800007, -17.404730931999893], [32.617815625000105, -17.404627923999897], [32.617815625000105, -17.4045249159999], [32.61792662200014, -17.404421907999904], [32.618036619000065, -17.404421907999904], [32.62087853800011, -17.40257176199998], [32.62142452300009, -17.402369745999863], [32.62174851400016, -17.40226873799992], [32.622183501000166, -17.40216672999992], [32.62251149200006, -17.402065721999918], [32.62348746500004, -17.40207572199995], [32.62359846100003, -17.40207572199995], [32.623705458000074, -17.402077721999945], [32.63197922500012, -17.400070562999872], [32.632524209999985, -17.399971554999922], [32.63295919700005, -17.399975554999912], [32.63350118200003, -17.399876547999895], [32.63361217900007, -17.399773538999966], [32.63361217900007, -17.399668530999918], [32.63383317300003, -17.399567522999973], [32.634050167000055, -17.399464514999977], [32.63448515400006, -17.39926049899998], [32.63470314799997, -17.399157490999983], [32.63481314500012, -17.39894947399995], [32.635035139000024, -17.398743457999956], [32.63525213300005, -17.39864244999984], [32.63569112000005, -17.398436433999848], [32.636126108000155, -17.398232417999907], [32.63645409900016, -17.397923393999918], [32.63656409600014, -17.397923392999928], [32.636671092000086, -17.39782038499993], [32.636675092000075, -17.397717376999935], [32.63974600500006, -17.394407116999957], [32.63996699900002, -17.394306108999956], [32.64040198700013, -17.393892075999872], [32.640622980000046, -17.39368605999988], [32.64095097100011, -17.393480043999887], [32.64116896500019, -17.3933770349999], [32.64138995900004, -17.393171018999908], [32.64149695600008, -17.393173018999903], [32.64149695600008, -17.39306801099991], [32.64160695200013, -17.392965002999915], [32.64171394900018, -17.392965002999915], [32.64193494299997, -17.392863994999914], [32.642152937000105, -17.392760986999917], [32.642369931000076, -17.392554970999925], [32.64259092500009, -17.392348953999942], [32.642701921000025, -17.392140937999955], [32.64281291800006, -17.392037929999958], [32.64292291500004, -17.391830913999968], [32.64292291500004, -17.391517888999942], [32.642926914999975, -17.391309872999955], [32.64282391800009, -17.39088983999983], [32.642716921000044, -17.390679822999857], [32.642716921000044, -17.39047280699998], [32.64260992400017, -17.3901597819999], [32.64239693000013, -17.389844757999867], [32.64228993300003, -17.389634740999895], [32.642182936000154, -17.38952773299991], [32.642075938000175, -17.38931971599993], [32.64196994100001, -17.389110699999947], [32.64186294400014, -17.389003691999903], [32.64175594700009, -17.389003691999903], [32.64175594700009, -17.388795674999926], [32.64175994700008, -17.388585658999943], [32.64176394700007, -17.387960609999936], [32.64187394400017, -17.38775259299996], [32.64187794400016, -17.38754457699997], [32.64187794400016, -17.38743956899998], [32.641881943000044, -17.38702353599996], [32.641881943000044, -17.386918527999967], [32.64177494600017, -17.386813519999976], [32.64177894600016, -17.38670851099988], [32.64177894600016, -17.38660350299989], [32.641671949000056, -17.3863964869999], [32.641454955000086, -17.386289477999867], [32.64134795799998, -17.386079461999884], [32.64124096100011, -17.38607746199989], [32.64113396400006, -17.385972453999898], [32.640916970000035, -17.385865444999865], [32.640702976000114, -17.38555142099989], [32.64059597900007, -17.385446411999908], [32.64048598200009, -17.385341403999917], [32.64037898500004, -17.385131387999877], [32.64016499100006, -17.384921370999905], [32.64005799400019, -17.38481436299992], [32.639951997000026, -17.38460634699993], [32.63984500000015, -17.384500337999953], [32.63984500000015, -17.384397329999956], [32.639738003000105, -17.384395329999904], [32.63963100600006, -17.38418531399992], [32.63952400900018, -17.38397529699995], [32.639646005000145, -17.38262119099994], [32.63975700200018, -17.382413173999964], [32.639867999000046, -17.38210214999998], [32.64008899300018, -17.3816861169999], [32.64008899300018, -17.381478100999914], [32.64019999000004, -17.381375092999917], [32.640202989000045, -17.381166075999943], [32.64030998600009, -17.381063067999946], [32.64031398600008, -17.3808550519999], [32.640424983000116, -17.380544026999928], [32.640424983000116, -17.380439018999937], [32.640427983000166, -17.380229002999954], [32.64053898000003, -17.38002298599997], [32.64075697400011, -17.379814969999927], [32.640977967000026, -17.379503944999954], [32.64119896100004, -17.379194920999964], [32.64152695200005, -17.37898890499997], [32.64174494600019, -17.37878288899998], [32.641854942, -17.378574871999888], [32.642075936000026, -17.37847186399989], [32.64218693300006, -17.378263847999904], [32.64229393000011, -17.3782658479999], [32.64229393000011, -17.378160839999907], [32.6422979300001, -17.377953822999928], [32.6422979300001, -17.377848814999936], [32.64262592000006, -17.377642798999943], [32.64327790200019, -17.377439782999943], [32.64382388700011, -17.37713275899995], [32.6443688710001, -17.376928741999848], [32.644589865000114, -17.376722725999855], [32.644807859000025, -17.37661971799986], [32.64491485600007, -17.37662171799991], [32.645242847000134, -17.37652070999991], [32.64545984000006, -17.376417701999912], [32.64567783400014, -17.37631669399991], [32.64578783100012, -17.376213685999915], [32.645898828000156, -17.376213685999915], [32.645898828000156, -17.376110677999918], [32.646222819, -17.376112677999913], [32.64730978799997, -17.376122677999945], [32.64774477600008, -17.37612767899998], [32.64785577300012, -17.37602266999994], [32.648072767000144, -17.376026670999977], [32.64839675800005, -17.375820653999824], [32.64883574500004, -17.37571964599988], [32.64927073300015, -17.37551562999988], [32.64948772700018, -17.37530961399989], [32.64970972100008, -17.375206605999892], [32.64981571800001, -17.375103597999896], [32.65003771100004, -17.375002589999895], [32.650147708000134, -17.374794572999917], [32.650365702000045, -17.37458655699993], [32.65058269600007, -17.374380540999937], [32.65069369300011, -17.37417252399996], [32.65080369000009, -17.374069515999963], [32.650803689000156, -17.373966507999967], [32.650807689000146, -17.373756491999927], [32.65091868600018, -17.37365348399993], [32.65102968300005, -17.37344646699995], [32.65124667700002, -17.37324045099996], [32.65135767400005, -17.37292742699998], [32.651467671000034, -17.372721409999883], [32.65157866700014, -17.372513393999895], [32.65168866400012, -17.3724103859999], [32.651799661000155, -17.372307377999903], [32.65191065800019, -17.372099360999925], [32.652127652, -17.37199635299993], [32.65234864600018, -17.371790336999936], [32.652566638999986, -17.371584320999943], [32.65267663600014, -17.371481312999947], [32.65278363300018, -17.371376303999966], [32.65289463000005, -17.37137830399996], [32.65289463000005, -17.37127329599997], [32.653005627000084, -17.371170287999973], [32.653115624000066, -17.37096227199993], [32.65322262100011, -17.37096427199998], [32.6532266210001, -17.370859263999932], [32.65333361800015, -17.370756254999833], [32.65355461100006, -17.370653246999836], [32.65398959900017, -17.370554238999887], [32.65453458400003, -17.37035022299989], [32.654752578000114, -17.370249214999887], [32.654858575000105, -17.370144206999896], [32.655076568000084, -17.370148206999886], [32.65518756500012, -17.370043198999895], [32.6552975620001, -17.37004519899989], [32.6552975620001, -17.3699401909999], [32.65551555600018, -17.369839182999897], [32.655625553000164, -17.36963116699991], [32.65573655000003, -17.36952815799998], [32.655846547000124, -17.369320141999935], [32.65584654600002, -17.369112125999948], [32.657384503, -17.367561003999867], [32.657712494000066, -17.367251978999946], [32.65793348700015, -17.366940954999905], [32.658044484000186, -17.366628929999933], [32.658048484000176, -17.366315905999954], [32.6581584810001, -17.366107888999977], [32.658269478000136, -17.365796864999936], [32.658379474000185, -17.365483839999968], [32.658383474000175, -17.365170814999885], [32.65849447100004, -17.3648607909999], [32.65849847099997, -17.36454776599993], [32.65850247100013, -17.36433774999989], [32.65850247100013, -17.364024724999922], [32.65850547100007, -17.363921716999926], [32.65850547000014, -17.363711700999943], [32.658509470000126, -17.363503683999966], [32.659181451, -17.3613195129999], [32.65940244500018, -17.361114495999914], [32.65961943900004, -17.36080347199993], [32.659840432000124, -17.360597455999937], [32.65995142900016, -17.36038943899996], [32.66006242599997, -17.360181422999972], [32.66006242599997, -17.359973406999927], [32.66017242300012, -17.35976538999995], [32.660283420000155, -17.359662381999954], [32.660283420000155, -17.35945236599997], [32.66240835900004, -17.35596409099992], [32.710342016000084, -17.385556406999967], [32.71042201400013, -17.385556406999967], [32.73625829000002, -17.40088760699996], [32.74547503200017, -17.406812069999887], [32.74431506500002, -17.409610289999932], [32.740832164000096, -17.414710690999982], [32.740832164000096, -17.41499271399988], [32.7406801680001, -17.415275735999955], [32.740676168000164, -17.415700768999955], [32.740527173000146, -17.41612280199996], [32.74037417700009, -17.416404824999915], [32.738879220000115, -17.418657001999918], [32.73873422400004, -17.41865600199992], [32.73873022400005, -17.41879701299996], [32.73858522800015, -17.41879701299996], [32.738433232000034, -17.41907703499993], [32.73813524100012, -17.419357056999957], [32.737689252999985, -17.419779089999963], [32.73739126200013, -17.420059111999933], [32.73724326600012, -17.420342133999895], [32.73709427000006, -17.42048114499994], [32.734546343000034, -17.425129510999966], [32.734542343000044, -17.42527252199983], [32.734542343000044, -17.425413532999926], [32.73439334700015, -17.42569655499983], [32.733943360000126, -17.426256598999885], [32.73349637299998, -17.42681964399992], [32.733195381000144, -17.42738468799996], [32.73273739500007, -17.429077820999908], [32.73258939900012, -17.429218831999947], [32.73258939900012, -17.42950185399991], [32.73258539900013, -17.429783876999977], [32.73258139900014, -17.429926887999898], [32.73258139900014, -17.430067898999937], [32.73257739899998, -17.43049193199994], [32.73257740000008, -17.430634942999973], [32.73257340000009, -17.430916965999927], [32.73257040000004, -17.431200987999887], [32.73256640000005, -17.43162502099989], [32.73256640000005, -17.431909042999962], [32.732711396000184, -17.43219306599991], [32.73270739600002, -17.432475087999876], [32.73270339600003, -17.433042131999912], [32.73284839200011, -17.433185143999935], [32.73284839200011, -17.433326154999975], [32.73299338800007, -17.433469165999895], [32.73298938900018, -17.433751187999974], [32.733279380000056, -17.434322232999932], [32.733275381, -17.43474526599988], [32.73342037700013, -17.43517229899993], [32.73341637700014, -17.435596332999864], [32.73341337700009, -17.43602136599992], [32.7334093770001, -17.436446399999852], [32.73340137800005, -17.437154454999927], [32.73339737800006, -17.43757748799993], [32.73324538200012, -17.437860510999883], [32.73324538200012, -17.43814253299996], [32.73324138200013, -17.438285543999882], [32.73309238700017, -17.438565565999966], [32.73308838700018, -17.43885058799998], [32.73294039100017, -17.439273621999916], [32.732787395000116, -17.43955564399988], [32.732638400000155, -17.439977676999888], [32.732634400000165, -17.44026169899996], [32.73248640400004, -17.440400709999892], [32.73248240400005, -17.440967754999917], [32.7323294090001, -17.44139078799992], [32.73232540900011, -17.441816820999918], [32.73232240900006, -17.442098842999826], [32.732467405000136, -17.442382865999946], [32.732463405000146, -17.442666887999906], [32.73260840100005, -17.44323393199994], [32.73274939700019, -17.443660965999925], [32.732894393000095, -17.444227009999963], [32.733035389000065, -17.444655043999944], [32.73318038500014, -17.444939065999904], [32.73318038600007, -17.445221087999983], [32.73317238600009, -17.445788132999894], [32.734904338000035, -17.449909455999943], [32.7349003380001, -17.450192477999963], [32.735049334000166, -17.450335488999826], [32.735045334000176, -17.45047650099997], [32.73504133400019, -17.45118455599993], [32.73503833500007, -17.45160958899993], [32.73503033500009, -17.452317644999937], [32.7350263350001, -17.452740677999884], [32.73502233500017, -17.453165711999873], [32.735015336000174, -17.453732755999965], [32.735015336000174, -17.454014777999873], [32.73486234000012, -17.454296799999952], [32.73486234000012, -17.4545818229999], [32.73471034400018, -17.455004855999903], [32.73470634500012, -17.455427888999907], [32.73470234500013, -17.455853922999893], [32.734553349000066, -17.45613594499997], [32.73440135300012, -17.456557977999978], [32.734252358000106, -17.45684], [32.73409936200005, -17.457122021999908], [32.73395036600016, -17.457261032999952], [32.73395036600016, -17.457546055999842], [32.73379837100015, -17.457828077999977], [32.73364937500003, -17.457967088999965], [32.733500379000134, -17.45810809999989], [32.73335238300018, -17.458248110999932], [32.73275640000014, -17.45880815499993], [32.7323144130001, -17.459089176999953], [32.73201642100014, -17.45936919899998], [32.73171943000017, -17.459506209999915], [32.731570434000105, -17.459789231999878], [32.73127344200003, -17.459928242999922], [32.73097945100011, -17.45992624299987], [32.73097545100012, -17.460067253999966], [32.730830455000046, -17.460065253999915], [32.73068145900015, -17.460206264999954], [32.73038446700008, -17.460344275999887], [32.72994148000015, -17.46048328699993], [32.729346497, -17.460759308999968], [32.72890450900002, -17.4608973199999], [32.728755513000124, -17.4608973199999], [32.72860651800016, -17.461036329999956], [32.728308526000035, -17.461316352999972], [32.72801553400012, -17.4614563639999], [32.727568547000146, -17.46159337399996], [32.72727555500006, -17.461732384999834], [32.72668357200001, -17.461868395999886], [32.726092589000075, -17.462005406999936], [32.725501605000034, -17.462140417999933], [32.72402164700014, -17.46241143899988], [32.72384565200008, -17.462409438999885], [32.72363265800004, -17.462781467999946], [32.71345494700017, -17.471836180999958], [32.71329495100008, -17.471836180999958], [32.713137955000036, -17.471987192999904], [32.70473519300009, -17.475129440999865], [32.704574197000056, -17.475129440999865], [32.704574197000056, -17.47528145299998], [32.704258206000134, -17.475279452999928], [32.683037804000094, -17.478348697999934], [32.67434005000007, -17.48089189899997], [32.67423043500014, -17.481119857999886], [32.66758833100016, -17.483763116999853], [32.66371457700012, -17.48481830099996], [32.65983880600015, -17.48693510699985], [32.65596194900007, -17.48958268499996], [32.65374942200009, -17.48957884099991], [32.649875469999984, -17.49063375099996], [32.64544319200007, -17.49434183799991], [32.6393502200001, -17.498577661999946], [32.639342890000194, -17.502293592999877], [32.64320056800017, -17.509732450999877], [32.6448467300001, -17.51663643799992], [32.64538138700004, -17.52619266399995], [32.644267662000175, -17.52990660399996], [32.644820915000025, -17.52990759599993], [32.643695751, -17.539460832999964], [32.642579824000165, -17.54423644699989], [32.6420265270001, -17.54423544799988], [32.641473231000134, -17.544234447999884], [32.64035826200018, -17.548479200999907], [32.63924429000019, -17.552193099999897], [32.63924323900005, -17.55272394499997], [32.635359364000124, -17.55802529099998], [32.632037193000144, -17.559080835999964], [32.62982383000002, -17.559076708999953], [32.62927048900019, -17.55907567399987], [32.62926616800007, -17.561199046999945], [32.62981951500012, -17.56120008299996], [32.627588759000105, -17.569689419999918], [32.62703538700015, -17.56968837799991], [32.62648201400009, -17.569687333999923], [32.62592864100009, -17.5696862879999], [32.62537526800003, -17.569685240999945], [32.62482189600007, -17.569684192999944], [32.62150938400009, -17.56596197099998], [32.62151048700008, -17.565431128999933], [32.616534724000076, -17.56329817099993], [32.61598137100003, -17.563297098999897], [32.61542913900013, -17.562765181999964], [32.61211242500019, -17.561166175999915], [32.610445575000085, -17.564347968999982], [32.606568648000064, -17.56593283199993], [32.603797228000076, -17.568050677999963], [32.60379607300007, -17.568581518999906], [32.60268122800011, -17.57229518899993], [32.59825068200013, -17.573878769999965], [32.597697298000185, -17.57387764599997], [32.59382006000004, -17.575462250999976], [32.59159816900012, -17.579173573999924], [32.592582375, -17.5790186079999], [32.59244837900013, -17.579148617999977], [32.59228838300004, -17.57945364199992], [32.59213238799998, -17.57975766599992], [32.59202539100011, -17.579963681999914], [32.592002391000165, -17.580048688999966], [32.591975392000165, -17.58011569399997], [32.591975392000165, -17.58021070099994], [32.59181939700011, -17.58081774899989], [32.59178839800012, -17.58087875399997], [32.59172040000004, -17.5811367739999], [32.591651402000025, -17.581271783999966], [32.591651402000025, -17.581475799999907], [32.59157840400019, -17.581610810999962], [32.59157840400019, -17.581679815999905], [32.59157840400019, -17.581950837999955], [32.591510406000054, -17.582019842999955], [32.59143740800005, -17.582154853999953], [32.58938946600006, -17.585825141999976], [32.58924847000014, -17.585960151999927], [32.58922947100007, -17.585975152999936], [32.58914547300003, -17.585975152999936], [32.58898447800016, -17.58612816499982], [32.58851149100019, -17.58673521299994], [32.5880385050001, -17.587038236999888], [32.5880385050001, -17.587341260999892], [32.58788250900017, -17.587341260999892], [32.58788250900017, -17.587494272999947], [32.58709253100017, -17.587494272999947], [32.586146558000166, -17.58764828499983], [32.58582656700008, -17.58764828499983], [32.585670572000026, -17.58764828499983], [32.58551357600004, -17.58764828499983], [32.58504058900007, -17.58765028499988], [32.584430607, -17.587797296999895], [32.58440760700006, -17.587803297999926], [32.58361763000016, -17.588106320999884], [32.583144643000026, -17.58825933299994], [32.58298864700009, -17.588411344999884], [32.58298864700009, -17.588562356999944], [32.5828286520001, -17.588562356999944], [32.5825226610001, -17.589742449999903], [32.58204667500013, -17.591595594999944], [32.58204667500013, -17.59174760699989], [32.58188567900015, -17.59189861899995], [32.581729684000095, -17.592050630999836], [32.581729684000095, -17.592354653999962], [32.58157368800016, -17.59250466599991], [32.58125669700013, -17.59311371399997], [32.58125669700013, -17.59326372599992], [32.58110070200013, -17.593567749999863], [32.58110370200018, -17.594324808999886], [32.580947706000075, -17.59493085599985], [32.580787711000085, -17.595386891999908], [32.58079171100002, -17.595690915999853], [32.580630716000144, -17.596296962999816], [32.58063471600008, -17.59675099899988], [32.58063471600008, -17.597207034999883], [32.58063471600008, -17.597508057999903], [32.580794711000124, -17.59781208199996], [32.580794711000124, -17.598115105999966], [32.580794711000124, -17.59826711799991], [32.580794712, -17.59887416499987], [32.580794712, -17.599328200999878], [32.58079871200016, -17.599631223999893], [32.58079871200016, -17.6000852599999], [32.58064271600006, -17.60038828399985], [32.58048272100007, -17.600692307999964], [32.580485721000116, -17.601298354999926], [32.580485721000116, -17.60160137899993], [32.58032972500018, -17.601905402999876], [32.58032972500018, -17.602057414999933], [32.580329726000116, -17.602511449999838], [32.580485721000116, -17.6026624619999], [32.580489721000106, -17.60326950899986], [32.580489721000106, -17.60332451399995], [32.57991373800013, -17.604361594999887], [32.57991373800013, -17.604499605999933], [32.57984474000011, -17.604634615999828], [32.57977274199999, -17.60477062699988], [32.57970374399997, -17.604905637999934], [32.579631746000075, -17.605042647999937], [32.57956674800005, -17.605231662999927], [32.57956274800006, -17.605245663999938], [32.579490750000105, -17.605382674999817], [32.579417752000154, -17.605584690999933], [32.579417752000154, -17.605721701999983], [32.579381595000086, -17.605801229999884], [32.57936253800017, -17.605913859999873]]]]}}, {"type": "Feature", "properties": {"GID_3": "ZWE.5.8.12_2", "GID_0": "ZWE", "COUNTRY": "Zimbabwe", "GID_1": "ZWE.5_1", "NAME_1": "Mashonaland East", "NL_NAME_1": "NA", "GID_2": "ZWE.5.8_2", "NAME_2": "Mutoko", "NL_NAME_2": "NA", "NAME_3": "Ward 2", "VARNAME_3": "NA", "NL_NAME_3": "NA", "TYPE_3": "Ward", "ENGTYPE_3": "Ward", "CC_3": "NA", "HASC_3": "NA", "id": "ZWE.5.8.12_2", "name": "Ward 2"}, "geometry": {"type": "MultiPolygon", "coordinates": [[[[32.04741260600014, -17.16604728699997], [32.04749960300012, -17.166064287999973], [32.05137949400006, -17.167026362999877], [32.05156248900005, -17.167026362999877], [32.052024476000156, -17.167024362999882], [32.05562137500016, -17.16621129799995], [32.05599136500018, -17.16621129799995], [32.056269357000076, -17.166209296999966], [32.056452352000065, -17.166209296999966], [32.056636346000175, -17.16620829699997], [32.059130277, -17.166820344999962], [32.05922627400008, -17.166820344999962], [32.05922627400008, -17.166908351999894], [32.059596264000106, -17.167350385999953], [32.06005725100016, -17.167705413999954], [32.06219019100007, -17.16982658099994], [32.062281189000146, -17.16982658099994], [32.06246818400007, -17.16982658099994], [32.06274317600008, -17.169736573999955], [32.06440212900014, -17.168487474999893], [32.064585124000075, -17.16839746799991], [32.06467712100016, -17.16839746799991], [32.06476911900012, -17.168308459999935], [32.065139108000096, -17.16830645999994], [32.06541710000016, -17.16830645999994], [32.067267049, -17.169185528999833], [32.06735904600009, -17.16927553599993], [32.067450043000065, -17.169273535999935], [32.067450043000065, -17.169362542999977], [32.06791603000016, -17.169715570999813], [32.069208994, -17.17006659799989], [32.07068495300001, -17.170325617999936], [32.07225690900009, -17.170587637999915], [32.07225690900009, -17.170497630999932], [32.07234790600006, -17.170497630999932], [32.07243990400019, -17.170408623999947], [32.072530901000164, -17.170408623999947], [32.072900891000074, -17.17022860999998], [32.07327088000005, -17.170139601999892], [32.07354587200007, -17.170139601999892], [32.07382486500012, -17.170047594999915], [32.076776782000024, -17.169858578999936], [32.07686877900011, -17.169858578999936], [32.078352738000035, -17.17162871799991], [32.078352738000035, -17.171806732999983], [32.07844773500017, -17.171893738999927], [32.07844773500017, -17.171983745999967], [32.07853973300013, -17.172071752999898], [32.0786307300001, -17.17215875999989], [32.07881772500008, -17.172336773999973], [32.07909671700003, -17.172513787999947], [32.07937070900016, -17.172601794999878], [32.08149165000003, -17.171705723999878], [32.081583647000116, -17.171705723999878], [32.08167464400009, -17.171615716999895], [32.08176664200005, -17.171525708999923], [32.081953636000094, -17.171436701999937], [32.08204463400017, -17.17134869499995], [32.0822276290001, -17.171346694999954], [32.08250662100011, -17.17125668799997], [32.08278161300012, -17.171167680999872], [32.08610352000005, -17.17071164399988], [32.086195517000135, -17.17071164399988], [32.08628651400011, -17.170709643999885], [32.08684349900011, -17.170707643999833], [32.08961342100014, -17.17069764199988], [32.09007440800019, -17.170783648999816], [32.09525126300014, -17.172893813999963], [32.09552925500003, -17.172893812999973], [32.09562125300005, -17.17289181299998], [32.09589924500011, -17.17289181299998], [32.09636123200005, -17.172889812999927], [32.10097310200007, -17.17269379599992], [32.101068100000134, -17.172603788999936], [32.10125109400019, -17.172603788999936], [32.101621084000044, -17.17260178899994], [32.10217406800018, -17.172511781999958], [32.10272805300008, -17.172597787999905], [32.10318904000013, -17.17259578799991], [32.10346803200008, -17.172593787999915], [32.10651594700016, -17.17275979999988], [32.10688193600015, -17.172847806999982], [32.10706893100007, -17.17293581399997], [32.107251926000174, -17.17302281999997], [32.107438921000096, -17.17302281999997], [32.107621916000085, -17.17311082699996], [32.107808910000074, -17.17319883399989], [32.10789990800015, -17.17319883399989], [32.10808690300007, -17.17328684099988], [32.10836189500009, -17.173373847999812], [32.10863988700004, -17.173372847999815], [32.1087888830001, -17.17335484599994], [32.10884588099998, -17.17377487899995], [32.112389784000015, -17.182102534999956], [32.1127597740001, -17.1824575629999], [32.11313376400011, -17.18298760399989], [32.11350375300009, -17.18316361799998], [32.11387774300016, -17.18387267399993], [32.11406073800009, -17.184048687999848], [32.114247733000184, -17.184403715999906], [32.11461772200016, -17.18493575799988], [32.12054955700006, -17.189527117999887], [32.121102542000074, -17.18988014599995], [32.12184652100012, -17.190585200999976], [32.12239950500003, -17.19111624299984], [32.12277349500005, -17.19147026999991], [32.12277349500005, -17.19164828499987], [32.122956490000036, -17.191646283999887], [32.12314348500013, -17.19200131199989], [32.12388746400012, -17.192886381999926], [32.12760236100007, -17.198373812999932], [32.12760236100007, -17.198551826999903], [32.12778935600005, -17.19854982699991], [32.12778935600005, -17.198726840999825], [32.12797635100014, -17.199081868999883], [32.12797635100014, -17.19943689699994], [32.128163346000065, -17.199968938999916], [32.128167346000055, -17.200322966999977], [32.12835034100016, -17.20050098099989], [32.12835434100015, -17.200677994999978], [32.129494311000144, -17.208128581999972], [32.130238290000136, -17.209191664999878], [32.130421285000125, -17.209368678999965], [32.13060828000005, -17.209544692999884], [32.13060828000005, -17.20972170699997], [32.13079527500014, -17.209898720999945], [32.13097827000007, -17.210076734999916], [32.131165265, -17.210606775999906], [32.13153925400013, -17.21113881799988], [32.13172624900005, -17.21149384599994], [32.136532115000136, -17.212716940999883], [32.136902104000114, -17.212714940999888], [32.13708609900016, -17.21288995499998], [32.137272094000025, -17.21288995499998], [32.13745608900007, -17.21288995499998], [32.13764308300006, -17.21306596799991], [32.13801307300014, -17.213242981999883], [32.13837906300006, -17.21324098199989], [32.140050015999975, -17.214654092999865], [32.140050015999975, -17.21483210699995], [32.139866022000035, -17.215541162999898], [32.13968702700009, -17.21625321899984], [32.13968702700009, -17.21678526099987], [32.140072017000136, -17.22033453999984], [32.14044600700015, -17.22051055399993], [32.14062900200014, -17.220685567999908], [32.14118598600004, -17.221038595999914], [32.14229995500011, -17.22209967899994], [32.14266994500014, -17.22245470699994], [32.14285694000006, -17.222806733999846], [32.143409924000025, -17.22315976199991], [32.14378391400004, -17.223514789999967], [32.15564358300014, -17.23234048199987], [32.156013573, -17.23251649599996], [32.156013573, -17.232693509999933], [32.156383561999974, -17.232869522999863], [32.15657055700012, -17.23304653699995], [32.15694054700015, -17.233399564999843], [32.15712754200007, -17.2337545929999], [32.16250239200019, -17.238347952999902], [32.162689387000114, -17.23869998099991], [32.16305937600009, -17.238877994999882], [32.163246371000184, -17.239053008999974], [32.163433366000106, -17.239231022999945], [32.163433366000106, -17.239408036999976], [32.164173345000165, -17.240114091999942], [32.16473033000011, -17.240644133999922], [32.167507252000064, -17.242054243999974], [32.168247231000066, -17.242050242999824], [32.168430226, -17.242050242999824], [32.16880021600008, -17.242048242999942], [32.16917020500006, -17.241869228999917], [32.16954019500014, -17.241867228999865], [32.169906185, -17.241687213999967], [32.17045916900014, -17.241508199999828], [32.170829159000164, -17.241506199999947], [32.17101215300005, -17.241506199999947], [32.17119914800014, -17.24132718599992], [32.17156613800012, -17.241148170999963], [32.18335680400014, -17.234351632999903], [32.18353979900007, -17.23434963299985], [32.183909789000154, -17.233994604999964], [32.184462773000064, -17.233813589999897], [32.184645768, -17.233635575999926], [32.184828763000155, -17.23363357599993], [32.18501175800009, -17.233456561999958], [32.185381747000065, -17.233277547999876], [32.190169612000034, -17.230416320999836], [32.190169612000034, -17.230238306999922], [32.19087559200017, -17.229845275999935], [32.19095558900011, -17.229845275999935], [32.19095558900011, -17.229922281999904], [32.19103958700015, -17.229922281999904], [32.19103958700015, -17.230153299999927], [32.191119585000024, -17.230151299999932], [32.191123585000184, -17.23030531199987], [32.191203583, -17.230303311999876], [32.191203583, -17.230458323999926], [32.191287580000164, -17.230534329999898], [32.191287580000164, -17.23076534799992], [32.19136757799998, -17.23076534799992], [32.191371578000144, -17.230919360999962], [32.191371578000144, -17.230996366999932], [32.191454576000126, -17.231072372999847], [32.191454576000126, -17.231226384999957], [32.19137457800008, -17.231226384999957], [32.19137457800008, -17.23130539099992], [32.19137857800001, -17.23145740299998], [32.19129858000014, -17.231535408999946], [32.19130258000013, -17.231768426999963], [32.19138257800017, -17.231842432999883], [32.19138257800017, -17.231921438999848], [32.19138657800016, -17.232151457999976], [32.19139057800015, -17.23230646999997], [32.19139357800003, -17.232613493999906], [32.19139357800003, -17.232768505999957], [32.191317580000145, -17.23284651199998], [32.1912375820001, -17.23300252499996], [32.19108158700004, -17.233157536999954], [32.19100058900011, -17.23331354899983], [32.19100058900011, -17.233389554999974], [32.1910045890001, -17.23346856099994], [32.190924591000055, -17.23346856099994], [32.18998261800016, -17.235253701999966], [32.18998661800015, -17.235407713999905], [32.18990962000015, -17.235562726999945], [32.18990962000015, -17.23564073299991], [32.18990962000015, -17.235793744999967], [32.18983362300003, -17.235871750999934], [32.18983362300003, -17.236025762999873], [32.18975362500015, -17.23602776299998], [32.18975362500015, -17.23610476899995], [32.189677627000094, -17.236182775999907], [32.18959762900005, -17.236184775999902], [32.18959762900005, -17.236260781999874], [32.18951763200005, -17.23626278199987], [32.18951763200005, -17.236338787999955], [32.18943663400012, -17.23634078799995], [32.18943663400012, -17.23641679399998], [32.18935663600007, -17.23641679399998], [32.189280638000184, -17.236495799999943], [32.189280638000184, -17.236573806999957], [32.18920064100001, -17.23665181299998], [32.18920064100001, -17.236727818999952], [32.189204641000174, -17.236882830999946], [32.189204641000174, -17.236958836999975], [32.189208641000164, -17.23711284899997], [32.189208641000164, -17.237267860999964], [32.18928863800011, -17.23734386699988], [32.1892926380001, -17.237420872999962], [32.189372636000144, -17.2375748849999], [32.18945663400018, -17.237727896999957], [32.18945663400018, -17.23780390299993], [32.189536632000056, -17.2378799089999], [32.189539631, -17.23795691499987], [32.18945963400006, -17.23795791499998], [32.18945963400006, -17.23803492199994], [32.189299638000136, -17.238190933999874], [32.189303638000126, -17.238268939999955], [32.18922364000008, -17.238268939999955], [32.188582659000076, -17.23843095299992], [32.18850266100003, -17.238432952999915], [32.18842266300015, -17.23843495299991], [32.18834266500011, -17.23851195899988], [32.188262668000164, -17.23851295999998], [32.188181670000176, -17.238514959999975], [32.18786167900009, -17.23851895999985], [32.18762168600006, -17.238520959999903], [32.18730069500003, -17.238602966999963], [32.18714069900011, -17.238604966999958], [32.18714069900011, -17.238682972999925], [32.1871446990001, -17.23883598499998], [32.1871446990001, -17.23898999699992], [32.18714869900009, -17.23922101599993], [32.18715169900014, -17.23937602799998], [32.18715569900013, -17.239606045999892], [32.18707570100008, -17.23968505199997], [32.18699570400014, -17.239763057999937], [32.18691570600009, -17.239841063999904], [32.186919706000026, -17.239919070999974], [32.186919706000026, -17.240072082999916], [32.186919706000026, -17.240150088999883], [32.18692370600019, -17.240304100999936], [32.18692370600019, -17.240381106999905], [32.18692370600019, -17.240457112999877], [32.18692670600012, -17.240535118999958], [32.18692670600012, -17.240690130999894], [32.186930706000055, -17.240842142999952], [32.186938706000035, -17.24153719799989], [32.186942706000025, -17.241691209999942], [32.18686270800015, -17.24176921599991], [32.18686570800003, -17.24200023499992], [32.18686570800003, -17.24207624099995], [32.18678571000015, -17.24215524699997], [32.18678571000015, -17.242233252999938], [32.186709712000095, -17.24238726499982], [32.18662971500015, -17.242466270999955], [32.18655371700004, -17.242620282999894], [32.18647271900011, -17.242698289999964], [32.1864767190001, -17.2428533019999], [32.18639272100006, -17.242855301999896], [32.18639672100005, -17.24293130799998], [32.18631672400005, -17.242933307999976], [32.18631672400005, -17.24300931399995], [32.186236726, -17.243087319999916], [32.186156728000185, -17.24316632699987], [32.18608073000007, -17.24324433299995], [32.18608073000007, -17.243320338999922], [32.185999733000074, -17.24339834499989], [32.18591973500003, -17.24347635099997], [32.185843737000084, -17.243555356999934], [32.18576373900004, -17.243633362999958], [32.18576373900004, -17.24371136999997], [32.18537475000011, -17.244409424999958], [32.18537475000011, -17.24464044299998], [32.1853787500001, -17.244718448999947], [32.1853787500001, -17.244794454999862], [32.185458748000144, -17.244947466999974], [32.185462748000134, -17.24502547299994], [32.185462748000134, -17.245256490999964], [32.18546574800018, -17.24533249699988], [32.18546574800018, -17.24548750999992], [32.18546974800017, -17.24564152199997], [32.18538975000013, -17.24571952799994], [32.18539375000012, -17.24595054599996], [32.18539375000012, -17.246105557999897], [32.18539775000005, -17.24625956999995], [32.18539775000005, -17.24641258199989], [32.18540175000004, -17.24649058899996], [32.185320752999985, -17.246645600999898], [32.1852447550001, -17.246801612999946], [32.1852447550001, -17.246954624999887], [32.18516875700004, -17.247110636999935], [32.18516875700004, -17.247186642999907], [32.185088759000166, -17.24718864399989], [32.18500876200005, -17.247266649999972], [32.18469177100019, -17.247577673999842], [32.184535775000086, -17.2478126929999], [32.1844547770001, -17.2478126929999], [32.1844547770001, -17.247966704999953], [32.18333780900008, -17.248289730999943], [32.18333780900008, -17.24836773699991], [32.183272811, -17.24842474099995], [32.18352480400017, -17.250179879999962], [32.18360080200006, -17.250398896999855], [32.183680800000104, -17.25054390799994], [32.183684800000094, -17.250762924999947], [32.18376079800015, -17.25098294299994], [32.18376879800013, -17.25134897199996], [32.18377579800017, -17.252081028999953], [32.183856795, -17.25237305199994], [32.1838597950001, -17.252593069999932], [32.18386379500009, -17.252959097999963], [32.18394379300014, -17.25332312699993], [32.18394779300007, -17.253617149999968], [32.18395179300006, -17.25383616699986], [32.18403179100011, -17.254056184999968], [32.18403179100011, -17.254202195999937], [32.1840357910001, -17.25442221399993], [32.18404279100014, -17.254935253999918], [32.18404679100013, -17.255299282999943], [32.18405479100005, -17.255740316999947], [32.18405479100005, -17.255959334999943], [32.18405879100004, -17.256253357999924], [32.18406279100003, -17.256398368999953], [32.18406579100008, -17.256692391999934], [32.18407379100006, -17.25720543299991], [32.18407379100006, -17.25735044399994], [32.1839287950001, -17.257939490999888], [32.183783799000025, -17.258380524999893], [32.18371180100013, -17.258601542999884], [32.18363480300013, -17.25882055999989], [32.18356280600011, -17.259041576999948], [32.1835668060001, -17.25926159499994], [32.183493808000094, -17.259482611999942], [32.18342181000003, -17.259776634999923], [32.183272814000134, -17.260071658999948], [32.183199816000126, -17.26036568199993], [32.18305182000012, -17.26065970499991], [32.18297882300004, -17.26095372799989], [32.18282982700015, -17.261248750999982], [32.182757829000025, -17.261469768999973], [32.18260883300013, -17.261763791999954], [32.182536835000064, -17.262057814999935], [32.182536835000064, -17.262278832999925], [32.18246383700006, -17.26257285599985], [32.18246783700005, -17.26286487899995], [32.18247183699998, -17.263157901999932], [32.182398840000076, -17.263377918999936], [32.182402840000066, -17.263671941999917], [32.18233084200017, -17.263892959999907], [32.18233384200005, -17.264037970999937], [32.18233384200005, -17.264111976999914], [32.18225784400016, -17.264258988999927], [32.18218584600004, -17.26448000599993], [32.182036850000145, -17.264701022999873], [32.181735859000014, -17.265071052999872], [32.18135786900001, -17.265369075999843], [32.18068288900014, -17.26603712899987], [32.180533893000074, -17.26626014699991], [32.18045789500019, -17.266407157999936], [32.18038489700018, -17.26655416999995], [32.180308899000124, -17.266775186999894], [32.18015990400011, -17.266924198999902], [32.18008790600004, -17.26714521599996], [32.18008790600004, -17.267217221999886], [32.18001090800004, -17.267292227999974], [32.18001490800003, -17.267439238999884], [32.179938910000146, -17.26751124499998], [32.179938910000146, -17.267585250999957], [32.17986291200003, -17.267585250999957], [32.17971391599997, -17.267734262999966], [32.17801996500009, -17.272371627999973], [32.177870969000026, -17.272520639999925], [32.17772297400012, -17.272813662999965], [32.17764597600012, -17.272962674999917], [32.177573978000055, -17.27310968699993], [32.17749698000006, -17.273256697999898], [32.17742498200016, -17.27347771599989], [32.177351984000154, -17.27369873299989], [32.177275987000144, -17.27384574499996], [32.17720398900008, -17.27399275599987], [32.17713099100007, -17.274213773999975], [32.17713099100007, -17.274360784999942], [32.17705899300012, -17.274580801999946], [32.17705899300012, -17.274726813999962], [32.177062993000106, -17.275020836999943], [32.177065992999985, -17.275240853999946], [32.177069993000146, -17.275606882999966], [32.177073993000135, -17.275753894999923], [32.17714999100019, -17.275898905999952], [32.17715399100018, -17.27618992899994], [32.17715799100017, -17.276336940999954], [32.177237988000115, -17.276556957999958], [32.17723798900005, -17.276775974999964], [32.177241988000105, -17.276922986999978], [32.177245988000095, -17.27714200399987], [32.17732198600015, -17.27736202099993], [32.177329986000075, -17.277800055999876], [32.17733298600018, -17.278020072999936], [32.17741398400011, -17.27831109599998], [32.17741398400011, -17.27853111299987], [32.177416984, -17.27875013099998], [32.17742098400015, -17.279044153999962], [32.17742498400014, -17.27915316199983], [32.17722699000012, -17.279154161999827], [32.177138992000096, -17.279154161999827], [32.17343509600005, -17.279172164999977], [32.17308410600015, -17.279257171999973], [32.17290811100008, -17.279257171999973], [32.17282111300017, -17.27934317799992], [32.17264111900016, -17.27934317899991], [32.168602233000115, -17.282157400999893], [32.16815924500008, -17.282242407999888], [32.16780825500018, -17.28241442199993], [32.16754526300008, -17.282584434999876], [32.1672822700001, -17.282756448999976], [32.16710627500015, -17.282925461999923], [32.16701827800006, -17.28301146899986], [32.16675528500008, -17.283097475999966], [32.163417380000055, -17.285567670999967], [32.16297539200008, -17.285823690999905], [32.16253640500008, -17.28599470499995], [32.16200642000018, -17.28616671799989], [32.16165543000011, -17.28633673199994], [32.16148043400017, -17.286507744999938], [32.161304439000105, -17.28659175199988], [32.161129444000096, -17.286593751999874], [32.16095344900003, -17.28667975899998], [32.15682256600007, -17.289660994999906], [32.15673456900015, -17.289660994999906], [32.15673456900015, -17.2897470019999], [32.155410606000146, -17.289073948999828], [32.155258609999976, -17.28899894299991], [32.15483862200006, -17.289004943999885], [32.154686626000114, -17.28900694399988], [32.15460962800012, -17.28908094999997], [32.15438063500011, -17.289082949999965], [32.15422863900011, -17.289158955999937], [32.15407564400016, -17.289233961999912], [32.15172271000017, -17.289777004999905], [32.15134072100011, -17.289781005999885], [32.150959731, -17.289859011999965], [32.15057774200011, -17.289865012999883], [32.15012375500015, -17.28994501899996], [32.149742766000145, -17.28994901899995], [32.14943777400015, -17.290027025999905], [32.149208781000084, -17.290029025999957], [32.14905978500019, -17.29010603199987], [32.14875479300002, -17.290182037999955], [32.14517989400008, -17.2908880949999], [32.144111924000185, -17.290901095999914], [32.14243797100016, -17.290922097999953], [32.14213198000016, -17.290926097999943], [32.14152199700004, -17.29093309899997], [32.13877507400019, -17.290603073999932], [32.13831408699997, -17.29039005699991], [32.13785610000019, -17.29024904599987], [32.13754710900014, -17.29010603499995], [32.13731811500003, -17.28996202399992], [32.13716611900003, -17.289892017999932], [32.13693712600019, -17.289821012999823], [32.13678013000015, -17.289749006999898], [32.133561220000104, -17.288253889999908], [32.133561220000104, -17.288178883999933], [32.12925434099998, -17.28816188399992], [32.12925434099998, -17.288087877999942], [32.12917834300009, -17.28808887899993], [32.12910134600003, -17.28808887899993], [32.128949350000084, -17.288090878999924], [32.12864035900003, -17.288022873999978], [32.12825836900004, -17.287953867999875], [32.127953378000086, -17.28788486299993], [32.127724384000146, -17.28781485699983], [32.12726739700008, -17.287820857999975], [32.12711440100003, -17.287821857999973], [32.12696140600008, -17.28775185299986], [32.12688540800019, -17.28775185299986], [32.12665641400008, -17.287755852999908], [32.12635142300013, -17.287759852999898], [32.12619842700013, -17.287760853999885], [32.126046431000134, -17.28776285399988], [32.12589743600017, -17.287837859999968], [32.12566844200006, -17.287841859999844], [32.122391534000144, -17.28817488699997], [32.12224353800019, -17.288176886999963], [32.12201454500013, -17.28818088799983], [32.12170555400007, -17.288111881999896], [32.12147656000013, -17.28796687099998], [32.12124756600019, -17.28789686599987], [32.12109457100007, -17.28782585999994], [32.121018573000185, -17.287827859999936], [32.120862577000025, -17.287755854999943], [32.12070958099997, -17.28761084299998], [32.120480588000135, -17.28754183799998], [32.12032859200019, -17.287469831999886], [32.11803565600019, -17.287131805999877], [32.11650969900012, -17.28707880299993], [32.115441729000054, -17.286946791999924], [32.1152887340001, -17.28694879299985], [32.115212736000046, -17.28694879299985], [32.1151367380001, -17.286950792999903], [32.11126884700013, -17.28831790199996], [32.11103985400007, -17.288392906999945], [32.11043287100006, -17.28854691999993], [32.10982288800011, -17.288554920999957], [32.109669892000056, -17.28863092699993], [32.10959389400017, -17.28863092699993], [32.10936490100016, -17.2887069329999], [32.108761918000084, -17.289008956999965], [32.108609922000085, -17.289157967999927], [32.10830493100019, -17.2892339739999], [32.10807993700007, -17.289309979999814], [32.10785094400018, -17.28945899199988], [32.107625950000056, -17.289534997999965], [32.10747295400017, -17.28961000399994], [32.10747295400017, -17.289684009999917], [32.10731995900005, -17.28975801599995], [32.10732395900004, -17.289905027999907], [32.10589399899999, -17.291387144999817], [32.105589008000095, -17.291465150999954], [32.104372042000136, -17.291553157999942], [32.10330707200012, -17.291641164999874], [32.10285008500006, -17.291719171999944], [32.102468096000166, -17.29172517199987], [32.10216310400011, -17.291729171999975], [32.10201010900016, -17.29173117299996], [32.09934418400013, -17.291691169999922], [32.09888619600008, -17.291624164999973], [32.09850520700007, -17.291628165999953], [32.098276214000066, -17.291557159999854], [32.09812321800018, -17.291559159999906], [32.09789122400019, -17.29148815499991], [32.09743323700019, -17.29134914399998], [32.097128246000125, -17.291279137999936], [32.09697125000008, -17.291136126999902], [32.09666625900019, -17.290992115999927], [32.09666625900019, -17.290918109999893], [32.096590261000074, -17.290920109999888], [32.09651326300013, -17.290848104999895], [32.09635726699997, -17.290777098999968], [32.09612827400014, -17.29063208799994], [32.09581928200015, -17.290416070999925], [32.095514291000086, -17.29020105399991], [32.095358295000096, -17.29005604299988], [32.0952052990001, -17.289985036999894], [32.0952052990001, -17.28991303099997], [32.09512930200009, -17.28991303199996], [32.09336235100017, -17.288836946999936], [32.09328635300011, -17.288836946999936], [32.09321035500005, -17.28883894799992], [32.09305735900017, -17.288840947999972], [32.09282836600016, -17.288842947999967], [32.09267637000016, -17.288844947999962], [32.092600372000106, -17.288846947999957], [32.09252337500004, -17.288846947999957], [32.092218383000045, -17.288850948999936], [32.091913392000095, -17.28885394899993], [32.09176039600004, -17.28885594899998], [32.091684398000154, -17.2889309549999], [32.0915314020001, -17.28893295499995], [32.09138340700002, -17.289008960999865], [32.09115441300008, -17.28915797299993], [32.09085242200007, -17.289233978999903], [32.09077642400018, -17.289382990999968], [32.09062442800001, -17.289384990999963], [32.09062442800001, -17.28945699699989], [32.09054743000007, -17.289458996999883], [32.09055143000006, -17.28953100299998], [32.08933446500015, -17.289913032999948], [32.0888764770001, -17.289846027999943], [32.08849548800009, -17.289850027999933], [32.088266495000084, -17.28985402899997], [32.08811349900003, -17.289856028999964], [32.088037501000144, -17.289856028999964], [32.087885504999974, -17.28985802899996], [32.08773251000002, -17.289859028999956], [32.08727852200013, -17.28986502999993], [32.08674453700007, -17.289873030999956], [32.086515544000065, -17.28987503099995], [32.08636354800012, -17.289877030999946], [32.08621055200007, -17.2900250429999], [32.08613455500006, -17.2900250429999], [32.08590956100011, -17.29010204899987], [32.08568056700017, -17.290178054999956], [32.08545157400016, -17.290254060999928], [32.08545557400009, -17.290327066999964], [32.08537857600015, -17.290329066999846], [32.08522658000015, -17.290331066999897], [32.08484459100009, -17.290336067999874], [32.08415861000009, -17.29034406799991], [32.08408161200009, -17.290346068999895], [32.08392961700008, -17.29034806899989], [32.08362462500003, -17.29020505799997], [32.08339563200019, -17.290207057999964], [32.083315634000144, -17.29013405199987], [32.08316263800009, -17.290136051999866], [32.08293764400014, -17.290140052999902], [32.082861647000186, -17.290140052999902], [32.08270865100013, -17.290142052999897], [32.08164468100017, -17.2903760719999], [32.08133969000011, -17.29045307799987], [32.08095770000011, -17.290456077999977], [32.08065270900016, -17.29053508499993], [32.08042771500004, -17.290611090999903], [32.08027472000009, -17.29068509599989], [32.080198722000034, -17.29076010199998], [32.07997372800003, -17.29083610799995], [32.07974473400009, -17.290838108999935], [32.079591739000136, -17.290987119999954], [32.07943974300002, -17.291063125999926], [32.079366745000186, -17.291136131999906], [32.079214749000016, -17.291212137999878], [32.07913775200018, -17.29128614399997], [32.07891275800017, -17.291435155999977], [32.07717380700012, -17.29270125599993], [32.07694881400005, -17.29285026799988], [32.07671982000011, -17.292927273999965], [32.07649482700003, -17.29307728599997], [32.07618983500004, -17.293153291999943], [32.07588484400014, -17.293230297999912], [32.07550685400014, -17.29338230999997], [32.07520186300019, -17.29338630999996], [32.075048867000135, -17.293461315999934], [32.07497286900008, -17.293462315999932], [32.07489687200007, -17.293462315999932], [32.07474387600007, -17.293464316999973], [32.07398489700006, -17.293474317999937], [32.07383190200011, -17.293476317999932], [32.07360290800017, -17.29348031799998], [32.07283992900017, -17.293489318999946], [32.0726879340001, -17.29356432499992], [32.07253493800005, -17.293565324999918], [32.07238594200015, -17.293640330999892], [32.0723099440001, -17.293642330999887], [32.07223394700014, -17.293716336999978], [32.07215794900003, -17.293791342999953], [32.07208095100009, -17.293791342999953], [32.07048699600006, -17.294397390999904], [32.070409998000116, -17.294397390999904], [32.070185004000166, -17.294401391999884], [32.069575022000095, -17.294409392999967], [32.069117034000044, -17.294414392999897], [32.06866004699998, -17.29442039399987], [32.068354055999976, -17.29442439399992], [32.067443082000125, -17.294580406999955], [32.06713709000019, -17.294658412999922], [32.066909097000064, -17.294735418999835], [32.06691209700017, -17.29488042999992], [32.06683609900006, -17.294882429999916], [32.06676010100017, -17.294882430999905], [32.06100026400014, -17.2975906449999], [32.060771269999975, -17.297666650999872], [32.060698272000025, -17.29774165699996], [32.06062227400008, -17.297743656999955], [32.06054627700013, -17.297743656999955], [32.060347282000066, -17.297821663999912], [32.06025228500016, -17.29760164599992], [32.060172287000114, -17.297384628999907], [32.060096289, -17.29723961799982], [32.060096289, -17.2971656119999], [32.060096289, -17.29709260599998], [32.06001529100007, -17.296945594999897], [32.06001529100007, -17.296800582999822], [32.059542304000104, -17.29563349199998], [32.05946630600005, -17.295562485999938], [32.05931031100016, -17.295343468999874], [32.05907731700006, -17.295128451999915], [32.05907731700006, -17.29505344599994], [32.05907731700006, -17.294981439999958], [32.059001319000174, -17.294981440999948], [32.05884832300012, -17.29483842899998], [32.05869232800012, -17.294765423999934], [32.05861533000012, -17.294693417999895], [32.05746336200002, -17.29397636199991], [32.05731136600008, -17.29383134999989], [32.05707837300008, -17.293760344999953], [32.05684937900014, -17.29354332799994], [32.05661738600003, -17.293400316999964], [32.056464390000144, -17.293255304999946], [32.056235396000034, -17.29311229399991], [32.052054512000154, -17.287890883999978], [32.05158952500011, -17.287455849999958], [32.0513605320001, -17.28724083299994], [32.05120353600006, -17.287095821999912], [32.05112753800017, -17.28695081099994], [32.05097154200007, -17.28680579899992], [32.050894545000176, -17.286660787999892], [32.05074254900006, -17.286515776999977], [32.05073854900007, -17.286441770999886], [32.05058555300019, -17.28629775899998], [32.04904159600011, -17.284632628999873], [32.048579609000114, -17.28427260099994], [32.04827061800006, -17.283909571999914], [32.047961626000074, -17.283620549999966], [32.04780563000014, -17.283475537999948], [32.04772863300008, -17.28340253199997], [32.04765263500019, -17.28333252699997], [32.047576637000134, -17.28333252699997], [32.0441047330001, -17.280080271999964], [32.04387574000003, -17.279862254999955], [32.04364374600004, -17.279719243999864], [32.043414753000036, -17.27950222699991], [32.04325775700016, -17.279357214999948], [32.04310576100005, -17.27913919799994], [32.042872768, -17.278922180999814], [32.042643774000055, -17.27877916999995], [32.040477834000114, -17.2763889819999], [32.039706856000066, -17.275518913999974], [32.03955086000013, -17.275301896999963], [32.03947386200019, -17.275228890999927], [32.03947386200019, -17.275156885999934], [32.03939786400008, -17.275156885999934], [32.03939786400008, -17.275083879999954], [32.03858888600013, -17.2715776039999], [32.03858888600013, -17.271431592999875], [32.038665884000125, -17.271284580999975], [32.038661884000135, -17.27106456399997], [32.038653883999984, -17.27047951799989], [32.03864988400005, -17.270185494999907], [32.03864988400005, -17.270113488999982], [32.03864588400006, -17.27004048299989], [32.03831489200019, -17.267700298999898], [32.03831489200019, -17.267627292999975], [32.03831089300013, -17.267406275999974], [32.03830689300014, -17.26718725899991], [32.03838289000015, -17.267040246999898], [32.03837889000016, -17.26682122999989], [32.03845188800017, -17.266599211999903], [32.03845188800017, -17.266380194999897], [32.038523886000064, -17.266159177999953], [32.03859688400007, -17.265865153999925], [32.03859288400008, -17.26564613699992], [32.03859288400008, -17.265426119999915], [32.039324863, -17.263074934999906], [32.03947385800018, -17.26277891099994], [32.039542856000025, -17.262337876999936], [32.039538856000036, -17.26204585399995], [32.039534856000046, -17.261605818999953], [32.03953085600011, -17.261313795999968], [32.039450858000066, -17.261021772999925], [32.039450858000066, -17.26080275599992], [32.03944785800013, -17.260508732999938], [32.03944385900007, -17.260436726999956], [32.03944385799997, -17.260289714999942], [32.03865788000013, -17.258467571999972], [32.038581882000074, -17.258322560999886], [32.03850488400013, -17.258322560999886], [32.03850488400013, -17.25825055499996], [32.03842488600009, -17.25817754899998], [32.03827289100019, -17.258032537999952], [32.038115895000146, -17.25781552099994], [32.03796389900003, -17.257670508999922], [32.03780690400009, -17.25752549799995], [32.03648394000004, -17.255126309999923], [32.03655593800016, -17.254832285999953], [32.03662893600017, -17.254538262999972], [32.036700934000066, -17.254244239999878], [32.03669693400008, -17.25395121699995], [32.03669693400008, -17.25387821099997], [32.03669693400008, -17.253731199999947], [32.03698292500002, -17.252482100999828], [32.037207919000025, -17.252114071999927], [32.037280916999975, -17.251820048999946], [32.0373529150001, -17.251454019999926], [32.037425912000174, -17.25115799699995], [32.037425912000174, -17.25101298499993], [32.03703992300012, -17.250320930999976], [32.03702492300016, -17.249502866999876], [32.03702492300016, -17.249328852999952], [32.03702092300017, -17.249155838999854], [32.037017923000064, -17.24906983199992], [32.037017923000064, -17.24898182599992], [32.03692592600004, -17.248983825999915], [32.03692592600004, -17.24889781899998], [32.03692192600005, -17.24872480499988], [32.03691792600006, -17.24855079199989], [32.037001923, -17.248201763999873], [32.03699892300011, -17.24802774999995], [32.036990924000065, -17.24759271599993], [32.036990924000065, -17.247507708999933], [32.03699092300019, -17.247419702999935], [32.03698292400014, -17.24715968199996], [32.03698292400014, -17.24707267499997], [32.03697892400015, -17.246986667999977], [32.03697892400015, -17.24681265499987], [32.037066921000076, -17.246723647999943], [32.037066921000076, -17.24663764099995], [32.037062921000086, -17.24654963399996], [32.037150919000055, -17.246461626999974], [32.037150919000055, -17.24637661999992], [32.03723891600015, -17.24628661299994], [32.037326914000175, -17.24619860599995], [32.03741791100015, -17.246110598999962], [32.03750590900012, -17.246021591999977], [32.03750590900012, -17.245935584999927], [32.037501909000184, -17.24584757899993], [32.037501909000184, -17.245761571999935], [32.037493909000034, -17.245414543999914], [32.037490909000155, -17.245241530999976], [32.037490909000155, -17.24506751699988], [32.037486909000165, -17.244979509999894], [32.037650904000145, -17.243936427999927], [32.037825899000154, -17.243846420999944], [32.038184889000036, -17.24366540699998], [32.03836388400015, -17.24357639899995], [32.03845588100006, -17.24348839199996], [32.03854287900015, -17.243486391999966], [32.04033582800008, -17.24258932099991], [32.040423825000175, -17.242500313999926], [32.040423825000175, -17.242414306999933], [32.040511823000145, -17.242412306999938], [32.04021383100019, -17.24086318499991], [32.04021083100014, -17.24077617799992], [32.04030182800011, -17.24068817099993], [32.04047382300001, -17.240251136999973], [32.04046982300008, -17.240078122999876], [32.04055782100005, -17.2399021089999], [32.04055382100006, -17.239728095999965], [32.040641818000154, -17.239467074999936], [32.040724816000136, -17.239292060999958], [32.040812813, -17.23902804099987], [32.04090081100003, -17.238855026999943], [32.04098480800013, -17.238505998999926], [32.0410728060001, -17.23832998499995], [32.04106480600018, -17.238070964999906], [32.04106480600018, -17.237896950999982], [32.041148804000045, -17.23763393099989], [32.041144804000055, -17.23737490999997], [32.04122880100016, -17.237111888999948], [32.04101180700013, -17.234944718999884], [32.04091580900018, -17.234772704999955], [32.04091180900002, -17.234599691999847], [32.04081681200006, -17.23433967099993], [32.04081281200013, -17.234080650999886], [32.040717815000164, -17.23382062999997], [32.04062581699998, -17.23373562399985], [32.04062581699998, -17.233649616999912], [32.040621817000044, -17.233561609999924], [32.04053082000007, -17.23338959599988], [32.04043582200018, -17.233218582999882], [32.04034382500009, -17.233044568999958], [32.040248827000084, -17.23278754899991], [32.04015283000001, -17.23261553599997], [32.03840587899998, -17.230820394999967], [32.03813088600009, -17.230565374999912], [32.03803588900013, -17.230391360999874], [32.03785289399997, -17.230307353999876], [32.037669899000036, -17.23013734099993], [32.037486904000104, -17.229880320999882], [32.03711691400002, -17.229538293999838], [32.03693392000014, -17.22936928099989], [32.036658927000076, -17.229111260999957], [32.03638393500006, -17.22885624099996], [32.03308102700015, -17.226132026999892], [32.032894032, -17.22587400699996], [32.032623040000146, -17.22570499299991], [32.03224905000013, -17.225189952999926], [32.031975058, -17.22484792599988], [32.03178806300008, -17.22450289899996], [32.03169606500012, -17.22450489899984], [32.03160506800015, -17.2243328859999], [32.031418073000054, -17.224161871999968], [32.02956012400006, -17.22124064299993], [32.029461127000104, -17.220807607999973], [32.02936513000009, -17.220548587999872], [32.02936513000009, -17.220462580999936], [32.02901413800015, -17.216127239999878], [32.02901413800015, -17.21603923299989], [32.02897613900012, -17.215970226999957], [32.02901413800015, -17.215953225999954], [32.029102136000176, -17.215864218999968], [32.03063909100007, -17.21097683299996], [32.03063909100007, -17.210888826999962], [32.03063609100019, -17.21080281999997], [32.03063609100019, -17.21071581299998], [32.03062809100004, -17.210455791999948], [32.03071608800013, -17.21028077899996], [32.03071208800014, -17.21001975799993], [32.03295902400009, -17.204426316999957], [32.033050021000065, -17.20433730999997], [32.0331340190001, -17.20416129599988], [32.0331340190001, -17.203987281999957], [32.033218016000035, -17.203814267999917], [32.033218016000035, -17.20372626099993], [32.033306014000175, -17.20363825399994], [32.0333940110001, -17.20346324099995], [32.033481009000184, -17.20328722699992], [32.03356500600012, -17.203026205999947], [32.03478997100012, -17.20066101899988], [32.03478597100013, -17.200575012999877], [32.034877968000046, -17.200486005999892], [32.03496096600014, -17.200137977999873], [32.0351329610001, -17.199786949999975], [32.03522095900007, -17.199525929999936], [32.035304956, -17.19926290899997], [32.03530095600007, -17.199003888999925], [32.03538495400005, -17.19865486099991], [32.03566694400013, -17.194394524999836], [32.03566694400013, -17.194309518999887], [32.03566694400013, -17.1942215119999], [32.03565594500003, -17.193700470999943], [32.03565194500004, -17.19335344299992], [32.035735942000144, -17.193004415999837], [32.03613993, -17.19047921599997], [32.036227927000084, -17.19039120899987], [32.036227927000084, -17.19030520299998], [32.03640292200009, -17.190128188999893], [32.03640292200009, -17.18995417499997], [32.03649092000012, -17.18986616799998], [32.036578916999986, -17.189691153999945], [32.036753912000165, -17.18951413999997], [32.03799387700019, -17.188018021999824], [32.03798987700003, -17.187930014999893], [32.03808187499999, -17.187930014999893], [32.038077875000056, -17.187843007999902], [32.03816987200008, -17.187841007999907], [32.03816987200008, -17.18775500099997], [32.03825687, -17.18775300099992], [32.03825687, -17.18766499399993], [32.03825687, -17.187578986999824], [32.03834486700009, -17.187577986999827], [32.03834486700009, -17.18749197999989], [32.0383408670001, -17.187403972999903], [32.0383408670001, -17.1873179669999], [32.038432864000185, -17.18731596599997], [32.03842886500013, -17.18722895999997], [32.03842886500013, -17.187142952999977], [32.03842486500014, -17.187054945999876], [32.03842486500014, -17.186968938999883], [32.03842486500014, -17.18688093199995], [32.03842086499998, -17.186795924999956], [32.03850886200007, -17.186705917999973], [32.03860086000003, -17.186705917999973], [32.03860086000003, -17.18661791099987], [32.03877985500003, -17.186615910999876], [32.03886785200012, -17.18652690399989], [32.038958849000096, -17.186438896999903], [32.03895485000004, -17.186352889999966], [32.03904684700012, -17.18635088999997], [32.03913484399999, -17.18626088299993], [32.039221842000075, -17.18608786899989], [32.039401837000185, -17.18599786199991], [32.03948983400005, -17.18582284799993], [32.03957683200014, -17.185734840999828], [32.03966482900006, -17.185559827999896], [32.039752827000086, -17.185469820999913], [32.03983982400007, -17.18529580699993], [32.04001581900013, -17.1851187929999], [32.04010781700015, -17.185030785999913], [32.04010381700016, -17.184943778999923], [32.04019081400014, -17.184855771999935], [32.04028281200016, -17.184767764999833], [32.040370809000024, -17.18467775799985], [32.04036680900009, -17.184504743999923], [32.04045480700006, -17.184416736999935], [32.04063380200006, -17.1841537169999], [32.04071779900016, -17.183892695999816], [32.04089279400017, -17.183541667999975], [32.04098079200014, -17.183365653999886], [32.041064789000075, -17.183190640999896], [32.0411527870001, -17.183016626999972], [32.0411527870001, -17.18292861999987], [32.04123978400008, -17.182753605999892], [32.041236784000034, -17.182667598999956], [32.04184676700015, -17.181355495999924], [32.04193476400002, -17.18126548799995], [32.041930764000085, -17.181092474999957], [32.041930764000085, -17.181006467999907], [32.042018762000055, -17.181004467999855], [32.042018762000055, -17.18091846099992], [32.042018762000055, -17.18083045399993], [32.04210575900004, -17.180828453999936], [32.04210575900004, -17.18074344699994], [32.04495567700013, -17.173496874999955], [32.045043674000055, -17.17349487499996], [32.045043674000055, -17.173408867999967], [32.04513067200014, -17.173320860999866], [32.045218669000064, -17.173145846999944], [32.045306667000034, -17.17305583999996], [32.04548166200004, -17.172618805999946], [32.04565765700016, -17.172443791999967], [32.045836652000105, -17.17226577799994], [32.04592064900004, -17.17209076399996], [32.046012647, -17.172002756999973], [32.04609964400004, -17.17191474999987], [32.04609964400004, -17.171827742999938], [32.04741260600014, -17.16604728699997]]]]}}, {"type": "Feature", "properties": {"GID_3": "ZWE.5.8.13_2", "GID_0": "ZWE", "COUNTRY": "Zimbabwe", "GID_1": "ZWE.5_1", "NAME_1": "Mashonaland East", "NL_NAME_1": "NA", "GID_2": "ZWE.5.8_2", "NAME_2": "Mutoko", "NL_NAME_2": "NA", "NAME_3": "Ward 20", "VARNAME_3": "NA", "NL_NAME_3": "NA", "TYPE_3": "Ward", "ENGTYPE_3": "Ward", "CC_3": "NA", "HASC_3": "NA", "id": "ZWE.5.8.13_2", "name": "Ward 20"}, "geometry": {"type": "MultiPolygon", "coordinates": [[[[32.18801772000012, -17.397764486999847], [32.197115464000035, -17.396473382999943], [32.19793877900008, -17.39629951199987], [32.19817467200011, -17.395446424999875], [32.20619150500005, -17.38948377699984], [32.20593972600011, -17.389962351999827], [32.2147031400001, -17.384481884999957], [32.22039082900005, -17.39230601999992], [32.23592137100019, -17.39552129799995], [32.23607436700007, -17.39559430399987], [32.249474991000056, -17.39867254199993], [32.24964298599997, -17.3988505559999], [32.25197692200004, -17.406123125999898], [32.252592156000105, -17.406016526999963], [32.25339610900011, -17.41248284699998], [32.255837817000156, -17.419239155999946], [32.26085368000014, -17.43333226099992], [32.26077768200008, -17.43394430899997], [32.250508972000034, -17.436630522999963], [32.25019998100015, -17.436633522999955], [32.224195715000064, -17.443058033999876], [32.226251655, -17.436805542999878], [32.22632765300011, -17.436803542999826], [32.21293902900004, -17.433904317999918], [32.212863031000154, -17.433906318999902], [32.21278603300016, -17.433906318999902], [32.196829484000034, -17.438876712999956], [32.18835772300008, -17.441476918999967], [32.18821272700018, -17.44149392099996], [32.18780473800007, -17.437968643999966], [32.1802479480001, -17.431623147999915], [32.17742502800013, -17.43173315699994], [32.17785201500004, -17.429455977999908], [32.18768273800015, -17.42874291999982], [32.18776973300015, -17.417763057999935], [32.187766733000046, -17.417616045999864], [32.18787272500015, -17.402308843999947], [32.187766728000156, -17.401941814999873], [32.18781172600012, -17.399525624999967], [32.18801772000012, -17.397764486999847]]]]}}, {"type": "Feature", "properties": {"GID_3": "ZWE.5.8.14_2", "GID_0": "ZWE", "COUNTRY": "Zimbabwe", "GID_1": "ZWE.5_1", "NAME_1": "Mashonaland East", "NL_NAME_1": "NA", "GID_2": "ZWE.5.8_2", "NAME_2": "Mutoko", "NL_NAME_2": "NA", "NAME_3": "Ward 21", "VARNAME_3": "NA", "NL_NAME_3": "NA", "TYPE_3": "Ward", "ENGTYPE_3": "Ward", "CC_3": "NA", "HASC_3": "NA", "id": "ZWE.5.8.14_2", "name": "Ward 21"}, "geometry": {"type": "MultiPolygon", "coordinates": [[[[32.06027932100005, -17.41689302399982], [32.06047731500013, -17.41689302399982], [32.07582388300017, -17.416598996999824], [32.091783434000035, -17.415586912999913], [32.091779434000046, -17.415467903999854], [32.09190543000017, -17.415467903999854], [32.09252341300004, -17.415464902999872], [32.10204514400016, -17.413764766999975], [32.10204514400016, -17.41364675799997], [32.10216714100005, -17.413644756999815], [32.10414708500008, -17.413518746999955], [32.134442231000094, -17.40805030899992], [32.134564227000055, -17.40805030899992], [32.14309798700003, -17.4065891919999], [32.143360979000136, -17.406585191999966], [32.143592973000125, -17.406587191999847], [32.153480694000166, -17.404407017999915], [32.15360669000012, -17.404407017999915], [32.15360669000012, -17.40428700799987], [32.15434666900012, -17.404045988999883], [32.155086649000054, -17.40380596999995], [32.15706659300008, -17.40355994999993], [32.168693265, -17.402100831999974], [32.16881526200007, -17.40208483099991], [32.16881526200007, -17.40196482199991], [32.16893725800003, -17.40196482199991], [32.169559241000115, -17.40184281199987], [32.18735773900016, -17.39784449299998], [32.18748073500018, -17.39784449299998], [32.18748073500018, -17.397726483999975], [32.18760573200012, -17.39772448399998], [32.18801772000012, -17.397764486999847], [32.18781172600012, -17.399525624999967], [32.187766728000156, -17.401941814999873], [32.18787272500015, -17.402308843999947], [32.187766733000046, -17.417616045999864], [32.18776973300015, -17.417763057999935], [32.18768273800015, -17.42874291999982], [32.17785201500004, -17.429455977999908], [32.17742502800013, -17.43173315699994], [32.1802479480001, -17.431623147999915], [32.18780473800007, -17.437968643999966], [32.18821272700018, -17.44149392099996], [32.18823572700012, -17.441699936999953], [32.16011052000016, -17.44946155399998], [32.1266172390001, -17.459749992999946], [32.12588648700006, -17.45997438799992], [32.125739192000026, -17.46001665599988], [32.12553149700017, -17.46008439699989], [32.12374954700016, -17.45798223299994], [32.12374954700016, -17.457910226999957], [32.1236735490001, -17.457910226999957], [32.12209059300005, -17.45646611399991], [32.12201459500017, -17.45646611399991], [32.12201459500017, -17.456394107999927], [32.12201459500017, -17.45631910299994], [32.12193459700012, -17.456249096999898], [32.12193459700012, -17.45610208599993], [32.12193459700012, -17.456027079999842], [32.12192259699998, -17.455295021999916], [32.12192259699998, -17.455222015999937], [32.12191859700005, -17.45500299899993], [32.12191859700005, -17.454930993999938], [32.12191859700005, -17.454855987999906], [32.12191859700005, -17.454783981999924], [32.12191559700011, -17.45470897599995], [32.12191159700018, -17.454417952999904], [32.12191159700018, -17.454270941999937], [32.12190759700019, -17.454123929999923], [32.12190759700019, -17.454050924999933], [32.12183159900013, -17.454050924999933], [32.12183159900013, -17.453978918999837], [32.12175460200007, -17.453978918999837], [32.121678604000124, -17.45398091899989], [32.12160260600007, -17.453982918999884], [32.12152560800013, -17.453909913999894], [32.12129361400008, -17.453839907999964], [32.12121661700019, -17.453839907999964], [32.12000365100005, -17.45429494399997], [32.11992765300016, -17.45429494399997], [32.11992765300016, -17.454369949999943], [32.11985165500005, -17.454369949999943], [32.119702659000154, -17.454518961999952], [32.11962666200003, -17.454518961999952], [32.11954966400003, -17.45459296799993], [32.11947366600015, -17.45459496799998], [32.11939766800009, -17.4546689739999], [32.119244672000036, -17.454743979999876], [32.11917267400008, -17.4548909909999], [32.11901967900013, -17.45496699699987], [32.11886768300019, -17.455041002999963], [32.11879068500019, -17.455043002999957], [32.118718687000126, -17.455118008999932], [32.11864168900013, -17.455118008999932], [32.11848969400006, -17.455194014999904], [32.11826070000012, -17.455268020999938], [32.11810770500017, -17.455345026999964], [32.11788271100005, -17.45542103299988], [32.11773071500011, -17.45549503899997], [32.1175777200001, -17.455571044999942], [32.11750172200004, -17.455644050999922], [32.11734872599999, -17.455646050999917], [32.11727672800009, -17.455720056999837], [32.11712373200004, -17.455797062999977], [32.117047735000085, -17.455797062999977], [32.11697173699997, -17.455945074999875], [32.116818741000145, -17.45594707499987], [32.116669745000024, -17.456022080999958], [32.116517750000185, -17.456096086999935], [32.11636475400013, -17.45609808699993], [32.116288756000074, -17.45617209299985], [32.11621275800019, -17.456174092999902], [32.116059762000134, -17.456249098999933], [32.11590676700018, -17.456251098999815], [32.11575877100017, -17.456327104999957], [32.115681773000176, -17.456327104999957], [32.11552977700006, -17.45640311099993], [32.11545278000017, -17.45640311099993], [32.115300784, -17.456477116999963], [32.11514778800017, -17.456479116999958], [32.114995793000105, -17.456556122999928], [32.11484279700005, -17.45655812299998], [32.1146178030001, -17.45663412899995], [32.114541805000044, -17.45663412899995], [32.11446480800015, -17.45670813499987], [32.11438881000004, -17.456710134999867], [32.114236814000094, -17.456712135999965], [32.1141598160001, -17.456712135999965], [32.11408381800004, -17.456714135999846], [32.11408381800004, -17.456640129999926], [32.114007820000154, -17.45664212999992], [32.11393082300009, -17.45664212999992], [32.11385482500003, -17.45656912399994], [32.11377482700016, -17.456424112999912], [32.1136988290001, -17.456426112999907], [32.1136218310001, -17.45635410799997], [32.113545833000046, -17.456281101999878], [32.113392838000095, -17.456283101999873], [32.11338983799999, -17.45621009599995], [32.11331284000005, -17.45621009599995], [32.11316084400005, -17.456140090999952], [32.11308384600011, -17.456067084999972], [32.112855853000156, -17.455997079999918], [32.11269885700011, -17.455926073999933], [32.11254686100017, -17.455854068999827], [32.11246986300017, -17.455781062999904], [32.11239386600005, -17.4557830629999], [32.112317868000105, -17.455711057999963], [32.112240870000164, -17.455711057999963], [32.11223787000006, -17.45563805199987], [32.11216087200012, -17.455566045999888], [32.11200887600012, -17.455421034999972], [32.11193187800018, -17.455423034999967], [32.111851881, -17.455278023999938], [32.11177588300012, -17.455278023999938], [32.111699885000064, -17.45520501799996], [32.11154688900018, -17.455135012999904], [32.11131389600018, -17.45499200099988], [32.111085902000184, -17.454920995999885], [32.11093290600013, -17.45492299599988], [32.11085690900012, -17.454850989999954], [32.11077991100018, -17.454850989999954], [32.110703913000066, -17.45485199099994], [32.11062791500018, -17.45485199099994], [32.110318924000126, -17.454710979999902], [32.10993693400013, -17.454642973999967], [32.10886896400007, -17.454581969999822], [32.108563973000116, -17.45451296499988], [32.10848797500006, -17.454514964999873], [32.108334979000176, -17.454516964999925], [32.10818298400011, -17.45451896499992], [32.10810598600017, -17.45451896499992], [32.10802998800011, -17.45459297099984], [32.10780099400017, -17.454594970999892], [32.10780099400017, -17.454668976999926], [32.10772499700016, -17.454668976999926], [32.107648999000105, -17.454670976999978], [32.1075760010001, -17.454745982999953], [32.10750000300004, -17.454745982999953], [32.107423005000044, -17.454747982999947], [32.10734700700016, -17.45482198899998], [32.1072710090001, -17.45482198899998], [32.10711801400015, -17.454897994999953], [32.10704201600004, -17.454897994999953], [32.10696601800015, -17.45489999499995], [32.10696601800015, -17.454973000999928], [32.10644703300011, -17.45615109399995], [32.10644703300011, -17.456224098999883], [32.1064510330001, -17.45629610499998], [32.1064510330001, -17.45644311699988], [32.1064510330001, -17.456518121999977], [32.10637803500009, -17.45666413399988], [32.106306037000024, -17.456886150999935], [32.10615304200002, -17.457107168999926], [32.10615704200018, -17.45725417999995], [32.10608104400012, -17.45740119199985], [32.10585605000017, -17.457624208999903], [32.10547806100004, -17.45799423899996], [32.10510007200014, -17.458291261999932], [32.10479908000008, -17.458589285999892], [32.10472308200019, -17.458589285999892], [32.10472308200019, -17.458663290999823], [32.10465008400001, -17.458736296999916], [32.10457408700006, -17.458738296999968], [32.10457408700006, -17.458810302999893], [32.104498089000174, -17.45888530899998], [32.10442109100018, -17.45888630899998], [32.10434509300012, -17.458961314999954], [32.104273095, -17.45903331999989], [32.10412009900017, -17.459110326999962], [32.103895106000095, -17.459333343999845], [32.1035901140001, -17.45948235599991], [32.10344111900008, -17.459630367999978], [32.103365121000024, -17.459632367999973], [32.10328812300003, -17.459632367999973], [32.10328812300003, -17.459707373999947], [32.10306312900008, -17.45992839099995], [32.10291113400001, -17.46000439699992], [32.10283413600007, -17.460079402999952], [32.10268214000007, -17.46015340899993], [32.10245714700005, -17.460302420999824], [32.102155155000105, -17.460525437999877], [32.101850163999984, -17.460603443999958], [32.10154517200016, -17.460754455999904], [32.10132017900014, -17.460828461999824], [32.10124418100003, -17.46090346799997], [32.10109118499997, -17.460904467999967], [32.10101518700009, -17.460979473999885], [32.10093819000002, -17.460981473999936], [32.100862192000136, -17.460981473999936], [32.10078619400008, -17.460983474999864], [32.10048120200008, -17.460986474999913], [32.10040420500019, -17.460986474999913], [32.10032820700013, -17.46091446899993], [32.10009921300019, -17.460918469999967], [32.09994721700019, -17.460847463999983], [32.09987022000013, -17.460847463999983], [32.09979022200008, -17.460775457999944], [32.09963822600014, -17.46077745899987], [32.09956122800014, -17.46070445299995], [32.09933223500013, -17.46070845299994], [32.099180239000134, -17.460710453999923], [32.09910424100008, -17.460710453999923], [32.09902724300014, -17.460712453999975], [32.097509286, -17.461170489999972], [32.097509286, -17.46124449599995], [32.097433288000104, -17.46124449599995], [32.097433288000104, -17.461316501999875], [32.09735629100004, -17.461391507999963], [32.09720829500009, -17.461467513999935], [32.09713129700009, -17.46154251899992], [32.09705529900003, -17.46154251899992], [32.09682630599997, -17.46169053099993], [32.09652531400013, -17.46191554899997], [32.09637631800007, -17.46206255999988], [32.09622432300017, -17.46213956699995], [32.095922331000054, -17.46243458999993], [32.09584633300017, -17.462509595999904], [32.095697338000036, -17.462657606999983], [32.095468344000096, -17.462734612999952], [32.0953163480001, -17.462808618999873], [32.09523935100003, -17.462882624999963], [32.09524335000009, -17.462957630999938], [32.095167353000136, -17.462957630999938], [32.09501435700008, -17.463106642999946], [32.094938359000025, -17.463106642999946], [32.09486236100014, -17.463180648999924], [32.09478536300014, -17.46318264899992], [32.09456037000007, -17.46325865499989], [32.09433137600013, -17.463260654999885], [32.09417938100012, -17.46326265499988], [32.094103383, -17.463264654999932], [32.09402638500006, -17.463264654999932], [32.09395038700018, -17.46326665599986], [32.093874389000064, -17.46326665599986], [32.09356839800006, -17.463270655999906], [32.09349240000017, -17.463271655999904], [32.093416402000116, -17.463271655999904], [32.09334040400006, -17.4632736559999], [32.09325940600007, -17.463201650999963], [32.09318340900012, -17.463201650999963], [32.09310741100006, -17.46312864499987], [32.09295441500018, -17.46313064499998], [32.092802419, -17.463132644999973], [32.09264942400006, -17.46298963399994], [32.092493428000125, -17.462917628999946], [32.09234043200007, -17.462772616999928], [32.09218843600013, -17.462701611999933], [32.091943443, -17.46167953199989], [32.091867445000105, -17.46160652599997], [32.09179144700005, -17.461608525999964], [32.0916384520001, -17.46161052599996], [32.09156245400004, -17.46161052599996], [32.09140945800016, -17.461612526999943], [32.089372516000026, -17.46347067299996], [32.08800355500017, -17.463851702999932], [32.087927557000114, -17.463853702999927], [32.08785055900012, -17.463853702999927], [32.08777456100006, -17.46385570399991], [32.08770156300005, -17.463930708999897], [32.08754956700011, -17.463931709999883], [32.0874735700001, -17.46400671599997], [32.087320574000046, -17.464008715999967], [32.08724457600016, -17.464008715999967], [32.08701558200005, -17.46408472199994], [32.08625660400014, -17.464313739999966], [32.086179606000144, -17.46431573999996], [32.08610360800009, -17.46431573999996], [32.08602761000003, -17.464317739999956], [32.08587461500008, -17.464391745999933], [32.085798616999966, -17.464393745999928], [32.08564562100014, -17.464467751999848], [32.085569623000026, -17.4644697519999], [32.08549362500014, -17.4644697519999], [32.085416628000075, -17.464471752999827], [32.08534463000018, -17.464471752999827], [32.08526863200012, -17.46447375299988], [32.085191634000125, -17.46447375299988], [32.08511563600007, -17.464475752999874], [32.08411966400007, -17.464414747999967], [32.084043666000184, -17.4644147489999], [32.08396766800013, -17.464416748999895], [32.083891670000014, -17.464416748999895], [32.08381467300012, -17.464418748999947], [32.080747759000076, -17.46299163799995], [32.080743759000086, -17.46291963199991], [32.080591763000086, -17.462921631999905], [32.080591763000086, -17.46284662599993], [32.08043876700009, -17.462776620999875], [32.080362768999976, -17.462776620999875], [32.07990478200003, -17.462781621999966], [32.07982878400014, -17.46278362199996], [32.079752786000086, -17.46278362199996], [32.07967578900019, -17.462711615999922], [32.07914180400013, -17.462718616999894], [32.07898980800019, -17.46272061699989], [32.07898980800019, -17.46264661099997], [32.07891281000019, -17.462648610999963], [32.078836812000134, -17.462648610999963], [32.07876081400008, -17.462650611999948], [32.07868081700008, -17.462577605999968], [32.07852782100002, -17.462507599999924], [32.07829882700008, -17.462362588999838], [32.07821883000014, -17.462289582999915], [32.078066834000026, -17.462219577999974], [32.07798983600003, -17.46222157799997], [32.07791383800014, -17.46207456699989], [32.077833840000096, -17.462001560999965], [32.077833840000096, -17.46192955499987], [32.077833840000096, -17.46185654999988], [32.07775784200004, -17.461784543999954], [32.07775384200005, -17.46170953799998], [32.077676845000155, -17.46156452699995], [32.07752484900004, -17.461419514999875], [32.077444851000166, -17.46134750999994], [32.077444851000166, -17.46127450399996], [32.07736785300017, -17.461130492999928], [32.07728785500012, -17.461057486999948], [32.07728785500012, -17.46098348099997], [32.07728785500012, -17.460910474999935], [32.07720785800018, -17.460765463999962], [32.077207857000076, -17.46069145799993], [32.077207857000076, -17.460618452999938], [32.077207857000076, -17.460546446999956], [32.07712786000013, -17.460399434999943], [32.077051862000076, -17.460254423999913], [32.07697186400003, -17.460035406999907], [32.07689486600003, -17.459964400999922], [32.07689186600015, -17.45974338399992], [32.07681186800011, -17.459525366999912], [32.07681186800011, -17.459451360999935], [32.07673487000011, -17.459379354999896], [32.07673087000012, -17.45923434399998], [32.076654873000166, -17.459014326999977], [32.07657487500012, -17.4588693149999], [32.07657487500012, -17.45872230399982], [32.07649487700007, -17.458577292999905], [32.07641887900019, -17.45843128099989], [32.07634188100019, -17.458358274999966], [32.07633888100014, -17.45821326399988], [32.07626188300014, -17.45806625199998], [32.07618188600003, -17.45792124099995], [32.07610588800014, -17.45784923499997], [32.07610588800014, -17.45777622999998], [32.076025890000096, -17.45770422399994], [32.076025890000096, -17.457557212999973], [32.07594589200005, -17.457412200999954], [32.075792896000166, -17.457195183999943], [32.07578889600018, -17.45712017799997], [32.07571289800012, -17.45697516699994], [32.07555590300018, -17.456758149999928], [32.0747019260001, -17.455524052999976], [32.07462592900015, -17.455524052999976], [32.07462592900015, -17.455451047999873], [32.07454893100015, -17.455451047999873], [32.07454893100015, -17.455379041999947], [32.074472933000095, -17.455379041999947], [32.07439293500005, -17.45523403099986], [32.07439293500005, -17.45516102499994], [32.074239939000165, -17.455163024999933], [32.074087944000155, -17.45516502499993], [32.0739349480001, -17.455093019999936], [32.0737829520001, -17.455095019999817], [32.0737829520001, -17.455022013999894], [32.07370595400016, -17.455022013999894], [32.07347396100005, -17.454806996999878], [32.073320965000164, -17.454733991999944], [32.07324096700012, -17.454663985999957], [32.07308797200017, -17.454590980999853], [32.07293597600005, -17.454520974999923], [32.072858978000056, -17.454520974999923], [32.072858978000056, -17.454447968999943], [32.07278298000017, -17.454447968999943], [32.072630984, -17.45437696399989], [32.072553987000106, -17.45437696399989], [32.07247798900005, -17.454378963999886], [32.072324993, -17.45438096399988], [32.07224899500011, -17.45438096399988], [32.07216899700006, -17.45431095899994], [32.07209300000011, -17.45431095899994], [32.07201600200011, -17.45423795299996], [32.071940004000055, -17.454239952999956], [32.07186400600017, -17.454239952999956], [32.071788008000055, -17.45424195399994], [32.071711010000115, -17.45424195399994], [32.071559014000115, -17.454171947999896], [32.07148201700005, -17.454098941999973], [32.07133002100011, -17.4541009429999], [32.071173025000064, -17.454027936999978], [32.07109702700018, -17.454029936999973], [32.071021030000054, -17.453957930999877], [32.07094503200017, -17.453959931999975], [32.07086803400017, -17.45388692599994], [32.070792036000114, -17.453814919999957], [32.070716038, -17.453741914999966], [32.070483045, -17.453598902999943], [32.07033004900018, -17.453526897999893], [32.07017405300002, -17.453381886999978], [32.070021058000066, -17.453238874999954], [32.06986506200013, -17.45309386399998], [32.06971206600008, -17.453020857999945], [32.06971206600008, -17.452948852999953], [32.06963606800019, -17.452875846999973], [32.069403075000025, -17.452660829999957], [32.069251079000026, -17.452515818999927], [32.06917108099998, -17.452368806999914], [32.06909408300004, -17.45229780199992], [32.06901408500016, -17.452078784999912], [32.06893808799998, -17.45200677899993], [32.068858090000106, -17.4518617679999], [32.068858090000106, -17.451714755999888], [32.06878209200005, -17.451641749999908], [32.06877809200006, -17.451494738999884], [32.06870109400012, -17.451277721999872], [32.06862109600007, -17.451130709999973], [32.068541098000026, -17.45091369299996], [32.068541098000026, -17.450838686999873], [32.068465101000015, -17.450693675999958], [32.06838510299997, -17.450621669999975], [32.06830910500008, -17.450476658999946], [32.06830910500008, -17.45040265299997], [32.068152109000096, -17.450259641999935], [32.068000113000096, -17.45011463099985], [32.06792311600003, -17.450041624999926], [32.067843118000155, -17.449969618999944], [32.06769112200004, -17.449824607999915], [32.067614124000045, -17.44982660799991], [32.06753812600016, -17.44975360199993], [32.06738513100004, -17.44975560299997], [32.067229135000105, -17.449683596999876], [32.06707613900005, -17.449684596999873], [32.067000141000165, -17.44968659699998], [32.0668481460001, -17.449688597999966], [32.066695150000044, -17.449690597999847], [32.06661915200016, -17.449690597999847], [32.06654615400015, -17.449765603999936], [32.06647015600009, -17.449766603999933], [32.06639415900008, -17.449766603999933], [32.06631716100014, -17.449841609999908], [32.06608816700003, -17.44991761599988], [32.06578317600008, -17.449993621999965], [32.06563418000019, -17.450070627999935], [32.06555818200013, -17.450144633999912], [32.06555818200013, -17.450217638999845], [32.065482184000075, -17.450218639999946], [32.06540918600007, -17.450365650999913], [32.06525719100017, -17.450440656999888], [32.065181193000114, -17.450442656999883], [32.065181193000114, -17.450589668999896], [32.062682264000046, -17.452084786999876], [32.0626062660001, -17.452084786999876], [32.0626062660001, -17.452011780999953], [32.062453270000105, -17.45201378099995], [32.062377272, -17.451941775999956], [32.06222427700004, -17.451868769999862], [32.06199128300011, -17.451800764999916], [32.06183928700017, -17.451727758999937], [32.06176328900011, -17.451655752999898], [32.061530296000115, -17.451439736999873], [32.061301302000174, -17.45129472499997], [32.06114530700012, -17.451077707999957], [32.06091631300018, -17.450934696999923], [32.06075931700019, -17.450789685999837], [32.06068332000018, -17.450716679999914], [32.060603322000134, -17.450571668999828], [32.06052732400008, -17.45042665699998], [32.06037032800003, -17.450135633999878], [32.06029033000016, -17.449990622999962], [32.0602143320001, -17.44984361199988], [32.060137335000036, -17.449698599999977], [32.0599813390001, -17.449553588999947], [32.05982534300017, -17.44933557199994], [32.05974834500017, -17.449190559999863], [32.05966834800006, -17.44897154299997], [32.05951235200013, -17.448754525999846], [32.05943635400001, -17.448681520999912], [32.05935935600007, -17.448536508999837], [32.05920336000014, -17.448319491999825], [32.05904636500003, -17.448027468999896], [32.05881437099998, -17.447811451999883], [32.05866137600003, -17.447666440999967], [32.0585053800001, -17.447449423999956], [32.058352384000045, -17.447304412999927], [32.05819638800011, -17.44715940099985], [32.057967395000105, -17.446942384999943], [32.05781139900017, -17.44679737299998], [32.05758240600011, -17.44665436199989], [32.05750540800017, -17.446581355999967], [32.05719641600018, -17.446440344999928], [32.05696742300012, -17.446295333999956], [32.056811427000184, -17.446224327999914], [32.05673542900013, -17.44615232299992], [32.05673542900013, -17.446080316999826], [32.05658243400018, -17.446007311999892], [32.05650243600013, -17.44593530599991], [32.056349440000076, -17.44579029499988], [32.05619744400008, -17.44564728299997], [32.05596445100008, -17.445502271999942], [32.05565945900008, -17.44543326699994], [32.05550346400008, -17.445288254999923], [32.05535046800003, -17.445217249999928], [32.051669571, -17.443579121999903], [32.051669571, -17.443505115999926], [32.05166557100006, -17.443432110999936], [32.05166557100006, -17.443358104999902], [32.05166557100006, -17.443285098999922], [32.051512575000174, -17.443140087999893], [32.051432578, -17.442995076999978], [32.05135658000012, -17.44285006499996], [32.05127658200007, -17.442778059999966], [32.051200584000185, -17.442705053999873], [32.05112358600002, -17.44256004199997], [32.05104358799997, -17.44241403099994], [32.05089159300013, -17.44226901999997], [32.05088759300014, -17.44212400799995], [32.05073459700009, -17.44205100299996], [32.05065859900003, -17.441905990999942], [32.0505026030001, -17.441835985999944], [32.05042560600003, -17.441762979999908], [32.05034960800015, -17.441762979999908], [32.05027361000003, -17.441690973999982], [32.05019661200009, -17.441692974999967], [32.05019661200009, -17.441617968999935], [32.050116614000046, -17.44154796299989], [32.04996461800005, -17.44154796299989], [32.04965962700015, -17.441406951999966], [32.0495066310001, -17.441407951999963], [32.04943063300004, -17.441335946999914], [32.04935363600015, -17.441335946999914], [32.04920163999998, -17.44133794699991], [32.04912464200004, -17.441339946999904], [32.04904864400015, -17.441339946999904], [32.04897264600004, -17.4413419469999], [32.04550074400004, -17.44138395199991], [32.04542474600015, -17.441385951999905], [32.04527274999998, -17.44138695199996], [32.04519575300009, -17.44138695199996], [32.04511975500003, -17.441314945999977], [32.045043757000144, -17.44131694699996], [32.044966758999976, -17.44131694699996], [32.04489076100009, -17.441243940999982], [32.04465776800009, -17.441173934999938], [32.04450577200015, -17.441102929999943], [32.04442977400004, -17.441030923999904], [32.04427677800004, -17.441032924999888], [32.0442007800001, -17.441034924999883], [32.044047785000146, -17.440889912999978], [32.043818791000035, -17.440891913999963], [32.043662796000035, -17.440820907999978], [32.043433802000095, -17.440749902999926], [32.04335780399998, -17.440749902999926], [32.04258682600016, -17.43995483999987], [32.042506828000114, -17.439882834999878], [32.042506828000114, -17.439809828999955], [32.04243083000006, -17.439809828999955], [32.04243083000006, -17.439737822999973], [32.04235383200006, -17.43966481799987], [32.04235083200018, -17.439592811999944], [32.042273834000184, -17.439519805999964], [32.042273834000184, -17.43937279499994], [32.042269834000024, -17.439300788999958], [32.041938844000185, -17.43901076599991], [32.041938844000185, -17.43893776099992], [32.042014841000025, -17.438936760999923], [32.042014841000025, -17.438863754999943], [32.04209083900008, -17.438863754999943], [32.04216683700014, -17.438789748999852], [32.04216683700014, -17.438714742999935], [32.042239835000146, -17.438714742999935], [32.04231583300003, -17.438640736999957], [32.04246882800015, -17.43856573099987], [32.04254482600004, -17.43841771999996], [32.04262082400015, -17.43841771999996], [32.04269382200016, -17.438342713999816], [32.042769820000046, -17.438340713999935], [32.042769820000046, -17.438268707999896], [32.0428458180001, -17.438194701999976], [32.0429228160001, -17.438194701999976], [32.042998813000054, -17.438119695999944], [32.042994813000064, -17.43797268499992], [32.04307181100006, -17.437970683999936], [32.04307181100006, -17.437898678999943], [32.04307181100006, -17.437825672999907], [32.04314780900012, -17.437824672999852], [32.04314380900013, -17.43775166699993], [32.04314380900013, -17.437677660999952], [32.04321980700007, -17.437604655999962], [32.04321580700008, -17.43745764399995], [32.04321580700008, -17.43738363799997], [32.04329280500002, -17.437309631999938], [32.043364803000145, -17.43716262099997], [32.043364803000145, -17.437015608999957], [32.04344180100014, -17.436868597999876], [32.04343780100015, -17.436795591999953], [32.043513798000106, -17.436721585999976], [32.043513798000106, -17.436574574999952], [32.04358679600011, -17.43642756299988], [32.043662794, -17.43628055199997], [32.04373479200012, -17.43605953399998], [32.04380779000013, -17.4359125229999], [32.04388378800019, -17.43583851699998], [32.043956786000024, -17.43561749899993], [32.04403278300015, -17.435470487999908], [32.04418477900015, -17.435321475999956], [32.044257777000155, -17.435100458999955], [32.044257777000155, -17.435027452999975], [32.04432977500005, -17.434806435999974], [32.044478771000115, -17.43458541799987], [32.04455176900012, -17.434366400999977], [32.04462376600014, -17.434072377999883], [32.04469976400003, -17.433776354999907], [32.04484876000009, -17.433482331999983], [32.0448447600001, -17.433189308999943], [32.04491775800011, -17.432969290999836], [32.04491775800011, -17.432895284999915], [32.04491375800012, -17.432822279999925], [32.04573773400011, -17.431421168999975], [32.04588673000018, -17.4312721579999], [32.04603872600012, -17.431125145999943], [32.046263719000024, -17.43097413399994], [32.04634071700019, -17.430755116999933], [32.046488713000144, -17.430459093999957], [32.04656171100015, -17.43024007599996], [32.04663770900004, -17.430091064999885], [32.04663370900005, -17.429944052999815], [32.04671070600011, -17.429797041999905], [32.04670670600018, -17.42957802399991], [32.046778704000076, -17.429431012999885], [32.046778704000076, -17.429357006999908], [32.046778704000076, -17.429284000999928], [32.04685570200007, -17.429136989999904], [32.04692770000014, -17.42898897799995], [32.04692770000014, -17.428915971999913], [32.04700069800015, -17.428768960999946], [32.04707669600003, -17.42876696099995], [32.04715269400009, -17.42869295499986], [32.0473056890001, -17.42854594299996], [32.047377687000164, -17.428396930999952], [32.04753068300005, -17.428322925999964], [32.04768267900016, -17.428248919999874], [32.04767967900011, -17.4281739139999], [32.047755676000065, -17.4281739139999], [32.04783167400018, -17.428171913999904], [32.04790867200012, -17.428171913999904], [32.04798467, -17.42816991299992], [32.04806066800012, -17.42816991299992], [32.048136666000175, -17.428168912999922], [32.04821766300006, -17.42824091899996], [32.04836965900017, -17.428238918999966], [32.048522655000056, -17.428311923999956], [32.04867465100017, -17.42845493599998], [32.04875164900017, -17.42845493599998], [32.04875164900017, -17.428526940999973], [32.04883164600011, -17.428599946999896], [32.048907644, -17.42874495799998], [32.049063640000156, -17.428889969999886], [32.04921663599998, -17.429106986999898], [32.049296633000154, -17.429178991999947], [32.049296633000154, -17.429253997999922], [32.04937263100004, -17.42939900999994], [32.04944962899998, -17.429471014999933], [32.04952962700003, -17.429616026999952], [32.04960562500014, -17.429689031999942], [32.04960562500014, -17.429761037999924], [32.049681623000026, -17.429761037999924], [32.04968562300019, -17.42983404399996], [32.04976262100013, -17.429906048999953], [32.049914616000024, -17.429979054999933], [32.050143610000134, -17.429975054999886], [32.05029960500019, -17.430120065999972], [32.050448601000085, -17.430118065999977], [32.050677595000025, -17.43011406499994], [32.050677595000025, -17.429969053999912], [32.05075359300008, -17.429967053999917], [32.050830590000146, -17.42982004199996], [32.0509785860001, -17.42959902499996], [32.051051584000106, -17.42937800699997], [32.05120058, -17.429156989999967], [32.05127657800011, -17.429009978999886], [32.05134857600018, -17.42886096699982], [32.05150157100013, -17.428713954999978], [32.051573569000084, -17.42849293799992], [32.051650567000024, -17.428417931999945], [32.05172256500015, -17.428196914999944], [32.05179956300009, -17.42812490899985], [32.05179956300009, -17.42797789699995], [32.051947558000165, -17.42790089099998], [32.05202455600016, -17.427754879999952], [32.05210055400005, -17.427679873999978], [32.05209655400006, -17.42760786799994], [32.05217255200017, -17.427532861999964], [32.05224955000011, -17.427458855999873], [32.05239754600012, -17.42730984499991], [32.05262653900013, -17.42708882699992], [32.05285153300008, -17.426865809999924], [32.0530005280001, -17.426644791999934], [32.05322952200004, -17.426567785999964], [32.0533785180001, -17.426346768999963], [32.053454515000055, -17.426272762999872], [32.05353051300017, -17.426197756999898], [32.053603511000176, -17.426123750999977], [32.05367950900006, -17.426048744999946], [32.053832505000116, -17.42590273399992], [32.05390450300018, -17.425753721999854], [32.05398150000008, -17.425606709999954], [32.05412949600009, -17.425457698999935], [32.05420649400003, -17.42531068699998], [32.054282492000084, -17.425236680999944], [32.05443148799998, -17.425015663999886], [32.054583483000044, -17.42494065799997], [32.05473247900011, -17.424717639999926], [32.054808477, -17.424645634999933], [32.054881475, -17.424570628999902], [32.054957473000115, -17.424496622999925], [32.055110468000066, -17.42434761099986], [32.05518246600013, -17.42427360499994], [32.05525846400002, -17.424198599999954], [32.05541146000007, -17.42419659899997], [32.05548745800013, -17.424122593999982], [32.05571645100002, -17.42404858799989], [32.05601844300014, -17.423969580999938], [32.056323434000035, -17.423893574999965], [32.05639943200009, -17.42389157499997], [32.056552428000145, -17.423889574999976], [32.060248322000064, -17.420403299999975], [32.06024432300018, -17.42033629499997], [32.06024432300018, -17.420189282999957], [32.060244322000074, -17.420117277999964], [32.06031732000008, -17.41997026599995], [32.06031332000015, -17.41967624299997], [32.06031332000015, -17.419529230999956], [32.06031332000015, -17.419457225999963], [32.060385318000044, -17.419235207999975], [32.060382318000165, -17.41909019699989], [32.06045831600005, -17.418942184999878], [32.06045431600006, -17.418722167999817], [32.06045431600006, -17.418575155999974], [32.06045031600007, -17.418284133999975], [32.06044631600014, -17.418137121999905], [32.06044631600014, -17.4179171049999], [32.06044331600003, -17.417771092999885], [32.06043931600004, -17.41733205899982], [32.060359318, -17.417185046999975], [32.060282320000056, -17.41704003599989], [32.06027932100005, -17.416968029999964], [32.06027932100005, -17.41689302399982]]]]}}, {"type": "Feature", "properties": {"GID_3": "ZWE.5.8.15_2", "GID_0": "ZWE", "COUNTRY": "Zimbabwe", "GID_1": "ZWE.5_1", "NAME_1": "Mashonaland East", "NL_NAME_1": "NA", "GID_2": "ZWE.5.8_2", "NAME_2": "Mutoko", "NL_NAME_2": "NA", "NAME_3": "Ward 22", "VARNAME_3": "NA", "NL_NAME_3": "NA", "TYPE_3": "Ward", "ENGTYPE_3": "Ward", "CC_3": "NA", "HASC_3": "NA", "id": "ZWE.5.8.15_2", "name": "Ward 22"}, "geometry": {"type": "MultiPolygon", "coordinates": [[[[32.252592156000105, -17.406016526999963], [32.25882291700009, -17.40493682499988], [32.27356831399999, -17.402380826999888], [32.27368231000003, -17.402378826999893], [32.27368231100013, -17.402489835999916], [32.27427029400019, -17.40345691099992], [32.27447628800019, -17.403339901999914], [32.27477328000003, -17.403309899999954], [32.28049912000006, -17.40600110999992], [32.30337147900008, -17.416755948999935], [32.32299057200004, -17.426065454999957], [32.313015962000065, -17.44538553999996], [32.307556188000035, -17.46052635799998], [32.307971801000065, -17.46052780399998], [32.31126222100016, -17.46971484599993], [32.31704540100009, -17.47930935699992], [32.32283360500014, -17.487706906999847], [32.320906462000096, -17.488330359999907], [32.31895806000017, -17.491764831999944], [32.318851063000125, -17.491764831999944], [32.318851063000125, -17.49168582599998], [32.30369827000004, -17.490794355999867], [32.288725014000136, -17.493571775999897], [32.278731240000184, -17.497924034999926], [32.26458477700004, -17.501063626999894], [32.25626101900019, -17.50342622599993], [32.24825940500017, -17.507610269999873], [32.24796851200017, -17.50725690099995], [32.24627111100017, -17.50519490399995], [32.24619411300017, -17.50505389299991], [32.24231122000015, -17.497223279999957], [32.22980656400006, -17.469052072999887], [32.21293902900004, -17.433904317999918], [32.22632765300011, -17.436803542999826], [32.226251655, -17.436805542999878], [32.224195715000064, -17.443058033999876], [32.25019998100015, -17.436633522999955], [32.250508972000034, -17.436630522999963], [32.26077768200008, -17.43394430899997], [32.26085368000014, -17.43333226099992], [32.255837817000156, -17.419239155999946], [32.25339610900011, -17.41248284699998], [32.252592156000105, -17.406016526999963]]]]}}, {"type": "Feature", "properties": {"GID_3": "ZWE.5.8.16_2", "GID_0": "ZWE", "COUNTRY": "Zimbabwe", "GID_1": "ZWE.5_1", "NAME_1": "Mashonaland East", "NL_NAME_1": "NA", "GID_2": "ZWE.5.8_2", "NAME_2": "Mutoko", "NL_NAME_2": "NA", "NAME_3": "Ward 23", "VARNAME_3": "NA", "NL_NAME_3": "NA", "TYPE_3": "Ward", "ENGTYPE_3": "Ward", "CC_3": "NA", "HASC_3": "NA", "id": "ZWE.5.8.16_2", "name": "Ward 23"}, "geometry": {"type": "MultiPolygon", "coordinates": [[[[32.32299057200004, -17.426065454999957], [32.326036902000055, -17.42751072199991], [32.33215267200018, -17.4304120139999], [32.34030844400013, -17.434280314999967], [32.3447063210001, -17.436366477999968], [32.344576324000116, -17.436368477999963], [32.36034988200015, -17.4438540619999], [32.36037688100015, -17.44386506299992], [32.381803280999975, -17.454029855999977], [32.39930479000009, -17.46227849899998], [32.448936399000104, -17.485813333999943], [32.462585016000105, -17.492280837999942], [32.46885584000006, -17.496609175999936], [32.47239974100012, -17.49905436699993], [32.472479739000164, -17.499024364999855], [32.47637463000012, -17.501767578999875], [32.482168468000054, -17.505845896999915], [32.48226446500007, -17.506014910999966], [32.48235546300015, -17.506098916999974], [32.482386462000136, -17.506098916999974], [32.482298464000166, -17.506188923999957], [32.48221046700007, -17.506276930999945], [32.48212346900016, -17.506279930999938], [32.48212346900016, -17.506365937999874], [32.482039472000054, -17.506455944999857], [32.48194747400004, -17.50645794499991], [32.48089450400016, -17.507442022999896], [32.48089850400015, -17.507528029999833], [32.480810506000125, -17.50761803699993], [32.480810506000125, -17.507703042999935], [32.48072350900014, -17.507793049999975], [32.480635511000116, -17.5078830569999], [32.48037551900012, -17.50815007799997], [32.48037551900012, -17.508235084999967], [32.480288521000034, -17.50832509199995], [32.480116526000074, -17.50859011299997], [32.48002852899998, -17.508678119999956], [32.479941531000065, -17.50876812699994], [32.47994453100017, -17.50885513399993], [32.47994853100016, -17.50894114099998], [32.47985753400013, -17.50894314099986], [32.47986053400007, -17.509031147999963], [32.47976953600016, -17.509033147999844], [32.47977353600015, -17.50911915499995], [32.4795935410001, -17.509124154999824], [32.47932354900013, -17.509220162999952], [32.478968559000066, -17.50931516999998], [32.47869756600011, -17.50941017799994], [32.47833857700016, -17.50942017899996], [32.47807158400019, -17.50951518599993], [32.47771359400002, -17.50969819999989], [32.47735860400019, -17.509796207999898], [32.476999614000135, -17.509893215999966], [32.47654562700012, -17.50990621699998], [32.476278635000085, -17.51000022399984], [32.47601164200012, -17.51009523199997], [32.47592064500009, -17.510097231999964], [32.47583264700012, -17.51009923199996], [32.47583264700012, -17.510187238999947], [32.475744650000024, -17.510189238999942], [32.473787705, -17.51111231199991], [32.473608710000065, -17.51120331899989], [32.47333771799998, -17.51121131999986], [32.47325072000007, -17.51121331999991], [32.47297972800004, -17.511220320999882], [32.472616738000056, -17.5112323219999], [32.47216675100003, -17.511245322999912], [32.471716763000074, -17.511259323999923], [32.46839385700014, -17.5118733729999], [32.468126865000045, -17.511968380999974], [32.46785687200003, -17.511976380999897], [32.46740988500005, -17.51207538899996], [32.46704789500012, -17.51208638999998], [32.46669290500006, -17.51227040499998], [32.46642591300002, -17.512363411999956], [32.466154920000065, -17.512371412999983], [32.46606692300014, -17.51246041999991], [32.46588792800003, -17.512466419999953], [32.45904812100014, -17.513095470999872], [32.45895712300006, -17.51309947099992], [32.45886512600015, -17.513101471999903], [32.45850713600004, -17.51311347299992], [32.45805714900018, -17.51312447399988], [32.45787415400008, -17.513130473999922], [32.457786156000054, -17.513132473999917], [32.45760616100017, -17.513225481999882], [32.45733616900003, -17.51323348199992], [32.456794184000046, -17.513248483999917], [32.45661518900005, -17.513254483999958], [32.45652319200019, -17.513256483999953], [32.456432194000115, -17.513172477999944], [32.456248200000175, -17.513090470999884], [32.456065205000016, -17.513010464999923], [32.45597420700017, -17.512926458999914], [32.45560821800018, -17.512762445999954], [32.45542122300003, -17.51259443299989], [32.45515023000007, -17.512516426999923], [32.45487123800012, -17.512350413999968], [32.454513248000126, -17.512361414999873], [32.45433025300002, -17.512367414999858], [32.4542422560001, -17.51236941499991], [32.45415025800014, -17.512371415999894], [32.45415425800013, -17.51245842199984], [32.45406626100004, -17.51254642899994], [32.45389526600019, -17.51289945699989], [32.45380726800016, -17.51298746399982], [32.45363927300002, -17.5133384909999], [32.45355527600009, -17.51360151199998], [32.45347127800011, -17.5137765259999], [32.45338428000019, -17.513866532999884], [32.45338728000007, -17.513952539999934], [32.45330428300002, -17.51412755299998], [32.45330728300013, -17.514301566999904], [32.45331128300006, -17.514474580999945], [32.4533232820001, -17.51482060799998], [32.45333828200012, -17.515338647999954], [32.45334228200005, -17.515426654999942], [32.453250285000024, -17.515428654999937], [32.453262284, -17.51568767599997], [32.453262284, -17.51577568299996], [32.45318128700018, -17.516037702999938], [32.45318528700017, -17.51621071699998], [32.45319328599999, -17.516470736999906], [32.45311328900004, -17.516731757999935], [32.45294129400014, -17.517084784999895], [32.452853296000114, -17.517171791999885], [32.452857296000104, -17.51725979899993], [32.45276929900018, -17.517347805999975], [32.45259030400001, -17.51735380699995], [32.45231931100005, -17.51744881399992], [32.45223231400007, -17.51745081399997], [32.45214031600011, -17.517452813999967], [32.45196132100011, -17.51745881499994], [32.45187332400002, -17.517547821999926], [32.45178132700016, -17.51754982199992], [32.45169432900008, -17.517639828999904], [32.45160633100005, -17.51772883599989], [32.45161033100004, -17.517814842999826], [32.45151833400013, -17.517816842999878], [32.45152233400012, -17.51790484999998], [32.45143433600015, -17.517992856999967], [32.45125934100014, -17.51817187099988], [32.451175344000035, -17.51834688499997], [32.45117934399997, -17.518432890999975], [32.451003349000075, -17.518611905999876], [32.45091935100004, -17.518787918999976], [32.450832354000056, -17.518962932999955], [32.450835354000105, -17.519048939999948], [32.45074435600009, -17.519052939999938], [32.45074835600002, -17.519138946999874], [32.449882381000066, -17.520289036999884], [32.449882381000066, -17.520377043999815], [32.44970238600018, -17.520382044999963], [32.4496153880001, -17.52047005199995], [32.449531391000164, -17.520646064999937], [32.44935139600011, -17.52073707299985], [32.449355396000044, -17.52082507899985], [32.44926839800013, -17.520915086999935], [32.449184401000025, -17.521090099999924], [32.449096403000055, -17.521178106999912], [32.449100403000045, -17.5212661139999], [32.449100403000045, -17.521351120999952], [32.44677746900004, -17.52202517399985], [32.44668547100002, -17.522027173999902], [32.44641847900016, -17.522122181999976], [32.44614748600003, -17.5221301819999], [32.4459644910001, -17.522135182999875], [32.44578549700003, -17.522139182999865], [32.44560550200015, -17.522145183999896], [32.44155861600012, -17.522608220999928], [32.44110462800006, -17.52253421499995], [32.440742639, -17.52254521599997], [32.440471646000105, -17.52246520999995], [32.44037964900019, -17.522469209999883], [32.44029265100011, -17.52247121099998], [32.44010865600006, -17.52238920399992], [32.43964766900001, -17.522143184999948], [32.43928168000019, -17.521893165999927], [32.43890769000018, -17.521557138999924], [32.43862869800017, -17.521306119999963], [32.43844570300007, -17.5211381069999], [32.43835070600011, -17.521054099999958], [32.438071713, -17.520802079999896], [32.43788871900017, -17.520634066999946], [32.437793721000105, -17.520550060999938], [32.43752272900008, -17.52047205499997], [32.437244737000185, -17.52030604199996], [32.436973744000056, -17.520228035999935], [32.43616876700014, -17.5205100579999], [32.43599277200002, -17.520602064999935], [32.435905774000105, -17.520691071999863], [32.43572977900004, -17.520957092999936], [32.43555878400019, -17.52122211399984], [32.435298792000026, -17.521575141999904], [32.435126797000066, -17.52184016199982], [32.43495580200005, -17.522105182999894], [32.434779807000155, -17.52237020399997], [32.43460881100003, -17.522547217999943], [32.43443281600014, -17.522727231999852], [32.43416982400004, -17.52299425299998], [32.43399482900003, -17.523171266999896], [32.433906831, -17.52326127399988], [32.43372683600012, -17.523352280999973], [32.43345984400008, -17.52344828899993], [32.433196851000105, -17.523627302999955], [32.43292985900018, -17.52380831699986], [32.432666866000034, -17.523989330999825], [32.432666866000034, -17.524075337999932], [32.43257886900011, -17.524165344999915], [32.432491871000025, -17.524167344999967], [32.43203788400018, -17.524180346999913], [32.43168289400012, -17.524277353999935], [32.43149989900019, -17.52428335499991], [32.4314079020001, -17.524199347999968], [32.43122890700016, -17.524203348999947], [32.43104191200001, -17.524035334999894], [32.430949915000156, -17.524039335999873], [32.43085891700008, -17.523955328999932], [32.43085491700009, -17.52378131599994], [32.43075992000013, -17.523697308999886], [32.430572925000035, -17.52344428899994], [32.43047692800019, -17.52327227599983], [32.43047392800014, -17.523100261999957], [32.43028293300006, -17.522845241999846], [32.430186936000155, -17.5226752289999], [32.430183936000105, -17.522502214999975], [32.43009193900002, -17.522503214999972], [32.429813946000024, -17.522252195999954], [32.42954295400017, -17.522259195999936], [32.42945095700014, -17.522175189999928], [32.429179964000184, -17.522183190999954], [32.429000969000185, -17.52218919099994], [32.42872997700016, -17.522196191999967], [32.428546982, -17.52220219199984], [32.42836798700006, -17.52220819299987], [32.428279990000135, -17.52229619999997], [32.426502040000116, -17.523213271999907], [32.42641504200003, -17.52330327899989], [32.42632704500011, -17.523392285999876], [32.42624304700007, -17.523480292999977], [32.42615504999998, -17.5236553069999], [32.42589205700017, -17.52383732099986], [32.42562506500013, -17.524018334999937], [32.425274075, -17.524375362999876], [32.4251020800001, -17.52464038399995], [32.42492708500009, -17.524817397999925], [32.424752090000084, -17.524909404999903], [32.42457209500003, -17.525000412999816], [32.424484097, -17.52509041999997], [32.42057120800018, -17.526934564999976], [32.419125249, -17.526888561999897], [32.41867526100009, -17.526902562999908], [32.41813327699998, -17.526917563999973], [32.41777128700005, -17.526929564999932], [32.417412297000055, -17.526938565999956], [32.41731730000009, -17.526854559999947], [32.417042307000145, -17.526688546999935], [32.41685531200005, -17.52652053399993], [32.41667231800017, -17.526352519999932], [32.41639432500017, -17.52618850799996], [32.41630232800014, -17.52610550099996], [32.416210330000126, -17.52602149499984], [32.416119333000154, -17.52602349499989], [32.41602733600013, -17.525939487999892], [32.41593633800005, -17.525940487999947], [32.41584434100014, -17.525857481999935], [32.41575334300006, -17.525860481999928], [32.41557034800013, -17.52577847599997], [32.41547835100005, -17.525694468999973], [32.41538635400019, -17.525696468999854], [32.415299356000105, -17.525700469999833], [32.41520735900019, -17.525702469999885], [32.41494036600005, -17.52579647699997], [32.41466937400003, -17.52580547799988], [32.41449037900003, -17.525897484999973], [32.41440238100006, -17.525899484999968], [32.41422338600006, -17.525990492999938], [32.4136894020001, -17.526179507999927], [32.41360140400013, -17.52626951499991], [32.413426409000124, -17.52644652899994], [32.41324641400007, -17.526537535999978], [32.41307141900006, -17.526717549999944], [32.41280842700013, -17.526984570999957], [32.41272042900016, -17.527072577999945], [32.412632432000066, -17.52716158499993], [32.412461436000115, -17.5273405989999], [32.412464436, -17.527512611999953], [32.410351496000146, -17.529219746999956], [32.41008850400004, -17.529486767999913], [32.40991650900014, -17.529837794999935], [32.409657516000095, -17.530192822999936], [32.40957351900016, -17.530367836999915], [32.4093975240001, -17.530545850999886], [32.40931352600006, -17.530720864999978], [32.40913853100005, -17.530900878999944], [32.40896253600016, -17.531077892999974], [32.408879538000065, -17.531252905999963], [32.408879538000065, -17.53134091299995], [32.408703543000115, -17.531518926999922], [32.40861554600008, -17.53160793399985], [32.408444551, -17.531785947999936], [32.40826455600012, -17.531876954999973], [32.40808556100018, -17.531968962999883], [32.40790656600018, -17.531973962999928], [32.40754757600013, -17.53198396399995], [32.407364581000024, -17.531989964999923], [32.4072765840001, -17.531991964999918], [32.40709358900017, -17.531996964999962], [32.40573162700008, -17.531689940999968], [32.40564063000011, -17.531691941999952], [32.40546163500011, -17.531697941999937], [32.40500364800016, -17.5315379299999], [32.403740683000024, -17.531487925999954], [32.40329069600017, -17.53149992699997], [32.40319869800004, -17.531502926999963], [32.40310770100007, -17.531504927999947], [32.40292870600007, -17.53151092799982], [32.40175773900012, -17.531630937999978], [32.40149374600003, -17.531809951999946], [32.40140674899999, -17.53189995899993], [32.401226754000106, -17.531991965999907], [32.401139757000124, -17.532080972999893], [32.40096376200006, -17.532258986999977], [32.400879764000024, -17.5324340009999], [32.40078876600012, -17.532438000999946], [32.400612771000056, -17.532529007999926], [32.40052877400012, -17.53270502199996], [32.400440776000096, -17.532795028999942], [32.40035377900011, -17.532882035999933], [32.40017378400006, -17.53297404299991], [32.39999878900005, -17.53306505099988], [32.399727797000025, -17.533161057999905], [32.399372807000134, -17.533344072999967], [32.399197812000125, -17.533435079999947], [32.399018817000126, -17.533527086999925], [32.39893081900016, -17.533617093999908], [32.39883882200007, -17.533619093999903], [32.398659827000074, -17.533624094999936], [32.39775585200016, -17.533563089999973], [32.39757285700006, -17.53348108399996], [32.39729386500005, -17.533229063999954], [32.39711487000005, -17.53323506499993], [32.39540991800004, -17.53207197399996], [32.395138926000186, -17.532078973999944], [32.395046928000056, -17.53208097499993], [32.39505092799999, -17.532168981999973], [32.39495993100002, -17.53217098199997], [32.39487193300005, -17.53226098899995], [32.394512943000166, -17.532269989999918], [32.393791964000116, -17.532290990999968], [32.393429974000185, -17.53230099199982], [32.393158981000056, -17.53230799299996], [32.39288798900003, -17.532315993999816], [32.39216700900005, -17.532336994999866], [32.39198801400005, -17.532342995999898], [32.38946308500016, -17.53241300199994], [32.389196093000066, -17.532508009999958], [32.38883710300007, -17.53260601699992], [32.38865810800007, -17.5326970239999], [32.38847911300007, -17.532789031999982], [32.38830311800018, -17.532880038999963], [32.38812812300017, -17.533058052999934], [32.387861131000136, -17.53315305999996], [32.38767713600009, -17.53315706099994], [32.387502141000084, -17.53324906799992], [32.38741414300006, -17.533338074999904], [32.387235148000116, -17.533344075999878], [32.38714715100019, -17.533434082999975], [32.38696815600002, -17.533525089999955], [32.38678916100008, -17.533617096999933], [32.38661316600013, -17.53370810399997], [32.386342174000106, -17.53371610499994], [32.386163179000164, -17.533807111999977], [32.385988184000155, -17.533899118999955], [32.38572119100019, -17.534080133999964], [32.38545319900004, -17.53417414099988], [32.38509920900003, -17.534357154999952], [32.38491921400015, -17.534448162999922], [32.38474421900014, -17.5345401699999], [32.38456522399997, -17.53463117699988], [32.38438522900009, -17.53472318399986], [32.384206234000146, -17.53472918499989], [32.384115237000174, -17.534731184999885], [32.38213929199998, -17.5349612039999], [32.38186430000019, -17.534881196999947], [32.38168530500019, -17.53488719799992], [32.38113532100016, -17.534643178999886], [32.3806813330001, -17.53456817299991], [32.380410341000015, -17.534576173999938], [32.38031934400004, -17.534580173999927], [32.380048351000084, -17.534588174999953], [32.379960354, -17.53458917499995], [32.376851441999975, -17.536237304999815], [32.37667644700019, -17.536415318999957], [32.376497452000024, -17.536506325999937], [32.37650445200006, -17.536680339999975], [32.376420454000026, -17.536943359999952], [32.37624545900002, -17.537120373999983], [32.376069464000125, -17.537298387999954], [32.375898469000106, -17.537563408999915], [32.37571847400005, -17.537655415999893], [32.37563447600019, -17.53783042999993], [32.375459481, -17.538009443999897], [32.375284486, -17.538101450999932], [32.375108491000105, -17.538278464999962], [32.37483749900008, -17.538286465999875], [32.37474950100005, -17.53837647299997], [32.37457050699999, -17.53846747999995], [32.37412051900009, -17.538480480999965], [32.374028522, -17.53848248099996], [32.37394152400009, -17.538484481999944], [32.373754529000166, -17.53831646899988], [32.37347953700015, -17.538238461999924], [32.373205545000076, -17.53807244999996], [32.37302555000019, -17.53807844999983], [32.37293455200012, -17.53808044999988], [32.372846555000024, -17.538084450999975], [32.372663560000035, -17.538087450999967], [32.37248456500009, -17.538093450999895], [32.37230457000004, -17.53809945199987], [32.37212557500004, -17.538190458999964], [32.37203757800012, -17.53827846599995], [32.37186258300011, -17.53837247299998], [32.37177058500015, -17.538374473999966], [32.37159158999998, -17.538465480999946], [32.37141559500009, -17.538557487999924], [32.37124060000008, -17.538734501999954], [32.371064605000186, -17.53891351599998], [32.37097760800003, -17.539003522999963], [32.37088961000018, -17.539091529999894], [32.37080561300007, -17.539266543999815], [32.3707176150001, -17.53935655099997], [32.370542620000094, -17.539533564999942], [32.37045462300017, -17.53962357199987], [32.370370625000135, -17.53979858599996], [32.37019163000019, -17.53989059299994], [32.36992063800011, -17.539898592999975], [32.36965364500014, -17.539993600999935], [32.369561648000115, -17.53999560099993], [32.36947464999997, -17.539997600999982], [32.36920365800012, -17.540004601999954], [32.36884066800013, -17.54001660299997], [32.36856667600017, -17.539936596999894], [32.368116688999976, -17.539863590999914], [32.36784569600002, -17.53987159199994], [32.367482707000136, -17.539880592999907], [32.36703271900018, -17.539894593999975], [32.36667072900008, -17.53990359499994], [32.366582732000154, -17.53990759499993], [32.366128745000026, -17.539919595999947], [32.36567875700007, -17.53984658999991], [32.36531676800007, -17.539856590999875], [32.365228770000044, -17.539945597999974], [32.36495777800019, -17.539953598999887], [32.36324482600003, -17.54000160299995], [32.363065831000085, -17.540006603999927], [32.362703841000155, -17.54001660399996], [32.36243284900007, -17.54002360499993], [32.36225385400013, -17.540029605999962], [32.362161856000114, -17.540031605999957], [32.359094943000116, -17.540119612999945], [32.35900694500015, -17.54012161399993], [32.358915948000174, -17.54012561399992], [32.35882394999999, -17.540039606999926], [32.35854895799997, -17.53996160099996], [32.35827896600006, -17.539968601999817], [32.358098971000175, -17.539974601999972], [32.357827978000046, -17.539981602999887], [32.357557986000074, -17.53998960399997], [32.35728699400005, -17.539997603999893], [32.35719499600003, -17.539999603999888], [32.357106999000166, -17.54000260499987], [32.35692800400017, -17.540006604999917], [32.356566014000066, -17.540018605999933], [32.35629502200004, -17.540025606999905], [32.35593303200011, -17.540035607999926], [32.355753037, -17.540041607999967], [32.355666039000084, -17.540043607999962], [32.35539504700006, -17.540050608999934], [32.3549410600001, -17.540064609999945], [32.35458207000005, -17.54007361099997], [32.35449107300008, -17.540075610999963], [32.35440307500005, -17.540079610999953], [32.354132083000025, -17.540086611999982], [32.35315211000005, -17.54054664799986], [32.3531551100001, -17.540634654999963], [32.35306411300013, -17.540636654999844], [32.35306811300012, -17.54080966899994], [32.35298011500009, -17.540811668999936], [32.35289211800017, -17.540987682999912], [32.352805120000085, -17.540989682999907], [32.35280812000019, -17.54107668999984], [32.35272112300015, -17.541166696999824], [32.3525411280001, -17.541258703999972], [32.3523621330001, -17.541349710999953], [32.35218713800015, -17.54144171899992], [32.35200714300004, -17.5415327259999], [32.351736150000136, -17.541540726999926], [32.351649153000096, -17.54162873399997], [32.35137816100007, -17.541635733999897], [32.35119916600007, -17.54164173499987], [32.35110716800011, -17.541643734999923], [32.35092417300018, -17.541475721999973], [32.350649181000165, -17.54139771599995], [32.350462186000016, -17.541229702999885], [32.350283191000074, -17.54114769599994], [32.35018819400011, -17.54106368999993], [32.350100196000085, -17.541067689999977], [32.349917202000086, -17.541071689999967], [32.34982920400006, -17.54107469099995], [32.3484062440001, -17.54180774799994], [32.348044255000104, -17.541816748999963], [32.34759426700015, -17.541830749999974], [32.34723127700016, -17.541839750999827], [32.34696428500007, -17.541847751999967], [32.34678129000014, -17.541853751999895], [32.34660229500014, -17.54185875299987], [32.346514298000045, -17.541946759999973], [32.34642329999997, -17.541950759999963], [32.34448135499997, -17.543390872999908], [32.34394737000014, -17.543579887999897], [32.34377137500002, -17.543756901999927], [32.34350038300016, -17.54385290999994], [32.34332138800005, -17.543855909999934], [32.34314639300004, -17.54394791699997], [32.342875401000185, -17.54395491799994], [32.342692406000026, -17.543960918999915], [32.340952455000036, -17.54305684799988], [32.34085745699997, -17.542886834999933], [32.34084945700005, -17.54271382099995], [32.340754460000085, -17.54254380799989], [32.34065946300012, -17.542371793999962], [32.34057146500015, -17.54237579499994], [32.34056746500016, -17.542287787999953], [32.34056346500017, -17.542202780999844], [32.34047546800008, -17.542204780999896], [32.339007509000055, -17.541465723999977], [32.339011509000045, -17.541553730999965], [32.33891951100003, -17.54155573099996], [32.338843514000075, -17.54156573199998], [32.338843514000075, -17.541549729999872], [32.33776754400003, -17.541752746999975], [32.337675547000174, -17.541755746999968], [32.3375845490001, -17.541757746999963], [32.3374055540001, -17.541763747999937], [32.33695456700019, -17.541862754999954], [32.33551260800016, -17.54190275899998], [32.33520761700004, -17.543729901999882], [32.33521161700003, -17.543815908999818], [32.33512361900006, -17.54390591599997], [32.33513161900015, -17.544164935999902], [32.33504362100018, -17.544254942999885], [32.33495962400008, -17.544515963999913], [32.33487562600004, -17.544691977999832], [32.33479162900011, -17.544868991999977], [32.33479162900011, -17.544954997999923], [32.33364766100016, -17.545939075999968], [32.333376669000074, -17.545947075999948], [32.33328967100016, -17.545951076999927], [32.33319767400013, -17.54595207699998], [32.333105676000116, -17.545954076999976], [32.332926681000174, -17.54596007799995], [32.32849780600009, -17.54573906099995], [32.328406809000114, -17.545741061999934], [32.32831881100009, -17.54574306199993], [32.328135816000156, -17.545748061999973], [32.32777282700005, -17.54567205599983], [32.32670885700014, -17.54622109999997], [32.326620859000116, -17.54631110699995], [32.32653386200013, -17.546487120999927], [32.32635386700008, -17.546492120999915], [32.32635786700007, -17.546578127999908], [32.326266869000165, -17.546580127999903], [32.32617887200007, -17.546670134999886], [32.32600287700018, -17.546849148999968], [32.32564488700001, -17.546944156999928], [32.32546889200012, -17.547124170999894], [32.32476391200004, -17.547661212999913], [32.324583917000155, -17.547667212999954], [32.32449291900008, -17.54766921399994], [32.324316924000186, -17.547848227999964], [32.32395893500018, -17.54794623499987], [32.323603945000116, -17.54812924999993], [32.32333695200009, -17.548222256999964], [32.32199799000017, -17.548779300999968], [32.32190999300008, -17.548781300999963], [32.321818995, -17.548785301999942], [32.321726998000145, -17.548787301999937], [32.321548003000146, -17.54879330199998], [32.32137200800008, -17.54888430999995], [32.31992704800007, -17.548924312999873], [32.319839051000145, -17.54892631299998], [32.319747053000185, -17.54893031399996], [32.31956805900012, -17.548934313999837], [32.31929306600017, -17.548855307999872], [32.31911407100006, -17.548861307999914], [32.31893507600006, -17.548865308999893], [32.3178441070001, -17.548724297999968], [32.31775611, -17.548726297999963], [32.31766511200016, -17.548728297999844], [32.31748111700011, -17.54856028499995], [32.317298122000125, -17.548566285999925], [32.31702413000005, -17.54840027299997], [32.316753138000024, -17.54840727299984], [32.31619615300019, -17.547904233999873], [32.31610415600011, -17.547906233999925], [32.31610415600011, -17.54782022799992], [32.315559171000075, -17.547661214999835], [32.31528017900007, -17.547496201999934], [32.31509718400014, -17.547415195999974], [32.313804220000065, -17.546412117999978], [32.313804220000065, -17.546324110999933], [32.3137092230001, -17.546241103999932], [32.31352622800017, -17.546160097999973], [32.313251236000156, -17.545994084999904], [32.31306424100006, -17.545827071999952], [32.31297224300005, -17.545743065999943], [32.31278624900011, -17.54557505199989], [32.312236264000035, -17.54524302699997], [32.31177527700015, -17.54490900099995], [32.31140528700007, -17.544660980999936], [32.31094730000012, -17.54441296199991], [32.30892135700009, -17.54308385799993], [32.30883035900001, -17.54299985199998], [32.308734362000166, -17.542915844999868], [32.3084563700001, -17.542663824999977], [32.308181378000086, -17.542499812999893], [32.30790338500009, -17.542246792999947], [32.30753639600016, -17.54199877399992], [32.30707540800006, -17.541750753999906], [32.306892414000174, -17.541582740999957], [32.30670541900008, -17.541414727999893], [32.306430426000134, -17.541248714999938], [32.306243432000144, -17.541080701999817], [32.306060437000156, -17.54099869499987], [32.30596543900015, -17.540828681999926], [32.30578244500009, -17.540661668999974], [32.30559545000017, -17.54049365599991], [32.30541245500001, -17.540411649999953], [32.30531645800016, -17.54024163599985], [32.30513346300006, -17.54015962999989], [32.305042465000156, -17.54007562299995], [32.30495046800007, -17.540077623999935], [32.30485947, -17.539993616999936], [32.30476747300014, -17.539997616999926], [32.30458047800005, -17.539829603999863], [32.30439748300006, -17.539747597999906], [32.30430548600003, -17.539663590999965], [32.30421848800012, -17.53966559099996], [32.304122491000044, -17.53958158499995], [32.3039434960001, -17.539587584999822], [32.30385149900019, -17.539589585999977], [32.3037645010001, -17.539590585999974], [32.30358150600017, -17.53951057899991], [32.3034855090001, -17.5394265729999], [32.30339851100018, -17.539428572999896], [32.303306514000155, -17.539430572999947], [32.303119519, -17.53926255999994], [32.302757529000075, -17.539186553999855], [32.30266553200005, -17.539102547999903], [32.302574535000076, -17.539104547999898], [32.30248253700006, -17.539020540999957], [32.30247853700013, -17.538934534999953], [32.30239054000003, -17.538936534999948], [32.30229554200014, -17.53885252799995], [32.302112547000036, -17.538684514999886], [32.2905008730001, -17.533737129999963], [32.290408876000015, -17.533739129999958], [32.290408876000015, -17.533653123999954], [32.29031787800017, -17.53365512399995], [32.29013088300002, -17.533487110999886], [32.28994788900019, -17.53340510399994], [32.28967689600006, -17.533327097999972], [32.28949790100006, -17.533331098999952], [32.28931490600013, -17.533250091999832], [32.289218909000056, -17.533167085999878], [32.289039914000114, -17.53317008599987], [32.288856919000125, -17.533088079999914], [32.28858192700011, -17.532924066999954], [32.288307935000034, -17.532844060999878], [32.288036942000076, -17.53276605499991], [32.287849947000154, -17.53259804199996], [32.28775795000007, -17.532514034999963], [32.2876669530001, -17.532516034999958], [32.28730096300018, -17.532354022999925], [32.28702597100016, -17.532274015999974], [32.28666298100018, -17.532198010999934], [32.28638898800011, -17.532031997999923], [32.28602599900006, -17.531954991999953], [32.28574800600006, -17.53179097899988], [32.28375306200019, -17.531413949999944], [32.28356606800014, -17.531245936999937], [32.28329507500001, -17.531252936999977], [32.28320407800004, -17.53116993099985], [32.28311208000008, -17.531170930999906], [32.283020083, -17.531087924999895], [32.282841088000055, -17.53109292499994], [32.282658093000066, -17.531010918999925], [32.28238310100005, -17.530930911999974], [32.28202111100012, -17.530854905999888], [32.281750119000094, -17.53077689999992], [32.28156712400016, -17.530781900999898], [32.281479126000136, -17.53078390099995], [32.28138412900017, -17.53069989499994], [32.28120113400007, -17.530617887999824], [32.280930142000045, -17.530625888999964], [32.28083814400003, -17.53054188199991], [32.28065914900009, -17.530547882999883], [32.28047615500003, -17.530465875999937], [32.28020116200008, -17.53038786999997], [32.279747175000125, -17.530312864999814], [32.27929318800011, -17.530238858999894], [32.27884319999998, -17.53016385299992], [32.278477211, -17.530087846999947], [32.27820621800004, -17.53000984099998], [32.278023223000105, -17.53001384199996], [32.277844228000106, -17.529933834999895], [32.27547529500015, -17.529305786999885], [32.275387298000055, -17.529307786999937], [32.27511330500005, -17.52922978099997], [32.274933310000165, -17.529234780999957], [32.27466231800014, -17.529242781999926], [32.27439232600017, -17.529248782999957], [32.27412133300004, -17.529170775999887], [32.273758343, -17.529179776999854], [32.273667346000025, -17.529095770999902], [32.27339635400017, -17.52910377099994], [32.27321335900007, -17.529023764999977], [32.26514158600003, -17.527688662999935], [32.26504958800001, -17.527691662999928], [32.26495859100004, -17.52760865599987], [32.26459260100012, -17.527529649999906], [32.26404661599997, -17.527373637999972], [32.26396661900003, -17.5273426359999], [32.263592629000186, -17.527211625999882], [32.26349763200005, -17.52712761899994], [32.26340963400003, -17.52713161899993], [32.26162068500008, -17.527699663999954], [32.26152868700012, -17.527703664999933], [32.261349692000124, -17.52770766499998], [32.260987703000126, -17.52763065899984], [32.260895705000166, -17.527546652999888], [32.26080470799997, -17.527548652999883], [32.26080070800003, -17.527463645999944], [32.26079670800004, -17.527289631999963], [32.260792708000054, -17.52720362599996], [32.26070170999998, -17.527119618999905], [32.26069771100009, -17.527032611999914], [32.26060571300013, -17.526948605999962], [32.26051071600017, -17.52677859199997], [32.26041571800016, -17.526608578999912], [32.26032372100008, -17.52652457299996], [32.25833977600013, -17.523547339999936], [32.25006600600017, -17.511306381999816], [32.24960801800012, -17.509269221999944], [32.24943302300011, -17.509054205999973], [32.2491320310001, -17.508632172999967], [32.24897903500005, -17.508491161999927], [32.24897903500005, -17.50835015099989], [32.24890303700016, -17.50827914499996], [32.24883004000003, -17.508281144999955], [32.248754042000144, -17.508211139999958], [32.24825940500017, -17.507610269999873], [32.25626101900019, -17.50342622599993], [32.26458477700004, -17.501063626999894], [32.278731240000184, -17.497924034999926], [32.288725014000136, -17.493571775999897], [32.30369827000004, -17.490794355999867], [32.318851063000125, -17.49168582599998], [32.318851063000125, -17.491764831999944], [32.31895806000017, -17.491764831999944], [32.320906462000096, -17.488330359999907], [32.32283360500014, -17.487706906999847], [32.31704540100009, -17.47930935699992], [32.31126222100016, -17.46971484599993], [32.307971801000065, -17.46052780399998], [32.307556188000035, -17.46052635799998], [32.313015962000065, -17.44538553999996], [32.32299057200004, -17.426065454999957]]]]}}, {"type": "Feature", "properties": {"GID_3": "ZWE.5.8.17_2", "GID_0": "ZWE", "COUNTRY": "Zimbabwe", "GID_1": "ZWE.5_1", "NAME_1": "Mashonaland East", "NL_NAME_1": "NA", "GID_2": "ZWE.5.8_2", "NAME_2": "Mutoko", "NL_NAME_2": "NA", "NAME_3": "Ward 24", "VARNAME_3": "NA", "NL_NAME_3": "NA", "TYPE_3": "Ward", "ENGTYPE_3": "Ward", "CC_3": "NA", "HASC_3": "NA", "id": "ZWE.5.8.17_2", "name": "Ward 24"}, "geometry": {"type": "MultiPolygon", "coordinates": [[[[32.50153194800009, -17.60934800299998], [32.501432950000094, -17.609405006999907], [32.50127595500015, -17.60948001299988], [32.50116195800001, -17.609554018999972], [32.50100496300013, -17.609667027999933], [32.50084896699997, -17.609779036999953], [32.50065397200012, -17.609964050999963], [32.500497977000066, -17.610189068999944], [32.500302982, -17.610413085999937], [32.50018898600018, -17.61056109799989], [32.50007098900011, -17.610748112999943], [32.499719999000035, -17.61116014499993], [32.499730999, -17.61135916099994], [32.499685, -17.61140116399997], [32.49948700599998, -17.611589178999964], [32.49928901100003, -17.611780193999948], [32.499155015000156, -17.611971208999876], [32.49888802300012, -17.612162223999974], [32.49869002800017, -17.61241524299993], [32.49842303600008, -17.612669262999816], [32.49822404200012, -17.612923282999873], [32.49802604700017, -17.613176302999932], [32.497893051000176, -17.613430322999818], [32.49775905500013, -17.613621337999973], [32.49762505900003, -17.613874357999975], [32.497561061000056, -17.61406537299996], [32.49749206300004, -17.614191382999877], [32.49749206300004, -17.614319392999903], [32.494967135000024, -17.61799468099997], [32.49489813700018, -17.61799268099992], [32.49483313900015, -17.618120690999945], [32.494700142000056, -17.618183695999903], [32.49456614600018, -17.61831170599993], [32.4945011480001, -17.61831170599993], [32.494368152000106, -17.61843771599996], [32.4941691570001, -17.618627730999947], [32.493902165, -17.618818745999874], [32.49370417100016, -17.618944755999905], [32.49350617600004, -17.619070765999936], [32.49343717800019, -17.619198775999962], [32.49343717800019, -17.61926178099992], [32.493372180000165, -17.619326785999817], [32.493372180000165, -17.619516800999975], [32.49330318200015, -17.61964280999996], [32.49330318200015, -17.619833824999944], [32.493239184000174, -17.620024839999928], [32.493239184000174, -17.620151849999957], [32.49317018600016, -17.620340864999946], [32.49310518800007, -17.620531879999874], [32.49310118800008, -17.620659889999956], [32.493036190000055, -17.620850904999884], [32.49296819200009, -17.621103924999943], [32.492903194000064, -17.621294939999927], [32.49283419600005, -17.621485954999855], [32.492701200000056, -17.62199299399998], [32.49256720300008, -17.622247013999925], [32.492502205, -17.622437028999855], [32.49243420700009, -17.622628043999953], [32.49243420700009, -17.622819058999937], [32.492369209, -17.62301007399992], [32.492300210999986, -17.62320008899991], [32.49223521300013, -17.623391103999836], [32.492167215, -17.623517113999867], [32.49210221700014, -17.623708128999965], [32.49203321900012, -17.623836138999877], [32.49196822100009, -17.623898143999952], [32.49190322300018, -17.624024153999812], [32.49177022600014, -17.624152163999895], [32.49170122800007, -17.624215168999967], [32.49150323400005, -17.62427817399987], [32.491369238000175, -17.62434117899994], [32.49124024100007, -17.62440618399995], [32.49117124300005, -17.624469188999967], [32.49090825100012, -17.624595198999884], [32.490839253000104, -17.62466020399995], [32.49070625600018, -17.624722208999913], [32.49057626000007, -17.624848217999954], [32.49050726200005, -17.624848217999954], [32.49044226400002, -17.624911222999913], [32.49030926800003, -17.62497622899997], [32.490244270000176, -17.62503923299994], [32.49011127300008, -17.62510223799984], [32.48997727699998, -17.62516524299997], [32.489843281000105, -17.62522824799987], [32.489710285000115, -17.625356257999897], [32.489512290000164, -17.62541926299997], [32.489313296000034, -17.625482267999928], [32.48911530100008, -17.625545272999886], [32.48884830900005, -17.62560727799996], [32.488718313000106, -17.62567028299992], [32.488516318000165, -17.625735287999817], [32.48831832400015, -17.625861297999847], [32.48811933000019, -17.625924302999977], [32.48772334100005, -17.62605031299995], [32.48745534800014, -17.62611331799991], [32.48725735400012, -17.62611331799991], [32.48712435800013, -17.62611331799991], [32.48679972800011, -17.62611331799991], [32.48666237100019, -17.62611331799991], [32.48646437600007, -17.626111317999914], [32.48633038000014, -17.62617632299998], [32.48619738400015, -17.626174322999816], [32.485998389000144, -17.626174322999816], [32.48580039500007, -17.626174322999816], [32.48553740200009, -17.626174322999816], [32.484278438, -17.62617232399998], [32.483347464000076, -17.6262333279999], [32.482950475000166, -17.62635933799993], [32.482485489000055, -17.62635933899992], [32.482420490000095, -17.626231328999893], [32.482287494000104, -17.62610331899998], [32.48222249600008, -17.625976308999952], [32.48215749800005, -17.62585029899998], [32.48202350100007, -17.625659283999937], [32.4819595030001, -17.62546826899984], [32.481894505000014, -17.625340258999813], [32.48182950700016, -17.625150243999883], [32.48169551000018, -17.62502223399997], [32.48163051200015, -17.62489622399994], [32.48156251400019, -17.624768213999914], [32.48143251800008, -17.62464020399989], [32.48129952099998, -17.62445018899996], [32.48110052700008, -17.624196169999834], [32.480902533, -17.62406815999998], [32.48063954000003, -17.623940149999953], [32.48057054200018, -17.623940149999953], [32.48050554400015, -17.623940149999953], [32.480307548999974, -17.623939149999956], [32.48004055700011, -17.623939149999956], [32.479841562000104, -17.62400115499986], [32.47964356800003, -17.624064159999932], [32.47957857000017, -17.624129164999886], [32.479509572000154, -17.624129164999886], [32.47944557400018, -17.624192169999958], [32.47924657900012, -17.624192169999958], [32.47897958700008, -17.624318179999875], [32.47864759600003, -17.624318179999875], [32.47831560600014, -17.624381184999947], [32.477987615000075, -17.624444189999906], [32.477785620000134, -17.62444218999991], [32.477587626000116, -17.62444218999991], [32.477457630000174, -17.624505194999927], [32.47725563500006, -17.624570199999937], [32.47672565, -17.624696209999968], [32.47659565400011, -17.62475921499987], [32.4763936600001, -17.62475921499987], [32.476328662000014, -17.624822219999942], [32.47619566500015, -17.6248852249999], [32.47599667100019, -17.624948229999973], [32.47573367799998, -17.625073238999903], [32.475531683999975, -17.62520124999986], [32.47546668600012, -17.62526425399983], [32.47533269000007, -17.62532725899996], [32.4752686920001, -17.62539226499996], [32.47519969400008, -17.62545526899993], [32.47506969700004, -17.625518273999887], [32.47493670100005, -17.625644283999918], [32.47473770700009, -17.62570928899987], [32.47447071400012, -17.62596230899993], [32.47407472500015, -17.626214328999936], [32.47387173100003, -17.62634233899996], [32.473608739000156, -17.62646834899988], [32.473410744000034, -17.626595358999907], [32.4732767480001, -17.62665836399998], [32.47320874999997, -17.626721368999938], [32.47160979600005, -17.630277647999947], [32.47154179800009, -17.630404657999975], [32.47147680000006, -17.630530667999835], [32.47141180199998, -17.63072168199983], [32.47134280400013, -17.630975701999887], [32.47134280400013, -17.631165716999874], [32.47120980800014, -17.631675756999982], [32.47120580799998, -17.631991781999943], [32.47114081000012, -17.632182796999928], [32.471071812000105, -17.632373811999912], [32.47100781300003, -17.632499821999943], [32.47094281500017, -17.632689836999873], [32.470873817000154, -17.63288085199997], [32.47073982100011, -17.63338989099998], [32.470671823000146, -17.633643910999922], [32.47060682500012, -17.63389793099998], [32.47060682500012, -17.63415095099998], [32.470537827000044, -17.63453298099995], [32.470537827000044, -17.634851005999963], [32.470534827000165, -17.63523103599988], [32.4705348280001, -17.635550060999833], [32.47046982900014, -17.635866084999975], [32.47046583000008, -17.636122104999913], [32.47046583000008, -17.636375124999972], [32.47046583000008, -17.636694149999983], [32.47046583000008, -17.6370741799999], [32.47046583000008, -17.637392204999912], [32.47046183000009, -17.637901244999966], [32.47046183000009, -17.638346278999904], [32.47046183000009, -17.63853629399989], [32.47046183000009, -17.638790313999948], [32.47045783100003, -17.639172343999974], [32.47045783100003, -17.63936235899996], [32.470392833000176, -17.639488368999878], [32.470392833000176, -17.639616378999904], [32.47032483500004, -17.63974438899993], [32.47025983600008, -17.63980739399983], [32.470190838000065, -17.639933403999976], [32.47012583999998, -17.63999840899993], [32.470057842000074, -17.640123418999963], [32.46992784600013, -17.640251428999875], [32.46979385000009, -17.640440442999875], [32.46959185500015, -17.6405684529999], [32.46939386100007, -17.64069446299993], [32.46913086800009, -17.640884477999975], [32.468928874000085, -17.64107549299996], [32.46879887800014, -17.64113849799992], [32.468729880000126, -17.641201502999877], [32.4686648820001, -17.64126450799995], [32.468596884000135, -17.641329512999903], [32.46846288700016, -17.641518527999835], [32.46839788900013, -17.641708542999936], [32.46826489300014, -17.64196256299988], [32.468199895000055, -17.642153577999977], [32.46806589900018, -17.64234459299996], [32.46799790100005, -17.64253460799995], [32.46793290300019, -17.642725622999876], [32.46786390500017, -17.642851631999918], [32.46773090800008, -17.643042646999902], [32.46766591000005, -17.64323266199989], [32.46753191400012, -17.643423676999817], [32.46746391600004, -17.64361469199997], [32.4673339200001, -17.643740701999945], [32.467199924, -17.64399372199989], [32.46706692700013, -17.64418473699982], [32.46693293100003, -17.644375751999974], [32.46673493700018, -17.644629771999973], [32.466532943000175, -17.64488279199992], [32.46639894700007, -17.645073806999903], [32.46620095200012, -17.645199816999934], [32.466002958000104, -17.645390831999975], [32.46586896200006, -17.645580845999973], [32.46567096700011, -17.645771860999957], [32.465536971000176, -17.6460258809999], [32.465403975000186, -17.646214895999947], [32.46520498000018, -17.646404910999934], [32.46507198400019, -17.646595925999918], [32.46493798800009, -17.646849945999975], [32.46473999400007, -17.64703996099996], [32.46460599799997, -17.647165970999936], [32.46440800300002, -17.64735698599992], [32.464275007000026, -17.647548000999905], [32.46414101100015, -17.647674010999935], [32.46394301600003, -17.647864025999866], [32.4638090200001, -17.647927030999938], [32.463477030000035, -17.647990035999896], [32.46321003700001, -17.647990035999896], [32.46301204300016, -17.64805304099997], [32.462882046000175, -17.64805304099997], [32.46281404800004, -17.64805304099997], [32.46248205800009, -17.648051040999974], [32.462283063000086, -17.648051040999974], [32.462020071000154, -17.648051040999974], [32.46188707400006, -17.648051040999974], [32.461753078000186, -17.648051040999974], [32.46155508400017, -17.64804904099998], [32.461421088000066, -17.64804904099998], [32.46129109100008, -17.648114045999932], [32.461223093000115, -17.648112045999937], [32.46108909700007, -17.64817705099989], [32.461024098999985, -17.64817705099989], [32.46096010100001, -17.648240055999963], [32.457938186000035, -17.650394224999957], [32.45787018800007, -17.650456229999918], [32.45773619200003, -17.650584239999944], [32.45733920300012, -17.651029274999928], [32.4571412090001, -17.651218289999917], [32.45687421700018, -17.651408303999915], [32.456676222000056, -17.65153631499993], [32.45647422800005, -17.651725328999873], [32.456344232000106, -17.651853338999956], [32.456142237, -17.65191634399997], [32.45601224100011, -17.65204235399989], [32.4558102470001, -17.652232368999876], [32.45528026200003, -17.652740408999932], [32.45501226900012, -17.652993428999878], [32.4548142750001, -17.653184443999976], [32.45468127900011, -17.65331045399995], [32.45448228400005, -17.653438463999862], [32.454417286000194, -17.653501468999934], [32.454215292000185, -17.653627478999965], [32.454086296000185, -17.65375448899988], [32.45395230000008, -17.653817493999952], [32.45083238800004, -17.655017587999964], [32.45070239100005, -17.655017587999964], [32.450236405000055, -17.655017587999964], [32.44990541400011, -17.65501558799997], [32.44957342300006, -17.654952582999897], [32.44937442900016, -17.654952583999886], [32.449310431000185, -17.654950582999902], [32.44924143300017, -17.654950582999902], [32.44922643300015, -17.654967584999895], [32.44917643399998, -17.65501558799997], [32.449042438000106, -17.655078592999928], [32.44884444400009, -17.65514159799983], [32.4487114480001, -17.65520460299996], [32.448512453000035, -17.655330612999933], [32.448379457000044, -17.655395617999886], [32.44824546100017, -17.655521627999917], [32.448180463000085, -17.65558363299988], [32.447982468000134, -17.655774647999976], [32.44784847200009, -17.65590265799989], [32.44765047800007, -17.656091672999935], [32.447383485000046, -17.65634469299988], [32.44718549100003, -17.65653570799998], [32.44705149500015, -17.656726722999963], [32.44691849900016, -17.656852732999937], [32.446784502000185, -17.657043747999978], [32.4467195040001, -17.65717075799995], [32.44658650800011, -17.65729676799998], [32.44658650800011, -17.65735977199995], [32.44651751000009, -17.657487781999976], [32.4463845140001, -17.657613791999893], [32.44625451700011, -17.657868811999947], [32.44612052100018, -17.657931816999962], [32.446052523000105, -17.65805782699988], [32.445918527000174, -17.658185836999905], [32.44578953100017, -17.658248841999978], [32.44565553500007, -17.658374851999895], [32.4453885420001, -17.65862887199995], [32.445323544000075, -17.65869287699985], [32.445190548000085, -17.65875588199998], [32.44505655199998, -17.65881888699988], [32.444923555000116, -17.658944896999913], [32.444789559000014, -17.65900990199998], [32.44472456100016, -17.65907290699994], [32.44465956300013, -17.659135911999897], [32.44459156500017, -17.65919891699997], [32.44445756800019, -17.65919891699997], [32.44432857200019, -17.659261921999928], [32.44412557800007, -17.659324926999943], [32.44386258500009, -17.659452936999855], [32.44359559300017, -17.65957794699989], [32.44326360200017, -17.65970395699992], [32.44300061000007, -17.659831966999946], [32.44279861500013, -17.660020981999935], [32.442599621, -17.66014899199996], [32.442466625, -17.660275000999945], [32.442336629000124, -17.660402010999974], [32.44226863100016, -17.660593025999958], [32.44213463400018, -17.660782040999948], [32.442069636000156, -17.66103806099983], [32.44200163800019, -17.661226075999934], [32.44186764200015, -17.661482095999872], [32.44186764200015, -17.66167311099997], [32.44186764200015, -17.662117145999957], [32.441932640000175, -17.66230816099994], [32.441997639000135, -17.662562179999895], [32.44206263700016, -17.662815199999955], [32.442130635000126, -17.66300621499994], [32.442126635000136, -17.663134224999965], [32.44219563300015, -17.663262234999934], [32.44226063100007, -17.663452249999978], [32.442393628000104, -17.663643264999905], [32.442523624000046, -17.663897284999962], [32.44265762000009, -17.664152304999902], [32.44285561500004, -17.664343319999944], [32.442985611000154, -17.66453433399994], [32.44311860800008, -17.664597338999954], [32.44325260400012, -17.664724348999982], [32.443317602000036, -17.664724348999982], [32.44338160000018, -17.664724348999982], [32.443515596000054, -17.664724348999982], [32.44378258900019, -17.66459933899995], [32.44411457900014, -17.664473328999918], [32.444312574000094, -17.664473328999918], [32.44437757200012, -17.664473328999918], [32.444442570000035, -17.664473328999918], [32.44451156800005, -17.664473328999918], [32.444709563000174, -17.664475328999913], [32.44490755700019, -17.66453833399987], [32.44517155000011, -17.66460233899994], [32.44537354400012, -17.66460233899994], [32.44543854199998, -17.6646653439999], [32.44550254000012, -17.664730348999967], [32.44557153799997, -17.664793353999926], [32.4456365370001, -17.664856358999828], [32.44570153500018, -17.665047373999982], [32.44576653300004, -17.66517538399995], [32.44576653300004, -17.665875438999933], [32.44576653300004, -17.666000448999966], [32.44569753500019, -17.66619146299996], [32.44556353900015, -17.66638247799989], [32.445499541000174, -17.666573492999873], [32.444900558000086, -17.66714353799989], [32.44470156400013, -17.667397557999948], [32.44430157500017, -17.66790459799995], [32.44410258100004, -17.66822162299991], [32.44390058700003, -17.66847464199998], [32.44370259200008, -17.66872866199992], [32.44356859599998, -17.668919676999963], [32.44337060200013, -17.66910969199995], [32.443237605000036, -17.669300706999934], [32.44310360900016, -17.669426716999965], [32.44290561500014, -17.66961773199995], [32.44250862600006, -17.66987075199995], [32.44217663500018, -17.66993375699991], [32.441909643000145, -17.669996761999982], [32.44171164900007, -17.67005976699994], [32.441512654000064, -17.6701227719999], [32.44124566199997, -17.67024878199993], [32.44104766700002, -17.670376791999956], [32.44084967300017, -17.67050280199993], [32.44065067900004, -17.67056580699989], [32.44044868400016, -17.67062881199996], [32.440250690000084, -17.670755821999876], [32.44011669400004, -17.670881831999907], [32.43991869900009, -17.67094483699998], [32.43971970500013, -17.671072846999948], [32.43945271300004, -17.671261860999948], [32.43918972000006, -17.671452875999933], [32.43898772600005, -17.671578885999963], [32.43885772900006, -17.671641890999922], [32.438655735, -17.671705895999878], [32.43839274300012, -17.67176890099995], [32.43806075200007, -17.671957915999883], [32.437793760000034, -17.672020920999955], [32.400917782000136, -17.60465165799991], [32.378831393000155, -17.56397447799992], [32.349493221000046, -17.570003956999926], [32.34281041000003, -17.571492075999856], [32.338843514000075, -17.54156573199998], [32.33891951100003, -17.54155573099996], [32.339011509000045, -17.541553730999965], [32.339007509000055, -17.541465723999977], [32.34047546800008, -17.542204780999896], [32.34056346500017, -17.542202780999844], [32.34056746500016, -17.542287787999953], [32.34057146500015, -17.54237579499994], [32.34065946300012, -17.542371793999962], [32.340754460000085, -17.54254380799989], [32.34084945700005, -17.54271382099995], [32.34085745699997, -17.542886834999933], [32.340952455000036, -17.54305684799988], [32.342692406000026, -17.543960918999915], [32.342875401000185, -17.54395491799994], [32.34314639300004, -17.54394791699997], [32.34332138800005, -17.543855909999934], [32.34350038300016, -17.54385290999994], [32.34377137500002, -17.543756901999927], [32.34394737000014, -17.543579887999897], [32.34448135499997, -17.543390872999908], [32.34642329999997, -17.541950759999963], [32.346514298000045, -17.541946759999973], [32.34660229500014, -17.54185875299987], [32.34678129000014, -17.541853751999895], [32.34696428500007, -17.541847751999967], [32.34723127700016, -17.541839750999827], [32.34759426700015, -17.541830749999974], [32.348044255000104, -17.541816748999963], [32.3484062440001, -17.54180774799994], [32.34982920400006, -17.54107469099995], [32.349917202000086, -17.541071689999967], [32.350100196000085, -17.541067689999977], [32.35018819400011, -17.54106368999993], [32.350283191000074, -17.54114769599994], [32.350462186000016, -17.541229702999885], [32.350649181000165, -17.54139771599995], [32.35092417300018, -17.541475721999973], [32.35110716800011, -17.541643734999923], [32.35119916600007, -17.54164173499987], [32.35137816100007, -17.541635733999897], [32.351649153000096, -17.54162873399997], [32.351736150000136, -17.541540726999926], [32.35200714300004, -17.5415327259999], [32.35218713800015, -17.54144171899992], [32.3523621330001, -17.541349710999953], [32.3525411280001, -17.541258703999972], [32.35272112300015, -17.541166696999824], [32.35280812000019, -17.54107668999984], [32.352805120000085, -17.540989682999907], [32.35289211800017, -17.540987682999912], [32.35298011500009, -17.540811668999936], [32.35306811300012, -17.54080966899994], [32.35306411300013, -17.540636654999844], [32.3531551100001, -17.540634654999963], [32.35315211000005, -17.54054664799986], [32.354132083000025, -17.540086611999982], [32.35440307500005, -17.540079610999953], [32.35449107300008, -17.540075610999963], [32.35458207000005, -17.54007361099997], [32.3549410600001, -17.540064609999945], [32.35539504700006, -17.540050608999934], [32.355666039000084, -17.540043607999962], [32.355753037, -17.540041607999967], [32.35593303200011, -17.540035607999926], [32.35629502200004, -17.540025606999905], [32.356566014000066, -17.540018605999933], [32.35692800400017, -17.540006604999917], [32.357106999000166, -17.54000260499987], [32.35719499600003, -17.539999603999888], [32.35728699400005, -17.539997603999893], [32.357557986000074, -17.53998960399997], [32.357827978000046, -17.539981602999887], [32.358098971000175, -17.539974601999972], [32.35827896600006, -17.539968601999817], [32.35854895799997, -17.53996160099996], [32.35882394999999, -17.540039606999926], [32.358915948000174, -17.54012561399992], [32.35900694500015, -17.54012161399993], [32.359094943000116, -17.540119612999945], [32.362161856000114, -17.540031605999957], [32.36225385400013, -17.540029605999962], [32.36243284900007, -17.54002360499993], [32.362703841000155, -17.54001660399996], [32.363065831000085, -17.540006603999927], [32.36324482600003, -17.54000160299995], [32.36495777800019, -17.539953598999887], [32.365228770000044, -17.539945597999974], [32.36531676800007, -17.539856590999875], [32.36567875700007, -17.53984658999991], [32.366128745000026, -17.539919595999947], [32.366582732000154, -17.53990759499993], [32.36667072900008, -17.53990359499994], [32.36703271900018, -17.539894593999975], [32.367482707000136, -17.539880592999907], [32.36784569600002, -17.53987159199994], [32.368116688999976, -17.539863590999914], [32.36856667600017, -17.539936596999894], [32.36884066800013, -17.54001660299997], [32.36920365800012, -17.540004601999954], [32.36947464999997, -17.539997600999982], [32.369561648000115, -17.53999560099993], [32.36965364500014, -17.539993600999935], [32.36992063800011, -17.539898592999975], [32.37019163000019, -17.53989059299994], [32.370370625000135, -17.53979858599996], [32.37045462300017, -17.53962357199987], [32.370542620000094, -17.539533564999942], [32.3707176150001, -17.53935655099997], [32.37080561300007, -17.539266543999815], [32.37088961000018, -17.539091529999894], [32.37097760800003, -17.539003522999963], [32.371064605000186, -17.53891351599998], [32.37124060000008, -17.538734501999954], [32.37141559500009, -17.538557487999924], [32.37159158999998, -17.538465480999946], [32.37177058500015, -17.538374473999966], [32.37186258300011, -17.53837247299998], [32.37203757800012, -17.53827846599995], [32.37212557500004, -17.538190458999964], [32.37230457000004, -17.53809945199987], [32.37248456500009, -17.538093450999895], [32.372663560000035, -17.538087450999967], [32.372846555000024, -17.538084450999975], [32.37293455200012, -17.53808044999988], [32.37302555000019, -17.53807844999983], [32.373205545000076, -17.53807244999996], [32.37347953700015, -17.538238461999924], [32.373754529000166, -17.53831646899988], [32.37394152400009, -17.538484481999944], [32.374028522, -17.53848248099996], [32.37412051900009, -17.538480480999965], [32.37457050699999, -17.53846747999995], [32.37474950100005, -17.53837647299997], [32.37483749900008, -17.538286465999875], [32.375108491000105, -17.538278464999962], [32.375284486, -17.538101450999932], [32.375459481, -17.538009443999897], [32.37563447600019, -17.53783042999993], [32.37571847400005, -17.537655415999893], [32.375898469000106, -17.537563408999915], [32.376069464000125, -17.537298387999954], [32.37624545900002, -17.537120373999983], [32.376420454000026, -17.536943359999952], [32.37650445200006, -17.536680339999975], [32.376497452000024, -17.536506325999937], [32.37667644700019, -17.536415318999957], [32.376851441999975, -17.536237304999815], [32.379960354, -17.53458917499995], [32.380048351000084, -17.534588174999953], [32.38031934400004, -17.534580173999927], [32.380410341000015, -17.534576173999938], [32.3806813330001, -17.53456817299991], [32.38113532100016, -17.534643178999886], [32.38168530500019, -17.53488719799992], [32.38186430000019, -17.534881196999947], [32.38213929199998, -17.5349612039999], [32.384115237000174, -17.534731184999885], [32.384206234000146, -17.53472918499989], [32.38438522900009, -17.53472318399986], [32.38456522399997, -17.53463117699988], [32.38474421900014, -17.5345401699999], [32.38491921400015, -17.534448162999922], [32.38509920900003, -17.534357154999952], [32.38545319900004, -17.53417414099988], [32.38572119100019, -17.534080133999964], [32.385988184000155, -17.533899118999955], [32.386163179000164, -17.533807111999977], [32.386342174000106, -17.53371610499994], [32.38661316600013, -17.53370810399997], [32.38678916100008, -17.533617096999933], [32.38696815600002, -17.533525089999955], [32.38714715100019, -17.533434082999975], [32.387235148000116, -17.533344075999878], [32.38741414300006, -17.533338074999904], [32.387502141000084, -17.53324906799992], [32.38767713600009, -17.53315706099994], [32.387861131000136, -17.53315305999996], [32.38812812300017, -17.533058052999934], [32.38830311800018, -17.532880038999963], [32.38847911300007, -17.532789031999982], [32.38865810800007, -17.5326970239999], [32.38883710300007, -17.53260601699992], [32.389196093000066, -17.532508009999958], [32.38946308500016, -17.53241300199994], [32.39198801400005, -17.532342995999898], [32.39216700900005, -17.532336994999866], [32.39288798900003, -17.532315993999816], [32.393158981000056, -17.53230799299996], [32.393429974000185, -17.53230099199982], [32.393791964000116, -17.532290990999968], [32.394512943000166, -17.532269989999918], [32.39487193300005, -17.53226098899995], [32.39495993100002, -17.53217098199997], [32.39505092799999, -17.532168981999973], [32.395046928000056, -17.53208097499993], [32.395138926000186, -17.532078973999944], [32.39540991800004, -17.53207197399996], [32.39711487000005, -17.53323506499993], [32.39729386500005, -17.533229063999954], [32.39757285700006, -17.53348108399996], [32.39775585200016, -17.533563089999973], [32.398659827000074, -17.533624094999936], [32.39883882200007, -17.533619093999903], [32.39893081900016, -17.533617093999908], [32.399018817000126, -17.533527086999925], [32.399197812000125, -17.533435079999947], [32.399372807000134, -17.533344072999967], [32.399727797000025, -17.533161057999905], [32.39999878900005, -17.53306505099988], [32.40017378400006, -17.53297404299991], [32.40035377900011, -17.532882035999933], [32.400440776000096, -17.532795028999942], [32.40052877400012, -17.53270502199996], [32.400612771000056, -17.532529007999926], [32.40078876600012, -17.532438000999946], [32.400879764000024, -17.5324340009999], [32.40096376200006, -17.532258986999977], [32.401139757000124, -17.532080972999893], [32.401226754000106, -17.531991965999907], [32.40140674899999, -17.53189995899993], [32.40149374600003, -17.531809951999946], [32.40175773900012, -17.531630937999978], [32.40292870600007, -17.53151092799982], [32.40310770100007, -17.531504927999947], [32.40319869800004, -17.531502926999963], [32.40329069600017, -17.53149992699997], [32.403740683000024, -17.531487925999954], [32.40500364800016, -17.5315379299999], [32.40546163500011, -17.531697941999937], [32.40564063000011, -17.531691941999952], [32.40573162700008, -17.531689940999968], [32.40709358900017, -17.531996964999962], [32.4072765840001, -17.531991964999918], [32.407364581000024, -17.531989964999923], [32.40754757600013, -17.53198396399995], [32.40790656600018, -17.531973962999928], [32.40808556100018, -17.531968962999883], [32.40826455600012, -17.531876954999973], [32.408444551, -17.531785947999936], [32.40861554600008, -17.53160793399985], [32.408703543000115, -17.531518926999922], [32.408879538000065, -17.53134091299995], [32.408879538000065, -17.531252905999963], [32.40896253600016, -17.531077892999974], [32.40913853100005, -17.530900878999944], [32.40931352600006, -17.530720864999978], [32.4093975240001, -17.530545850999886], [32.40957351900016, -17.530367836999915], [32.409657516000095, -17.530192822999936], [32.40991650900014, -17.529837794999935], [32.41008850400004, -17.529486767999913], [32.410351496000146, -17.529219746999956], [32.412464436, -17.527512611999953], [32.412461436000115, -17.5273405989999], [32.412632432000066, -17.52716158499993], [32.41272042900016, -17.527072577999945], [32.41280842700013, -17.526984570999957], [32.41307141900006, -17.526717549999944], [32.41324641400007, -17.526537535999978], [32.413426409000124, -17.52644652899994], [32.41360140400013, -17.52626951499991], [32.4136894020001, -17.526179507999927], [32.41422338600006, -17.525990492999938], [32.41440238100006, -17.525899484999968], [32.41449037900003, -17.525897484999973], [32.41466937400003, -17.52580547799988], [32.41494036600005, -17.52579647699997], [32.41520735900019, -17.525702469999885], [32.415299356000105, -17.525700469999833], [32.41538635400019, -17.525696468999854], [32.41547835100005, -17.525694468999973], [32.41557034800013, -17.52577847599997], [32.41575334300006, -17.525860481999928], [32.41584434100014, -17.525857481999935], [32.41593633800005, -17.525940487999947], [32.41602733600013, -17.525939487999892], [32.416119333000154, -17.52602349499989], [32.416210330000126, -17.52602149499984], [32.41630232800014, -17.52610550099996], [32.41639432500017, -17.52618850799996], [32.41667231800017, -17.526352519999932], [32.41685531200005, -17.52652053399993], [32.417042307000145, -17.526688546999935], [32.41731730000009, -17.526854559999947], [32.417412297000055, -17.526938565999956], [32.41777128700005, -17.526929564999932], [32.41813327699998, -17.526917563999973], [32.41867526100009, -17.526902562999908], [32.419125249, -17.526888561999897], [32.42057120800018, -17.526934564999976], [32.424484097, -17.52509041999997], [32.42457209500003, -17.525000412999816], [32.424752090000084, -17.524909404999903], [32.42492708500009, -17.524817397999925], [32.4251020800001, -17.52464038399995], [32.425274075, -17.524375362999876], [32.42562506500013, -17.524018334999937], [32.42589205700017, -17.52383732099986], [32.42615504999998, -17.5236553069999], [32.42624304700007, -17.523480292999977], [32.42632704500011, -17.523392285999876], [32.42641504200003, -17.52330327899989], [32.426502040000116, -17.523213271999907], [32.428279990000135, -17.52229619999997], [32.42836798700006, -17.52220819299987], [32.428546982, -17.52220219199984], [32.42872997700016, -17.522196191999967], [32.429000969000185, -17.52218919099994], [32.429179964000184, -17.522183190999954], [32.42945095700014, -17.522175189999928], [32.42954295400017, -17.522259195999936], [32.429813946000024, -17.522252195999954], [32.43009193900002, -17.522503214999972], [32.430183936000105, -17.522502214999975], [32.430186936000155, -17.5226752289999], [32.43028293300006, -17.522845241999846], [32.43047392800014, -17.523100261999957], [32.43047692800019, -17.52327227599983], [32.430572925000035, -17.52344428899994], [32.43075992000013, -17.523697308999886], [32.43085491700009, -17.52378131599994], [32.43085891700008, -17.523955328999932], [32.430949915000156, -17.524039335999873], [32.43104191200001, -17.524035334999894], [32.43122890700016, -17.524203348999947], [32.4314079020001, -17.524199347999968], [32.43149989900019, -17.52428335499991], [32.43168289400012, -17.524277353999935], [32.43203788400018, -17.524180346999913], [32.432491871000025, -17.524167344999967], [32.43257886900011, -17.524165344999915], [32.432666866000034, -17.524075337999932], [32.432666866000034, -17.523989330999825], [32.43292985900018, -17.52380831699986], [32.433196851000105, -17.523627302999955], [32.43345984400008, -17.52344828899993], [32.43372683600012, -17.523352280999973], [32.433906831, -17.52326127399988], [32.43399482900003, -17.523171266999896], [32.43416982400004, -17.52299425299998], [32.43443281600014, -17.522727231999852], [32.43460881100003, -17.522547217999943], [32.434779807000155, -17.52237020399997], [32.43495580200005, -17.522105182999894], [32.435126797000066, -17.52184016199982], [32.435298792000026, -17.521575141999904], [32.43555878400019, -17.52122211399984], [32.43572977900004, -17.520957092999936], [32.435905774000105, -17.520691071999863], [32.43599277200002, -17.520602064999935], [32.43616876700014, -17.5205100579999], [32.436973744000056, -17.520228035999935], [32.437244737000185, -17.52030604199996], [32.43752272900008, -17.52047205499997], [32.437793721000105, -17.520550060999938], [32.43788871900017, -17.520634066999946], [32.438071713, -17.520802079999896], [32.43835070600011, -17.521054099999958], [32.43844570300007, -17.5211381069999], [32.43862869800017, -17.521306119999963], [32.43890769000018, -17.521557138999924], [32.43928168000019, -17.521893165999927], [32.43964766900001, -17.522143184999948], [32.44010865600006, -17.52238920399992], [32.44029265100011, -17.52247121099998], [32.44037964900019, -17.522469209999883], [32.440471646000105, -17.52246520999995], [32.440742639, -17.52254521599997], [32.44110462800006, -17.52253421499995], [32.44155861600012, -17.522608220999928], [32.44560550200015, -17.522145183999896], [32.44578549700003, -17.522139182999865], [32.4459644910001, -17.522135182999875], [32.44614748600003, -17.5221301819999], [32.44641847900016, -17.522122181999976], [32.44668547100002, -17.522027173999902], [32.44677746900004, -17.52202517399985], [32.449100403000045, -17.521351120999952], [32.449100403000045, -17.5212661139999], [32.449096403000055, -17.521178106999912], [32.449184401000025, -17.521090099999924], [32.44926839800013, -17.520915086999935], [32.449355396000044, -17.52082507899985], [32.44935139600011, -17.52073707299985], [32.449531391000164, -17.520646064999937], [32.4496153880001, -17.52047005199995], [32.44970238600018, -17.520382044999963], [32.449882381000066, -17.520377043999815], [32.449882381000066, -17.520289036999884], [32.45074835600002, -17.519138946999874], [32.45074435600009, -17.519052939999938], [32.450835354000105, -17.519048939999948], [32.450832354000056, -17.518962932999955], [32.45091935100004, -17.518787918999976], [32.451003349000075, -17.518611905999876], [32.45117934399997, -17.518432890999975], [32.451175344000035, -17.51834688499997], [32.45125934100014, -17.51817187099988], [32.45143433600015, -17.517992856999967], [32.45152233400012, -17.51790484999998], [32.45151833400013, -17.517816842999878], [32.45161033100004, -17.517814842999826], [32.45160633100005, -17.51772883599989], [32.45169432900008, -17.517639828999904], [32.45178132700016, -17.51754982199992], [32.45187332400002, -17.517547821999926], [32.45196132100011, -17.51745881499994], [32.45214031600011, -17.517452813999967], [32.45223231400007, -17.51745081399997], [32.45231931100005, -17.51744881399992], [32.45259030400001, -17.51735380699995], [32.45276929900018, -17.517347805999975], [32.452857296000104, -17.51725979899993], [32.452853296000114, -17.517171791999885], [32.45294129400014, -17.517084784999895], [32.45311328900004, -17.516731757999935], [32.45319328599999, -17.516470736999906], [32.45318528700017, -17.51621071699998], [32.45318128700018, -17.516037702999938], [32.453262284, -17.51577568299996], [32.453262284, -17.51568767599997], [32.453250285000024, -17.515428654999937], [32.45334228200005, -17.515426654999942], [32.45333828200012, -17.515338647999954], [32.4533232820001, -17.51482060799998], [32.45331128300006, -17.514474580999945], [32.45330728300013, -17.514301566999904], [32.45330428300002, -17.51412755299998], [32.45338728000007, -17.513952539999934], [32.45338428000019, -17.513866532999884], [32.45347127800011, -17.5137765259999], [32.45355527600009, -17.51360151199998], [32.45363927300002, -17.5133384909999], [32.45380726800016, -17.51298746399982], [32.45389526600019, -17.51289945699989], [32.45406626100004, -17.51254642899994], [32.45415425800013, -17.51245842199984], [32.45415025800014, -17.512371415999894], [32.4542422560001, -17.51236941499991], [32.45433025300002, -17.512367414999858], [32.454513248000126, -17.512361414999873], [32.45487123800012, -17.512350413999968], [32.45515023000007, -17.512516426999923], [32.45542122300003, -17.51259443299989], [32.45560821800018, -17.512762445999954], [32.45597420700017, -17.512926458999914], [32.456065205000016, -17.513010464999923], [32.456248200000175, -17.513090470999884], [32.456432194000115, -17.513172477999944], [32.45652319200019, -17.513256483999953], [32.45661518900005, -17.513254483999958], [32.456794184000046, -17.513248483999917], [32.45733616900003, -17.51323348199992], [32.45760616100017, -17.513225481999882], [32.457786156000054, -17.513132473999917], [32.45787415400008, -17.513130473999922], [32.45805714900018, -17.51312447399988], [32.45850713600004, -17.51311347299992], [32.45886512600015, -17.513101471999903], [32.45895712300006, -17.51309947099992], [32.45904812100014, -17.513095470999872], [32.46588792800003, -17.512466419999953], [32.46606692300014, -17.51246041999991], [32.466154920000065, -17.512371412999983], [32.46642591300002, -17.512363411999956], [32.46669290500006, -17.51227040499998], [32.46704789500012, -17.51208638999998], [32.46740988500005, -17.51207538899996], [32.46785687200003, -17.511976380999897], [32.468126865000045, -17.511968380999974], [32.46839385700014, -17.5118733729999], [32.471716763000074, -17.511259323999923], [32.47216675100003, -17.511245322999912], [32.472616738000056, -17.5112323219999], [32.47297972800004, -17.511220320999882], [32.47325072000007, -17.51121331999991], [32.47333771799998, -17.51121131999986], [32.473608710000065, -17.51120331899989], [32.473787705, -17.51111231199991], [32.475744650000024, -17.510189238999942], [32.47583264700012, -17.510187238999947], [32.47583264700012, -17.51009923199996], [32.47592064500009, -17.510097231999964], [32.47601164200012, -17.51009523199997], [32.476278635000085, -17.51000022399984], [32.47654562700012, -17.50990621699998], [32.476999614000135, -17.509893215999966], [32.47735860400019, -17.509796207999898], [32.47771359400002, -17.50969819999989], [32.47807158400019, -17.50951518599993], [32.47833857700016, -17.50942017899996], [32.47869756600011, -17.50941017799994], [32.478968559000066, -17.50931516999998], [32.47932354900013, -17.509220162999952], [32.4795935410001, -17.509124154999824], [32.47977353600015, -17.50911915499995], [32.47976953600016, -17.509033147999844], [32.47986053400007, -17.509031147999963], [32.47985753400013, -17.50894314099986], [32.47994853100016, -17.50894114099998], [32.47994453100017, -17.50885513399993], [32.479941531000065, -17.50876812699994], [32.48002852899998, -17.508678119999956], [32.480116526000074, -17.50859011299997], [32.480288521000034, -17.50832509199995], [32.48037551900012, -17.508235084999967], [32.48037551900012, -17.50815007799997], [32.480635511000116, -17.5078830569999], [32.48072350900014, -17.507793049999975], [32.480810506000125, -17.507703042999935], [32.480810506000125, -17.50761803699993], [32.48089850400015, -17.507528029999833], [32.48089450400016, -17.507442022999896], [32.48194747400004, -17.50645794499991], [32.482039472000054, -17.506455944999857], [32.48212346900016, -17.506365937999874], [32.48212346900016, -17.506279930999938], [32.48221046700007, -17.506276930999945], [32.482298464000166, -17.506188923999957], [32.482386462000136, -17.506098916999974], [32.48243546000009, -17.506098916999974], [32.48244746000006, -17.50609691699998], [32.48254245700019, -17.506266929999924], [32.48263045500016, -17.50626492999993], [32.48263045500016, -17.506178922999936], [32.48576236700012, -17.50825308499998], [32.48576236700012, -17.50834009199997], [32.48900427700016, -17.513876525999933], [32.48900427700016, -17.51396153199994], [32.48372942700013, -17.51844688499989], [32.499349991000145, -17.53320103799996], [32.49962398300005, -17.533199037999964], [32.50010096900007, -17.533502061999968], [32.523019326, -17.54105264799989], [32.52365230800018, -17.54241575499998], [32.514211579000175, -17.564407479999943], [32.51200664300018, -17.568653812999912], [32.512162638, -17.568653812999912], [32.51548954500004, -17.572591120999903], [32.51564554099997, -17.572591120999903], [32.511384662000125, -17.57593038399989], [32.50696378700019, -17.577451503999896], [32.506036816000176, -17.589578453999934], [32.50604781700008, -17.59518689299989], [32.50620481200019, -17.59518689299989], [32.5021039290001, -17.600345297999922], [32.5021039290001, -17.60049730999998], [32.500375979000125, -17.606107748999932], [32.500375979000125, -17.606257760999938], [32.50153194800009, -17.60934800299998]]]]}}, {"type": "Feature", "properties": {"GID_3": "ZWE.5.8.18_2", "GID_0": "ZWE", "COUNTRY": "Zimbabwe", "GID_1": "ZWE.5_1", "NAME_1": "Mashonaland East", "NL_NAME_1": "NA", "GID_2": "ZWE.5.8_2", "NAME_2": "Mutoko", "NL_NAME_2": "NA", "NAME_3": "Ward 25", "VARNAME_3": "NA", "NL_NAME_3": "NA", "TYPE_3": "Ward", "ENGTYPE_3": "Ward", "CC_3": "NA", "HASC_3": "NA", "id": "ZWE.5.8.18_2", "name": "Ward 25"}, "geometry": {"type": "MultiPolygon", "coordinates": [[[[31.902882788000113, -17.532167115999925], [31.90192581400015, -17.530282968999927], [31.885899255000083, -17.498997519999932], [31.886093249000112, -17.49837047099993], [31.878057471000147, -17.484249365999915], [31.856126073000098, -17.439542863999975], [31.85622707000016, -17.43954086399998], [31.85632606700011, -17.43954086399998], [31.860144960000184, -17.440255918999924], [31.860245957000075, -17.44025391899993], [31.860344955000073, -17.440252917999942], [31.86044595200019, -17.440250917999947], [31.860544949000143, -17.440250917999947], [31.860645946000034, -17.440248917999952], [31.86094793800015, -17.440339924999932], [31.8610489350001, -17.440337924999938], [31.86425884500011, -17.44067795099994], [31.864361842, -17.440772957999968], [31.864460839000117, -17.440770957999973], [31.864561836000064, -17.44076895799992], [31.86466083300013, -17.44076895799992], [31.864761830000077, -17.440767956999935], [31.865063822000025, -17.440858964999904], [31.865463811000154, -17.44085296399993], [31.866066794000062, -17.440940970999918], [31.8680697370001, -17.44091296799985], [31.868269732000044, -17.44090896699987], [31.868370729000162, -17.44090896699987], [31.86856872300018, -17.440809959999854], [31.86876971800001, -17.440805958999874], [31.86896971200008, -17.440706950999925], [31.869268704000092, -17.440702950999878], [31.872467613000026, -17.440175908999947], [31.872667608000143, -17.440173907999963], [31.872868602000096, -17.440170907999914], [31.872969599000157, -17.44016890799992], [31.873068596999985, -17.44016890799992], [31.87366958000007, -17.440158906999898], [31.873770577000187, -17.440156906999903], [31.87386957400014, -17.440154906999908], [31.87397057100003, -17.44015490599992], [31.874269563000098, -17.440053897999974], [31.875965515000075, -17.439645865999978], [31.876066512000193, -17.439643865999926], [31.876463501000046, -17.43944584999997], [31.876760492000017, -17.439248833999898], [31.876961487000074, -17.439245833999905], [31.877161481000087, -17.439147825999896], [31.87735747500011, -17.438951810999924], [31.877657467000063, -17.438852802999918], [31.877954459000136, -17.438653786999964], [31.878351447000114, -17.438457771999936], [31.87855144200006, -17.438453771999946], [31.878752436000184, -17.43835476399994], [31.881439360000115, -17.437257676999934], [31.881540357000176, -17.43725567699994], [31.88163935400013, -17.43725567599995], [31.881739351000135, -17.437158668999814], [31.881838349000134, -17.437156668999933], [31.881937346000086, -17.437059660999978], [31.882038343000033, -17.43705766099987], [31.88223633700005, -17.436958652999976], [31.882635326000127, -17.43685764499986], [31.883034314999975, -17.436658628999908], [31.890684098000122, -17.43250830099987], [31.890884093000068, -17.432504300999824], [31.89098509000013, -17.432504300999824], [31.89108308699997, -17.432309284999917], [31.891180084000098, -17.432212277999895], [31.89137807900005, -17.43201826199993], [31.891973061999977, -17.431623230999946], [31.89435799400013, -17.43033912899989], [31.894456991000084, -17.430337128999895], [31.89455798800003, -17.430335128999843], [31.895759955000074, -17.430318126999964], [31.89656393200005, -17.430499140999927], [31.89676692600017, -17.430593148999947], [31.899554848000093, -17.42949406199989], [31.899653845000046, -17.429492060999962], [31.899754842000107, -17.429492060999962], [31.899953836000066, -17.429393052999956], [31.900149831000192, -17.429197037999927], [31.900248828000144, -17.429099029999975], [31.900447822000103, -17.428905014999884], [31.90074481400012, -17.428707998999926], [31.900945808000074, -17.42870399899988], [31.901242800000148, -17.428507983999907], [31.90144179400005, -17.4284089759999], [31.901738786000124, -17.428211959999942], [31.902036777000035, -17.42801594499997], [31.902432766000175, -17.427817928999957], [31.902930751999975, -17.427616912999895], [31.906638648000182, -17.42757290799989], [31.906737645000135, -17.42757290799989], [31.906838642000025, -17.427571907999834], [31.906938639000032, -17.427569907999953], [31.906936639000037, -17.42747390099987], [31.907037636000155, -17.427471899999887], [31.9072376310001, -17.427468899999838], [31.907336628000053, -17.427468899999838], [31.907437625000114, -17.427466899999956], [31.907638619000068, -17.427462899999966], [31.90772361700016, -17.42659683099987], [31.90772361700016, -17.42649982399996], [31.90762262000004, -17.426501823999843], [31.907521622000047, -17.426405816999875], [31.907519622000052, -17.426310808999915], [31.90741862500016, -17.42621480199989], [31.907317628000044, -17.426216801999885], [31.907216631000153, -17.426121793999926], [31.907014637000145, -17.426029786999948], [31.90681064200004, -17.42583977199996], [31.908198603000187, -17.42485669499996], [31.90839959700014, -17.424854693999976], [31.908498594000093, -17.424853693999978], [31.908599592000087, -17.424851693999926], [31.908698588999982, -17.424851693999926], [31.9087995860001, -17.42484969399993], [31.908898583000052, -17.424847693999936], [31.908999580000113, -17.42484569399994], [31.90909957700012, -17.42484569399994], [31.909299572000066, -17.424841692999962], [31.909501566000074, -17.424935700999924], [31.911109521000185, -17.42520072099984], [31.911208518000137, -17.42519872099996], [31.911408513000026, -17.42519671999986], [31.911509510000144, -17.42519471999998], [31.91160950700015, -17.42519271999987], [31.91191049800011, -17.425188719999824], [31.91251148200007, -17.42517971899997], [31.91281247300003, -17.425175717999878], [31.91461142200012, -17.424860692999857], [31.91471042000012, -17.424858692999976], [31.914811417000067, -17.424858692999976], [31.91491041400019, -17.42485669299998], [31.91501141100008, -17.424854691999883], [31.91521440500003, -17.42494869999996], [31.915414400000145, -17.42494469899998], [31.915717391000044, -17.42513371399997], [31.916825360000132, -17.425598749999892], [31.91692635700008, -17.425596749999897], [31.916928357000074, -17.42569275799997], [31.917027355000073, -17.42569275799997], [31.917231349000076, -17.42588177199997], [31.917333346000078, -17.425976779999928], [31.91753734000008, -17.426165794999918], [31.91753734000008, -17.426260801999888], [31.91764033800007, -17.426356809999902], [31.917741335000187, -17.426451816999872], [31.917960328999982, -17.4265468239999], [31.919455287000062, -17.42719587499988], [31.919558284000175, -17.427290881999852], [31.919759278000072, -17.427286881999976], [31.919959273000188, -17.427380888999835], [31.92015926700003, -17.42737688899996], [31.920463259000144, -17.427469895999934], [31.920764250000104, -17.42756190299997], [31.92106524200011, -17.427555902999927], [31.921266236000065, -17.427649909999957], [31.923173182000085, -17.42781592299997], [31.92337317700003, -17.427811921999876], [31.923472174000153, -17.42780992199988], [31.923474174000148, -17.42790692999995], [31.923675168000102, -17.42790292899997], [31.923877162999986, -17.427996936999932], [31.923978160000104, -17.42809194399996], [31.924283151, -17.428278958999954], [31.924483146000114, -17.428372965999927], [31.924586143000056, -17.428467972999897], [31.924687140000117, -17.428562980999857], [31.924788137000064, -17.428560980999976], [31.925694112000144, -17.42883600199997], [31.92579410900015, -17.428834001999974], [31.92609510000011, -17.428830000999938], [31.92619409800011, -17.428828000999943], [31.926293095000062, -17.428730992999874], [31.926593086000082, -17.42872699299994], [31.926694084000133, -17.428724992999946], [31.926793081000028, -17.428627984999878], [31.926890078000156, -17.42853097799997], [31.926989075000108, -17.4284339699999], [31.92709107200011, -17.42843196999985], [31.927089072000115, -17.428333961999897], [31.927188070000113, -17.428236953999942], [31.92728506700007, -17.42813994699992], [31.927384064000194, -17.428042938999965], [31.927382064000028, -17.427944930999956], [31.927482061000035, -17.427847923999934], [31.927581058000158, -17.42784592399994], [31.927581058000158, -17.42775091599998], [31.92767805600016, -17.42755590099995], [31.92816804200004, -17.42687684699996], [31.92836803600005, -17.42687284699997], [31.928569030000176, -17.426871846999973], [31.928769025000122, -17.426867845999936], [31.928868022000017, -17.42686584599994], [31.928969019000135, -17.42686584599994], [31.929372007999973, -17.427050860999884], [31.92957400199998, -17.427143867999916], [31.9296749990001, -17.427141867999865], [31.929676999000094, -17.427239874999884], [31.929775996000046, -17.42723787499989], [31.92987699400004, -17.427235874999894], [31.930181985000104, -17.427519896999968], [31.930382979000058, -17.427612903999943], [31.930586974000164, -17.427801918999933], [31.930687971000054, -17.427801918999933], [31.930788968000172, -17.427895925999906], [31.932403923000095, -17.42873899199992], [31.932505920000096, -17.428736991999926], [31.93280691200016, -17.428827998999907], [31.933006906000173, -17.428826998999853], [31.93320890000018, -17.428920005999885], [31.933411895, -17.429012012999976], [31.93361388900007, -17.42910502099994], [31.933712886000137, -17.42910502099994], [31.933813883000084, -17.429103019999957], [31.933912881000083, -17.429101019999962], [31.93411487500009, -17.429195027999924], [31.934416866000163, -17.429191026999945], [31.934616861000052, -17.42928403399992], [31.934818855000117, -17.429281033999928], [31.934917852000183, -17.429279033999933], [31.93501885, -17.429277033999938], [31.935217844000135, -17.42917802599993], [31.935417837999978, -17.429176025999936], [31.935615833000156, -17.429076017999932], [31.935717830000158, -17.429075017999935], [31.935816827000053, -17.42907301699995], [31.93591782400017, -17.42907301699995], [31.936115819000122, -17.428973008999947], [31.936615803999985, -17.428966008999964], [31.936916796000048, -17.428962007999928], [31.939417726000045, -17.428732989999958], [31.939617720000058, -17.42872898899998], [31.94011970600019, -17.42872198899994], [31.94042069700015, -17.42881299599992], [31.94072368900015, -17.428905002999898], [31.94102568, -17.428998009999873], [31.94132667200006, -17.42909001699985], [31.941629663000185, -17.42918102399983], [31.942032652000194, -17.429271030999928], [31.94223264700014, -17.42936403799996], [31.9425336380001, -17.429361037999968], [31.942835630000047, -17.429452044999948], [31.94293662700011, -17.429450044999953], [31.94303562400006, -17.4294480449999], [31.943138621000116, -17.429544051999926], [31.94323761800007, -17.42954205199993], [31.943338615000187, -17.429540051999936], [31.94343961300018, -17.429635058999907], [31.943642607000072, -17.429729066999982], [31.943741604000024, -17.429727065999884], [31.943943599000136, -17.429820073999963], [31.94404659600019, -17.429916080999874], [31.944145593000144, -17.429914080999822], [31.944246590000034, -17.430009087999963], [31.944349587000147, -17.430103095999982], [31.94465257900015, -17.430291109999928], [31.944855573000098, -17.43038511799989], [31.94495457, -17.430383117999895], [31.944956569999988, -17.430478124999865], [31.945057567000106, -17.43057413199989], [31.9451585650001, -17.430572131999895], [31.945160565000094, -17.430669139999964], [31.94516256500009, -17.430860154999948], [31.945164565000084, -17.43095716299996], [31.94516656500008, -17.43105216999993], [31.945167565000133, -17.43124518499991], [31.94507056700013, -17.43134219299992], [31.945072567000125, -17.431535207999843], [31.945074567000063, -17.43163021499987], [31.945078567000053, -17.431823230999953], [31.945080567000048, -17.431920237999975], [31.945080567000048, -17.432016245999932], [31.945181564000166, -17.432014245999937], [31.94528256200016, -17.432109252999908], [31.945484556000167, -17.432203259999937], [31.945686550000175, -17.432296267999902], [31.94588654500012, -17.432292266999866], [31.945986542000128, -17.43229026699987], [31.94618653599997, -17.432288266999876], [31.946487528000034, -17.432285265999894], [31.94648552800004, -17.432187258999875], [31.946686522000164, -17.43218525899988], [31.946787519000054, -17.432183257999895], [31.946886516000177, -17.432182257999898], [31.947086511000123, -17.432180257999903], [31.947286505000136, -17.432176257999856], [31.947588497000083, -17.432172256999877], [31.94779049100009, -17.432266264999953], [31.947889488000044, -17.432264263999855], [31.947990485000105, -17.432262263999974], [31.9479924850001, -17.432359271999815], [31.9479924850001, -17.432454278999955], [31.94809548300009, -17.43255028699997], [31.948097483000083, -17.43264529399994], [31.94819848000003, -17.4327403019999], [31.948200480000025, -17.432931316999884], [31.94820248000019, -17.433028323999906], [31.948305477000076, -17.433124331999977], [31.948305477000076, -17.433219338999834], [31.94830747700007, -17.43331534699996], [31.948408474000132, -17.433410353999932], [31.948410474000127, -17.43350536199995], [31.948511471000074, -17.43350536199995], [31.94861046799997, -17.433503360999964], [31.94871146600019, -17.43350136099997], [31.948709466000025, -17.433406353999942], [31.949001457000122, -17.43282430799991], [31.948999457000127, -17.432727299999954], [31.949098454000023, -17.432727299999954], [31.949098454000023, -17.43263029299993], [31.94929544900009, -17.432435276999968], [31.949493443000108, -17.43233626999995], [31.94959244000006, -17.43223926199994], [31.94969243800017, -17.43214225399987], [31.94989043200019, -17.43204224599998], [31.950189423000154, -17.431941237999865], [31.950390417999984, -17.431937237999875], [31.950590412000054, -17.431936237999878], [31.951191395000137, -17.43192623699997], [31.95149038700015, -17.431825228999855], [31.951790378, -17.431821227999876], [31.952091370000062, -17.431817227999886], [31.952692353000145, -17.431808226999976], [31.95289234700016, -17.43180622699998], [31.952993344000106, -17.431804226999873], [31.953092342000105, -17.43180222699982], [31.953194339000106, -17.431800225999893], [31.95329333600006, -17.431800225999893], [31.95585426399998, -17.432243259999893], [31.9559552610001, -17.4322412599999], [31.956055258000106, -17.432239259999903], [31.9561562560001, -17.432239259999903], [31.95635625000017, -17.432235259999857], [31.956455247000065, -17.432138251999902], [31.95665524200018, -17.432134251999912], [31.956653242000016, -17.432039243999952], [31.957542216000036, -17.43125718199991], [31.95764121300016, -17.431157174999896], [31.957741211000098, -17.431157173999907], [31.957840208, -17.43105816699989], [31.95803820200007, -17.43095915899994], [31.95854018800003, -17.43095315799991], [31.958740182000042, -17.43094915799992], [31.95883918000004, -17.43094815799992], [31.95894017700016, -17.43094815799992], [31.959141171000113, -17.430944156999942], [31.959242168000173, -17.43094215699989], [31.95934116600006, -17.430940156999895], [31.96126711200003, -17.432355266999934], [31.961468106000154, -17.432351266999945], [31.961769098, -17.432445273999974], [31.961872095000103, -17.432538281999882], [31.96207408900011, -17.432632288999912], [31.962374081000064, -17.432628288999865], [31.962576075000072, -17.432721295999897], [31.96287506700014, -17.432716294999864], [31.964882010000167, -17.43278229999993], [31.96498100700012, -17.432780299999934], [31.965082005000113, -17.432780299999934], [31.965281999000126, -17.43277729899995], [31.96538099600008, -17.432775298999957], [31.96568498800019, -17.432866305999937], [31.965985979000152, -17.432960313999956], [31.966086976000042, -17.432958312999972], [31.966086976000042, -17.43305332099993], [31.96740094000006, -17.433707371999958], [31.967500937000068, -17.43370637199996], [31.96760393400018, -17.43380137899993], [31.967803928000023, -17.43379737899994], [31.968203917000153, -17.43379137799991], [31.968404911000107, -17.433789377999915], [31.96870390300012, -17.433784376999938], [31.968804900000066, -17.433784376999938], [31.97079484400001, -17.432887305999884], [31.970893841000134, -17.432887305999884], [31.970893841000134, -17.432790298999862], [31.970992838000086, -17.43278829899998], [31.97099083800009, -17.432693290999907], [31.971190833000037, -17.432594282999958], [31.97128883000005, -17.432496275999938], [31.971486824000067, -17.432300259999977], [31.971684819000018, -17.43220125199997], [31.974068751000118, -17.430915150999965], [31.974067751, -17.43082014299989], [31.974265745000082, -17.430721134999885], [31.97436474300008, -17.43062312799998], [31.9745627370001, -17.430524119999916], [31.974763731000053, -17.43042511199991], [31.97486272900005, -17.430423111999914], [31.975060723000126, -17.430324103999908], [31.975358715000084, -17.43012708799995], [31.97565770600005, -17.430026079999948], [31.975854700000184, -17.42983206499997], [31.979007610999986, -17.426417795999896], [31.97910660800011, -17.4264157959999], [31.97910660800011, -17.426319787999944], [31.979203605000066, -17.42622278099992], [31.979304602000184, -17.426220779999937], [31.97930260200019, -17.426123772999915], [31.979401599000084, -17.426123772999915], [31.979401599000084, -17.42602676499996], [31.982735504000175, -17.421551412999975], [31.982936499000175, -17.42154941299998], [31.98293449900001, -17.421452404999854], [31.98313449300008, -17.421353396999905], [31.983229489999985, -17.421160381999925], [31.983327487000054, -17.42096536699995], [31.98352748200017, -17.420866358999945], [31.98362447900007, -17.420769350999933], [31.983922470000152, -17.420572334999974], [31.98531843100011, -17.420166302999917], [31.985419428, -17.420166302999917], [31.985518425000123, -17.420164302999922], [31.985516425000128, -17.42006729499991], [31.98561742300012, -17.42006729499991], [31.98571542000019, -17.419872279999936], [31.985814417000086, -17.41977527199998], [31.985909414000048, -17.419581256999948], [31.985907414000053, -17.419388241999968], [31.98600741100006, -17.419386241999973], [31.98600741100006, -17.4192912339999], [31.98600541100012, -17.419195226999875], [31.98610440900012, -17.41919322699988], [31.986102409000125, -17.419096218999925], [31.987599366000097, -17.418690186999925], [31.987698364000096, -17.41868818599994], [31.98800035500011, -17.41868418599995], [31.988902330000087, -17.418671184999937], [31.990796276000083, -17.41816214399995], [31.99089727300003, -17.418160143999955], [31.990895273000035, -17.418064135999884], [31.99099627100003, -17.41806213599989], [31.991093268000157, -17.41796512899998], [31.99129426200011, -17.41786612099986], [31.991494257000056, -17.41786211999988], [31.991692251000075, -17.417763112999864], [31.99179224800008, -17.41776111199988], [31.991891245000033, -17.417664104999915], [31.993190209000034, -17.41745208799989], [31.993291206000094, -17.417450087999896], [31.993388203000052, -17.41735307999994], [31.99348920000017, -17.417351079999946], [31.993588197000065, -17.417351079999946], [31.99368719500012, -17.41725207199994], [31.993789192000122, -17.41725207199994], [31.993819191, -17.41723707099993], [31.993947187000117, -17.417172064999875], [31.99398718600014, -17.417153063999933], [31.994084183000098, -17.41695804899996], [31.994284178000044, -17.41695404799998], [31.994382175000055, -17.416762032999884], [31.994479172000183, -17.416664024999875], [31.995364147000146, -17.41559194099989], [31.995465144000036, -17.415589940999894], [31.99546314400004, -17.415494932999934], [31.99556014100017, -17.415397925999912], [31.995761136, -17.415298917999905], [31.99596113000007, -17.415294916999926], [31.996159124000087, -17.41519590999991], [31.996259122000026, -17.41519390899998], [31.998061071000166, -17.41507189899994], [31.998160068000118, -17.415069898999946], [31.99826106500018, -17.41506789899995], [31.998362062000126, -17.41516290599992], [31.998765051000134, -17.415252912999904], [31.998967045000143, -17.415345920999982], [31.999268037000036, -17.41543792799996], [31.99947203100004, -17.41562694299995], [31.999774023000157, -17.41571794999993], [31.999877020000042, -17.415813956999955], [31.99997801700016, -17.415908964999915], [32.000180012000044, -17.416000971999892], [32.00028300900016, -17.416095978999863], [32.000485003000165, -17.416188985999895], [32.00058400000012, -17.416284993999966], [32.00098898900012, -17.416470007999976], [32.00107298700016, -17.416548013999943], [32.00156897300013, -17.41650801099985], [32.00164497000014, -17.416506010999967], [32.00172096800003, -17.416506010999967], [32.00187396400008, -17.416504010999972], [32.00194996200014, -17.416502010999977], [32.00210295800002, -17.41650000999988], [32.00217895499998, -17.416573015999973], [32.00225495300009, -17.416573015999973], [32.00233195100003, -17.416571015999978], [32.00233195100003, -17.416645021999898], [32.00240794900009, -17.416643020999913], [32.00241194900008, -17.416716026999893], [32.002487947000134, -17.416788032999932], [32.00271694000003, -17.41700604999994], [32.002796938000074, -17.417225066999947], [32.00295293400018, -17.417443083999956], [32.00303293200005, -17.417734106999944], [32.00310993, -17.417807112999867], [32.00318592800011, -17.417952123999953], [32.00326592500005, -17.418099135999967], [32.003418921000105, -17.418242146999887], [32.00349891900015, -17.418389157999968], [32.00357491700004, -17.418461163999893], [32.00372791300009, -17.418604174999928], [32.005184872000086, -17.419247224999935], [32.00526086999997, -17.41924522499994], [32.00533786700004, -17.41924522499994], [32.00541386500015, -17.419243224999946], [32.00556586100009, -17.41924122499995], [32.005951850000145, -17.41931022999995], [32.00640883700004, -17.419378234999897], [32.00679082700003, -17.419447239999954], [32.007095818000096, -17.419516245999944], [32.00724881400015, -17.419514245999892], [32.007400809000046, -17.419365233999883], [32.007702801000164, -17.419216221999932], [32.00777879900005, -17.41914221599984], [32.00777879900005, -17.41906820999992], [32.00785479700011, -17.41906820999992], [32.00792779400001, -17.418993203999946], [32.008003792000125, -17.418993203999946], [32.00807979000018, -17.41884419299987], [32.00830878400012, -17.418843192999873], [32.00845777900008, -17.418694180999978], [32.008610775000136, -17.418692180999926], [32.008762771000136, -17.418617174999895], [32.00906776200003, -17.41853916799994], [32.00929675600014, -17.41846516299995], [32.009598746999984, -17.41838715599988], [32.00990373900004, -17.418238144999975], [32.01005273400017, -17.41808913299991], [32.01020473000011, -17.418087132999915], [32.010280728000055, -17.418013126999938], [32.01043372400005, -17.417938120999963], [32.010662717000116, -17.41793512099997], [32.01081471300006, -17.417860114999883], [32.01081171300018, -17.417786108999906], [32.01096370900012, -17.41778410899991], [32.01119270200019, -17.417782107999926], [32.01126870000007, -17.41778010799993], [32.01142169600013, -17.417778107999936], [32.01157469100008, -17.41777610799994], [32.01172668700019, -17.41777610799994], [32.01195968100012, -17.417845112999885], [32.01226467200007, -17.417916118999926], [32.012569663000136, -17.41798412399993], [32.01295165300013, -17.418127134999963], [32.01341264000018, -17.41826814599989], [32.013794629000074, -17.418410156999926], [32.014023623000185, -17.418480161999867], [32.01410362100006, -17.41855316799996], [32.014179618000014, -17.418551167999965], [32.01425561600013, -17.418551167999965], [32.01440861200018, -17.418621172999963], [32.01463760600012, -17.418764183999826], [32.01478960100013, -17.41883718999992], [32.014946597000176, -17.41890719599985], [32.01502259500006, -17.418980200999954], [32.01517559000018, -17.419052206999936], [32.01532758600018, -17.41912321199993], [32.01548458200017, -17.419193217999975], [32.01563657800017, -17.419266223999955], [32.01586557100018, -17.419337228999893], [32.01609456500012, -17.419333228999903], [32.016552552000064, -17.419401233999963], [32.016857543000185, -17.419470238999963], [32.01701053900007, -17.41946823899997], [32.01716253500018, -17.419466238999917], [32.01723853300007, -17.419466238999917], [32.017391528000076, -17.41946423899992], [32.017620522000186, -17.419460237999942], [32.01777251800013, -17.419459237999945], [32.01792551300008, -17.41945723799995], [32.01792551300008, -17.41938423199997], [32.01822650500014, -17.41908920899988], [32.018379500000094, -17.41901220299991], [32.01845549800015, -17.41893819699993], [32.01853249600015, -17.41893819699993], [32.0186804920001, -17.41886219099996], [32.01883348700005, -17.418860190999965], [32.018986483000106, -17.418785184999876], [32.019138479000105, -17.418711178999956], [32.01944347000017, -17.41870717899991], [32.01959646600005, -17.418631172999937], [32.01982146, -17.418629171999953], [32.02005045300007, -17.418627171999958], [32.020126451000124, -17.418625171999963], [32.02020244900018, -17.418625171999963], [32.02027944700018, -17.41862317199997], [32.02058443800007, -17.41861917099982], [32.02073643400007, -17.418617170999937], [32.02096942700007, -17.418688176999922], [32.02112242300012, -17.418686175999937], [32.02158041000007, -17.418680175999896], [32.021885402000066, -17.418677175999903], [32.02203339700014, -17.41860216999993], [32.02226239100008, -17.418379151999943], [32.022564382000155, -17.418228139999883], [32.0227163780001, -17.41808112799987], [32.02294137200005, -17.41793111699991], [32.02324336300006, -17.417635092999944], [32.023472357, -17.417486081999925], [32.02354435400002, -17.41733806999997], [32.02369735000008, -17.417263063999883], [32.02392234400003, -17.417040045999897], [32.02392234400003, -17.41696804099996], [32.02399434200015, -17.41682102899989], [32.024071339000045, -17.416746022999973], [32.0241473370001, -17.416672016999826], [32.0241473370001, -17.416599011999892], [32.024296333000166, -17.416451], [32.024296333000166, -17.4163779939999], [32.02437233100005, -17.41637599399985], [32.02444832900011, -17.41630198799993], [32.024601324000116, -17.416299987999935], [32.02467732200017, -17.416299987999935], [32.024830318000056, -17.41629798799994], [32.02490631600011, -17.416295987999888], [32.02498231400017, -17.416295987999888], [32.025059311000064, -17.416293986999904], [32.02513530900012, -17.416293986999904], [32.02513530900012, -17.416366992999883], [32.025211307, -17.41643899899998], [32.02528730500012, -17.416512003999912], [32.02529130500005, -17.416659015999983], [32.02536830300005, -17.416731021999908], [32.02536830300005, -17.4168040269999], [32.0253713030001, -17.416876032999937], [32.0254483010001, -17.416949038999917], [32.02552429900015, -17.41702104399991], [32.02552429900015, -17.417095049999944], [32.02560029700004, -17.417168055999923], [32.0256042960001, -17.417240061999905], [32.02568029400004, -17.41723806099992], [32.02583329000004, -17.417237060999923], [32.02606228399998, -17.41723506099987], [32.02636327500011, -17.41715805499996], [32.02659226900005, -17.417008042999896], [32.026745264, -17.41693303699992], [32.02689326000018, -17.416784024999856], [32.02704625600006, -17.416638013999943], [32.02719525100002, -17.416489001999935], [32.02734724700019, -17.416412995999963], [32.02757224100014, -17.416190978999907], [32.02780123399998, -17.416114972999935], [32.02802622800016, -17.41589195499995], [32.028179223999985, -17.415816948999975], [32.028255221000165, -17.41574294299994], [32.02833221900016, -17.41574294299994], [32.02832821900017, -17.415668936999964], [32.028480215000116, -17.415593930999876], [32.02863321100017, -17.415517924999904], [32.028709209000056, -17.415445919999968], [32.028785206000066, -17.415443919999973], [32.02885820400007, -17.41536891399994], [32.02893420200013, -17.41536891399994], [32.02901120000013, -17.415366912999843], [32.029087198000184, -17.415366912999843], [32.029087198000184, -17.415292907999913], [32.02923919400013, -17.415290906999928], [32.02931619100019, -17.415290906999928], [32.02954518500013, -17.41528690699988], [32.02977317900019, -17.415284906999887], [32.02992617400014, -17.41528290699989], [32.030002172000025, -17.415280905999907], [32.03007917000019, -17.415280905999907], [32.030613155000026, -17.415275905999863], [32.03129913600003, -17.4152659049999], [32.031757123000034, -17.415260903999865], [32.031910118000155, -17.41525890399987], [32.03198611600004, -17.41525890399987], [32.0320621140001, -17.415256903999875], [32.032139112000095, -17.415256903999875], [32.03221511000015, -17.41525490399988], [32.03229110800004, -17.41525490399988], [32.03236710600015, -17.41525290399983], [32.03244410299999, -17.41525290399983], [32.0325201010001, -17.41517789799991], [32.03259609900016, -17.415176897999913], [32.03274909500004, -17.41517489699993], [32.03297408800006, -17.415099890999954], [32.033127084000114, -17.415023884999982], [32.033352078000064, -17.41480286799998], [32.03342807600018, -17.414800867999816], [32.03358107100013, -17.414725861999898], [32.033657069000185, -17.4147248619999], [32.03373306700007, -17.4147248619999], [32.03373306700007, -17.414649855999926], [32.03380906500013, -17.41457584999995], [32.033886063000125, -17.41457584999995], [32.033958060000145, -17.414428837999935], [32.034035058000086, -17.41442683799994], [32.034187054000085, -17.414352831999963], [32.03426305200014, -17.414277825999875], [32.034488045000046, -17.414201819999903], [32.036689983000144, -17.413228742999934], [32.03676598100003, -17.413228742999934], [32.03684197900009, -17.41322674299994], [32.03691797699997, -17.41322674299994], [32.03707097200015, -17.41315273699996], [32.03737596400015, -17.41307473099988], [32.03767795500016, -17.41299772499991], [32.03798294700016, -17.412847712999962], [32.03820794000006, -17.412625695999964], [32.03850893200007, -17.412400677999926], [32.03881092300014, -17.412105654999834], [32.03911591500014, -17.411882636999962], [32.0394169060001, -17.41158461299989], [32.03964190000005, -17.411363595999887], [32.03986689300007, -17.41106757299991], [32.04001588900019, -17.410918560999846], [32.040244882000025, -17.410695542999974], [32.04061887200004, -17.410325513999965], [32.0408478650001, -17.41010249699991], [32.040995861000056, -17.409953484999846], [32.041224855000166, -17.40980447299995], [32.04130185200006, -17.409730466999974], [32.04137785000012, -17.409730466999974], [32.041373850000184, -17.40965646099994], [32.04144984800007, -17.40965646099994], [32.04152684600001, -17.409581454999966], [32.041602844000124, -17.40957945499997], [32.04175484000007, -17.40957945499997], [32.04190783500019, -17.409503448999885], [32.04213682900013, -17.409501448999833], [32.04267081400019, -17.409494447999975], [32.043051803000026, -17.409490447999815], [32.04320479900002, -17.409488447999934], [32.043509790000144, -17.409484446999954], [32.04366278600003, -17.40948244699996], [32.043891779000035, -17.40947844699997], [32.04396777700009, -17.40947844699997], [32.044043775000034, -17.40947644599987], [32.044116772999985, -17.40947644599987], [32.044268769000155, -17.409475445999817], [32.044425764000096, -17.409545451999918], [32.04457776000004, -17.409543451999923], [32.04473075600009, -17.409616456999913], [32.04480675400015, -17.40961445699986], [32.044883752000146, -17.409686462999957], [32.04503574700004, -17.409759467999947], [32.045191743000146, -17.409829473999878], [32.04534473900003, -17.409900478999873], [32.04549773400015, -17.41004549099989], [32.04565373000008, -17.410190501999978], [32.04580672600014, -17.410335512999836], [32.04595872200008, -17.410405518999937], [32.04603871900002, -17.410550529999966], [32.04619171500008, -17.41069554199987], [32.04642070900002, -17.41076654699998], [32.046576704000074, -17.410836552999967], [32.046805698000185, -17.410981563999883], [32.04703469100019, -17.411052568999935], [32.047187687000076, -17.41105056899994], [32.04726768500012, -17.411122574999922], [32.04749667800013, -17.411119574999873], [32.047724672000186, -17.411117573999945], [32.04817865900003, -17.411111573999904], [32.04840765300014, -17.41103556799993], [32.04856064800009, -17.410958561999962], [32.048712644000034, -17.410957560999975], [32.048938638000095, -17.410808549999956], [32.04931562700011, -17.410438520999833], [32.049468623000166, -17.41036151399993], [32.04954062100006, -17.41021550299996], [32.04961761800013, -17.41014049699993], [32.04976961400013, -17.410066490999952], [32.04984561200018, -17.409991484999978], [32.04999460800008, -17.409917478999887], [32.050223601000084, -17.40976646799993], [32.050452595000024, -17.40969046099991], [32.05060159100009, -17.409616455999924], [32.0506775880001, -17.40954144999995], [32.050753586000155, -17.409394437999936], [32.05090258200005, -17.40924642599998], [32.05120757300017, -17.409095414999967], [32.05128057100018, -17.409022408999874], [32.05135656900006, -17.40902140899982], [32.05143256700012, -17.408946402999902], [32.05150956500012, -17.408872396999925], [32.05166156100006, -17.40879739099995], [32.051886554000134, -17.408574372999965], [32.05203955000013, -17.40857237299997], [32.05219154600013, -17.40849836699988], [32.05234054100009, -17.40842436099996], [32.052493537000146, -17.408347354999933], [32.052798528000096, -17.408271348999904], [32.053027522000036, -17.40819534299993], [32.0531765180001, -17.408120336999957], [32.05332851300011, -17.408118336999962], [32.053481509000164, -17.407970324999894], [32.053633505000164, -17.40789331899998], [32.05378250100006, -17.407819313999937], [32.05393549600018, -17.407745307999903], [32.05393549600018, -17.40767030199993], [32.054011494000065, -17.40767030199993], [32.05408749200012, -17.40759629599995], [32.054240488000175, -17.407594295999957], [32.05438948300019, -17.407519289999982], [32.05446548100008, -17.40751828999987], [32.05446548100008, -17.407445283999948], [32.054541479000136, -17.407443283999896], [32.05461847700013, -17.407443283999896], [32.05461847700013, -17.407369277999976], [32.05469447500019, -17.407369277999976], [32.054770473000076, -17.40736727799998], [32.05737239900009, -17.405507130999922], [32.0580513810001, -17.409377434999953], [32.0580513810001, -17.409452440999928], [32.05805538100009, -17.409524445999978], [32.058131379000145, -17.40974346299987], [32.058131379000145, -17.409816468999963], [32.05821137700019, -17.409961480999982], [32.05821137700019, -17.41010849199995], [32.058291374000135, -17.410327508999956], [32.05837137200001, -17.410545525999964], [32.05837537200017, -17.41083854899989], [32.05845537000005, -17.411130571999877], [32.05845937000004, -17.41142459499997], [32.05853536800009, -17.411569606999876], [32.05854336800007, -17.41200764099989], [32.058547368, -17.412448675999883], [32.058554368000046, -17.412959715999875], [32.05847837000016, -17.41310872799994], [32.05848237000015, -17.41325373899997], [32.05848237000015, -17.41354776199995], [32.05840937200014, -17.413694773999964], [32.05840937200014, -17.413840784999934], [32.05841337200013, -17.413987796999947], [32.05841737200012, -17.41420781399995], [32.05849337000018, -17.41435282499998], [32.05849737000017, -17.414645847999964], [32.058577368000044, -17.414790859999982], [32.05873036400004, -17.415008876999877], [32.05881036100004, -17.415227893999884], [32.0588863590001, -17.41537290499997], [32.05903135500017, -17.41550691599997], [32.05904335500014, -17.415517916999818], [32.059199351000075, -17.41573493399983], [32.059352346000026, -17.415879944999915], [32.059584340000185, -17.416169967999963], [32.05966133800018, -17.416242973999942], [32.05974133600006, -17.41638798499997], [32.059893331000126, -17.416532995999944], [32.06005032700011, -17.416678007999963], [32.06020232300011, -17.416823018999878], [32.06027932100005, -17.41689302399982], [32.06027932100005, -17.416968029999964], [32.060282320000056, -17.41704003599989], [32.060359318, -17.417185046999975], [32.06043931600004, -17.41733205899982], [32.06044331600003, -17.417771092999885], [32.06044631600014, -17.4179171049999], [32.06044631600014, -17.418137121999905], [32.06045031600007, -17.418284133999975], [32.06045431600006, -17.418575155999974], [32.06045431600006, -17.418722167999817], [32.06045831600005, -17.418942184999878], [32.060382318000165, -17.41909019699989], [32.060385318000044, -17.419235207999975], [32.06031332000015, -17.419457225999963], [32.06031332000015, -17.419529230999956], [32.06031332000015, -17.41967624299997], [32.06031732000008, -17.41997026599995], [32.060244322000074, -17.420117277999964], [32.06024432300018, -17.420189282999957], [32.06024432300018, -17.42033629499997], [32.060248322000064, -17.420403299999975], [32.056552428000145, -17.423889574999976], [32.05639943200009, -17.42389157499997], [32.056323434000035, -17.423893574999965], [32.05601844300014, -17.423969580999938], [32.05571645100002, -17.42404858799989], [32.05548745800013, -17.424122593999982], [32.05541146000007, -17.42419659899997], [32.05525846400002, -17.424198599999954], [32.05518246600013, -17.42427360499994], [32.055110468000066, -17.42434761099986], [32.054957473000115, -17.424496622999925], [32.054881475, -17.424570628999902], [32.054808477, -17.424645634999933], [32.05473247900011, -17.424717639999926], [32.054583483000044, -17.42494065799997], [32.05443148799998, -17.425015663999886], [32.054282492000084, -17.425236680999944], [32.05420649400003, -17.42531068699998], [32.05412949600009, -17.425457698999935], [32.05398150000008, -17.425606709999954], [32.05390450300018, -17.425753721999854], [32.053832505000116, -17.42590273399992], [32.05367950900006, -17.426048744999946], [32.053603511000176, -17.426123750999977], [32.05353051300017, -17.426197756999898], [32.053454515000055, -17.426272762999872], [32.0533785180001, -17.426346768999963], [32.05322952200004, -17.426567785999964], [32.0530005280001, -17.426644791999934], [32.05285153300008, -17.426865809999924], [32.05262653900013, -17.42708882699992], [32.05239754600012, -17.42730984499991], [32.05224955000011, -17.427458855999873], [32.05217255200017, -17.427532861999964], [32.05209655400006, -17.42760786799994], [32.05210055400005, -17.427679873999978], [32.05202455600016, -17.427754879999952], [32.051947558000165, -17.42790089099998], [32.05179956300009, -17.42797789699995], [32.05179956300009, -17.42812490899985], [32.05172256500015, -17.428196914999944], [32.051650567000024, -17.428417931999945], [32.051573569000084, -17.42849293799992], [32.05150157100013, -17.428713954999978], [32.05134857600018, -17.42886096699982], [32.05127657800011, -17.429009978999886], [32.05120058, -17.429156989999967], [32.051051584000106, -17.42937800699997], [32.0509785860001, -17.42959902499996], [32.050830590000146, -17.42982004199996], [32.05075359300008, -17.429967053999917], [32.050677595000025, -17.429969053999912], [32.050677595000025, -17.43011406499994], [32.050448601000085, -17.430118065999977], [32.05029960500019, -17.430120065999972], [32.050143610000134, -17.429975054999886], [32.049914616000024, -17.429979054999933], [32.04976262100013, -17.429906048999953], [32.04968562300019, -17.42983404399996], [32.049681623000026, -17.429761037999924], [32.04960562500014, -17.429761037999924], [32.04960562500014, -17.429689031999942], [32.04952962700003, -17.429616026999952], [32.04944962899998, -17.429471014999933], [32.04937263100004, -17.42939900999994], [32.049296633000154, -17.429253997999922], [32.049296633000154, -17.429178991999947], [32.04921663599998, -17.429106986999898], [32.049063640000156, -17.428889969999886], [32.048907644, -17.42874495799998], [32.04883164600011, -17.428599946999896], [32.04875164900017, -17.428526940999973], [32.04875164900017, -17.42845493599998], [32.04867465100017, -17.42845493599998], [32.048522655000056, -17.428311923999956], [32.04836965900017, -17.428238918999966], [32.04821766300006, -17.42824091899996], [32.048136666000175, -17.428168912999922], [32.04806066800012, -17.42816991299992], [32.04798467, -17.42816991299992], [32.04790867200012, -17.428171913999904], [32.04783167400018, -17.428171913999904], [32.047755676000065, -17.4281739139999], [32.04767967900011, -17.4281739139999], [32.04768267900016, -17.428248919999874], [32.04753068300005, -17.428322925999964], [32.047377687000164, -17.428396930999952], [32.0473056890001, -17.42854594299996], [32.04715269400009, -17.42869295499986], [32.04707669600003, -17.42876696099995], [32.04700069800015, -17.428768960999946], [32.04692770000014, -17.428915971999913], [32.04692770000014, -17.42898897799995], [32.04685570200007, -17.429136989999904], [32.046778704000076, -17.429284000999928], [32.046778704000076, -17.429357006999908], [32.046778704000076, -17.429431012999885], [32.04670670600018, -17.42957802399991], [32.04671070600011, -17.429797041999905], [32.04663370900005, -17.429944052999815], [32.04663770900004, -17.430091064999885], [32.04656171100015, -17.43024007599996], [32.046488713000144, -17.430459093999957], [32.04634071700019, -17.430755116999933], [32.046263719000024, -17.43097413399994], [32.04603872600012, -17.431125145999943], [32.04588673000018, -17.4312721579999], [32.04573773400011, -17.431421168999975], [32.04491375800012, -17.432822279999925], [32.04491775800011, -17.432895284999915], [32.04491775800011, -17.432969290999836], [32.0448447600001, -17.433189308999943], [32.04484876000009, -17.433482331999983], [32.04469976400003, -17.433776354999907], [32.04462376600014, -17.434072377999883], [32.04455176900012, -17.434366400999977], [32.044478771000115, -17.43458541799987], [32.04432977500005, -17.434806435999974], [32.044257777000155, -17.435027452999975], [32.044257777000155, -17.435100458999955], [32.04418477900015, -17.435321475999956], [32.04403278300015, -17.435470487999908], [32.043956786000024, -17.43561749899993], [32.04388378800019, -17.43583851699998], [32.04380779000013, -17.4359125229999], [32.04373479200012, -17.43605953399998], [32.043662794, -17.43628055199997], [32.04358679600011, -17.43642756299988], [32.043513798000106, -17.436574574999952], [32.043513798000106, -17.436721585999976], [32.04343780100015, -17.436795591999953], [32.04344180100014, -17.436868597999876], [32.043364803000145, -17.437015608999957], [32.043364803000145, -17.43716262099997], [32.04329280500002, -17.437309631999938], [32.04321580700008, -17.43738363799997], [32.04321580700008, -17.43745764399995], [32.04321980700007, -17.437604655999962], [32.04314380900013, -17.437677660999952], [32.04314380900013, -17.43775166699993], [32.04314780900012, -17.437824672999852], [32.04307181100006, -17.437825672999907], [32.04307181100006, -17.437898678999943], [32.04307181100006, -17.437970683999936], [32.042994813000064, -17.43797268499992], [32.042998813000054, -17.438119695999944], [32.0429228160001, -17.438194701999976], [32.0428458180001, -17.438194701999976], [32.042769820000046, -17.438268707999896], [32.042769820000046, -17.438340713999935], [32.04269382200016, -17.438342713999816], [32.04262082400015, -17.43841771999996], [32.04254482600004, -17.43841771999996], [32.04246882800015, -17.43856573099987], [32.04231583300003, -17.438640736999957], [32.042239835000146, -17.438714742999935], [32.04216683700014, -17.438714742999935], [32.04216683700014, -17.438789748999852], [32.04209083900008, -17.438863754999943], [32.042014841000025, -17.438863754999943], [32.042014841000025, -17.438936760999923], [32.041938844000185, -17.43893776099992], [32.041938844000185, -17.43901076599991], [32.042269834000024, -17.439300788999958], [32.042273834000184, -17.43937279499994], [32.042273834000184, -17.439519805999964], [32.04235083200018, -17.439592811999944], [32.04235383200006, -17.43966481799987], [32.04243083000006, -17.439737822999973], [32.04243083000006, -17.439809828999955], [32.042506828000114, -17.439809828999955], [32.042506828000114, -17.439882834999878], [32.04258682600016, -17.43995483999987], [32.04335780399998, -17.440749902999926], [32.043433802000095, -17.440749902999926], [32.043662796000035, -17.440820907999978], [32.043818791000035, -17.440891913999963], [32.044047785000146, -17.440889912999978], [32.0442007800001, -17.441034924999883], [32.04427677800004, -17.441032924999888], [32.04442977400004, -17.441030923999904], [32.04450577200015, -17.441102929999943], [32.04465776800009, -17.441173934999938], [32.04489076100009, -17.441243940999982], [32.044966758999976, -17.44131694699996], [32.045043757000144, -17.44131694699996], [32.04511975500003, -17.441314945999977], [32.04519575300009, -17.44138695199996], [32.04527274999998, -17.44138695199996], [32.04542474600015, -17.441385951999905], [32.04550074400004, -17.44138395199991], [32.04897264600004, -17.4413419469999], [32.04904864400015, -17.441339946999904], [32.04912464200004, -17.441339946999904], [32.04920163999998, -17.44133794699991], [32.04935363600015, -17.441335946999914], [32.04943063300004, -17.441335946999914], [32.0495066310001, -17.441407951999963], [32.04965962700015, -17.441406951999966], [32.04996461800005, -17.44154796299989], [32.050116614000046, -17.44154796299989], [32.05019661200009, -17.441617968999935], [32.05019661200009, -17.441692974999967], [32.05027361000003, -17.441690973999982], [32.05034960800015, -17.441762979999908], [32.05042560600003, -17.441762979999908], [32.0505026030001, -17.441835985999944], [32.05065859900003, -17.441905990999942], [32.05073459700009, -17.44205100299996], [32.05088759300014, -17.44212400799995], [32.05089159300013, -17.44226901999997], [32.05104358799997, -17.44241403099994], [32.05112358600002, -17.44256004199997], [32.051200584000185, -17.442705053999873], [32.05127658200007, -17.442778059999966], [32.05135658000012, -17.44285006499996], [32.051432578, -17.442995076999978], [32.051512575000174, -17.443140087999893], [32.05166557100006, -17.443285098999922], [32.05166557100006, -17.443358104999902], [32.05166557100006, -17.443432110999936], [32.051669571, -17.443505115999926], [32.051669571, -17.443579121999903], [32.05535046800003, -17.445217249999928], [32.05550346400008, -17.445288254999923], [32.05565945900008, -17.44543326699994], [32.05596445100008, -17.445502271999942], [32.05619744400008, -17.44564728299997], [32.056349440000076, -17.44579029499988], [32.05650243600013, -17.44593530599991], [32.05658243400018, -17.446007311999892], [32.05673542900013, -17.446080316999826], [32.05673542900013, -17.44615232299992], [32.056811427000184, -17.446224327999914], [32.05696742300012, -17.446295333999956], [32.05719641600018, -17.446440344999928], [32.05750540800017, -17.446581355999967], [32.05758240600011, -17.44665436199989], [32.05781139900017, -17.44679737299998], [32.057967395000105, -17.446942384999943], [32.05819638800011, -17.44715940099985], [32.058352384000045, -17.447304412999927], [32.0585053800001, -17.447449423999956], [32.05866137600003, -17.447666440999967], [32.05881437099998, -17.447811451999883], [32.05904636500003, -17.448027468999896], [32.05920336000014, -17.448319491999825], [32.05935935600007, -17.448536508999837], [32.05943635400001, -17.448681520999912], [32.05951235200013, -17.448754525999846], [32.05966834800006, -17.44897154299997], [32.05974834500017, -17.449190559999863], [32.05982534300017, -17.44933557199994], [32.0599813390001, -17.449553588999947], [32.060137335000036, -17.449698599999977], [32.0602143320001, -17.44984361199988], [32.06029033000016, -17.449990622999962], [32.06037032800003, -17.450135633999878], [32.06052732400008, -17.45042665699998], [32.060603322000134, -17.450571668999828], [32.06068332000018, -17.450716679999914], [32.06075931700019, -17.450789685999837], [32.06091631300018, -17.450934696999923], [32.06114530700012, -17.451077707999957], [32.061301302000174, -17.45129472499997], [32.061530296000115, -17.451439736999873], [32.06176328900011, -17.451655752999898], [32.06183928700017, -17.451727758999937], [32.06199128300011, -17.451800764999916], [32.06222427700004, -17.451868769999862], [32.062377272, -17.451941775999956], [32.062453270000105, -17.45201378099995], [32.0626062660001, -17.452011780999953], [32.0626062660001, -17.452084786999876], [32.062682264000046, -17.452084786999876], [32.065181193000114, -17.450589668999896], [32.065181193000114, -17.450442656999883], [32.06525719100017, -17.450440656999888], [32.06540918600007, -17.450365650999913], [32.065482184000075, -17.450218639999946], [32.06555818200013, -17.450217638999845], [32.06555818200013, -17.450144633999912], [32.06563418000019, -17.450070627999935], [32.06578317600008, -17.449993621999965], [32.06608816700003, -17.44991761599988], [32.06631716100014, -17.449841609999908], [32.06639415900008, -17.449766603999933], [32.06647015600009, -17.449766603999933], [32.06654615400015, -17.449765603999936], [32.06661915200016, -17.449690597999847], [32.066695150000044, -17.449690597999847], [32.0668481460001, -17.449688597999966], [32.067000141000165, -17.44968659699998], [32.06707613900005, -17.449684596999873], [32.067229135000105, -17.449683596999876], [32.06738513100004, -17.44975560299997], [32.06753812600016, -17.44975360199993], [32.067614124000045, -17.44982660799991], [32.06769112200004, -17.449824607999915], [32.067843118000155, -17.449969618999944], [32.06792311600003, -17.450041624999926], [32.068000113000096, -17.45011463099985], [32.068152109000096, -17.450259641999935], [32.06830910500008, -17.45040265299997], [32.06830910500008, -17.450476658999946], [32.06838510299997, -17.450621669999975], [32.068465101000015, -17.450693675999958], [32.068541098000026, -17.450838686999873], [32.068541098000026, -17.45091369299996], [32.06862109600007, -17.451130709999973], [32.06870109400012, -17.451277721999872], [32.06877809200006, -17.451494738999884], [32.06878209200005, -17.451641749999908], [32.068858090000106, -17.451714755999888], [32.068858090000106, -17.4518617679999], [32.06893808799998, -17.45200677899993], [32.06901408500016, -17.452078784999912], [32.06909408300004, -17.45229780199992], [32.06917108099998, -17.452368806999914], [32.069251079000026, -17.452515818999927], [32.069403075000025, -17.452660829999957], [32.06963606800019, -17.452875846999973], [32.06971206600008, -17.452948852999953], [32.06971206600008, -17.453020857999945], [32.06986506200013, -17.45309386399998], [32.070021058000066, -17.453238874999954], [32.07017405300002, -17.453381886999978], [32.07033004900018, -17.453526897999893], [32.070483045, -17.453598902999943], [32.070716038, -17.453741914999966], [32.070792036000114, -17.453814919999957], [32.07086803400017, -17.45388692599994], [32.07094503200017, -17.453959931999975], [32.071021030000054, -17.453957930999877], [32.07109702700018, -17.454029936999973], [32.071173025000064, -17.454027936999978], [32.07133002100011, -17.4541009429999], [32.07148201700005, -17.454098941999973], [32.071559014000115, -17.454171947999896], [32.071711010000115, -17.45424195399994], [32.071788008000055, -17.45424195399994], [32.07186400600017, -17.454239952999956], [32.071940004000055, -17.454239952999956], [32.07201600200011, -17.45423795299996], [32.07209300000011, -17.45431095899994], [32.07216899700006, -17.45431095899994], [32.07224899500011, -17.45438096399988], [32.072324993, -17.45438096399988], [32.07247798900005, -17.454378963999886], [32.072553987000106, -17.45437696399989], [32.072630984, -17.45437696399989], [32.07278298000017, -17.454447968999943], [32.072858978000056, -17.454447968999943], [32.072858978000056, -17.454520974999923], [32.07293597600005, -17.454520974999923], [32.07308797200017, -17.454590980999853], [32.07324096700012, -17.454663985999957], [32.073320965000164, -17.454733991999944], [32.07347396100005, -17.454806996999878], [32.07370595400016, -17.455022013999894], [32.0737829520001, -17.455022013999894], [32.0737829520001, -17.455095019999817], [32.0739349480001, -17.455093019999936], [32.074087944000155, -17.45516502499993], [32.074239939000165, -17.455163024999933], [32.07439293500005, -17.45516102499994], [32.07439293500005, -17.45523403099986], [32.074472933000095, -17.455379041999947], [32.07454893100015, -17.455379041999947], [32.07454893100015, -17.455451047999873], [32.07462592900015, -17.455451047999873], [32.07462592900015, -17.455524052999976], [32.0747019260001, -17.455524052999976], [32.07555590300018, -17.456758149999928], [32.07571289800012, -17.45697516699994], [32.07578889600018, -17.45712017799997], [32.075792896000166, -17.457195183999943], [32.07594589200005, -17.457412200999954], [32.076025890000096, -17.457557212999973], [32.076025890000096, -17.45770422399994], [32.07610588800014, -17.45777622999998], [32.07610588800014, -17.45784923499997], [32.07618188600003, -17.45792124099995], [32.07626188300014, -17.45806625199998], [32.07633888100014, -17.45821326399988], [32.07634188100019, -17.458358274999966], [32.07641887900019, -17.45843128099989], [32.07649487700007, -17.458577292999905], [32.07657487500012, -17.45872230399982], [32.07657487500012, -17.4588693149999], [32.076654873000166, -17.459014326999977], [32.07673087000012, -17.45923434399998], [32.07673487000011, -17.459379354999896], [32.07681186800011, -17.459451360999935], [32.07681186800011, -17.459525366999912], [32.07689186600015, -17.45974338399992], [32.07689486600003, -17.459964400999922], [32.07697186400003, -17.460035406999907], [32.077051862000076, -17.460254423999913], [32.07712786000013, -17.460399434999943], [32.077207857000076, -17.460546446999956], [32.077207857000076, -17.460618452999938], [32.077207857000076, -17.46069145799993], [32.07720785800018, -17.460765463999962], [32.07728785500012, -17.460910474999935], [32.07728785500012, -17.46098348099997], [32.07728785500012, -17.461057486999948], [32.07736785300017, -17.461130492999928], [32.077444851000166, -17.46127450399996], [32.077444851000166, -17.46134750999994], [32.07752484900004, -17.461419514999875], [32.077676845000155, -17.46156452699995], [32.07775384200005, -17.46170953799998], [32.07775784200004, -17.461784543999954], [32.077833840000096, -17.46185654999988], [32.077833840000096, -17.46192955499987], [32.077833840000096, -17.462001560999965], [32.07791383800014, -17.46207456699989], [32.07798983600003, -17.46222157799997], [32.078066834000026, -17.462219577999974], [32.07821883000014, -17.462289582999915], [32.07829882700008, -17.462362588999838], [32.07852782100002, -17.462507599999924], [32.07868081700008, -17.462577605999968], [32.07876081400008, -17.462650611999948], [32.078836812000134, -17.462648610999963], [32.07891281000019, -17.462648610999963], [32.07898980800019, -17.46264661099997], [32.07898980800019, -17.46272061699989], [32.07914180400013, -17.462718616999894], [32.07967578900019, -17.462711615999922], [32.079752786000086, -17.46278362199996], [32.07982878400014, -17.46278362199996], [32.07990478200003, -17.462781621999966], [32.080362768999976, -17.462776620999875], [32.08043876700009, -17.462776620999875], [32.080591763000086, -17.46284662599993], [32.080591763000086, -17.462921631999905], [32.080743759000086, -17.46291963199991], [32.080747759000076, -17.46299163799995], [32.08381467300012, -17.464418748999947], [32.083891670000014, -17.464416748999895], [32.08396766800013, -17.464416748999895], [32.084043666000184, -17.4644147489999], [32.08411966400007, -17.464414747999967], [32.08511563600007, -17.464475752999874], [32.085191634000125, -17.46447375299988], [32.08526863200012, -17.46447375299988], [32.08534463000018, -17.464471752999827], [32.085416628000075, -17.464471752999827], [32.08549362500014, -17.4644697519999], [32.085569623000026, -17.4644697519999], [32.08564562100014, -17.464467751999848], [32.085798616999966, -17.464393745999928], [32.08587461500008, -17.464391745999933], [32.08602761000003, -17.464317739999956], [32.08610360800009, -17.46431573999996], [32.086179606000144, -17.46431573999996], [32.08625660400014, -17.464313739999966], [32.08701558200005, -17.46408472199994], [32.08724457600016, -17.464008715999967], [32.087320574000046, -17.464008715999967], [32.0874735700001, -17.46400671599997], [32.08754956700011, -17.463931709999883], [32.08770156300005, -17.463930708999897], [32.08777456100006, -17.46385570399991], [32.08785055900012, -17.463853702999927], [32.087927557000114, -17.463853702999927], [32.08800355500017, -17.463851702999932], [32.089372516000026, -17.46347067299996], [32.09140945800016, -17.461612526999943], [32.09156245400004, -17.46161052599996], [32.0916384520001, -17.46161052599996], [32.09179144700005, -17.461608525999964], [32.091867445000105, -17.46160652599997], [32.091943443, -17.46167953199989], [32.09218843600013, -17.462701611999933], [32.09234043200007, -17.462772616999928], [32.092493428000125, -17.462917628999946], [32.09264942400006, -17.46298963399994], [32.092802419, -17.463132644999973], [32.09295441500018, -17.46313064499998], [32.09310741100006, -17.46312864499987], [32.09318340900012, -17.463201650999963], [32.09325940600007, -17.463201650999963], [32.09334040400006, -17.4632736559999], [32.093416402000116, -17.463271655999904], [32.09349240000017, -17.463271655999904], [32.09356839800006, -17.463270655999906], [32.093874389000064, -17.46326665599986], [32.09395038700018, -17.46326665599986], [32.09402638500006, -17.463264654999932], [32.094103383, -17.463264654999932], [32.09417938100012, -17.46326265499988], [32.09433137600013, -17.463260654999885], [32.09456037000007, -17.46325865499989], [32.09478536300014, -17.46318264899992], [32.09486236100014, -17.463180648999924], [32.094938359000025, -17.463106642999946], [32.09501435700008, -17.463106642999946], [32.095167353000136, -17.462957630999938], [32.09524335000009, -17.462957630999938], [32.09523935100003, -17.462882624999963], [32.0953163480001, -17.462808618999873], [32.095468344000096, -17.462734612999952], [32.095697338000036, -17.462657606999983], [32.09584633300017, -17.462509595999904], [32.095922331000054, -17.46243458999993], [32.09622432300017, -17.46213956699995], [32.09637631800007, -17.46206255999988], [32.09652531400013, -17.46191554899997], [32.09682630599997, -17.46169053099993], [32.09705529900003, -17.46154251899992], [32.09713129700009, -17.46154251899992], [32.09720829500009, -17.461467513999935], [32.09735629100004, -17.461391507999963], [32.097433288000104, -17.461316501999875], [32.097433288000104, -17.46124449599995], [32.097509286, -17.46124449599995], [32.097509286, -17.461170489999972], [32.09902724300014, -17.460712453999975], [32.09910424100008, -17.460710453999923], [32.099180239000134, -17.460710453999923], [32.09933223500013, -17.46070845299994], [32.09956122800014, -17.46070445299995], [32.09963822600014, -17.46077745899987], [32.09979022200008, -17.460775457999944], [32.09987022000013, -17.460847463999983], [32.09994721700019, -17.460847463999983], [32.10009921300019, -17.460918469999967], [32.10032820700013, -17.46091446899993], [32.10040420500019, -17.460986474999913], [32.10048120200008, -17.460986474999913], [32.10078619400008, -17.460983474999864], [32.100862192000136, -17.460981473999936], [32.10093819000002, -17.460981473999936], [32.10101518700009, -17.460979473999885], [32.10109118499997, -17.460904467999967], [32.10124418100003, -17.46090346799997], [32.10132017900014, -17.460828461999824], [32.10154517200016, -17.460754455999904], [32.101850163999984, -17.460603443999958], [32.102155155000105, -17.460525437999877], [32.10245714700005, -17.460302420999824], [32.10268214000007, -17.46015340899993], [32.10283413600007, -17.460079402999952], [32.10291113400001, -17.46000439699992], [32.10306312900008, -17.45992839099995], [32.10328812300003, -17.459707373999947], [32.10328812300003, -17.459632367999973], [32.103365121000024, -17.459632367999973], [32.10344111900008, -17.459630367999978], [32.1035901140001, -17.45948235599991], [32.103895106000095, -17.459333343999845], [32.10412009900017, -17.459110326999962], [32.104273095, -17.45903331999989], [32.10434509300012, -17.458961314999954], [32.10442109100018, -17.45888630899998], [32.104498089000174, -17.45888530899998], [32.10457408700006, -17.458810302999893], [32.10457408700006, -17.458738296999968], [32.10465008400001, -17.458736296999916], [32.10472308200019, -17.458663290999823], [32.10472308200019, -17.458589285999892], [32.10479908000008, -17.458589285999892], [32.10510007200014, -17.458291261999932], [32.10547806100004, -17.45799423899996], [32.10585605000017, -17.457624208999903], [32.10608104400012, -17.45740119199985], [32.10615704200018, -17.45725417999995], [32.10615304200002, -17.457107168999926], [32.106306037000024, -17.456886150999935], [32.10637803500009, -17.45666413399988], [32.1064510330001, -17.456518121999977], [32.1064510330001, -17.45644311699988], [32.1064510330001, -17.45629610499998], [32.10644703300011, -17.456224098999883], [32.10644703300011, -17.45615109399995], [32.10696601800015, -17.454973000999928], [32.10696601800015, -17.45489999499995], [32.10704201600004, -17.454897994999953], [32.10711801400015, -17.454897994999953], [32.1072710090001, -17.45482198899998], [32.10734700700016, -17.45482198899998], [32.107423005000044, -17.454747982999947], [32.10750000300004, -17.454745982999953], [32.1075760010001, -17.454745982999953], [32.107648999000105, -17.454670976999978], [32.10772499700016, -17.454668976999926], [32.10780099400017, -17.454668976999926], [32.10780099400017, -17.454594970999892], [32.10802998800011, -17.45459297099984], [32.10810598600017, -17.45451896499992], [32.10818298400011, -17.45451896499992], [32.108334979000176, -17.454516964999925], [32.10848797500006, -17.454514964999873], [32.108563973000116, -17.45451296499988], [32.10886896400007, -17.454581969999822], [32.10993693400013, -17.454642973999967], [32.110318924000126, -17.454710979999902], [32.11062791500018, -17.45485199099994], [32.110703913000066, -17.45485199099994], [32.11077991100018, -17.454850989999954], [32.11085690900012, -17.454850989999954], [32.11093290600013, -17.45492299599988], [32.111085902000184, -17.454920995999885], [32.11131389600018, -17.45499200099988], [32.11154688900018, -17.455135012999904], [32.111699885000064, -17.45520501799996], [32.11177588300012, -17.455278023999938], [32.111851881, -17.455278023999938], [32.11193187800018, -17.455423034999967], [32.11200887600012, -17.455421034999972], [32.11216087200012, -17.455566045999888], [32.11223787000006, -17.45563805199987], [32.112240870000164, -17.455711057999963], [32.112317868000105, -17.455711057999963], [32.11239386600005, -17.4557830629999], [32.11246986300017, -17.455781062999904], [32.11254686100017, -17.455854068999827], [32.11269885700011, -17.455926073999933], [32.112855853000156, -17.455997079999918], [32.11308384600011, -17.456067084999972], [32.11316084400005, -17.456140090999952], [32.11331284000005, -17.45621009599995], [32.11338983799999, -17.45621009599995], [32.113392838000095, -17.456283101999873], [32.113545833000046, -17.456281101999878], [32.1136218310001, -17.45635410799997], [32.1136988290001, -17.456426112999907], [32.11377482700016, -17.456424112999912], [32.11385482500003, -17.45656912399994], [32.11393082300009, -17.45664212999992], [32.114007820000154, -17.45664212999992], [32.11408381800004, -17.456640129999926], [32.11408381800004, -17.456714135999846], [32.1141598160001, -17.456712135999965], [32.114236814000094, -17.456712135999965], [32.11438881000004, -17.456710134999867], [32.11446480800015, -17.45670813499987], [32.114541805000044, -17.45663412899995], [32.1146178030001, -17.45663412899995], [32.11484279700005, -17.45655812299998], [32.114995793000105, -17.456556122999928], [32.11514778800017, -17.456479116999958], [32.115300784, -17.456477116999963], [32.11545278000017, -17.45640311099993], [32.11552977700006, -17.45640311099993], [32.115681773000176, -17.456327104999957], [32.11575877100017, -17.456327104999957], [32.11590676700018, -17.456251098999815], [32.116059762000134, -17.456249098999933], [32.11621275800019, -17.456174092999902], [32.116288756000074, -17.45617209299985], [32.11636475400013, -17.45609808699993], [32.116517750000185, -17.456096086999935], [32.116669745000024, -17.456022080999958], [32.116818741000145, -17.45594707499987], [32.11697173699997, -17.455945074999875], [32.117047735000085, -17.455797062999977], [32.11712373200004, -17.455797062999977], [32.11727672800009, -17.455720056999837], [32.11734872599999, -17.455646050999917], [32.11750172200004, -17.455644050999922], [32.1175777200001, -17.455571044999942], [32.11773071500011, -17.45549503899997], [32.11788271100005, -17.45542103299988], [32.11810770500017, -17.455345026999964], [32.11826070000012, -17.455268020999938], [32.11848969400006, -17.455194014999904], [32.11864168900013, -17.455118008999932], [32.118718687000126, -17.455118008999932], [32.11879068500019, -17.455043002999957], [32.11886768300019, -17.455041002999963], [32.11901967900013, -17.45496699699987], [32.11917267400008, -17.4548909909999], [32.119244672000036, -17.454743979999876], [32.11939766800009, -17.4546689739999], [32.11947366600015, -17.45459496799998], [32.11954966400003, -17.45459296799993], [32.11962666200003, -17.454518961999952], [32.119702659000154, -17.454518961999952], [32.11985165500005, -17.454369949999943], [32.11992765300016, -17.454369949999943], [32.11992765300016, -17.45429494399997], [32.12000365100005, -17.45429494399997], [32.12121661700019, -17.453839907999964], [32.12129361400008, -17.453839907999964], [32.12152560800013, -17.453909913999894], [32.12160260600007, -17.453982918999884], [32.121678604000124, -17.45398091899989], [32.12175460200007, -17.453978918999837], [32.12183159900013, -17.453978918999837], [32.12183159900013, -17.454050924999933], [32.12190759700019, -17.454050924999933], [32.12190759700019, -17.454123929999923], [32.12191159700018, -17.454270941999937], [32.12191159700018, -17.454417952999904], [32.12191559700011, -17.45470897599995], [32.12191859700005, -17.454783981999924], [32.12191859700005, -17.454855987999906], [32.12191859700005, -17.454930993999938], [32.12191859700005, -17.45500299899993], [32.12192259699998, -17.455222015999937], [32.12192259699998, -17.455295021999916], [32.12193459700012, -17.456027079999842], [32.12193459700012, -17.45610208599993], [32.12193459700012, -17.456249096999898], [32.12201459500017, -17.45631910299994], [32.12201459500017, -17.456394107999927], [32.12201459500017, -17.45646611399991], [32.12209059300005, -17.45646611399991], [32.1236735490001, -17.457910226999957], [32.12374954700016, -17.457910226999957], [32.12374954700016, -17.45798223299994], [32.12553149700017, -17.46008439699989], [32.125739192000026, -17.46001665599988], [32.12588648700006, -17.45997438799992], [32.1266172390001, -17.459749992999946], [32.12805185800005, -17.470450772999982], [32.12727881400008, -17.47044738099987], [32.12878254100002, -17.47935793199997], [32.12335320500006, -17.483044030999963], [32.12258010900007, -17.48304061899995], [32.122576552, -17.483782597999948], [32.10847284300007, -17.491701864999982], [32.10793500200003, -17.492996983999944], [32.10793500200003, -17.493062989999885], [32.09852026900006, -17.49916147099998], [32.097105309000085, -17.499257477999947], [32.08134675600013, -17.509431280999934], [32.078443839000045, -17.513353588999905], [32.071685033000165, -17.52501950599998], [32.05398621800009, -17.533053673999916], [32.06013841300012, -17.52313130399989], [32.060168942000075, -17.517199461999894], [32.05772682500009, -17.511255889999973], [32.04535748100017, -17.51238315699993], [32.02740562400015, -17.517041522999875], [32.01315242700002, -17.52349623599997], [31.997401127000103, -17.532762133999938], [31.991511294000134, -17.535400342999935], [31.99138529700008, -17.535404342999982], [31.977496690000123, -17.541752844999905], [31.97724669700017, -17.541755844999898], [31.976996704000157, -17.541759845999877], [31.97687270800003, -17.54188185499993], [31.97674871100014, -17.541883854999924], [31.97662271500002, -17.541885855999908], [31.97637372200012, -17.54189185599995], [31.97625072500017, -17.542013865999934], [31.976252725000165, -17.54213187499994], [31.976126729000043, -17.542135874999815], [31.970549887000118, -17.544867090999844], [31.9703018940001, -17.54499110099988], [31.970303894000097, -17.545111109999937], [31.970177897000042, -17.54511311099992], [31.950640452000073, -17.55743008199994], [31.924037206000037, -17.573581354999874], [31.92391321000008, -17.57358235499987], [31.902882788000113, -17.532167115999925]]]]}}, {"type": "Feature", "properties": {"GID_3": "ZWE.5.8.19_2", "GID_0": "ZWE", "COUNTRY": "Zimbabwe", "GID_1": "ZWE.5_1", "NAME_1": "Mashonaland East", "NL_NAME_1": "NA", "GID_2": "ZWE.5.8_2", "NAME_2": "Mutoko", "NL_NAME_2": "NA", "NAME_3": "Ward 26", "VARNAME_3": "NA", "NL_NAME_3": "NA", "TYPE_3": "Ward", "ENGTYPE_3": "Ward", "CC_3": "NA", "HASC_3": "NA", "id": "ZWE.5.8.19_2", "name": "Ward 26"}, "geometry": {"type": "MultiPolygon", "coordinates": [[[[31.952974408000102, -17.62558841899994], [31.952560420000168, -17.6255164129999], [31.952150431000064, -17.625424405999922], [31.95205943400009, -17.625403404999872], [31.951679444999968, -17.625171386999966], [31.951301455000134, -17.625056377999954], [31.951176459000123, -17.62493836899995], [31.95105046200007, -17.624940368999944], [31.95092246600018, -17.624824359999934], [31.95079846900012, -17.62482535999993], [31.950670473000173, -17.624707350999927], [31.95054447600012, -17.624589340999933], [31.94994549300003, -17.624034297999913], [31.949146515000052, -17.623294240999883], [31.948891522000167, -17.62305722199983], [31.9486375300001, -17.622821203999933], [31.948509533000106, -17.622584184999937], [31.94838153700016, -17.622466175999932], [31.94825454000005, -17.62234816699987], [31.948126544000104, -17.622111147999874], [31.947870551000165, -17.621875129999978], [31.94774455400011, -17.621757120999973], [31.947742554000115, -17.62163611099993], [31.947616558000163, -17.62163811099998], [31.946684583000092, -17.618296849999865], [31.94655458700015, -17.618057830999874], [31.946426590000158, -17.617821812999978], [31.946295594000105, -17.61746278499993], [31.946165597000117, -17.61722476599988], [31.946163597000123, -17.61710475699988], [31.94141672900014, -17.610105209999915], [31.941160735999972, -17.609751182999958], [31.941158736000034, -17.60963117299997], [31.933098957000084, -17.59166376899998], [31.932972961000132, -17.591665768999974], [31.92391921000018, -17.573943383999904], [31.92391321000008, -17.57358235499987], [31.924037206000037, -17.573581354999874], [31.950640452000073, -17.55743008199994], [31.970177897000042, -17.54511311099992], [31.970303894000097, -17.545111109999937], [31.9703018940001, -17.54499110099988], [31.970549887000118, -17.544867090999844], [31.976126729000043, -17.542135874999815], [31.976252725000165, -17.54213187499994], [31.97625072500017, -17.542013865999934], [31.97637372200012, -17.54189185599995], [31.97662271500002, -17.541885855999908], [31.97674871100014, -17.541883854999924], [31.97687270800003, -17.54188185499993], [31.976996704000157, -17.541759845999877], [31.97724669700017, -17.541755844999898], [31.977496690000123, -17.541752844999905], [31.99138529700008, -17.535404342999982], [31.991511294000134, -17.535400342999935], [31.997401127000103, -17.532762133999938], [32.01315242700002, -17.52349623599997], [32.02740562400015, -17.517041522999875], [32.04535748100017, -17.51238315699993], [32.05772682500009, -17.511255889999973], [32.060168942000075, -17.517199461999894], [32.06013841300012, -17.52313130399989], [32.05398621800009, -17.533053673999916], [32.05330555300003, -17.533672188999958], [32.05332855300014, -17.535518333999903], [32.05333255300013, -17.53573235099998], [32.05333255300013, -17.535802355999976], [32.053336553000065, -17.5359443669999], [32.053336553000065, -17.536157383999864], [32.053340553000055, -17.536441405999938], [32.053344553000045, -17.53672642899994], [32.053347553000094, -17.53693744499992], [32.053351553000084, -17.53715146199994], [32.05300056300018, -17.5384335629999], [32.052924565000126, -17.53850556799989], [32.05285156700012, -17.538578573999928], [32.052779569, -17.538721584999905], [32.05263457300009, -17.53886459699993], [32.05248957800006, -17.539009607999958], [32.052340582, -17.53915261899988], [32.052195586000096, -17.539297630999897], [32.05205059000019, -17.53944064199993], [32.05197859200007, -17.539583652999852], [32.051829596000175, -17.539657658999943], [32.05176059800016, -17.539800669999863], [32.05168860000009, -17.539943680999954], [32.05161560300019, -17.540014686999882], [32.05154360500006, -17.540157697999916], [32.05244357999999, -17.54106976999998], [32.052592575000176, -17.54113777499998], [32.05273757100008, -17.54113577499993], [32.052813569000136, -17.54120477999993], [32.05296256500003, -17.541202779999878], [32.05311156100015, -17.541200779999883], [32.05311156100015, -17.54127178499988], [32.053260557000044, -17.541269784999827], [32.05333255500011, -17.541269784999827], [32.05348155000007, -17.54133878999994], [32.053557548000185, -17.54140879599987], [32.05370654400008, -17.54140479499989], [32.05385554000014, -17.54147580099982], [32.0540765340001, -17.541612811999983], [32.054610519000164, -17.542741899999953], [32.05453852100004, -17.542814905999933], [32.05453852100004, -17.542955916999972], [32.05446552300009, -17.543028921999962], [32.05439352500014, -17.543100927999888], [32.05432052700013, -17.54317193399993], [32.05417153200017, -17.543245939999906], [32.054099534000045, -17.5433179449999], [32.05395453800014, -17.543460955999933], [32.05380554200008, -17.543533961999913], [32.053660546000174, -17.54367897399993], [32.05358854800005, -17.543750978999867], [32.05351555000004, -17.543893990999948], [32.05344355200015, -17.543964995999886], [32.05337055400014, -17.54403800199998], [32.05329855600007, -17.544110007999905], [32.053225558000065, -17.544182012999897], [32.053149561000055, -17.544182012999897], [32.05307656300005, -17.544255018999934], [32.052195588000075, -17.544621047999897], [32.05211959000019, -17.54462304799989], [32.05204759200012, -17.54462304799989], [32.051970594000124, -17.544625047999887], [32.05189859600006, -17.54462704799994], [32.051749600000164, -17.544629048999866], [32.05152860600015, -17.544560042999933], [32.05123061500012, -17.54449303799987], [32.05108161900006, -17.544425032999925], [32.05093362300005, -17.544356027999925], [32.05086062500004, -17.544356027999925], [32.05085662500005, -17.544285021999883], [32.0507086290001, -17.54421701699988], [32.05063563100009, -17.544146010999953], [32.05033464000013, -17.543937994999965], [32.05011264600006, -17.54379898399992], [32.04877768400007, -17.543817985999965], [32.048705686000176, -17.543817985999965], [32.04863268800017, -17.54381998599996], [32.04863268800017, -17.543890991999888], [32.04848469199999, -17.543962996999824], [32.048262698000144, -17.543966997999974], [32.04796970600006, -17.54411200899989], [32.04693573600008, -17.544268021999926], [32.046565746000056, -17.544345027999896], [32.046199756000135, -17.54449103899998], [32.045481777000134, -17.54627717999989], [32.04540977900007, -17.54642019099998], [32.04534078100005, -17.546633207999946], [32.045119788000136, -17.546778218999975], [32.04497479200006, -17.546994235999875], [32.04490279400011, -17.54713724699991], [32.0448297960001, -17.547280257999944], [32.04468480000003, -17.547423269999967], [32.04468480000003, -17.547566280999888], [32.04461280200013, -17.547566280999888], [32.04461280200013, -17.54763928699998], [32.044539804000124, -17.54770929199998], [32.04454380400006, -17.5478523029999], [32.04454380400006, -17.54806431999998], [32.04454780400005, -17.548136325999963], [32.04454780400005, -17.54827833699983], [32.04454780400005, -17.54834834199994], [32.0446238020001, -17.54834834199994], [32.0446238020001, -17.548419347999925], [32.044699800000046, -17.548560358999964], [32.04477679800016, -17.548630363999905], [32.04492479400017, -17.548770374999947], [32.04507379000006, -17.548909385999877], [32.045150787000125, -17.549050396999917], [32.045298783000135, -17.549119401999974], [32.04559677500009, -17.549258412999905], [32.045745771000156, -17.549254412999915], [32.04581776900005, -17.549254412999915], [32.04589376700011, -17.549325417999967], [32.04604276200013, -17.54932341799997], [32.04619175800019, -17.549391423999907], [32.046340754000084, -17.549390422999977], [32.046561748000045, -17.54952743399997], [32.046710744000166, -17.5495974399999], [32.046859739000126, -17.549594438999918], [32.04693573700018, -17.54966444499985], [32.047007735000136, -17.54966444499985], [32.047007735000136, -17.549735449999957], [32.04715673100003, -17.549803455999893], [32.047232729000086, -17.549874460999888], [32.04730972700003, -17.550015471999927], [32.04730972700003, -17.55008647799997], [32.04738572500014, -17.55015448299997], [32.04738572500014, -17.550297493999892], [32.047461723000026, -17.55036649999994], [32.04746572300019, -17.550509510999973], [32.04746572300019, -17.550580515999968], [32.04753872099997, -17.5506505219999], [32.04770971600004, -17.55220964399996], [32.04763771800009, -17.55228164999994], [32.04763771800009, -17.552424660999975], [32.047564721000185, -17.552567671999896], [32.04756872000007, -17.55277968899992], [32.047423725000044, -17.55299470599988], [32.047206731000074, -17.553424738999922], [32.04685174100018, -17.554421817999923], [32.04656174900015, -17.554852850999964], [32.04540578300009, -17.557070024999916], [32.04540578300009, -17.55714003099996], [32.04540978300008, -17.557283041999938], [32.045336785000075, -17.557356047999974], [32.04526478700012, -17.557499058999895], [32.04511979100005, -17.55785508699995], [32.04490279700019, -17.558141109999895], [32.04468480300011, -17.55835712699991], [32.042338870000094, -17.56016526899998], [32.04234287000003, -17.560306279999907], [32.04226687200014, -17.56030827999996], [32.042193874000134, -17.560451290999936], [32.04212187600007, -17.560524296999915], [32.04205287800005, -17.560737313999937], [32.04190388300003, -17.560810319999973], [32.04175888700013, -17.560955330999946], [32.0405959200001, -17.56260345999982], [32.04052292200009, -17.562675465999916], [32.04052292200009, -17.5627464719999], [32.04045092400003, -17.562889482999935], [32.04045492400019, -17.562959487999876], [32.04038192600018, -17.56303249399997], [32.04038192600018, -17.5631024999999], [32.040309928000056, -17.56317550499989], [32.04023693000005, -17.563318516999914], [32.04016093200016, -17.563318516999914], [32.04016493200015, -17.563461527999948], [32.040091934000145, -17.563534533999928], [32.040091934000145, -17.563675544999967], [32.040019937000125, -17.563818555999887], [32.040095934000135, -17.563888560999942], [32.040095934000135, -17.564029571999868], [32.04002393600001, -17.56410257799996], [32.04159889300007, -17.56557169299998], [32.04174788800003, -17.56556969299993], [32.0418198860001, -17.565567691999945], [32.04204188, -17.56556569199995], [32.04233887200007, -17.565702702999943], [32.04337684300009, -17.565830711999922], [32.04463880700001, -17.566097732999935], [32.04471580500018, -17.566166737999936], [32.04478780300013, -17.566166737999936], [32.04493679900003, -17.56623474399987], [32.04501279700008, -17.56630574899998], [32.04516179300015, -17.566444759999968], [32.045386786, -17.566654775999893], [32.04553978200005, -17.566866792999974], [32.045764776000055, -17.567075808999846], [32.0465117550001, -17.567917874999978], [32.04666475100015, -17.56805688599991], [32.046889744000055, -17.56826690199989], [32.04696574200011, -17.56847791899986], [32.04719073600006, -17.5686879349999], [32.04726773400006, -17.56889995199998], [32.04741573000001, -17.569111967999902], [32.04749672800017, -17.56932298499987], [32.04779771900013, -17.569888028999912], [32.04900268600005, -17.57143314999996], [32.04907968400005, -17.571574160999887], [32.049155682000105, -17.57171317199993], [32.04923168000016, -17.57185418299997], [32.049308677000056, -17.571996193999894], [32.04938467500011, -17.572207209999874], [32.049460673000056, -17.57234822099997], [32.04953667100011, -17.572560237999937], [32.049685667000176, -17.572772253999972], [32.04976266500017, -17.572913265999944], [32.04983866300006, -17.572982270999944], [32.04983866300006, -17.573125281999978], [32.05029265000002, -17.573828336999952], [32.05036864800013, -17.573970347999932], [32.05044464600019, -17.574109358999976], [32.05052164400013, -17.574179363999974], [32.05059764200007, -17.57432137599983], [32.05059764200007, -17.57439138099994], [32.05059764200007, -17.574462386999926], [32.05067364000013, -17.57453239199998], [32.05075063800007, -17.574673402999906], [32.05075063800007, -17.574815413999943], [32.05075063800007, -17.574887419999925], [32.05082663600018, -17.574956424999982], [32.050830636000114, -17.575099435999903], [32.05090263400007, -17.57516744199995], [32.05090263400007, -17.575240446999942], [32.050906633000125, -17.57531045299993], [32.05090663400006, -17.57538145899997], [32.05090663400006, -17.57552446999989], [32.05098263100018, -17.575663480999935], [32.05098663100017, -17.575877496999965], [32.05106262900006, -17.57601850799989], [32.05106262900006, -17.576089513999932], [32.05106662900005, -17.57615951899993], [32.051142627000104, -17.576371535999897], [32.0512196250001, -17.576585552999916], [32.061672359000056, -17.585424236999927], [32.06658006600014, -17.593159010999955], [32.067198504000146, -17.59316193099994], [32.07395901900003, -17.601498470999957], [32.07826723000005, -17.60567099499997], [32.07888571299998, -17.605673880999916], [32.07888872000018, -17.60508069799988], [32.082581631000096, -17.60865706699991], [32.08939993400014, -17.605722639999954], [32.09497221100014, -17.60456185699985], [32.1011951750001, -17.596878680999964], [32.09993182200009, -17.602211724999904], [32.097434350000015, -17.60694591899994], [32.08935234600011, -17.615213576999906], [32.0843862640001, -17.61874978299994], [32.08115816700007, -17.623827452999876], [32.078215896000074, -17.62494021099991], [32.078213460000086, -17.62541974999982], [32.07821102400004, -17.62589928999995], [32.0737105770001, -17.625878211999918], [32.07370812900007, -17.626357750999887], [32.06720747800017, -17.626327122999953], [32.06969789100009, -17.628257082999937], [32.07317867900014, -17.632109870999955], [32.07613998800008, -17.6397965729999], [32.07659365600017, -17.648910150999825], [32.08009201600004, -17.649406061999912], [32.096093344999986, -17.649959658999876], [32.09507634000016, -17.653311853999867], [32.09256128700014, -17.656177595999907], [32.088531240000066, -17.661913599999878], [32.082029286000136, -17.661883401999944], [32.073526751000145, -17.661843587999954], [32.06402394300011, -17.66179865499987], [32.06402146400018, -17.662278191999917], [32.05551895400009, -17.662237598999866], [32.05397590600012, -17.67038248499989], [32.051950102000035, -17.675168199999916], [32.050411791000045, -17.682353966999926], [32.05036393000006, -17.6914650949999], [32.04432824000003, -17.69766992999996], [32.032766165, -17.70816331899988], [32.03186421200007, -17.70847487899988], [32.01795944100007, -17.706002212999863], [32.00187405600008, -17.70314047099987], [32.00187005600009, -17.703069464999942], [32.00130907000005, -17.699811209999893], [32.00123707200015, -17.699741204999896], [32.00123307200016, -17.69945618299994], [32.00115307500005, -17.69910415499993], [32.001000079000164, -17.69875112799997], [32.00083608300008, -17.69768804499995], [32.00083608300008, -17.697545032999926], [32.00083608300008, -17.69747502799987], [32.00083208300009, -17.697191005999912], [32.00082508300005, -17.696835977999967], [32.00079408400006, -17.696694966999928], [32.00074808500011, -17.69648294999996], [32.00059608900011, -17.696129922999887], [32.00059208900012, -17.695915905999925], [32.00043909400017, -17.69563388399996], [32.00043909400017, -17.695563878999963], [32.000363096000115, -17.69535186199988], [32.000359096000125, -17.69520885099996], [32.000359096000125, -17.694996833999937], [32.000356096000075, -17.694712811999977], [32.000352096000086, -17.6944987949999], [32.002168044000086, -17.69191859299997], [32.00224404200014, -17.69184758799986], [32.00231603900016, -17.691775581999934], [32.00238903700017, -17.69177358199994], [32.00238903700017, -17.691702575999955], [32.00246103500007, -17.691702575999955], [32.002534033000074, -17.69155956499992], [32.00267902900015, -17.69141455399989], [32.002900023000166, -17.691269541999816], [32.00319401400003, -17.69098151999998], [32.00333901000016, -17.690838507999956], [32.00341100800006, -17.690695496999922], [32.00355600400013, -17.690479479999965], [32.004429979000065, -17.68919037899991], [32.00442597900013, -17.68904936799987], [32.00449797700003, -17.68897636199995], [32.004574975000025, -17.688904356999956], [32.004570975000036, -17.688763345999917], [32.004570975000036, -17.688690339999937], [32.004566975000046, -17.688549328999898], [32.00463897300017, -17.688336311999933], [32.00470797100019, -17.68805028999998], [32.00470797100019, -17.687838272999954], [32.00478096899997, -17.68769526199992], [32.004776969000034, -17.687552250999886], [32.004776969000034, -17.68741123999996], [32.00484496700011, -17.68719722299994], [32.00484496700011, -17.687054211999907], [32.00491796500012, -17.686911200999873], [32.004913965000185, -17.68669918399985], [32.00498696200009, -17.686485166999887], [32.00498296300003, -17.68627215099997], [32.00505496, -17.686058133999893], [32.00505096000006, -17.685774111999933], [32.00511995800008, -17.685560094999914], [32.00511995800008, -17.68541708399988], [32.00511595800009, -17.685206066999854], [32.00511595800009, -17.685063055999933], [32.0051119580001, -17.68499205099988], [32.0051119580001, -17.684921044999896], [32.00503996000003, -17.684921044999896], [32.00503596100015, -17.684710028999916], [32.00503196100016, -17.684567016999893], [32.00503196100016, -17.684496011999897], [32.00494496300007, -17.683360922999952], [32.00494496300007, -17.68329091799984], [32.00501696100014, -17.68329091799984], [32.005089959000145, -17.683288916999857], [32.00523795400005, -17.683072900999832], [32.00545594800013, -17.682857883999873], [32.00560094400009, -17.682714871999963], [32.00692090600006, -17.68163078699996], [32.00699290400013, -17.681628786999966], [32.00699290400013, -17.681558781999968], [32.007068902000185, -17.681558781999968], [32.00713790000003, -17.681415769999944], [32.00735889400005, -17.681197752999935], [32.00750389000012, -17.6810547419999], [32.00757688800013, -17.68091173099998], [32.00772588300009, -17.680768719999946], [32.007797881000045, -17.680696713999964], [32.00787087900005, -17.68062370799987], [32.00787087900005, -17.68055370299993], [32.00794287700012, -17.68048069699995], [32.00808787300002, -17.680337685999916], [32.008159871000146, -17.680194674999882], [32.00830486700005, -17.680049662999977], [32.00830486700005, -17.679908651999938], [32.00837786500006, -17.679765640999904], [32.00837786500006, -17.679694634999976], [32.00837386500007, -17.679622629999926], [32.00837386500007, -17.679481618999944], [32.008365865000144, -17.679055584999958], [32.00828986700009, -17.67891457399992], [32.0082858670001, -17.67863055199996], [32.00820986900004, -17.678418535999924], [32.0081338710001, -17.678207518999955], [32.0081338710001, -17.678064507999864], [32.00805687300016, -17.67792249699994], [32.00805387300005, -17.677781485999958], [32.00797687500011, -17.67757046899993], [32.00797687500011, -17.677499463999936], [32.00797287500012, -17.677285446999974], [32.007896877000064, -17.677074430999937], [32.007896877000064, -17.677003424999896], [32.007820880000054, -17.67686241399997], [32.00781688000012, -17.676719402999936], [32.00774488200017, -17.676650397999936], [32.007740882, -17.67650738599997], [32.007667884, -17.676509386999953], [32.007591886000114, -17.676368375999857], [32.00751588800006, -17.67629736999993], [32.007366892000164, -17.676158358999885], [32.00714189800004, -17.67608935399994], [32.006992903000025, -17.675950342999897], [32.00692090500013, -17.675950342999897], [32.006771909000065, -17.67588233799995], [32.006546915000115, -17.67574232699991], [32.006397919, -17.675674321999963], [32.005947932000026, -17.67525428899995], [32.00587493400019, -17.675256288999947], [32.00579893600013, -17.675115277999907], [32.00572293800002, -17.67504427299997], [32.00564694000013, -17.674833255999943], [32.00564293999997, -17.674691244999906], [32.00556594200003, -17.67447822799994], [32.00556594200003, -17.674337216999902], [32.0055629420001, -17.674123200999873], [32.0055629420001, -17.673982189999947], [32.005558942000164, -17.673841178999908], [32.005554942000174, -17.67355615599996], [32.005554942000174, -17.673413144999927], [32.00547494400013, -17.67320212899989], [32.00547494400013, -17.673061117999964], [32.00547094400014, -17.67291810599994], [32.00547094400014, -17.67284710099989], [32.00546694399998, -17.67263308399987], [32.00546694399998, -17.672492072999944], [32.00546694399998, -17.672351061999905], [32.005462944000044, -17.672137044999943], [32.005535942, -17.67199403399985], [32.00553194200006, -17.67192402899991], [32.00560494000007, -17.671638005999966], [32.005676938000136, -17.671496994999927], [32.00574993600014, -17.671423988999948], [32.00582193400004, -17.671280977999913], [32.00608892600013, -17.669012800999894], [32.00608492600014, -17.668940794999912], [32.00616192400014, -17.668940794999912], [32.00616192400014, -17.668869789999974], [32.00615792400015, -17.668656772999952], [32.00615392400016, -17.66837175099988], [32.006149924, -17.668230739999956], [32.006149924, -17.668087727999932], [32.00739688800019, -17.66729066599987], [32.00761888200003, -17.667286664999892], [32.007690880000155, -17.667215659999897], [32.00783987600005, -17.6672146599999], [32.007915874000105, -17.667212658999915], [32.00798887200011, -17.667139653999925], [32.00806087, -17.667139653999925], [32.00828186300009, -17.667065647999948], [32.008503857000164, -17.666990641999917], [32.00872485100018, -17.66691663599994], [32.01048380100002, -17.665472521999902], [32.010555799000144, -17.66540251699996], [32.01062879700015, -17.66525950599987], [32.01070079500005, -17.665186499999948], [32.01077279300017, -17.665043488999856], [32.010845790000076, -17.66497148299993], [32.01091778800014, -17.66489847699995], [32.01099078600015, -17.66468446099998], [32.0110627840001, -17.664471443999958], [32.011055784, -17.66404541099996], [32.011051784000074, -17.663761387999898], [32.01097578600019, -17.663620376999972], [32.01082679000007, -17.663410360999933], [32.01075079300011, -17.66326934999995], [32.01060179700005, -17.66312833899991], [32.01052579900016, -17.662987327999815], [32.010448801000166, -17.662846316999946], [32.01029680500005, -17.662636300999907], [32.010219807000055, -17.66249528999998], [32.01014780900016, -17.66242428399994], [32.01014780900016, -17.662354278999942], [32.01014380900017, -17.6622832729999], [32.01014380900017, -17.66214026199998], [32.01013980900018, -17.6618582399999], [32.01006381100012, -17.661646222999877], [32.010059812000065, -17.661503211999957], [32.01004481200005, -17.660225111999978], [32.010044811000114, -17.660154106999983], [32.010113810000064, -17.66001109499996], [32.01011380900019, -17.659870083999976], [32.01010581000014, -17.659443050999926], [32.010177807000105, -17.659229033999964], [32.010174807000055, -17.658945011999947], [32.010174807000055, -17.658804000999965], [32.01024280500019, -17.658519978999948], [32.01023880500003, -17.658235955999885], [32.010307803000046, -17.657878928999935], [32.01038080100005, -17.657735916999968], [32.01038080100005, -17.65759490599993], [32.01044879900019, -17.6573808899999], [32.011471770000185, -17.65615979399996], [32.01161676600009, -17.65601578199994], [32.011688763999985, -17.65594277699995], [32.0117647620001, -17.65587177099991], [32.01183776000005, -17.655799764999927], [32.01190975800017, -17.655726759999936], [32.011982755000076, -17.655654753999897], [32.01213175100014, -17.655582747999915], [32.01227574700016, -17.655438736999884], [32.01249374100007, -17.655221719999872], [32.012787733000096, -17.655006702999856], [32.013080724000076, -17.654718679999917], [32.01329871800016, -17.654430657999967], [32.01417569300014, -17.65356558999997], [32.01424869100015, -17.65349558399987], [32.0143206890001, -17.65342257899988], [32.014469685000165, -17.653350572999955], [32.01476367600003, -17.65320356099994], [32.01505666800011, -17.653056549999974], [32.015205664, -17.65305454999998], [32.01535066000014, -17.652911537999955], [32.015571653, -17.652837532999968], [32.015793647000066, -17.65276252699988], [32.01586964500018, -17.65276252699988], [32.015941643000076, -17.652761526999882], [32.01609063900014, -17.65268852099996], [32.01631163300016, -17.652684519999923], [32.0169756140001, -17.65267751999994], [32.01727360500013, -17.65267151899991], [32.01734560300008, -17.65267151899991], [32.01734560300008, -17.65260051399997], [32.01741860100009, -17.652528507999875], [32.01756659700004, -17.652455501999953], [32.01763959500005, -17.65238349599997], [32.01763959500005, -17.652312490999975], [32.01763959500005, -17.652240484999936], [32.017708593000066, -17.652099473999897], [32.017708593000066, -17.651885456999878], [32.01777659100003, -17.651671440999962], [32.017849589000036, -17.651385417999904], [32.01783758900012, -17.650535351999906], [32.01776159100001, -17.650535351999906], [32.009548821000124, -17.645039923999946], [32.00939982500006, -17.64504192399994], [32.00924782900012, -17.644901913999888], [32.0030110030001, -17.6408065949999], [31.98875740300008, -17.635830209999938], [31.988381414000116, -17.635717200999977], [31.988253418, -17.635599191999972], [31.966368032000048, -17.628406634999862], [31.965736050000146, -17.62805660799995], [31.96523506400007, -17.627944599999978], [31.96497907100013, -17.62770958099992], [31.96472707800018, -17.62759357199991], [31.96447708500017, -17.62759757299989], [31.96435008800006, -17.627479563999884], [31.964226092000104, -17.627482563999877], [31.957949268000164, -17.626145460999908], [31.95757327900003, -17.626033451999945], [31.956945296000015, -17.62592244399991], [31.95619231800009, -17.625815435999982], [31.955568335000066, -17.62582543699989], [31.95506734900016, -17.625834437999913], [31.954943353000033, -17.625836437999908], [31.954817356000035, -17.625838437999903], [31.95381738500015, -17.625855439999896], [31.95356739200014, -17.625859439999942], [31.95318840200008, -17.62562542199987], [31.952974408000102, -17.62558841899994]]]]}}, {"type": "Feature", "properties": {"GID_3": "ZWE.5.8.20_2", "GID_0": "ZWE", "COUNTRY": "Zimbabwe", "GID_1": "ZWE.5_1", "NAME_1": "Mashonaland East", "NL_NAME_1": "NA", "GID_2": "ZWE.5.8_2", "NAME_2": "Mutoko", "NL_NAME_2": "NA", "NAME_3": "Ward 27", "VARNAME_3": "NA", "NL_NAME_3": "NA", "TYPE_3": "Ward", "ENGTYPE_3": "Ward", "CC_3": "NA", "HASC_3": "NA", "id": "ZWE.5.8.20_2", "name": "Ward 27"}, "geometry": {"type": "MultiPolygon", "coordinates": [[[[32.18821272700018, -17.44149392099996], [32.18835772300008, -17.441476918999967], [32.196829484000034, -17.438876712999956], [32.21278603300016, -17.433906318999902], [32.212863031000154, -17.433906318999902], [32.21293902900004, -17.433904317999918], [32.22980656400006, -17.469052072999887], [32.24231122000015, -17.497223279999957], [32.24619411300017, -17.50505389299991], [32.24627111100017, -17.50519490399995], [32.24627111100017, -17.50526590899989], [32.22370113000011, -17.512026253999977], [32.234020746000056, -17.532542703999923], [32.23855453900012, -17.540349273999936], [32.23855657100012, -17.539862462999906], [32.23855860400016, -17.539375651999933], [32.24333089700008, -17.54445281299985], [32.23139979900003, -17.552492090999863], [32.22630905100016, -17.556366799999978], [32.226754483000036, -17.57097303199987], [32.22772811600004, -17.580713152999863], [32.22866878499997, -17.598242174999825], [32.22862125100016, -17.60943872499996], [32.22807228100004, -17.619172860999868], [32.22772479600013, -17.619626266999887], [32.22771666600016, -17.61963687499997], [32.22476375100018, -17.62492328999997], [32.22476775000007, -17.62520731199993], [32.22469575300005, -17.62520931199998], [32.22469575300005, -17.62527931799991], [32.22462275500004, -17.625281317999907], [32.22392477500006, -17.628194545999975], [32.223852777000104, -17.628337556999895], [32.223779779000154, -17.628409562999934], [32.223779779000154, -17.62848056799993], [32.22370778100003, -17.628623579999953], [32.22370778100003, -17.628695584999946], [32.22363878300018, -17.628839596999967], [32.22363878300018, -17.628980607999836], [32.223566785000116, -17.629123618999927], [32.223566785000116, -17.62919362399998], [32.22342479000014, -17.629479646999982], [32.22335279200007, -17.629622657999846], [32.223279794000064, -17.629838674999974], [32.22313879800009, -17.63012469699993], [32.22313879800009, -17.630265707999854], [32.223066800000026, -17.630338713999947], [32.22299380200019, -17.63048172499998], [32.22292180400012, -17.630553730999964], [32.22292180400012, -17.63062473599996], [32.222848806000115, -17.630696741999884], [32.221036858000105, -17.633279944999913], [32.22096486000004, -17.633422955999947], [32.22089186200003, -17.63356596699998], [32.22074686600007, -17.633779983999943], [32.22060287000011, -17.633924994999916], [32.22045787400015, -17.634140011999932], [32.220312879000176, -17.63442603499982], [32.220312879000176, -17.63449703999993], [32.22023988100017, -17.63449703999993], [32.22018688300005, -17.636131167999963], [32.22019088299999, -17.636345184999982], [32.22019388300009, -17.636486195999908], [32.22019388300009, -17.63655720099996], [32.22019788300008, -17.63670021299987], [32.22019788300008, -17.636841223999966], [32.220201883000016, -17.63705423999994], [32.220201883000016, -17.637196250999978], [32.22081586600012, -17.638678366999955], [32.220968861000074, -17.638817377999885], [32.22104485900013, -17.639029394999852], [32.221193855000024, -17.639099399999964], [32.22126985300014, -17.639238410999894], [32.221345851000024, -17.639309415999946], [32.22141884900003, -17.63930741599995], [32.222715813000036, -17.641916619999904], [32.22279181100009, -17.64219964199998], [32.22287180900014, -17.642551669999875], [32.22287580900013, -17.642765686999894], [32.22287580900013, -17.642836691999833], [32.22287980900012, -17.642979702999924], [32.223123802000146, -17.644749841999953], [32.22312780200008, -17.64496285799987], [32.22313180200007, -17.645247880999932], [32.22313880200011, -17.64574291899993], [32.22306680400004, -17.645885930999953], [32.223070803999974, -17.646029941999814], [32.22299780600002, -17.64624295899995], [32.22292580800007, -17.64638596999987], [32.222852811000166, -17.646458975999963], [32.2227808130001, -17.646601986999883], [32.221551848000104, -17.64853613799994], [32.22147985000015, -17.648679149999964], [32.22133485400008, -17.648894165999934], [32.22111786000005, -17.64918218899993], [32.22111786000005, -17.64925319499997], [32.22104486200004, -17.64925319499997], [32.21938890900009, -17.650769313999888], [32.21931691100019, -17.650769313999888], [32.21931691100019, -17.65084231899982], [32.21924491300007, -17.65084231899982], [32.219247913000174, -17.65112634199994], [32.21917591500005, -17.651128341999936], [32.219175916000154, -17.651269352999975], [32.21917991500004, -17.6514103639999], [32.219106918000136, -17.651483369999937], [32.219106918000136, -17.651626380999858], [32.21903492000018, -17.65176939199995], [32.21888992400011, -17.65191240299987], [32.2188169260001, -17.651984408999965], [32.21866793000004, -17.65198640899996], [32.21814594500012, -17.651568376999933], [32.21814194500013, -17.651498370999832], [32.218069947, -17.651427365999893], [32.21806594700007, -17.65128635399998], [32.21798894900007, -17.65114534299994], [32.21798894900007, -17.651002331999905], [32.21790895100003, -17.65079031599987], [32.21783295300014, -17.650649304999945], [32.217756955000084, -17.650437287999978], [32.21767995700009, -17.65029627699994], [32.21767695700004, -17.65008526099996], [32.21760395900003, -17.64994324999992], [32.21759996000014, -17.649802237999893], [32.21752396200009, -17.649589221999975], [32.2175199620001, -17.649448210999935], [32.21721097000011, -17.648530138999888], [32.21705497400018, -17.647964094999963], [32.216978976000064, -17.647681072999887], [32.21697497600013, -17.647538061999967], [32.216901979, -17.64747005599986], [32.216897979000066, -17.647397049999938], [32.216897979000066, -17.6472560389999], [32.21682198100018, -17.647185033999904], [32.21621599700012, -17.646200956999905], [32.215991004000045, -17.645920934999936], [32.215914006000105, -17.645708918999958], [32.215838008, -17.64556790799986], [32.21583400800006, -17.645424895999952], [32.215762010000105, -17.645426896999936], [32.215758010000116, -17.645355890999895], [32.215685012000165, -17.645355890999895], [32.215685012000165, -17.645285885999954], [32.21454904400014, -17.643456742999888], [32.21432405000013, -17.643246725999916], [32.21417105400013, -17.643106715999977], [32.214098056000125, -17.643108715999972], [32.214098056000125, -17.643036709999933], [32.212084113000174, -17.642000629999927], [32.2110471420001, -17.641874619999896], [32.210600154000076, -17.64173960999983], [32.21045215900017, -17.641741609999883], [32.21037516100017, -17.641743609999878], [32.21015416700004, -17.641745609999873], [32.209338190000096, -17.641615599999966], [32.208895202, -17.641552594999894], [32.2085212130001, -17.641485589999945], [32.20830021900008, -17.641489590999925], [32.208228221000184, -17.641489590999925], [32.20651926900018, -17.641159564999953], [32.20629427600011, -17.641022554999836], [32.2062212780001, -17.640951548999908], [32.206145280000044, -17.640881543999967], [32.20606928200016, -17.640812537999864], [32.20599628400015, -17.640812537999864], [32.20599628400015, -17.640741532999925], [32.205920286000094, -17.64074353299992], [32.205847288000086, -17.64067352699982], [32.20577129000003, -17.640675527999974], [32.20479431700011, -17.63969445099997], [32.2047183200001, -17.639553439999872], [32.204714320000164, -17.639341422999905], [32.204714320000164, -17.639128406999873], [32.20463832200005, -17.639128406999873], [32.204112336000094, -17.63849835799988], [32.20396333999997, -17.638357346999953], [32.20381034500002, -17.638218335999966], [32.20366134900013, -17.638006318999942], [32.20358535100007, -17.637867307999954], [32.20358535100007, -17.63779530299996], [32.203509353000186, -17.63772629699986], [32.20297136800019, -17.636456197999905], [32.20297136800019, -17.636313186999928], [32.20289537000008, -17.636314186999982], [32.20272337400007, -17.634478042999945], [32.20271937400008, -17.63440703799995], [32.20256737900007, -17.634054009999943], [32.20241838300018, -17.63384399399996], [32.20233838500013, -17.633632976999934], [32.202261387000135, -17.633491965999895], [32.20218538900008, -17.633279949999917], [32.20210939100019, -17.632995927999957], [32.20195639500014, -17.632785910999928], [32.20195639500014, -17.632642899999894], [32.20188039800013, -17.63264489999989], [32.20188039800013, -17.63257389499995], [32.20135041200018, -17.631799833999935], [32.20120141600012, -17.631589817999895], [32.201125418, -17.631518811999968], [32.20104842100011, -17.63130779599993], [32.20089642500017, -17.63109777899996], [32.20082042700011, -17.63095676799992], [32.2007474290001, -17.63088576299998], [32.200671431000046, -17.630816756999877], [32.201682402000074, -17.62902561699991], [32.201682402000074, -17.62895561099998], [32.20175440000003, -17.628882605999877], [32.2018993960001, -17.628810599999895], [32.20197239400011, -17.628667588999974], [32.20211739000001, -17.628522576999956], [32.202189388000136, -17.62837956599992], [32.20226538500009, -17.628308560999926], [32.2023383830001, -17.62830656099993], [32.20241038100005, -17.628163548999908], [32.202483379, -17.62809154399997], [32.202555377000124, -17.627948531999948], [32.20262837500013, -17.627875526999958], [32.20262837500013, -17.62780552099997], [32.20270037300003, -17.627732514999934], [32.20270037300003, -17.627662509999936], [32.20284536900016, -17.627519498999902], [32.20299036500006, -17.627233475999958], [32.203135361000136, -17.627017458999944], [32.20335235400006, -17.626729436999824], [32.20342535200007, -17.62658642599996], [32.20349735000019, -17.626515419999976], [32.203494350000085, -17.626443413999937], [32.203494350000085, -17.62637240899994], [32.20356634800004, -17.62630040299996], [32.20444032300014, -17.62508130799995], [32.20443632300015, -17.62486729099993], [32.20450532100017, -17.624654273999965], [32.20464931700019, -17.62443825699995], [32.20464931700019, -17.624227240999915], [32.20464631700008, -17.624154234999935], [32.204722315000026, -17.624154234999935], [32.205527292000056, -17.623574188999953], [32.20567628800018, -17.62350218399996], [32.20582128400008, -17.623357171999942], [32.205966280000155, -17.623284165999962], [32.20611427500006, -17.623139154999933], [32.20611127600006, -17.623069149999935], [32.20618727300007, -17.62306714899995], [32.206610261000094, -17.62178304899993], [32.206610261000094, -17.621570031999966], [32.20667925900011, -17.621356014999947], [32.20667925900011, -17.621215003999907], [32.20667525900012, -17.62114399899997], [32.207480235000105, -17.615168530999938], [32.207476235000115, -17.615024518999917], [32.207552233, -17.615024518999917], [32.20678625400018, -17.613260381999964], [32.20678625400018, -17.613119370999925], [32.20670925600018, -17.61304836499994], [32.20670625600013, -17.612835347999976], [32.206629258000135, -17.61276634299992], [32.206629258000135, -17.612694336999937], [32.20681225200019, -17.609922119999965], [32.206809252000085, -17.609781108999925], [32.20680525200015, -17.609356075999926], [32.20680525200015, -17.60928506999994], [32.206728254000154, -17.60921506499983], [32.206728254000154, -17.609144058999902], [32.20664825600011, -17.608932042999925], [32.206576257999984, -17.608862036999938], [32.2065002600001, -17.6087210259999], [32.2065002600001, -17.60865002099996], [32.20642326300003, -17.60865002099996], [32.20635126500014, -17.608652020999955], [32.205470290000164, -17.60930407199993], [32.20540129200015, -17.609447082999907], [32.20532529400009, -17.609520088999943], [32.205256296000016, -17.609663099999864], [32.20510730000012, -17.609806111999887], [32.20511130000011, -17.609877116999883], [32.205039302000046, -17.610020127999917], [32.205039302000046, -17.61016313999994], [32.20496630400004, -17.610306150999975], [32.204894306000085, -17.610449161999952], [32.20489730600019, -17.610590172999935], [32.20482530800007, -17.610733183999855], [32.20482930800006, -17.610947200999874], [32.20475631000005, -17.61116021799984], [32.20476031000004, -17.611374233999868], [32.20461931400007, -17.61180126799985], [32.20461931400007, -17.61187227299996], [32.204402320999975, -17.61208929099996], [32.20432932299997, -17.612303306999934], [32.204184327000064, -17.612446318999844], [32.20411232900017, -17.61251832399995], [32.20403933100016, -17.61259132999993], [32.203963333000104, -17.61266333599997], [32.20396733300004, -17.612734340999964], [32.203894335000086, -17.612806346999946], [32.203894335000086, -17.61294735799993], [32.20382233700013, -17.613020363999908], [32.203749339000126, -17.613163374999942], [32.203753339000116, -17.61330438599998], [32.20360434300005, -17.613449396999954], [32.20353634500009, -17.613663413999916], [32.20346334700008, -17.61380642499995], [32.20339135000012, -17.613878430999932], [32.20324635399999, -17.61402344199996], [32.203169356000046, -17.614094447999946], [32.20287936400018, -17.614382469999896], [32.202731368, -17.614456475999873], [32.20244137700013, -17.614885509999965], [32.20229638100017, -17.61503052099988], [32.202078387000086, -17.615246537999894], [32.20200638900019, -17.615389549999918], [32.20040043500018, -17.61697467399989], [32.20032743700017, -17.617046679999874], [32.20025143900011, -17.617048679999982], [32.20017944100016, -17.617191690999903], [32.200034445000085, -17.617334701999937], [32.19988944900018, -17.617620724999938], [32.19974445300005, -17.617765735999967], [32.19945446200012, -17.618195769999943], [32.199309466000045, -17.618481791999955], [32.19924046800003, -17.618696808999914], [32.199091472000134, -17.61883981999995], [32.19816149900004, -17.620912982999982], [32.19808850100003, -17.620985988999962], [32.19786750700018, -17.621130999999878], [32.19772251100011, -17.62127401099997], [32.197501518000024, -17.62149102799998], [32.197505518000185, -17.621562033999908], [32.19743252000018, -17.621634039999947], [32.19714252799997, -17.622064072999876], [32.196848536000175, -17.62235209599993], [32.19677653800011, -17.62242410199991], [32.19677653800011, -17.622495106999963], [32.1967035400001, -17.62249710699996], [32.19648254700019, -17.62264211899992], [32.19633755100011, -17.62278612999995], [32.19633755100011, -17.62285713599988], [32.19626555300016, -17.62285713599988], [32.196188555, -17.62293014099987], [32.19604455900003, -17.623002146999966], [32.19582256500013, -17.623076152999886], [32.195601572000044, -17.623151158999974], [32.19552957400009, -17.623223163999967], [32.19545657600014, -17.623296169999946], [32.19530758000002, -17.62336817599987], [32.195159584000066, -17.62337017599998], [32.194937590000166, -17.623445181999955], [32.19479259500014, -17.623519187999932], [32.19472059700007, -17.623519187999932], [32.19280565100007, -17.62432825199994], [32.192511659000104, -17.62440425799997], [32.1922866650001, -17.624406257999965], [32.192141670000126, -17.624410257999955], [32.19191667600012, -17.62441225899994], [32.191771680000045, -17.624413258999937], [32.191546686000095, -17.624417258999927], [32.19140169000019, -17.62441925899998], [32.19125269500017, -17.624421258999973], [32.19117669700012, -17.624423259999958], [32.18991773200014, -17.62437025599985], [32.18969673800012, -17.6243032509999], [32.18962074100017, -17.624232244999973], [32.18954774300016, -17.62423424499997], [32.18932274900004, -17.62416623999991], [32.188876761000074, -17.62403022899997], [32.18880376300007, -17.623961223999913], [32.188654768000106, -17.623963223999908], [32.188506772000096, -17.623965223999903], [32.187094811000065, -17.62355919299995], [32.186869818, -17.623492187999943], [32.186572826000145, -17.62335517699995], [32.18642383000008, -17.62328617199995], [32.18627483500006, -17.623288171999945], [32.18620283700017, -17.62321816699989], [32.18612583900017, -17.62321916699989], [32.185980843000095, -17.623221166999883], [32.18442888700008, -17.623599196999976], [32.18428389100018, -17.62360119699997], [32.18420789300012, -17.623673202999896], [32.18398589900005, -17.62367520299989], [32.183840903000146, -17.62375020899998], [32.18376890500019, -17.623820213999977], [32.18361991000006, -17.62389521999995], [32.18354791200011, -17.623967225999877], [32.18347091400017, -17.623967225999877], [32.18200995500018, -17.625195321999968], [32.18186495900005, -17.62534033399993], [32.18171996400008, -17.62555435099995], [32.18142697200017, -17.625842372999955], [32.18142697200017, -17.625915378999878], [32.18135397400016, -17.625915378999878], [32.17932103200019, -17.62870759799989], [32.17932103200019, -17.62884860899993], [32.17932503200012, -17.628991619999965], [32.179252034000115, -17.62906262599995], [32.179252034000115, -17.62920563699987], [32.17918003600005, -17.629348647999905], [32.17918403600004, -17.62941865399995], [32.17911103800003, -17.629632670999968], [32.17911103800003, -17.629703675999963], [32.17911503800019, -17.629846686999883], [32.17904204000018, -17.629989698999907], [32.17904604000017, -17.630130709999946], [32.17904604000017, -17.63027372099998], [32.17897404200005, -17.6304167319999], [32.17897804200004, -17.63055774299994], [32.17897804200004, -17.630628748999868], [32.17898104200009, -17.6308417649999], [32.17898104200009, -17.63091277099994], [32.17890904400019, -17.63105578199992], [32.17891304400018, -17.631198792999953], [32.178840046000175, -17.631341803999874], [32.17826406300003, -17.632556899999884], [32.17826406300003, -17.63262790499988], [32.17827206300012, -17.633052937999878], [32.17827606300011, -17.63333696099994], [32.17827606300011, -17.633407965999936], [32.178279063, -17.63369198799984], [32.17828306300015, -17.633905004999974], [32.17828706300014, -17.63411702199994], [32.17828706300014, -17.63426003299992], [32.17829106300013, -17.63454405499988], [32.17829506300012, -17.634686065999915], [32.17815006700016, -17.634972088999973], [32.17808106900014, -17.635185104999834], [32.17808106900014, -17.635328116999915], [32.178009071000076, -17.63547112799995], [32.17794007300006, -17.635685144999968], [32.177864075000116, -17.635757149999904], [32.17786707500005, -17.63589916099994], [32.1777950770001, -17.635971166999923], [32.17772307900003, -17.636114177999957], [32.177650081000024, -17.63618718399988], [32.17757808300013, -17.63633019499997], [32.17742908800011, -17.636402200999896], [32.177284092000036, -17.63647520699982], [32.17713509600014, -17.636549211999977], [32.17699010000001, -17.63669222399983], [32.17684510400011, -17.63676622899993], [32.17676910600005, -17.636837234999916], [32.176696108000044, -17.63683923499991], [32.176551113000016, -17.636982245999945], [32.17640311700006, -17.63698624699998], [32.176330119000056, -17.637056251999923], [32.17486516000008, -17.638285348999943], [32.17472016500005, -17.63850036599996], [32.17457516900015, -17.63857337099995], [32.17449917100009, -17.638645376999875], [32.174282177000066, -17.63879038899995], [32.174060183000165, -17.63893539999998], [32.173767192000184, -17.63908241199988], [32.17362219600011, -17.639227422999966], [32.1735491980001, -17.639298427999904], [32.17347319999999, -17.63937043399983], [32.17347720000015, -17.639441439999928], [32.172241235000115, -17.64116357499995], [32.17216823700011, -17.641235579999943], [32.17173025000005, -17.64166861399991], [32.17158525400015, -17.64174161999989], [32.17136326000008, -17.64188663199991], [32.17121526400007, -17.641958636999902], [32.171070268000165, -17.64210364899992], [32.17099727100003, -17.64210364899992], [32.17092527300014, -17.64217665399991], [32.17077627700007, -17.642250659999945], [32.16966630800016, -17.642336666999938], [32.16944531399997, -17.642340667999918], [32.169223321000175, -17.642344667999964], [32.169075325, -17.64234566799996], [32.169002327000044, -17.64234566799996], [32.16877733300004, -17.64234966899994], [32.16863233700013, -17.642351668999936], [32.1681863500001, -17.642357668999978], [32.16796535600008, -17.642361669999957], [32.16773936200008, -17.642294664999838], [32.166107408000016, -17.641962638999814], [32.165886414000056, -17.64189363399987], [32.16551242500009, -17.641687617999878], [32.16521443300013, -17.641548606999947], [32.164989440000056, -17.641411595999955], [32.164840444, -17.64141359599995], [32.164768446000096, -17.641342590999955], [32.16461945000003, -17.641344590999836], [32.16298649600009, -17.641012564999983], [32.16291049800003, -17.640944559999866], [32.16276150200014, -17.640875554999923], [32.16253650900006, -17.640806548999876], [32.16238751300017, -17.640738543999873], [32.16223951699999, -17.640739543999928], [32.16216651900004, -17.640741544999855], [32.16194552500019, -17.640743544999907], [32.16009157700012, -17.640629535999892], [32.159793586000035, -17.640562530999944], [32.159572592000075, -17.640566531999923], [32.15935159800006, -17.640497525999933], [32.159202602000164, -17.640429520999874], [32.158832613000015, -17.640434520999918], [32.15868361700012, -17.640366515999972], [32.158607619000065, -17.640366515999972], [32.15668467300014, -17.640535529999966], [32.156536678000066, -17.640537529999847], [32.156391682000105, -17.640682540999933], [32.15624668600003, -17.640755546999856], [32.156169688000034, -17.64082755299995], [32.15602569200007, -17.64090055899993], [32.15587669600018, -17.640974563999862], [32.15580369800017, -17.641047569999955], [32.15565870200004, -17.641119575999937], [32.155582705000086, -17.641119575999937], [32.154270742000165, -17.64241667799996], [32.1541217460001, -17.64249068399988], [32.153827754000076, -17.64256568999997], [32.153678759000115, -17.642710700999885], [32.1534577650001, -17.642784706999976], [32.15338576700003, -17.64285571199997], [32.15324077100013, -17.642857712999955], [32.153164773000015, -17.64285971299995], [32.15301977700011, -17.642931717999943], [32.15131782500015, -17.643026725999903], [32.15124182700009, -17.643028725999898], [32.15102083400018, -17.643032726999877], [32.15094383600001, -17.642962720999947], [32.150871838000114, -17.642963720999944], [32.15079584000006, -17.642963721999934], [32.15072284200005, -17.642893715999946], [32.148861894000106, -17.64228166899983], [32.148716898000146, -17.642284668999878], [32.14863990100008, -17.642284668999878], [32.148567903000185, -17.642286668999873], [32.14616497000003, -17.642462683999952], [32.146087973000135, -17.642464683999947], [32.14601597500007, -17.642536688999883], [32.145866979000175, -17.642538689999867], [32.14579498100005, -17.642609694999976], [32.1457219830001, -17.64261169499997], [32.145500989000084, -17.642685700999948], [32.145427991000076, -17.642757706999873], [32.14535199300019, -17.642757706999873], [32.14447101800005, -17.643126735999942], [32.14424602499997, -17.643129735999935], [32.14402403100007, -17.643131736999976], [32.14373103899999, -17.64313773699996], [32.143433048000134, -17.64314173699995], [32.14313605600006, -17.64314573799993], [32.142991060000156, -17.643147737999982], [32.1414341040001, -17.643026728999928], [32.141060114000084, -17.64289171899992], [32.14061412700005, -17.64275670799998], [32.14024413699997, -17.642618696999932], [32.14001914400012, -17.64262269799997], [32.139874148, -17.642624697999963], [32.13772620800012, -17.64265470099997], [32.13735621900014, -17.642588695999905], [32.13713122500019, -17.642521690999956], [32.136834233000116, -17.64245468599995], [32.13660924000004, -17.642315674999963], [32.13646024400015, -17.642246668999974], [32.13623925000019, -17.64218066399991], [32.134747291999986, -17.641491610999935], [32.134526298000026, -17.641352599999948], [32.13437330200014, -17.64121158899991], [32.134297304000086, -17.64107157799998], [32.134148309000125, -17.641001572999983], [32.13407631100017, -17.640932566999936], [32.13392331500012, -17.640791555999897], [32.13385131700005, -17.640722550999953], [32.13265335000011, -17.63981647999998], [32.13250035500016, -17.639677468999935], [32.13220336300009, -17.63939744799984], [32.13190137099997, -17.639189430999863], [32.13175337500019, -17.639048419999938], [32.13168037700018, -17.63905042099998], [32.13160438, -17.63897941499988], [32.131455384000105, -17.638981414999876], [32.13130638800004, -17.63898341499987], [32.129456440000126, -17.638939412999946], [32.12915944800005, -17.638872406999894], [32.12901045300009, -17.63880440199989], [32.12886145700003, -17.638735396999948], [32.128564465000125, -17.6385983859999], [32.12841546900006, -17.63852738099996], [32.12826647400004, -17.63853138099995], [32.1257445440001, -17.638210356999934], [32.12544755300013, -17.638073345999885], [32.12522655900017, -17.638077345999932], [32.12514956100017, -17.638077345999932], [32.125077563000104, -17.638079345999927], [32.12356260500013, -17.635765165999942], [32.12356260500013, -17.635622154999908], [32.12355960500008, -17.635481143999982], [32.123482607000085, -17.635340132999943], [32.123482607000085, -17.635199120999914], [32.123479607000036, -17.63505610999988], [32.12340660900003, -17.635057109999877], [32.12272362800013, -17.633930021999902], [32.12257463200001, -17.63379101199996], [32.122498635000056, -17.633650000999978], [32.122498635000056, -17.63357899499988], [32.12242263700017, -17.633508989999882], [32.122346639000114, -17.633367978999956], [32.122269641000116, -17.63322596699993], [32.122269641000116, -17.633155961999876], [32.122197643, -17.63315796199987], [32.12212064500005, -17.633086956999932], [32.12212064500005, -17.633016950999945], [32.12099167600013, -17.631753852999964], [32.12084368100005, -17.63161484199992], [32.12054168900016, -17.63140682599993], [32.12024469700009, -17.631267814999887], [32.120167700000025, -17.631198808999955], [32.12002270400012, -17.63120080999994], [32.119946706, -17.63120080999994], [32.11868374100004, -17.630864783999925], [32.11853574500009, -17.63086678399992], [32.11838675000007, -17.630868783999915], [32.11824175400017, -17.63087078399991], [32.11816575600011, -17.630872783999962], [32.11816875600016, -17.630942789999892], [32.11441986200015, -17.63298395099997], [32.11427486600007, -17.63305695599996], [32.11427486600007, -17.633126961999892], [32.11412587000018, -17.633128961999944], [32.11383187900009, -17.633204967999973], [32.11346188900018, -17.63335197999993], [32.11316789700004, -17.6334289859999], [32.11287090600007, -17.633502991999933], [32.11279790800006, -17.633574996999926], [32.112725910000165, -17.633574996999926], [32.112576914000044, -17.6336500029999], [32.11250491600015, -17.633720008999944], [32.11110495600013, -17.63409603899987], [32.11065796800011, -17.634102038999913], [32.11043697500003, -17.634106039999892], [32.11043697500003, -17.634176044999833], [32.11036497700013, -17.634178044999885], [32.110291979000124, -17.634178044999885], [32.107324062000146, -17.633865021999952], [32.10725206400019, -17.633867021999947], [32.107176066000136, -17.633867021999947], [32.10328517500017, -17.63072777699989], [32.10320817700017, -17.630656771999952], [32.1031361790001, -17.630658771999947], [32.0981383190001, -17.627959561999887], [32.09791332500015, -17.62774954599996], [32.09783732800014, -17.627681539999912], [32.09776533000007, -17.627681539999912], [32.09776533000007, -17.627610534999974], [32.097688332000075, -17.62761253499997], [32.09761633400018, -17.62761253499997], [32.09500340700009, -17.626088415999902], [32.09485441099997, -17.626090416999887], [32.094782413000075, -17.626090416999887], [32.09004131500018, -17.62307689299996], [32.08322606400003, -17.623045345999913], [32.08115816700007, -17.623827452999876], [32.0843862640001, -17.61874978299994], [32.08935234600011, -17.615213576999906], [32.097434350000015, -17.60694591899994], [32.09993182200009, -17.602211724999904], [32.1011951750001, -17.596878680999964], [32.09497221100014, -17.60456185699985], [32.08939993400014, -17.605722639999954], [32.082581631000096, -17.60865706699991], [32.07888872000018, -17.60508069799988], [32.07888571299998, -17.605673880999916], [32.07826723000005, -17.60567099499997], [32.07395901900003, -17.601498470999957], [32.067198504000146, -17.59316193099994], [32.06658006600014, -17.593159010999955], [32.061672359000056, -17.585424236999927], [32.0512196250001, -17.576585552999916], [32.051142627000104, -17.576371535999897], [32.05106662900005, -17.57615951899993], [32.05106262900006, -17.576089513999932], [32.05106262900006, -17.57601850799989], [32.05098663100017, -17.575877496999965], [32.05098263100018, -17.575663480999935], [32.05090663400006, -17.57552446999989], [32.05090663400006, -17.57538145899997], [32.050906633000125, -17.57531045299993], [32.05090263400007, -17.575240446999942], [32.05090263400007, -17.57516744199995], [32.050830636000114, -17.575099435999903], [32.05082663600018, -17.574956424999982], [32.05075063800007, -17.574887419999925], [32.05075063800007, -17.574815413999943], [32.05075063800007, -17.574673402999906], [32.05067364000013, -17.57453239199998], [32.05059764200007, -17.574462386999926], [32.05059764200007, -17.57439138099994], [32.05059764200007, -17.57432137599983], [32.05052164400013, -17.574179363999974], [32.05044464600019, -17.574109358999976], [32.05036864800013, -17.573970347999932], [32.05029265000002, -17.573828336999952], [32.04983866300006, -17.573125281999978], [32.04983866300006, -17.572982270999944], [32.04976266500017, -17.572913265999944], [32.049685667000176, -17.572772253999972], [32.04953667100011, -17.572560237999937], [32.049460673000056, -17.57234822099997], [32.04938467500011, -17.572207209999874], [32.049308677000056, -17.571996193999894], [32.04923168000016, -17.57185418299997], [32.049155682000105, -17.57171317199993], [32.04907968400005, -17.571574160999887], [32.04900268600005, -17.57143314999996], [32.04779771900013, -17.569888028999912], [32.04749672800017, -17.56932298499987], [32.04741573000001, -17.569111967999902], [32.04726773400006, -17.56889995199998], [32.04719073600006, -17.5686879349999], [32.04696574200011, -17.56847791899986], [32.046889744000055, -17.56826690199989], [32.04666475100015, -17.56805688599991], [32.0465117550001, -17.567917874999978], [32.045764776000055, -17.567075808999846], [32.04553978200005, -17.566866792999974], [32.045386786, -17.566654775999893], [32.04516179300015, -17.566444759999968], [32.04501279700008, -17.56630574899998], [32.04493679900003, -17.56623474399987], [32.04478780300013, -17.566166737999936], [32.04471580500018, -17.566166737999936], [32.04463880700001, -17.566097732999935], [32.04337684300009, -17.565830711999922], [32.04233887200007, -17.565702702999943], [32.04204188, -17.56556569199995], [32.0418198860001, -17.565567691999945], [32.04174788800003, -17.56556969299993], [32.04159889300007, -17.56557169299998], [32.04002393600001, -17.56410257799996], [32.040095934000135, -17.564029571999868], [32.040095934000135, -17.563888560999942], [32.040019937000125, -17.563818555999887], [32.040091934000145, -17.563675544999967], [32.040091934000145, -17.563534533999928], [32.04016493200015, -17.563461527999948], [32.04016093200016, -17.563318516999914], [32.04023693000005, -17.563318516999914], [32.040309928000056, -17.56317550499989], [32.04038192600018, -17.5631024999999], [32.04038192600018, -17.56303249399997], [32.04045492400019, -17.562959487999876], [32.04045092400003, -17.562889482999935], [32.04052292200009, -17.5627464719999], [32.04052292200009, -17.562675465999916], [32.0405959200001, -17.56260345999982], [32.04175888700013, -17.560955330999946], [32.04190388300003, -17.560810319999973], [32.04205287800005, -17.560737313999937], [32.04212187600007, -17.560524296999915], [32.042193874000134, -17.560451290999936], [32.04226687200014, -17.56030827999996], [32.04234287000003, -17.560306279999907], [32.042338870000094, -17.56016526899998], [32.04468480300011, -17.55835712699991], [32.04490279700019, -17.558141109999895], [32.04511979100005, -17.55785508699995], [32.04526478700012, -17.557499058999895], [32.045336785000075, -17.557356047999974], [32.04540978300008, -17.557283041999938], [32.04540578300009, -17.55714003099996], [32.04540578300009, -17.557070024999916], [32.04656174900015, -17.554852850999964], [32.04685174100018, -17.554421817999923], [32.047206731000074, -17.553424738999922], [32.047423725000044, -17.55299470599988], [32.04756872000007, -17.55277968899992], [32.047564721000185, -17.552567671999896], [32.04763771800009, -17.552424660999975], [32.04763771800009, -17.55228164999994], [32.04770971600004, -17.55220964399996], [32.04753872099997, -17.5506505219999], [32.04746572300019, -17.550580515999968], [32.04746572300019, -17.550509510999973], [32.047461723000026, -17.55036649999994], [32.04738572500014, -17.550297493999892], [32.04738572500014, -17.55015448299997], [32.04730972700003, -17.55008647799997], [32.04730972700003, -17.550015471999927], [32.047232729000086, -17.549874460999888], [32.04715673100003, -17.549803455999893], [32.047007735000136, -17.549735449999957], [32.047007735000136, -17.54966444499985], [32.04693573700018, -17.54966444499985], [32.046859739000126, -17.549594438999918], [32.046710744000166, -17.5495974399999], [32.046561748000045, -17.54952743399997], [32.046340754000084, -17.549390422999977], [32.04619175800019, -17.549391423999907], [32.04604276200013, -17.54932341799997], [32.04589376700011, -17.549325417999967], [32.04581776900005, -17.549254412999915], [32.045745771000156, -17.549254412999915], [32.04559677500009, -17.549258412999905], [32.045298783000135, -17.549119401999974], [32.045150787000125, -17.549050396999917], [32.04507379000006, -17.548909385999877], [32.04492479400017, -17.548770374999947], [32.04477679800016, -17.548630363999905], [32.044699800000046, -17.548560358999964], [32.0446238020001, -17.548419347999925], [32.0446238020001, -17.54834834199994], [32.04454780400005, -17.54834834199994], [32.04454780400005, -17.54827833699983], [32.04454780400005, -17.548136325999963], [32.04454380400006, -17.54806431999998], [32.04454380400006, -17.5478523029999], [32.044539804000124, -17.54770929199998], [32.04461280200013, -17.54763928699998], [32.04461280200013, -17.547566280999888], [32.04468480000003, -17.547566280999888], [32.04468480000003, -17.547423269999967], [32.0448297960001, -17.547280257999944], [32.04490279400011, -17.54713724699991], [32.04497479200006, -17.546994235999875], [32.045119788000136, -17.546778218999975], [32.04534078100005, -17.546633207999946], [32.04540977900007, -17.54642019099998], [32.045481777000134, -17.54627717999989], [32.046199756000135, -17.54449103899998], [32.046565746000056, -17.544345027999896], [32.04693573600008, -17.544268021999926], [32.04796970600006, -17.54411200899989], [32.048262698000144, -17.543966997999974], [32.04848469199999, -17.543962996999824], [32.04863268800017, -17.543890991999888], [32.04863268800017, -17.54381998599996], [32.048705686000176, -17.543817985999965], [32.04877768400007, -17.543817985999965], [32.05011264600006, -17.54379898399992], [32.05033464000013, -17.543937994999965], [32.05063563100009, -17.544146010999953], [32.0507086290001, -17.54421701699988], [32.05085662500005, -17.544285021999883], [32.05086062500004, -17.544356027999925], [32.05093362300005, -17.544356027999925], [32.05108161900006, -17.544425032999925], [32.05123061500012, -17.54449303799987], [32.05152860600015, -17.544560042999933], [32.051749600000164, -17.544629048999866], [32.05189859600006, -17.54462704799994], [32.051970594000124, -17.544625047999887], [32.05204759200012, -17.54462304799989], [32.05211959000019, -17.54462304799989], [32.052195588000075, -17.544621047999897], [32.05307656300005, -17.544255018999934], [32.053149561000055, -17.544182012999897], [32.053225558000065, -17.544182012999897], [32.05329855600007, -17.544110007999905], [32.05337055400014, -17.54403800199998], [32.05344355200015, -17.543964995999886], [32.05351555000004, -17.543893990999948], [32.05358854800005, -17.543750978999867], [32.053660546000174, -17.54367897399993], [32.05380554200008, -17.543533961999913], [32.05395453800014, -17.543460955999933], [32.054099534000045, -17.5433179449999], [32.05417153200017, -17.543245939999906], [32.05432052700013, -17.54317193399993], [32.05439352500014, -17.543100927999888], [32.05446552300009, -17.543028921999962], [32.05453852100004, -17.542955916999972], [32.05453852100004, -17.542814905999933], [32.054610519000164, -17.542741899999953], [32.0540765340001, -17.541612811999983], [32.05385554000014, -17.54147580099982], [32.05370654400008, -17.54140479499989], [32.053557548000185, -17.54140879599987], [32.05348155000007, -17.54133878999994], [32.05333255500011, -17.541269784999827], [32.053260557000044, -17.541269784999827], [32.05311156100015, -17.54127178499988], [32.05311156100015, -17.541200779999883], [32.05296256500003, -17.541202779999878], [32.052813569000136, -17.54120477999993], [32.05273757100008, -17.54113577499993], [32.052592575000176, -17.54113777499998], [32.05244357999999, -17.54106976999998], [32.05154360500006, -17.540157697999916], [32.05161560300019, -17.540014686999882], [32.05168860000009, -17.539943680999954], [32.05176059800016, -17.539800669999863], [32.051829596000175, -17.539657658999943], [32.05197859200007, -17.539583652999852], [32.05205059000019, -17.53944064199993], [32.052195586000096, -17.539297630999897], [32.052340582, -17.53915261899988], [32.05248957800006, -17.539009607999958], [32.05263457300009, -17.53886459699993], [32.052779569, -17.538721584999905], [32.05285156700012, -17.538578573999928], [32.052924565000126, -17.53850556799989], [32.05300056300018, -17.5384335629999], [32.053351553000084, -17.53715146199994], [32.053347553000094, -17.53693744499992], [32.053344553000045, -17.53672642899994], [32.053340553000055, -17.536441405999938], [32.053336553000065, -17.536157383999864], [32.053336553000065, -17.5359443669999], [32.05333255300013, -17.535802355999976], [32.05333255300013, -17.53573235099998], [32.05332855300014, -17.535518333999903], [32.05330555300003, -17.533672188999958], [32.05398621800009, -17.533053673999916], [32.071685033000165, -17.52501950599998], [32.078443839000045, -17.513353588999905], [32.08134675600013, -17.509431280999934], [32.097105309000085, -17.499257477999947], [32.09852026900006, -17.49916147099998], [32.10793500200003, -17.493062989999885], [32.10793500200003, -17.492996983999944], [32.10847284300007, -17.491701864999982], [32.122576552, -17.483782597999948], [32.12258010900007, -17.48304061899995], [32.12335320500006, -17.483044030999963], [32.12878254100002, -17.47935793199997], [32.12727881400008, -17.47044738099987], [32.12805185800005, -17.470450772999982], [32.1266172390001, -17.459749992999946], [32.16011052000016, -17.44946155399998], [32.18823572700012, -17.441699936999953], [32.18821272700018, -17.44149392099996]]]]}}, {"type": "Feature", "properties": {"GID_3": "ZWE.5.8.21_2", "GID_0": "ZWE", "COUNTRY": "Zimbabwe", "GID_1": "ZWE.5_1", "NAME_1": "Mashonaland East", "NL_NAME_1": "NA", "GID_2": "ZWE.5.8_2", "NAME_2": "Mutoko", "NL_NAME_2": "NA", "NAME_3": "Ward 28", "VARNAME_3": "NA", "NL_NAME_3": "NA", "TYPE_3": "Ward", "ENGTYPE_3": "Ward", "CC_3": "NA", "HASC_3": "NA", "id": "ZWE.5.8.21_2", "name": "Ward 28"}, "geometry": {"type": "MultiPolygon", "coordinates": [[[[32.437793760000034, -17.672020920999955], [32.43760276500012, -17.67208192599992], [32.437396771000124, -17.672146930999872], [32.43726377500013, -17.672146930999872], [32.437129778000156, -17.672209935999945], [32.43699978200004, -17.6722749409999], [32.436801788000025, -17.67233794599997], [32.43653479500006, -17.672335945999976], [32.43613780600015, -17.672335945999976], [32.436004810000156, -17.67227094099985], [32.435870814000054, -17.67227094099985], [32.43574181700018, -17.67227094099985], [32.435474825000085, -17.672205935999955], [32.435275831000126, -17.672079925999924], [32.43501283800015, -17.67195191699983], [32.43481484400013, -17.67188791199993], [32.43461584900007, -17.671824906999973], [32.43441785500005, -17.671696896999947], [32.43428385800007, -17.67156888699992], [32.43408586400017, -17.671503881999968], [32.433952868000176, -17.671377871999937], [32.43375387300017, -17.67125086199991], [32.43362087700018, -17.671122851999883], [32.433555879000096, -17.67105984699998], [32.43349088100007, -17.67099484199997], [32.43335688400009, -17.670931836999898], [32.4332238880001, -17.670803826999872], [32.43302589400008, -17.67067581699996], [32.43276190100016, -17.670548806999932], [32.43249890800013, -17.670420796999963], [32.43230091400011, -17.670292786999937], [32.43190392500003, -17.670038767999813], [32.43170593100018, -17.669848752999883], [32.43150693600012, -17.66972074299997], [32.4313089420001, -17.669527727999878], [32.43111094700015, -17.66940171799996], [32.43091195300019, -17.66920970299998], [32.43071395800007, -17.669018687999937], [32.43051596400005, -17.668827672999953], [32.43038196800012, -17.66863665799997], [32.430183973, -17.66850964799994], [32.430049977000124, -17.668318633999945], [32.42991998100018, -17.66819062399992], [32.429786984000145, -17.66806461399989], [32.42958899000007, -17.667872598999907], [32.429389995000065, -17.66774458899988], [32.429259999000124, -17.667553573999953], [32.429192001, -17.667490568999824], [32.428993006000155, -17.667299553999896], [32.42879501200014, -17.66710953899991], [32.428597017000186, -17.66691652399993], [32.42839802300006, -17.666662503999873], [32.42820002899998, -17.666472489999876], [32.42800203400003, -17.66628147499995], [32.42780304000013, -17.66608845999997], [32.427674043000025, -17.665962449999938], [32.427475049000066, -17.66577243499995], [32.427342053000075, -17.665644424999925], [32.42721205600003, -17.6655164149999], [32.42714305800001, -17.66545340999994], [32.42701406200018, -17.665325399999915], [32.426880065000034, -17.66519738999989], [32.42668207100019, -17.66507037999986], [32.426548075000085, -17.664879364999933], [32.42641907800015, -17.664751354999908], [32.426285082000106, -17.664560339999923], [32.426151086, -17.664433330999884], [32.42595309100005, -17.664307320999967], [32.425755097000035, -17.66417931099994], [32.425625101000094, -17.664051300999915], [32.42542710600014, -17.66392329099989], [32.425358108000125, -17.66386028599993], [32.42522811200001, -17.663796280999975], [32.42516011400011, -17.66373327599996], [32.42503011700006, -17.66366827099995], [32.42463312800004, -17.66354026099998], [32.424431133999974, -17.66347725599985], [32.424168141000166, -17.663412250999954], [32.42396914700004, -17.66328424099987], [32.42377115300019, -17.66322123599997], [32.42350416000005, -17.663220235999972], [32.423306165999975, -17.663220235999972], [32.42304317300017, -17.663220235999972], [32.422116199000016, -17.663218235999977], [32.42184920700015, -17.66328124099988], [32.42158521400006, -17.663279240999884], [32.421318222000025, -17.663406250999913], [32.421120227000074, -17.663469255999814], [32.420922233, -17.663532260999943], [32.420788237000124, -17.663658270999974], [32.420655241000134, -17.663721275999876], [32.417595328000175, -17.66764858399995], [32.417328335000036, -17.667711588999907], [32.41726333700012, -17.667711588999907], [32.417195339000045, -17.66777459399998], [32.417061343000114, -17.667965608999964], [32.41693134700006, -17.66809161899988], [32.41672935200012, -17.668219628999907], [32.41659635600013, -17.66840964399995], [32.41633236400014, -17.66853565399998], [32.41606537100017, -17.668789673999925], [32.4158673770001, -17.668915683999955], [32.41560038400013, -17.66910669899994], [32.41540239000011, -17.669296712999937], [32.41520339600015, -17.66948572799987], [32.41493640300018, -17.669739747999927], [32.41480340700019, -17.669802752999885], [32.41460441300006, -17.669993767999927], [32.41447141600014, -17.670120777999955], [32.41427342200012, -17.670246787999872], [32.41413942600002, -17.67043780299997], [32.41394143200017, -17.670563812999887], [32.413807435000024, -17.670691822999913], [32.41340744700017, -17.671070852999947], [32.413075456000115, -17.67126186799993], [32.412743466000165, -17.671387877999962], [32.41241147500017, -17.67157689299995], [32.412148482000134, -17.671639897999967], [32.41201448600009, -17.671639897999967], [32.41161849700012, -17.67151188799994], [32.41148450100019, -17.671383877999972], [32.41128650700017, -17.671255867999946], [32.41102251400008, -17.67106485299996], [32.4107595210001, -17.671000847999835], [32.41056152700003, -17.670874837999975], [32.41042753100015, -17.670809832999907], [32.41029453400006, -17.670809832999907], [32.410160538000184, -17.67074682799995], [32.40989754600008, -17.670744827999954], [32.40969955100013, -17.670744827999954], [32.40910056800004, -17.67074282799996], [32.408837575000064, -17.67080583299986], [32.40857058300014, -17.67080583299986], [32.408238592000146, -17.67080583299986], [32.40803959800019, -17.67080383299998], [32.40784160400017, -17.670866837999938], [32.407643609, -17.670929842999897], [32.407376617000125, -17.67099284799997], [32.407112624000035, -17.671055852999928], [32.40684563200017, -17.671183862999953], [32.406582639000135, -17.671309872999927], [32.40625064900007, -17.671499887999914], [32.405983656000046, -17.671625897999945], [32.40588065900016, -17.67170090399992], [32.405861660000085, -17.67171190499994], [32.405777662000105, -17.671715904999928], [32.40568966400008, -17.671803911999916], [32.404454699000155, -17.672705982999958], [32.40427470500015, -17.672796989999938], [32.40419070700011, -17.672973003999914], [32.40401171200017, -17.673064010999894], [32.40374472000008, -17.673160017999976], [32.40338573000008, -17.673255025999936], [32.403031740000074, -17.67343803999995], [32.40267275000002, -17.67353604799996], [32.40240175800017, -17.67354304899993], [32.402222763, -17.67363505599991], [32.40213076500004, -17.673639055999956], [32.399670834000176, -17.672929000999943], [32.39840387000015, -17.672791990999883], [32.39794988300014, -17.672716984999965], [32.397583893000046, -17.672640978999823], [32.39731290100019, -17.672648979999963], [32.397042908000174, -17.67265598099982], [32.39686291300012, -17.672661980999976], [32.39677191600015, -17.67266398099997], [32.39658892100016, -17.672583974999895], [32.39422298800008, -17.67195792699988], [32.39394899500007, -17.671879920999913], [32.393586006000135, -17.67180391499994], [32.39322401600003, -17.671726908999972], [32.393041021000045, -17.671730908999905], [32.392953023000075, -17.671734909999884], [32.39240803900009, -17.671661903999905], [32.39159506200008, -17.67168490599994], [32.39150406400017, -17.67168890599993], [32.39141606700008, -17.67169090699997], [32.39132806900011, -17.671780913999896], [32.38890613800015, -17.672367959999974], [32.3885471480001, -17.67246496799993], [32.38836815300016, -17.672556974999964], [32.38819215800004, -17.67264898199994], [32.388013163000096, -17.672739988999922], [32.3878341680001, -17.672745989999896], [32.3872961830001, -17.672935004999886], [32.387121188000094, -17.67302601199998], [32.38694119300004, -17.673118018999958], [32.38676619800003, -17.67329503299993], [32.38649920600017, -17.67339104099989], [32.383722284000044, -17.674249107999913], [32.38318030000016, -17.67426410999991], [32.3828253100001, -17.674361116999933], [32.38246732000016, -17.67445712499989], [32.38219632700003, -17.674552132999963], [32.38202033200008, -17.67464413999994], [32.38166934200018, -17.675000167999883], [32.38149034700007, -17.675092174999975], [32.38131535200006, -17.67526918899995], [32.38113935700011, -17.67544720299992], [32.38096436200016, -17.675626216999888], [32.380792367000026, -17.675891237999963], [32.38061337200003, -17.67598324499994], [32.38034938000004, -17.676250265999954], [32.37850343200006, -17.67786139199984], [32.37832843700011, -17.678039405999982], [32.37815644200015, -17.678304426999887], [32.37798144700014, -17.678569447999962], [32.37772145500014, -17.678836468999975], [32.37754646000013, -17.679101488999947], [32.37731346600003, -17.679338507999944], [32.3772294690001, -17.67950052099991], [32.37696247600013, -17.68000755999998], [32.37669548400004, -17.680389589999947], [32.37662648600002, -17.680579604999934], [32.37649749000019, -17.680768619999867], [32.376294495000025, -17.680959634999965], [32.376161499000034, -17.68115064999995], [32.3760275030001, -17.68127665999998], [32.375829509000084, -17.681403669999895], [32.37569551200011, -17.68152967999987], [32.37549751800009, -17.6816556899999], [32.375299524000184, -17.681783699999926], [32.37510052900018, -17.681909709999957], [32.374833537000086, -17.681972714999915], [32.374635542000135, -17.682098723999957], [32.37450154600009, -17.682162729999845], [32.374303552000015, -17.682288738999944], [32.37410555800017, -17.682414748999975], [32.373903563000056, -17.682542758999944], [32.373704569000154, -17.682668768999974], [32.37357157300016, -17.682796778999887], [32.3733725780001, -17.68298579399982], [32.373105586000065, -17.683175808999977], [32.37284259300003, -17.683429828999977], [32.372575601000165, -17.683618843999966], [32.37230860900007, -17.683808858999953], [32.371976618000076, -17.683997873999886], [32.37171362500004, -17.68412588399991], [32.37151163100003, -17.6843148989999], [32.37131263700013, -17.684442908999927], [32.3657327950001, -17.688750246999973], [32.36540080500015, -17.688812251999877], [32.36513381200018, -17.68893826199991], [32.36480182200006, -17.68906427199994], [32.364469831000065, -17.689255286999867], [32.364072842000155, -17.689381295999965], [32.363740852000035, -17.68950730599994], [32.36340886100004, -17.68969632099993], [32.36314186900012, -17.689823330999957], [32.36287887600014, -17.689886335999915], [32.362611884000046, -17.69001234599989], [32.36234489100008, -17.69013835599992], [32.36214689700006, -17.69020136099988], [32.361947902, -17.690329370999905], [32.36174990800015, -17.690392375999977], [32.36148291500018, -17.690518385999837], [32.36128492100016, -17.69064439599987], [32.36101792900007, -17.6907694059999], [32.36075393599998, -17.690897415999927], [32.36055594200013, -17.69102342599996], [32.36022395100014, -17.691149435999932], [32.359956959000044, -17.691340450999974], [32.359689966000076, -17.691466460999948], [32.359426974000144, -17.691656475999935], [32.35922497900003, -17.691782484999976], [32.358960987000046, -17.691908494999836], [32.35876299300003, -17.69203650499992], [32.358496, -17.692162514999893], [32.358298005999984, -17.692288524999924], [32.358031013000016, -17.692415534999952], [32.35776402100015, -17.692604549999942], [32.35756502700019, -17.69279556499987], [32.35729803400005, -17.692984579999973], [32.35703504200012, -17.693175594999957], [32.356703051000125, -17.693365609999944], [32.35643605900003, -17.693491619999975], [32.356104068000036, -17.693680634999907], [32.35577207699998, -17.693871649999892], [32.35550508500012, -17.694060663999892], [32.35524209200014, -17.69418767399992], [32.35497510000005, -17.69431368399995], [32.35470810800018, -17.694439693999925], [32.354445115000146, -17.69463070899991], [32.35417812300011, -17.69475671899994], [32.353915130000075, -17.694946733999927], [32.35338114500007, -17.695326763999958], [32.35304915500012, -17.695515778999948], [32.352717164000126, -17.695706793999932], [32.35245017200003, -17.69589480899998], [32.352187179000055, -17.696085823999965], [32.35191918700008, -17.696211832999893], [32.35165219400011, -17.69640284799982], [32.35112220900004, -17.69678187799991], [32.34662933700008, -17.700343157999953], [32.3428144450001, -17.703368394999814], [32.3428144450001, -17.70355940999997], [32.340887500000065, -17.705167535999976], [32.34043751300004, -17.705266543999926], [32.3400795230001, -17.705364551999935], [32.33999552500006, -17.70553956599997], [32.33981553000001, -17.70563157299995], [32.339640535, -17.70580858699992], [32.33946554000005, -17.705899593999902], [32.339285545000166, -17.705993600999932], [32.33919754800007, -17.706081607999863], [32.338930555000104, -17.706262621999826], [32.338847558000055, -17.70643763599992], [32.338579564999975, -17.70661964999988], [32.33840457000019, -17.706796663999967], [32.3383165730001, -17.70688667099995], [32.33796258300009, -17.707069685999898], [32.337694591000115, -17.707162692999873], [32.337340601000164, -17.707345706999888], [32.33698161100011, -17.707443714999954], [32.3368066160001, -17.707620728999927], [32.33662362100017, -17.70762672999996], [32.33635962800008, -17.707807743999865], [32.335997639000084, -17.70781674499989], [32.335554651000166, -17.708089765999944], [32.335284659000024, -17.708183772999973], [32.335196661000055, -17.70827277999996], [32.33502066600016, -17.708364787999926], [32.33483767100017, -17.70837078799991], [32.33475067400019, -17.7084577949999], [32.334662676000164, -17.70846179499989], [32.33347571000019, -17.708061763999922], [32.333109720000095, -17.707984757999952], [32.33283872800007, -17.70799275899998], [32.33265973300013, -17.707998759999953], [32.33133577000007, -17.70898783699988], [32.33125177300013, -17.708944833999965], [32.33126377200017, -17.708925831999977], [32.33126377200017, -17.70883782599998], [32.331217774000095, -17.708839825999974], [32.33116877500004, -17.70875381899998], [32.33116877500004, -17.708711815999948], [32.33112277600003, -17.708711815999948], [32.33112277600003, -17.70866981199987], [32.331076778000124, -17.70862780899995], [32.331072778000134, -17.708583805999922], [32.33102677900018, -17.708541801999957], [32.330977780000126, -17.708413792999977], [32.33088578300004, -17.70832978599998], [32.33088178300005, -17.708242778999875], [32.330836784000155, -17.708200775999956], [32.330832784, -17.708114768999963], [32.33078278600016, -17.70794275599991], [32.33078278600016, -17.70785574899992], [32.3307337870001, -17.707727738999893], [32.33072978700011, -17.707597728999872], [32.3306837880001, -17.707555725999953], [32.33067978800017, -17.707425714999943], [32.33062679000005, -17.707166694999955], [32.330572791000066, -17.706994681999902], [32.33056979100019, -17.70686567199988], [32.33052379300011, -17.70682366799997], [32.33041679500013, -17.706220620999886], [32.33031779800007, -17.70600660499997], [32.32988281000013, -17.70498052399995], [32.32983281200006, -17.704850513999872], [32.32978381300018, -17.704767507999918], [32.32969181600009, -17.704725504999942], [32.32964581700014, -17.704639497999892], [32.329596818000084, -17.70455549099995], [32.329554819000066, -17.70455549099995], [32.32950482100017, -17.704513487999975], [32.32946282199998, -17.70451548799997], [32.329417823000085, -17.70451748799985], [32.32667890100015, -17.70511453599994], [32.32663690200013, -17.705158538999967], [32.3264989060001, -17.70516153899996], [32.32622891300019, -17.705125536999958], [32.32559093100019, -17.70505653099997], [32.32545793500003, -17.70501652799993], [32.32541193600002, -17.705018528999915], [32.32536593800012, -17.70502052899991], [32.32532093900005, -17.70502052899991], [32.32439396500007, -17.704267469999934], [32.32430196700011, -17.704183463999925], [32.32421097000014, -17.704143459999898], [32.32411897200018, -17.704145460999882], [32.32393997700018, -17.704150460999927], [32.323893979000104, -17.70415246099992], [32.323847980000096, -17.70415246099992], [32.320857064999984, -17.70536455699994], [32.32081506600019, -17.70536455699994], [32.32067807000004, -17.70536755699993], [32.32045307600009, -17.705331553999883], [32.31995309000007, -17.705344554999897], [32.31991109100005, -17.70534655599988], [32.3198620930001, -17.705304551999973], [32.31982009400008, -17.705306551999968], [32.31827113800017, -17.704873518999932], [32.31808814300007, -17.704791512999975], [32.31799614500011, -17.70479351299997], [32.31785914900013, -17.70471150599991], [32.317672154000036, -17.704587496999977], [32.31636019100006, -17.702977370999974], [32.3162681930001, -17.702850360999946], [32.316173196000136, -17.702724351999905], [32.316123197000024, -17.702594340999894], [32.316078199, -17.702552337999975], [32.316078199, -17.702510334999943], [32.31603220000005, -17.702510334999943], [32.31593620299998, -17.70238432499991], [32.31452924200005, -17.702077300999917], [32.314483244000144, -17.702077300999917], [32.31412125400004, -17.702089301999933], [32.313487272000145, -17.70206229999991], [32.312854289000086, -17.702081301999897], [32.31245030100007, -17.702092302999915], [32.31240430200006, -17.702092302999915], [32.31086734500019, -17.70204929999983], [32.31073334900009, -17.702052299999878], [32.31050835600007, -17.702060300999847], [32.31032536100008, -17.702064300999893], [32.31014636600014, -17.702026297999964], [32.30996337100015, -17.70203129899994], [32.309825375000116, -17.701991295999903], [32.30822342000016, -17.70121323499984], [32.30817742099998, -17.701215235999825], [32.308132422000085, -17.701173231999974], [32.30808642400001, -17.70117523199997], [32.30799442600005, -17.70113322899988], [32.30790342900008, -17.701049222999927], [32.30781143100012, -17.701009219999833], [32.307720434000146, -17.700969215999976], [32.30533550100006, -17.699823126999945], [32.30519850500008, -17.699783123999907], [32.305015510000146, -17.699703117999945], [32.30483251499999, -17.699577107999914], [32.30469551900006, -17.699537104999877], [32.30460352100005, -17.699453098999868], [32.30446252500013, -17.69937109199992], [32.30418753300012, -17.699205078999967], [32.30405053700014, -17.699167076999913], [32.302703574000134, -17.69786197499991], [32.30269957500008, -17.697731964999832], [32.30269657500003, -17.69760295499998], [32.302646576000086, -17.69747294399997], [32.302642576000096, -17.697428940999885], [32.30260057700008, -17.69743094099988], [32.30259657700009, -17.697386937999966], [32.302551579000124, -17.69738893799996], [32.30108662000015, -17.696654880999972], [32.30094962400017, -17.69657287499996], [32.30085362600005, -17.696488867999904], [32.300762629000076, -17.696404860999962], [32.30067063100006, -17.696362857999873], [32.300624632999984, -17.69636485799998], [32.30048763600013, -17.69628285199991], [32.30044163800005, -17.69628285199991], [32.300395639000044, -17.696284851999906], [32.29970965800004, -17.69599982999995], [32.299617661000184, -17.69595982699991], [32.299438666000185, -17.6959638269999], [32.299301670000034, -17.69592582399997], [32.29912167499998, -17.69588782099993], [32.29898467900006, -17.69584781799989], [32.298847683000076, -17.69585181899987], [32.29866768800002, -17.695812815999943], [32.29857669000012, -17.695814815999938], [32.29843869400008, -17.695818815999814], [32.298396695000065, -17.69582081599998], [32.298259699000084, -17.69582481699996], [32.297077732000105, -17.695467788999963], [32.29702773400004, -17.695425785999873], [32.29693573600008, -17.695341778999932], [32.29688673800007, -17.69525577299993], [32.29684073900012, -17.695170765999933], [32.29674974100004, -17.695086758999878], [32.29660774500019, -17.69496074999995], [32.29584176700007, -17.693466632999957], [32.29579176800007, -17.69325161599994], [32.295738769000025, -17.69307960299983], [32.295692771000176, -17.69303759899998], [32.295692771000176, -17.69299559599989], [32.29564677200017, -17.69295359299997], [32.29472779800017, -17.691765499999974], [32.294544803, -17.691685493999955], [32.29440680700014, -17.691601487999833], [32.29431580900007, -17.691561483999976], [32.29426981000012, -17.691561483999976], [32.29417781300003, -17.69152148099994], [32.2939948180001, -17.691439474999925], [32.293769824000094, -17.691359468999963], [32.29354083100009, -17.69123745899998], [32.293357836000155, -17.691155452999965], [32.293174841000166, -17.691117449999922], [32.293037845000015, -17.691076446999887], [32.29276685300016, -17.69108444799997], [32.29258785800005, -17.691090447999898], [32.29231686500009, -17.69109744899987], [32.292270867000184, -17.69109744899987], [32.29082890700005, -17.691225458999895], [32.290645912000116, -17.691187455999966], [32.29046691800005, -17.6911914559999], [32.29032892100008, -17.69119545699988], [32.29019592500009, -17.691199456999982], [32.290061929, -17.69120245699986], [32.28988293400005, -17.691252460999976], [32.28970393900005, -17.691344468999887], [32.28961194200019, -17.69134546899994], [32.289569943000174, -17.69138947199997], [32.289386948000015, -17.691395472999943], [32.288303979000034, -17.6914264749999], [32.288169982000056, -17.69138547199998], [32.28789599000015, -17.691351469999915], [32.287670996000145, -17.691313466999873], [32.287487002000034, -17.691275463999943], [32.28735000500018, -17.691193456999827], [32.2873040070001, -17.691193456999827], [32.28716701100012, -17.69111145099987], [32.28698401600019, -17.690987440999834], [32.28615603900016, -17.6904894029999], [32.28596904400001, -17.69036539299998], [32.28578604900008, -17.690197379999915], [32.28555305600008, -17.690029366999966], [32.28541206000011, -17.6898623539999], [32.28536606100016, -17.68982035099998], [32.28536606100016, -17.689776346999963], [32.285275063000086, -17.689736343999982], [32.285138067000105, -17.689652337999917], [32.284951073000116, -17.68952832799988], [32.28384810300014, -17.688908279999907], [32.283760106000045, -17.688912279999897], [32.28371510700015, -17.688912279999897], [32.28366910800014, -17.688870276999978], [32.283528112000056, -17.688744266999947], [32.28315812300008, -17.688494246999937], [32.28302012700004, -17.688412240999924], [32.28292912900014, -17.68832823499997], [32.281952156000045, -17.687403161999896], [32.28176916200016, -17.687277152999968], [32.28162816600002, -17.687109139999905], [32.28153316800018, -17.68698112999988], [32.28148716900017, -17.686896122999883], [32.28139217200004, -17.686812115999942], [32.28134617300009, -17.686726109999938], [32.281208177, -17.68664410299982], [32.281025182000064, -17.686562096999978], [32.28093418500009, -17.68652209399994], [32.280304203000185, -17.686669105999954], [32.280125208000015, -17.68671810899997], [32.280037210000046, -17.68676411299998], [32.279904214000055, -17.68689712299988], [32.27986221500004, -17.686941126999955], [32.279774218000114, -17.687031133999938], [32.279686220000144, -17.68711914099987], [32.279644221000126, -17.687206147999973], [32.279599223000105, -17.68725215099994], [32.27955722400009, -17.687296154999956], [32.279511225000135, -17.68729815499995], [32.27942322800004, -17.687344158999906], [32.27879824500013, -17.687576176999926], [32.27870624800005, -17.687580176999973], [32.27866024900004, -17.687538173999883], [32.278611251000086, -17.687453166999944], [32.27851925300013, -17.687412163999966], [32.278428256000154, -17.687285153999937], [32.278424256000164, -17.68724115099991], [32.278378257000156, -17.687199146999887], [32.278378257000156, -17.687155143999917], [32.278374257, -17.687113140999884], [32.27896924000015, -17.685797037999976], [32.27901123900017, -17.685709030999874], [32.27905323800013, -17.685621023999886], [32.2790952360001, -17.685534016999895], [32.279141235000054, -17.685446009999964], [32.27918323400007, -17.685358002999976], [32.27917923400008, -17.68531399999989], [32.27922523300009, -17.685226992999958], [32.2792212330001, -17.685182989999873], [32.279309230000024, -17.685050978999982], [32.279305230000034, -17.68496497299998], [32.27934722900005, -17.684877965999874], [32.27934722900005, -17.684789958999886], [32.27938922800007, -17.684701951999955], [32.27912923500014, -17.683627867999917], [32.279084236000074, -17.683627867999917], [32.279084236000074, -17.683585864999884], [32.27899223900016, -17.68349985799989], [32.278988239, -17.683414850999952], [32.27889724100015, -17.683330844999944], [32.27889324200004, -17.68324483799995], [32.27880124400008, -17.683202834999918], [32.27880124400008, -17.683160831999828], [32.277874270000154, -17.682407772999966], [32.277783273000125, -17.68232176599986], [32.277687275, -17.682195755999885], [32.27764227600011, -17.68210974999988], [32.27759227800004, -17.68202374299989], [32.27731428600015, -17.681771722999883], [32.27726828699997, -17.68177372399998], [32.27722228800019, -17.68173171999996], [32.275807328000155, -17.68125168299997], [32.275719330000186, -17.681253682999966], [32.27567333200011, -17.681211679999933], [32.275582334000035, -17.681171676999895], [32.27553633600013, -17.68117367699989], [32.27549033700012, -17.68113167399997], [32.2753993390001, -17.68113267399997], [32.27415937400008, -17.68051662599987], [32.27411337500007, -17.680389615999957], [32.274064377000116, -17.68026160599993], [32.274060377000126, -17.68013159599991], [32.274056377000136, -17.68008759299994], [32.274056377000136, -17.68000158599989], [32.274006378000024, -17.679916578999894], [32.27395738000007, -17.679788568999868], [32.27390738100007, -17.679614555999933], [32.273858382000014, -17.67944354199983], [32.27385438200008, -17.67931353199998], [32.27380438400019, -17.679185521999955], [32.27375538500013, -17.67905751199993], [32.27375138500014, -17.678926501999968], [32.27375138500014, -17.678884498999935], [32.273705387000064, -17.678842494999913], [32.27365538800012, -17.67875648899991], [32.27365538800012, -17.678670481999973], [32.273606389000065, -17.67858447499998], [32.27356039100016, -17.678498467999873], [32.273465393000095, -17.678329454999925], [32.27336939600008, -17.6782014449999], [32.27332339700007, -17.67815944199998], [32.27327439800001, -17.678073434999874], [32.273182401000156, -17.677989428999865], [32.27271341400018, -17.677440385999887], [32.27266741500017, -17.677442385999882], [32.27266741500017, -17.677398382999968], [32.27257641800003, -17.67735837899994], [32.27234742400009, -17.677234369999894], [32.27221042800011, -17.677152362999948], [32.2721644290001, -17.677110359999972], [32.27207243200007, -17.67706835699994], [32.2711914570001, -17.67631329799991], [32.27114545800009, -17.67627129499988], [32.271096459000034, -17.67622929199996], [32.271096459000034, -17.67618728799988], [32.271096459000034, -17.676143284999966], [32.271092459000045, -17.676057277999973], [32.27207243200007, -17.6756392449999], [32.27211843000015, -17.675637244999848], [32.2721644290001, -17.67559424199993], [32.27221042800011, -17.675592240999947], [32.272252427000126, -17.67550423499995], [32.27229742500009, -17.67550423499995], [32.27229342500016, -17.67546023099993], [32.27229342500016, -17.67541622799996], [32.27196243500009, -17.674907187999906], [32.2719584350001, -17.67477717799983], [32.27190843600016, -17.67464716799998], [32.27190443600017, -17.67456216099987], [32.27671529700007, -17.663086261999922], [32.27861824200005, -17.65870291899995], [32.27866024100007, -17.658700918999898], [32.28887994900009, -17.642393639999966], [32.28883395000008, -17.642395639999847], [32.28000319500018, -17.62778849999995], [32.279862199000036, -17.62766248999992], [32.279679204000104, -17.62749447699997], [32.279492209000125, -17.627370466999935], [32.2794002120001, -17.627284459999828], [32.27935521300003, -17.62724245699991], [32.27935521300003, -17.627200453999876], [32.27930521400003, -17.627158449999968], [32.27903022200019, -17.62699243799989], [32.27839324000007, -17.626836424999965], [32.27834724100012, -17.626752418999956], [32.278302242, -17.626752418999956], [32.27825624400009, -17.626710415999923], [32.27816124600008, -17.626626408999982], [32.27802724999998, -17.626588405999883], [32.27798125100003, -17.626588405999883], [32.27793525300012, -17.626590405999934], [32.27784425500005, -17.62659240699992], [32.277756258000124, -17.62659540699991], [32.27771025900017, -17.62659540699991], [32.27771025900017, -17.62663940999994], [32.276959280000085, -17.62722345599991], [32.27691728200017, -17.627267459999928], [32.27687528300015, -17.627355465999926], [32.27678328500019, -17.62740046999994], [32.27669628799998, -17.62749047699998], [32.27660829000018, -17.627580483999964], [32.27652029300009, -17.62762548799998], [32.27643229500012, -17.627671490999944], [32.27629929900013, -17.627717494999956], [32.276207302000046, -17.627763498999855], [32.27616530300003, -17.627765498999906], [32.27602830700005, -17.6277684989999], [32.27594030900008, -17.627814502999968], [32.275849312000105, -17.627860505999877], [32.27580731300009, -17.62786250599987], [32.27414736000014, -17.62829754099988], [32.27401436400015, -17.628388547999975], [32.27388036800005, -17.62843455199993], [32.27370137300011, -17.62852655899991], [32.2735263780001, -17.62861756599989], [32.27339238100012, -17.628665569999953], [32.27325938500013, -17.62871357399996], [32.27316738800005, -17.628758576999928], [32.272988393000105, -17.628806580999935], [32.272854397000174, -17.628896587999975], [32.272675402, -17.62894559199998], [32.272587404000035, -17.629033598999968], [32.270680458000186, -17.630082681999966], [32.270546462000084, -17.630216691999976], [32.27041346600009, -17.63026369599993], [32.27023447100015, -17.630355702999907], [32.27005847600003, -17.630446709999887], [32.26983348200008, -17.630540717999963], [32.26970048600009, -17.63058672099993], [32.26956648999999, -17.63063372499994], [32.26943249300001, -17.63068172899989], [32.269387495000046, -17.63068172899989], [32.26789553700007, -17.630637725999975], [32.26775854100009, -17.630553718999977], [32.2675755460001, -17.6304737129999], [32.267346552, -17.63039370699994], [32.267254555000136, -17.630395706999934], [32.26721255600012, -17.63039770699993], [32.267121559000145, -17.630399706999924], [32.26694156400009, -17.630403707999903], [32.26676256900009, -17.630452710999975], [32.26657957400016, -17.630456711999955], [32.26570659900011, -17.631434788999968], [32.265576602000124, -17.631610801999955], [32.26549260500019, -17.63182981999995], [32.26523261200009, -17.63218284699991], [32.26514561500005, -17.63231685799991], [32.26505761700008, -17.632405864999896], [32.26492462100009, -17.63249587199988], [32.26265068500004, -17.633468948999962], [32.26183770800003, -17.63344794699998], [32.261113729000044, -17.633424945999934], [32.26048374600009, -17.63339794399991], [32.26025475300003, -17.633405943999946], [32.260075758000085, -17.633409944999926], [32.259983760000125, -17.633410944999923], [32.259892763000096, -17.63337094199983], [32.25975876700005, -17.633374941999875], [32.25826380899997, -17.63324393199997], [32.25803881500019, -17.633206928999925], [32.25785582000009, -17.633168925999883], [32.25772182400016, -17.633172926999976], [32.257359834000056, -17.633182927999883], [32.25731383600015, -17.633182927999883], [32.25727183700013, -17.63318392799988], [32.257180839000114, -17.633185927999875], [32.25584187700014, -17.63374297199988], [32.25570788100009, -17.633834978999857], [32.2555748850001, -17.63392498599984], [32.255490887000065, -17.634055995999915], [32.25540289000014, -17.6341460029999], [32.25526989400015, -17.634235009999827], [32.25513589700017, -17.634327017999965], [32.25509389900009, -17.634415024999953], [32.25500590100006, -17.63454603499997], [32.25487690500006, -17.634636041999954], [32.25478890700009, -17.634726048999937], [32.25299995800009, -17.635382100999948], [32.25272896500013, -17.63538910099993], [32.25250397200011, -17.63539510199996], [32.252457973000105, -17.635397101999956], [32.25236997600001, -17.63539910199995], [32.252232979000155, -17.63540310299993], [32.25209898300005, -17.635407102999977], [32.25187099000016, -17.635370099999932], [32.24993304399999, -17.63542410499997], [32.24984104700013, -17.63546910799988], [32.249753049000105, -17.63547110899998], [32.248907072, -17.632730893999963], [32.23360250500019, -17.637068237999927], [32.23228654100018, -17.63318993499996], [32.23221354300017, -17.633191934999957], [32.22772479600013, -17.619626266999887], [32.22807228100004, -17.619172860999868], [32.22862125100016, -17.60943872499996], [32.22866878499997, -17.598242174999825], [32.22772811600004, -17.580713152999863], [32.226754483000036, -17.57097303199987], [32.22630905100016, -17.556366799999978], [32.23139979900003, -17.552492090999863], [32.24333089700008, -17.54445281299985], [32.23855860400016, -17.539375651999933], [32.23855657100012, -17.539862462999906], [32.23855453900012, -17.540349273999936], [32.234020746000056, -17.532542703999923], [32.22370113000011, -17.512026253999977], [32.24627111100017, -17.50526590899989], [32.24627111100017, -17.50519490399995], [32.24796851200017, -17.50725690099995], [32.24825940500017, -17.507610269999873], [32.248754042000144, -17.508211139999958], [32.24883004000003, -17.508281144999955], [32.24890303700016, -17.50827914499996], [32.24897903500005, -17.50835015099989], [32.24897903500005, -17.508491161999927], [32.2491320310001, -17.508632172999967], [32.24943302300011, -17.509054205999973], [32.24960801800012, -17.509269221999944], [32.25006600600017, -17.511306381999816], [32.25833977600013, -17.523547339999936], [32.26032372100008, -17.52652457299996], [32.26041571800016, -17.526608578999912], [32.26051071600017, -17.52677859199997], [32.26060571300013, -17.526948605999962], [32.26069771100009, -17.527032611999914], [32.26070170999998, -17.527119618999905], [32.260792708000054, -17.52720362599996], [32.26079670800004, -17.527289631999963], [32.26080070800003, -17.527463645999944], [32.26080470799997, -17.527548652999883], [32.260895705000166, -17.527546652999888], [32.260987703000126, -17.52763065899984], [32.261349692000124, -17.52770766499998], [32.26152868700012, -17.527703664999933], [32.26162068500008, -17.527699663999954], [32.26340963400003, -17.52713161899993], [32.26349763200005, -17.52712761899994], [32.263592629000186, -17.527211625999882], [32.26396661900003, -17.5273426359999], [32.26404661599997, -17.527373637999972], [32.26459260100012, -17.527529649999906], [32.26495859100004, -17.52760865599987], [32.26504958800001, -17.527691662999928], [32.26514158600003, -17.527688662999935], [32.27321335900007, -17.529023764999977], [32.27339635400017, -17.52910377099994], [32.273667346000025, -17.529095770999902], [32.273758343, -17.529179776999854], [32.27412133300004, -17.529170775999887], [32.27439232600017, -17.529248782999957], [32.27466231800014, -17.529242781999926], [32.274933310000165, -17.529234780999957], [32.27511330500005, -17.52922978099997], [32.275387298000055, -17.529307786999937], [32.27547529500015, -17.529305786999885], [32.277844228000106, -17.529933834999895], [32.278023223000105, -17.53001384199996], [32.27820621800004, -17.53000984099998], [32.278477211, -17.530087846999947], [32.27884319999998, -17.53016385299992], [32.27929318800011, -17.530238858999894], [32.279747175000125, -17.530312864999814], [32.28020116200008, -17.53038786999997], [32.28047615500003, -17.530465875999937], [32.28065914900009, -17.530547882999883], [32.28083814400003, -17.53054188199991], [32.280930142000045, -17.530625888999964], [32.28120113400007, -17.530617887999824], [32.28138412900017, -17.53069989499994], [32.281479126000136, -17.53078390099995], [32.28156712400016, -17.530781900999898], [32.281750119000094, -17.53077689999992], [32.28202111100012, -17.530854905999888], [32.28238310100005, -17.530930911999974], [32.282658093000066, -17.531010918999925], [32.282841088000055, -17.53109292499994], [32.283020083, -17.531087924999895], [32.28311208000008, -17.531170930999906], [32.28320407800004, -17.53116993099985], [32.28329507500001, -17.531252936999977], [32.28356606800014, -17.531245936999937], [32.28375306200019, -17.531413949999944], [32.28574800600006, -17.53179097899988], [32.28602599900006, -17.531954991999953], [32.28638898800011, -17.532031997999923], [32.28666298100018, -17.532198010999934], [32.28702597100016, -17.532274015999974], [32.28730096300018, -17.532354022999925], [32.2876669530001, -17.532516034999958], [32.28775795000007, -17.532514034999963], [32.287849947000154, -17.53259804199996], [32.288036942000076, -17.53276605499991], [32.288307935000034, -17.532844060999878], [32.28858192700011, -17.532924066999954], [32.288856919000125, -17.533088079999914], [32.289039914000114, -17.53317008599987], [32.289218909000056, -17.533167085999878], [32.28931490600013, -17.533250091999832], [32.28949790100006, -17.533331098999952], [32.28967689600006, -17.533327097999972], [32.28994788900019, -17.53340510399994], [32.29013088300002, -17.533487110999886], [32.29031787800017, -17.53365512399995], [32.290408876000015, -17.533653123999954], [32.290408876000015, -17.533739129999958], [32.2905008730001, -17.533737129999963], [32.302112547000036, -17.538684514999886], [32.30229554200014, -17.53885252799995], [32.30239054000003, -17.538936534999948], [32.30247853700013, -17.538934534999953], [32.30248253700006, -17.539020540999957], [32.302574535000076, -17.539104547999898], [32.30266553200005, -17.539102547999903], [32.302757529000075, -17.539186553999855], [32.303119519, -17.53926255999994], [32.303306514000155, -17.539430572999947], [32.30339851100018, -17.539428572999896], [32.3034855090001, -17.5394265729999], [32.30358150600017, -17.53951057899991], [32.3037645010001, -17.539590585999974], [32.30385149900019, -17.539589585999977], [32.3039434960001, -17.539587584999822], [32.304122491000044, -17.53958158499995], [32.30421848800012, -17.53966559099996], [32.30430548600003, -17.539663590999965], [32.30439748300006, -17.539747597999906], [32.30458047800005, -17.539829603999863], [32.30476747300014, -17.539997616999926], [32.30485947, -17.539993616999936], [32.30495046800007, -17.540077623999935], [32.305042465000156, -17.54007562299995], [32.30513346300006, -17.54015962999989], [32.30531645800016, -17.54024163599985], [32.30541245500001, -17.540411649999953], [32.30559545000017, -17.54049365599991], [32.30578244500009, -17.540661668999974], [32.30596543900015, -17.540828681999926], [32.306060437000156, -17.54099869499987], [32.306243432000144, -17.541080701999817], [32.306430426000134, -17.541248714999938], [32.30670541900008, -17.541414727999893], [32.306892414000174, -17.541582740999957], [32.30707540800006, -17.541750753999906], [32.30753639600016, -17.54199877399992], [32.30790338500009, -17.542246792999947], [32.308181378000086, -17.542499812999893], [32.3084563700001, -17.542663824999977], [32.308734362000166, -17.542915844999868], [32.30883035900001, -17.54299985199998], [32.30892135700009, -17.54308385799993], [32.31094730000012, -17.54441296199991], [32.31140528700007, -17.544660980999936], [32.31177527700015, -17.54490900099995], [32.312236264000035, -17.54524302699997], [32.31278624900011, -17.54557505199989], [32.31297224300005, -17.545743065999943], [32.31306424100006, -17.545827071999952], [32.313251236000156, -17.545994084999904], [32.31352622800017, -17.546160097999973], [32.3137092230001, -17.546241103999932], [32.313804220000065, -17.546324110999933], [32.313804220000065, -17.546412117999978], [32.31509718400014, -17.547415195999974], [32.31528017900007, -17.547496201999934], [32.315559171000075, -17.547661214999835], [32.31610415600011, -17.54782022799992], [32.31610415600011, -17.547906233999925], [32.31619615300019, -17.547904233999873], [32.316753138000024, -17.54840727299984], [32.31702413000005, -17.54840027299997], [32.317298122000125, -17.548566285999925], [32.31748111700011, -17.54856028499995], [32.31766511200016, -17.548728297999844], [32.31775611, -17.548726297999963], [32.3178441070001, -17.548724297999968], [32.31893507600006, -17.548865308999893], [32.31911407100006, -17.548861307999914], [32.31929306600017, -17.548855307999872], [32.31956805900012, -17.548934313999837], [32.319747053000185, -17.54893031399996], [32.319839051000145, -17.54892631299998], [32.31992704800007, -17.548924312999873], [32.32137200800008, -17.54888430999995], [32.321548003000146, -17.54879330199998], [32.321726998000145, -17.548787301999937], [32.321818995, -17.548785301999942], [32.32190999300008, -17.548781300999963], [32.32199799000017, -17.548779300999968], [32.32333695200009, -17.548222256999964], [32.323603945000116, -17.54812924999993], [32.32395893500018, -17.54794623499987], [32.324316924000186, -17.547848227999964], [32.32449291900008, -17.54766921399994], [32.324583917000155, -17.547667212999954], [32.32476391200004, -17.547661212999913], [32.32546889200012, -17.547124170999894], [32.32564488700001, -17.546944156999928], [32.32600287700018, -17.546849148999968], [32.32617887200007, -17.546670134999886], [32.326266869000165, -17.546580127999903], [32.32635786700007, -17.546578127999908], [32.32635386700008, -17.546492120999915], [32.32653386200013, -17.546487120999927], [32.326620859000116, -17.54631110699995], [32.32670885700014, -17.54622109999997], [32.32777282700005, -17.54567205599983], [32.328135816000156, -17.545748061999973], [32.32831881100009, -17.54574306199993], [32.328406809000114, -17.545741061999934], [32.32849780600009, -17.54573906099995], [32.332926681000174, -17.54596007799995], [32.333105676000116, -17.545954076999976], [32.33319767400013, -17.54595207699998], [32.33328967100016, -17.545951076999927], [32.333376669000074, -17.545947075999948], [32.33364766100016, -17.545939075999968], [32.33479162900011, -17.544954997999923], [32.33479162900011, -17.544868991999977], [32.33487562600004, -17.544691977999832], [32.33495962400008, -17.544515963999913], [32.33504362100018, -17.544254942999885], [32.33513161900015, -17.544164935999902], [32.33512361900006, -17.54390591599997], [32.33521161700003, -17.543815908999818], [32.33520761700004, -17.543729901999882], [32.33551260800016, -17.54190275899998], [32.33695456700019, -17.541862754999954], [32.3374055540001, -17.541763747999937], [32.3375845490001, -17.541757746999963], [32.337675547000174, -17.541755746999968], [32.33776754400003, -17.541752746999975], [32.338843514000075, -17.541549729999872], [32.338843514000075, -17.54156573199998], [32.34281041000003, -17.571492075999856], [32.349493221000046, -17.570003956999926], [32.378831393000155, -17.56397447799992], [32.400917782000136, -17.60465165799991], [32.437793760000034, -17.672020920999955]]]]}}, {"type": "Feature", "properties": {"GID_3": "ZWE.5.8.22_2", "GID_0": "ZWE", "COUNTRY": "Zimbabwe", "GID_1": "ZWE.5_1", "NAME_1": "Mashonaland East", "NL_NAME_1": "NA", "GID_2": "ZWE.5.8_2", "NAME_2": "Mutoko", "NL_NAME_2": "NA", "NAME_3": "Ward 29", "VARNAME_3": "NA", "NL_NAME_3": "NA", "TYPE_3": "Ward", "ENGTYPE_3": "Ward", "CC_3": "NA", "HASC_3": "NA", "id": "ZWE.5.8.22_2", "name": "Ward 29"}, "geometry": {"type": "MultiPolygon", "coordinates": [[[[32.33125177300013, -17.708944833999965], [32.32843285300015, -17.713854217999938], [32.32843285300015, -17.71389822199984], [32.328436853000085, -17.713984228999948], [32.32839485500017, -17.714115238999852], [32.32835285599998, -17.714289251999958], [32.32831085700019, -17.714421262999963], [32.32692989700013, -17.718054546999895], [32.32693389700012, -17.718140553999945], [32.32688789800011, -17.71818655699991], [32.32684589900009, -17.718230560999928], [32.32675890200011, -17.718361570999832], [32.32671690300009, -17.718449577999934], [32.32662890600017, -17.718539584999974], [32.32485895600013, -17.719757680999976], [32.32472596000014, -17.719805683999937], [32.324499966000076, -17.719897691999904], [32.32387098400005, -17.720002699999895], [32.323242002000086, -17.720063704999973], [32.32306200700003, -17.720154711999953], [32.32292901000011, -17.720158711999943], [32.322063035000156, -17.720631749999882], [32.32083807000015, -17.72129980199992], [32.32079607100013, -17.721386808999853], [32.32079607100013, -17.721430811999937], [32.32075407200011, -17.721474815999954], [32.320747072000074, -17.7214918169999], [32.320712073000095, -17.721562822999942], [32.32062507600011, -17.721651829999928], [32.320583077000094, -17.721783839999944], [32.32049507900007, -17.721915849999903], [32.31895012300015, -17.723128945999918], [32.31877112800015, -17.723133945999905], [32.318633132000116, -17.72313794599995], [32.318500136000125, -17.72314194699993], [32.318275142000175, -17.723147946999973], [32.3180501490001, -17.72315294799995], [32.31773315800007, -17.72316294799998], [32.31764216, -17.723122944999886], [32.315467222000166, -17.722966933999942], [32.315421223000044, -17.72296793399994], [32.31537622400009, -17.72296793399994], [32.31528422700006, -17.7229279309999], [32.315105232000064, -17.722889927999972], [32.31492223700013, -17.722895927999843], [32.314651244000174, -17.722859925999956], [32.3144262510001, -17.72282292299991], [32.3125113050001, -17.722269879999885], [32.31246530600015, -17.722269879999885], [32.31232831000017, -17.722231876999956], [32.312190314000134, -17.722105866999925], [32.31196232000008, -17.722025860999963], [32.311778325000034, -17.72198785799992], [32.31168732800006, -17.721945854999944], [32.31164132900011, -17.721947854999826], [32.31155033200008, -17.721863848999874], [32.311366337000095, -17.721781841999928], [32.30914239900011, -17.721455816999878], [32.30909740100009, -17.721455816999878], [32.30905540200007, -17.721501820999947], [32.308917406000035, -17.721505820999937], [32.308650413000066, -17.721554824999885], [32.30842542, -17.721632830999965], [32.308380421000095, -17.721649832999958], [32.30820042600004, -17.72169783599992], [32.30665147000013, -17.72234288699991], [32.30574749500005, -17.722718916999952], [32.30570549700013, -17.722805923999942], [32.305660498, -17.722807923999937], [32.30557250000004, -17.72289793099992], [32.305484503000116, -17.722943933999886], [32.305259509000166, -17.72303494199997], [32.30503851600008, -17.723128948999943], [32.30477152300011, -17.72326595999988], [32.30450053100009, -17.723358966999967], [32.303871549000064, -17.723463975999948], [32.30191760400015, -17.72455906199997], [32.30182660700018, -17.724605064999935], [32.30178460800016, -17.724649068999952], [32.301696610000135, -17.724738075999937], [32.301563614000145, -17.724872085999834], [32.30138761900008, -17.724964092999983], [32.30116262500013, -17.725055100999953], [32.30102962900014, -17.72514710799993], [32.30094163200005, -17.725192110999956], [32.299713667000105, -17.72639620599989], [32.299671668000144, -17.72652621599991], [32.29958367000012, -17.726615222999897], [32.29958367000012, -17.72665922599998], [32.29954167200003, -17.726747232999912], [32.299499673000184, -17.72679123699993], [32.299457674000166, -17.726879243999974], [32.29932367800012, -17.726970250999955], [32.299236680000035, -17.727058257999886], [32.29914868300011, -17.72714726499987], [32.29694374500008, -17.728940404999832], [32.296897747, -17.7289864089999], [32.29681074900009, -17.72903241199998], [32.29667675300004, -17.72916542299987], [32.29654375700005, -17.72921142599995], [32.29650175800003, -17.729299432999937], [32.29636776200016, -17.72939044099985], [32.29627976400013, -17.729480447999947], [32.296237765000114, -17.729524450999918], [32.29615076800013, -17.7296144579999], [32.296062770000106, -17.72970146499989], [32.29602077200019, -17.729789471999936], [32.29593277400005, -17.72992348199989], [32.29589077500003, -17.73001048899988], [32.29589077500003, -17.730052491999913], [32.29584877700012, -17.730098495999982], [32.29160289700013, -17.733919795999952], [32.29148490100016, -17.736087964999967], [32.29148890100015, -17.73617397199996], [32.29157689900012, -17.736171971999966], [32.29158089900011, -17.73625797799997], [32.29158389900016, -17.736343984999905], [32.29158789900015, -17.736516998999946], [32.291683896, -17.736689011999943], [32.29188189000007, -17.73720205199993], [32.293189854000104, -17.738724170999944], [32.293193854000094, -17.738812176999943], [32.29319785400003, -17.738984190999872], [32.29320185400019, -17.739071197999976], [32.29311785599998, -17.739333217999956], [32.29294586100008, -17.739598238999974], [32.29273286700004, -17.73981325599982], [32.292682869000146, -17.73986525999993], [32.29250787400014, -17.740042273999848], [32.29233187900007, -17.74022128799993], [32.29224088100017, -17.740313294999964], [32.29110391400019, -17.741467384999964], [32.29101591600016, -17.74155739199989], [32.290840921000154, -17.741734405999978], [32.29075292400006, -17.74182441299996], [32.29057392900012, -17.74191542099993], [32.290397934, -17.742093433999912], [32.29013094100003, -17.742188441999872], [32.28995594600002, -17.74236545599996], [32.289688954000155, -17.742459462999932], [32.28941796100003, -17.74255447099995], [32.2893299640001, -17.74264447799993], [32.289241966000134, -17.742646477999926], [32.28880697900007, -17.742678480999928], [32.287346020000086, -17.74278548899997], [32.28725902200017, -17.742787488999966], [32.287167025000144, -17.742791489999945], [32.28671703800012, -17.742802490999964], [32.286175053000136, -17.742817491999972], [32.285633068000095, -17.742833492999978], [32.28536307600018, -17.742840493999893], [32.283371132000184, -17.742810491999933], [32.28274215000005, -17.742827493999982], [32.28255915500006, -17.742833493999967], [32.28156718300005, -17.74285949699987], [32.28111319600009, -17.74287349799988], [32.28075420600004, -17.74296850499985], [32.28057521100004, -17.742974505999882], [32.27969823600006, -17.743664559999957], [32.278634266000154, -17.744500625999876], [32.27854626800013, -17.744589632999975], [32.278458271000034, -17.744677638999974], [32.27836627400018, -17.74468163999984], [32.27819127900017, -17.744858653999927], [32.27774529100003, -17.745045667999932], [32.27761929500008, -17.74510867299989], [32.27721130599997, -17.74532068999997], [32.276852316000145, -17.745415696999828], [32.27570034900009, -17.746380772999828], [32.27571534900011, -17.747532862999947], [32.27564335100004, -17.74760386899993], [32.27546035600005, -17.747784882999895], [32.275265362000084, -17.748299922999877], [32.27473537700001, -17.74891797199996], [32.27364440800011, -17.750194071999942], [32.27354941100015, -17.750287078999918], [32.27345741400006, -17.750476093999907], [32.27326641900015, -17.750665107999907], [32.27327041900014, -17.75085212299996], [32.27308342400005, -17.751041137999948], [32.27308742400004, -17.751228151999953], [32.27299242700008, -17.75132115999986], [32.27289643, -17.751510174999964], [32.27271743500006, -17.752071217999912], [32.27252644000015, -17.752353239999877], [32.27243544300018, -17.75254225499998], [32.27224844800003, -17.752824276999945], [32.27215645100017, -17.75310529899997], [32.27206145400004, -17.75329331399996], [32.27187445900012, -17.753576335999924], [32.27178246200003, -17.753763350999975], [32.27168746500007, -17.753952365999965], [32.27150047000015, -17.75423438799993], [32.271218478000094, -17.75461141699998], [32.27112248100008, -17.754798431999973], [32.270935486000155, -17.754989446999957], [32.27074549100013, -17.755271468999922], [32.27055849700014, -17.755462483999963], [32.270462500000065, -17.75564949799997], [32.270272505000094, -17.755838512999958], [32.27008551000017, -17.756122534999918], [32.269898516000126, -17.75649856499996], [32.26961652400007, -17.75678258699992], [32.26942552900016, -17.756971601999908], [32.26923853500017, -17.757253623999816], [32.26904754000009, -17.75744463899997], [32.268856545000176, -17.757633653999903], [32.268765547999976, -17.757915675999982], [32.26867055100007, -17.758008682999957], [32.268578553000054, -17.758197697999947], [32.26848355600009, -17.75838471299994], [32.268391559000065, -17.758665734999965], [32.26820456400014, -17.758949756999982], [32.26811356700017, -17.759229778999895], [32.26792957200013, -17.759605807999947], [32.26774357700009, -17.75998183699994], [32.26774657700014, -17.760259858999973], [32.26775057700013, -17.760444873999973], [32.26775857700011, -17.760723894999956], [32.26776257700004, -17.760910909999893], [32.26776957700008, -17.761188931999982], [32.267971571000146, -17.761648967999975], [32.268074569000134, -17.762018995999938], [32.268486557000074, -17.763127082999972], [32.26859355400018, -17.763588118999905], [32.268700552000155, -17.763958147999972], [32.268700552000155, -17.764052154999945], [32.26825056500013, -17.765641278999965], [32.26805957000005, -17.765831293999952], [32.26786857600001, -17.766020308999884], [32.267582584000024, -17.766213323999978], [32.267395589000046, -17.766495345999942], [32.26710959700006, -17.766779367999902], [32.26692260300018, -17.767062390999968], [32.26673560800009, -17.767344412999933], [32.26664061100013, -17.767533426999933], [32.266453616000035, -17.76781544999983], [32.266457616000025, -17.76800246399995], [32.26636561900011, -17.76828248599992], [32.266274621000036, -17.768469500999856], [32.26618262400018, -17.768750522999937], [32.26618662400011, -17.768937536999942], [32.26609562700014, -17.769217558999912], [32.266102626000134, -17.769495580999944], [32.26582863400017, -17.770339646999957], [32.265736637000145, -17.770619668999927], [32.26554564200006, -17.770808682999927], [32.26535564800014, -17.77099869799997], [32.26506865599998, -17.771189712999956], [32.26468766700003, -17.77138472899992], [32.26439767500017, -17.77148173599994], [32.264206680000086, -17.771578743999896], [32.26410768300019, -17.771580743999948], [32.26371469400004, -17.771403729999975], [32.26342170200019, -17.77122271599984], [32.263127711000095, -17.771136709999894], [32.262738722000165, -17.770957695999925], [32.26244072999998, -17.77077768199996], [32.26234573300002, -17.770779681999954], [32.26224673500019, -17.77078168199995], [32.26205574100004, -17.77087868999996], [32.261769749000166, -17.771069704999945], [32.261578754000084, -17.771260719999873], [32.261387760000105, -17.771357726999895], [32.26110176800006, -17.77154874199988], [32.2609077730001, -17.771645749999948], [32.26071677900006, -17.771834764999937], [32.26052978400014, -17.77202577999992], [32.26033879000016, -17.77221379499997], [32.26014479500003, -17.772311801999876], [32.26005279800012, -17.77240680999995], [32.259861803000035, -17.77268883199997], [32.25957981100015, -17.77297385399993], [32.25919882199997, -17.773352883999962], [32.258915830000035, -17.77373091299995], [32.25872583600011, -17.773919927999884], [32.25862983800016, -17.77410794299982], [32.25834384700005, -17.774298957999974], [32.25815685200013, -17.774580979999882], [32.25787086000008, -17.77477399499986], [32.25767986500017, -17.774963009999965], [32.257489871000075, -17.77515402499995], [32.257359875000134, -17.775283034999973], [32.25729887600016, -17.77534303999994], [32.25701688400011, -17.775629061999894], [32.25682189000014, -17.775724069999967], [32.25636390300019, -17.77603109399996], [32.254738949, -17.777580214999944], [32.25451795500004, -17.777795231999903], [32.254300962000116, -17.778011248999917], [32.254078968000044, -17.778156259999946], [32.25393397200014, -17.778369276999967], [32.253716978000114, -17.77865629899992], [32.25342698700018, -17.779085332999955], [32.253369987999974, -17.779142336999882], [32.25330899000011, -17.77932735199994], [32.253117995000025, -17.779518366999923], [32.2530299980001, -17.779798388999893], [32.25284300300018, -17.780174417999945], [32.252557011000135, -17.780458439999904], [32.252370017000146, -17.780834469999945], [32.252088025000035, -17.781118491999962], [32.251707036000084, -17.78149852199988], [32.25132904700013, -17.781969558999947], [32.25085206, -17.782444595999948], [32.250379074000136, -17.783012639999924], [32.25000108400013, -17.783483676999936], [32.24991008700016, -17.783672691999925], [32.24971509300019, -17.783767698999952], [32.24942210100011, -17.784721773999934], [32.249338104000174, -17.78483978299994], [32.24913910900011, -17.785030797999923], [32.2489371150001, -17.785221812999964], [32.248739121000085, -17.785314819999826], [32.24854012600002, -17.78550583499998], [32.248342132000175, -17.78560084299994], [32.24814013800017, -17.785791857999925], [32.24784214600004, -17.78598087299997], [32.24754115500008, -17.786266894999926], [32.24724316300012, -17.786455909999916], [32.2470451690001, -17.786645924999902], [32.24684317400016, -17.786741931999927], [32.24664418000003, -17.786834939999835], [32.246446186000185, -17.787025954999933], [32.24624419100007, -17.78712096199996], [32.2459462, -17.78730997699995], [32.245847203000096, -17.787500991999877], [32.245748206000144, -17.787595998999905], [32.24554621100003, -17.787595998999905], [32.245347217000074, -17.78759399899991], [32.24486323100018, -17.78759399899991], [32.24485223099998, -17.787592998999912], [32.24465323600015, -17.787592998999912], [32.24435224500019, -17.787688006999872], [32.24415325100006, -17.78768600699982], [32.243955256000106, -17.78778101399996], [32.24375726200009, -17.78778101399996], [32.24355526700015, -17.78778101399996], [32.24335627300002, -17.78787502199998], [32.24325727600012, -17.78787502199998], [32.24315827900017, -17.78797002899995], [32.24286028700004, -17.78797002899995], [32.24246029800008, -17.78815904399994], [32.242063310000106, -17.788252050999915], [32.24156332400008, -17.788348058999873], [32.241266332000066, -17.788537073999976], [32.2408653440001, -17.78863008099995], [32.24066734900015, -17.788821095999936], [32.240369358000066, -17.788916103999895], [32.24006836600006, -17.789105118999885], [32.23917139200006, -17.78938914099996], [32.23887440000004, -17.789578155999948], [32.23857340900008, -17.789769170999875], [32.23837441400002, -17.789960185999973], [32.23807342300012, -17.790148199999976], [32.237974426000164, -17.790244207999933], [32.2377754310001, -17.79033921499996], [32.23747844000013, -17.79052822999995], [32.23727644500008, -17.79062323799991], [32.231386613000154, -17.796040661999882], [32.231187619000025, -17.79594565499997], [32.230592635, -17.795943654999974], [32.23029164400009, -17.795943654999974], [32.229993652000076, -17.79603666199995], [32.22979565800006, -17.79603666199995], [32.22959766400004, -17.796132669999963], [32.2294976660001, -17.796132669999963], [32.22939466899999, -17.79622567699994], [32.22919667500014, -17.796321684999953], [32.22909767800002, -17.796321684999953], [32.22899868000019, -17.796416691999923], [32.22879968600006, -17.796414691999928], [32.228696689000174, -17.7965096989999], [32.228498695000155, -17.796605706999912], [32.2283996970001, -17.796700713999883], [32.22820070299997, -17.79679472199996], [32.22780071400018, -17.796984736999946], [32.22750272300016, -17.797173751999935], [32.22730472900008, -17.797268758999905], [32.227003737000075, -17.79745977399989], [32.226804743000116, -17.797648788999823], [32.22650375100011, -17.797839803999977], [32.22590476800019, -17.798409848999825], [32.22580577100007, -17.79869587099995], [32.225706774000116, -17.79888488599994], [32.225503780000054, -17.79897989299991], [32.225503780000054, -17.799170907999894], [32.2254047830001, -17.799265914999864], [32.2254047830001, -17.799456929999963], [32.22530578599998, -17.799552937999977], [32.224332813000046, -17.800777033999907], [32.220155933000115, -17.806043445999933], [32.21760800500016, -17.80925569699997], [32.2175050080001, -17.809351704999926], [32.21730701400003, -17.80953971899993], [32.217108020000126, -17.809730733999913], [32.21680702800006, -17.810014756999976], [32.21670803100017, -17.81020577099997], [32.2165060370001, -17.810491793999915], [32.216208045000144, -17.810680808999848], [32.216006051000136, -17.810966830999973], [32.215609062000055, -17.811155845999963], [32.21530807100015, -17.811441867999918], [32.21520907400003, -17.811536875999877], [32.21510907700019, -17.811632882999845], [32.21501007899997, -17.81172589099998], [32.21491108200007, -17.81182189799995], [32.2147700860001, -17.811956908999832], [32.16930736000012, -17.781768564999936], [32.133881365000036, -17.80353327399996], [32.13335137200016, -17.777280223999924], [32.12210168900009, -17.774417003999815], [32.10664111900019, -17.75791971999996], [32.10591714000009, -17.75714365999994], [32.11139798300013, -17.749710077999964], [32.11177597200003, -17.749530063999885], [32.116902825000125, -17.742484511999862], [32.12285365500014, -17.733594815999822], [32.12292565300004, -17.733522809999897], [32.122998651000046, -17.733522809999897], [32.122998651000046, -17.73345180399997], [32.126439551000146, -17.72516815599988], [32.12636655299997, -17.72516815599988], [32.1238836230001, -17.72506114899994], [32.106287118000125, -17.72197491199995], [32.05052468700012, -17.711750128999938], [32.050421690000064, -17.711773130999973], [32.03186421200007, -17.70847487899988], [32.032766165, -17.70816331899988], [32.04432824000003, -17.69766992999996], [32.05036393000006, -17.6914650949999], [32.050411791000045, -17.682353966999926], [32.051950102000035, -17.675168199999916], [32.05397590600012, -17.67038248499989], [32.05551895400009, -17.662237598999866], [32.06402146400018, -17.662278191999917], [32.06402394300011, -17.66179865499987], [32.073526751000145, -17.661843587999954], [32.082029286000136, -17.661883401999944], [32.088531240000066, -17.661913599999878], [32.09256128700014, -17.656177595999907], [32.09507634000016, -17.653311853999867], [32.096093344999986, -17.649959658999876], [32.08009201600004, -17.649406061999912], [32.07659365600017, -17.648910150999825], [32.07613998800008, -17.6397965729999], [32.07317867900014, -17.632109870999955], [32.06969789100009, -17.628257082999937], [32.06720747800017, -17.626327122999953], [32.07370812900007, -17.626357750999887], [32.0737105770001, -17.625878211999918], [32.07821102400004, -17.62589928999995], [32.078213460000086, -17.62541974999982], [32.078215896000074, -17.62494021099991], [32.08115816700007, -17.623827452999876], [32.08322606400003, -17.623045345999913], [32.09004131500018, -17.62307689299996], [32.094782413000075, -17.626090416999887], [32.09485441099997, -17.626090416999887], [32.09500340700009, -17.626088415999902], [32.09761633400018, -17.62761253499997], [32.097688332000075, -17.62761253499997], [32.09776533000007, -17.627610534999974], [32.09776533000007, -17.627681539999912], [32.09783732800014, -17.627681539999912], [32.09791332500015, -17.62774954599996], [32.0981383190001, -17.627959561999887], [32.1031361790001, -17.630658771999947], [32.10320817700017, -17.630656771999952], [32.10328517500017, -17.63072777699989], [32.107176066000136, -17.633867021999947], [32.10725206400019, -17.633867021999947], [32.107324062000146, -17.633865021999952], [32.110291979000124, -17.634178044999885], [32.11036497700013, -17.634178044999885], [32.11043697500003, -17.634176044999833], [32.11043697500003, -17.634106039999892], [32.11065796800011, -17.634102038999913], [32.11110495600013, -17.63409603899987], [32.11250491600015, -17.633720008999944], [32.112576914000044, -17.6336500029999], [32.112725910000165, -17.633574996999926], [32.11279790800006, -17.633574996999926], [32.11287090600007, -17.633502991999933], [32.11316789700004, -17.6334289859999], [32.11346188900018, -17.63335197999993], [32.11383187900009, -17.633204967999973], [32.11412587000018, -17.633128961999944], [32.11427486600007, -17.633126961999892], [32.11427486600007, -17.63305695599996], [32.11441986200015, -17.63298395099997], [32.11816875600016, -17.630942789999892], [32.11816575600011, -17.630872783999962], [32.11824175400017, -17.63087078399991], [32.11838675000007, -17.630868783999915], [32.11853574500009, -17.63086678399992], [32.11868374100004, -17.630864783999925], [32.119946706, -17.63120080999994], [32.12002270400012, -17.63120080999994], [32.120167700000025, -17.631198808999955], [32.12024469700009, -17.631267814999887], [32.12054168900016, -17.63140682599993], [32.12084368100005, -17.63161484199992], [32.12099167600013, -17.631753852999964], [32.12212064500005, -17.633016950999945], [32.12212064500005, -17.633086956999932], [32.122197643, -17.63315796199987], [32.122269641000116, -17.633155961999876], [32.122269641000116, -17.63322596699993], [32.122346639000114, -17.633367978999956], [32.12242263700017, -17.633508989999882], [32.122498635000056, -17.63357899499988], [32.122498635000056, -17.633650000999978], [32.12257463200001, -17.63379101199996], [32.12272362800013, -17.633930021999902], [32.12340660900003, -17.635057109999877], [32.123479607000036, -17.63505610999988], [32.123482607000085, -17.635199120999914], [32.123482607000085, -17.635340132999943], [32.12355960500008, -17.635481143999982], [32.12356260500013, -17.635622154999908], [32.12356260500013, -17.635765165999942], [32.125077563000104, -17.638079345999927], [32.12514956100017, -17.638077345999932], [32.12522655900017, -17.638077345999932], [32.12544755300013, -17.638073345999885], [32.1257445440001, -17.638210356999934], [32.12826647400004, -17.63853138099995], [32.12841546900006, -17.63852738099996], [32.128564465000125, -17.6385983859999], [32.12886145700003, -17.638735396999948], [32.12901045300009, -17.63880440199989], [32.12915944800005, -17.638872406999894], [32.129456440000126, -17.638939412999946], [32.13130638800004, -17.63898341499987], [32.131455384000105, -17.638981414999876], [32.13160438, -17.63897941499988], [32.13168037700018, -17.63905042099998], [32.13175337500019, -17.639048419999938], [32.13190137099997, -17.639189430999863], [32.13220336300009, -17.63939744799984], [32.13250035500016, -17.639677468999935], [32.13265335000011, -17.63981647999998], [32.13385131700005, -17.640722550999953], [32.13392331500012, -17.640791555999897], [32.13407631100017, -17.640932566999936], [32.134148309000125, -17.641001572999983], [32.134297304000086, -17.64107157799998], [32.13437330200014, -17.64121158899991], [32.134526298000026, -17.641352599999948], [32.134747291999986, -17.641491610999935], [32.13623925000019, -17.64218066399991], [32.13646024400015, -17.642246668999974], [32.13660924000004, -17.642315674999963], [32.136834233000116, -17.64245468599995], [32.13713122500019, -17.642521690999956], [32.13735621900014, -17.642588695999905], [32.13772620800012, -17.64265470099997], [32.139874148, -17.642624697999963], [32.14001914400012, -17.64262269799997], [32.14024413699997, -17.642618696999932], [32.14061412700005, -17.64275670799998], [32.141060114000084, -17.64289171899992], [32.1414341040001, -17.643026728999928], [32.142991060000156, -17.643147737999982], [32.14313605600006, -17.64314573799993], [32.143433048000134, -17.64314173699995], [32.14373103899999, -17.64313773699996], [32.14402403100007, -17.643131736999976], [32.14424602499997, -17.643129735999935], [32.14447101800005, -17.643126735999942], [32.14535199300019, -17.642757706999873], [32.145427991000076, -17.642757706999873], [32.145500989000084, -17.642685700999948], [32.1457219830001, -17.64261169499997], [32.14579498100005, -17.642609694999976], [32.145866979000175, -17.642538689999867], [32.14601597500007, -17.642536688999883], [32.146087973000135, -17.642464683999947], [32.14616497000003, -17.642462683999952], [32.148567903000185, -17.642286668999873], [32.14863990100008, -17.642284668999878], [32.148716898000146, -17.642284668999878], [32.148861894000106, -17.64228166899983], [32.15072284200005, -17.642893715999946], [32.15079584000006, -17.642963721999934], [32.150871838000114, -17.642963720999944], [32.15094383600001, -17.642962720999947], [32.15102083400018, -17.643032726999877], [32.15124182700009, -17.643028725999898], [32.15131782500015, -17.643026725999903], [32.15301977700011, -17.642931717999943], [32.153164773000015, -17.64285971299995], [32.15324077100013, -17.642857712999955], [32.15338576700003, -17.64285571199997], [32.1534577650001, -17.642784706999976], [32.153678759000115, -17.642710700999885], [32.153827754000076, -17.64256568999997], [32.1541217460001, -17.64249068399988], [32.154270742000165, -17.64241667799996], [32.155582705000086, -17.641119575999937], [32.15565870200004, -17.641119575999937], [32.15580369800017, -17.641047569999955], [32.15587669600018, -17.640974563999862], [32.15602569200007, -17.64090055899993], [32.156169688000034, -17.64082755299995], [32.15624668600003, -17.640755546999856], [32.156391682000105, -17.640682540999933], [32.156536678000066, -17.640537529999847], [32.15668467300014, -17.640535529999966], [32.158607619000065, -17.640366515999972], [32.15868361700012, -17.640366515999972], [32.158832613000015, -17.640434520999918], [32.159202602000164, -17.640429520999874], [32.15935159800006, -17.640497525999933], [32.159572592000075, -17.640566531999923], [32.159793586000035, -17.640562530999944], [32.16009157700012, -17.640629535999892], [32.16194552500019, -17.640743544999907], [32.16216651900004, -17.640741544999855], [32.16223951699999, -17.640739543999928], [32.16238751300017, -17.640738543999873], [32.16253650900006, -17.640806548999876], [32.16276150200014, -17.640875554999923], [32.16291049800003, -17.640944559999866], [32.16298649600009, -17.641012564999983], [32.16461945000003, -17.641344590999836], [32.164768446000096, -17.641342590999955], [32.164840444, -17.64141359599995], [32.164989440000056, -17.641411595999955], [32.16521443300013, -17.641548606999947], [32.16551242500009, -17.641687617999878], [32.165886414000056, -17.64189363399987], [32.166107408000016, -17.641962638999814], [32.16773936200008, -17.642294664999838], [32.16796535600008, -17.642361669999957], [32.1681863500001, -17.642357668999978], [32.16863233700013, -17.642351668999936], [32.16877733300004, -17.64234966899994], [32.169002327000044, -17.64234566799996], [32.169075325, -17.64234566799996], [32.169223321000175, -17.642344667999964], [32.16944531399997, -17.642340667999918], [32.16966630800016, -17.642336666999938], [32.17077627700007, -17.642250659999945], [32.17092527300014, -17.64217665399991], [32.17099727100003, -17.64210364899992], [32.171070268000165, -17.64210364899992], [32.17121526400007, -17.641958636999902], [32.17136326000008, -17.64188663199991], [32.17158525400015, -17.64174161999989], [32.17173025000005, -17.64166861399991], [32.17216823700011, -17.641235579999943], [32.172241235000115, -17.64116357499995], [32.17347720000015, -17.639441439999928], [32.17347319999999, -17.63937043399983], [32.1735491980001, -17.639298427999904], [32.17362219600011, -17.639227422999966], [32.173767192000184, -17.63908241199988], [32.174060183000165, -17.63893539999998], [32.174282177000066, -17.63879038899995], [32.17449917100009, -17.638645376999875], [32.17457516900015, -17.63857337099995], [32.17472016500005, -17.63850036599996], [32.17486516000008, -17.638285348999943], [32.176330119000056, -17.637056251999923], [32.17640311700006, -17.63698624699998], [32.176551113000016, -17.636982245999945], [32.176696108000044, -17.63683923499991], [32.17676910600005, -17.636837234999916], [32.17684510400011, -17.63676622899993], [32.17699010000001, -17.63669222399983], [32.17713509600014, -17.636549211999977], [32.177284092000036, -17.63647520699982], [32.17742908800011, -17.636402200999896], [32.17757808300013, -17.63633019499997], [32.177650081000024, -17.63618718399988], [32.17772307900003, -17.636114177999957], [32.1777950770001, -17.635971166999923], [32.17786707500005, -17.63589916099994], [32.177864075000116, -17.635757149999904], [32.17794007300006, -17.635685144999968], [32.178009071000076, -17.63547112799995], [32.17808106900014, -17.635328116999915], [32.17808106900014, -17.635185104999834], [32.17815006700016, -17.634972088999973], [32.17829506300012, -17.634686065999915], [32.17829106300013, -17.63454405499988], [32.17828706300014, -17.63426003299992], [32.17828706300014, -17.63411702199994], [32.17828306300015, -17.633905004999974], [32.178279063, -17.63369198799984], [32.17827606300011, -17.633407965999936], [32.17827606300011, -17.63333696099994], [32.17827206300012, -17.633052937999878], [32.17826406300003, -17.63262790499988], [32.17826406300003, -17.632556899999884], [32.178840046000175, -17.631341803999874], [32.17891304400018, -17.631198792999953], [32.17890904400019, -17.63105578199992], [32.17898104200009, -17.63091277099994], [32.17898104200009, -17.6308417649999], [32.17897804200004, -17.630628748999868], [32.17897804200004, -17.63055774299994], [32.17897404200005, -17.6304167319999], [32.17904604000017, -17.63027372099998], [32.17904604000017, -17.630130709999946], [32.17904204000018, -17.629989698999907], [32.17911503800019, -17.629846686999883], [32.17911103800003, -17.629703675999963], [32.17911103800003, -17.629632670999968], [32.17918403600004, -17.62941865399995], [32.17918003600005, -17.629348647999905], [32.179252034000115, -17.62920563699987], [32.179252034000115, -17.62906262599995], [32.17932503200012, -17.628991619999965], [32.17932103200019, -17.62884860899993], [32.17932103200019, -17.62870759799989], [32.18135397400016, -17.625915378999878], [32.18142697200017, -17.625915378999878], [32.18142697200017, -17.625842372999955], [32.18171996400008, -17.62555435099995], [32.18186495900005, -17.62534033399993], [32.18200995500018, -17.625195321999968], [32.18347091400017, -17.623967225999877], [32.18354791200011, -17.623967225999877], [32.18361991000006, -17.62389521999995], [32.18376890500019, -17.623820213999977], [32.183840903000146, -17.62375020899998], [32.18398589900005, -17.62367520299989], [32.18420789300012, -17.623673202999896], [32.18428389100018, -17.62360119699997], [32.18442888700008, -17.623599196999976], [32.185980843000095, -17.623221166999883], [32.18612583900017, -17.62321916699989], [32.18620283700017, -17.62321816699989], [32.18627483500006, -17.623288171999945], [32.18642383000008, -17.62328617199995], [32.186572826000145, -17.62335517699995], [32.186869818, -17.623492187999943], [32.187094811000065, -17.62355919299995], [32.188506772000096, -17.623965223999903], [32.188654768000106, -17.623963223999908], [32.18880376300007, -17.623961223999913], [32.188876761000074, -17.62403022899997], [32.18932274900004, -17.62416623999991], [32.18954774300016, -17.62423424499997], [32.18962074100017, -17.624232244999973], [32.18969673800012, -17.6243032509999], [32.18991773200014, -17.62437025599985], [32.19117669700012, -17.624423259999958], [32.19125269500017, -17.624421258999973], [32.19140169000019, -17.62441925899998], [32.191546686000095, -17.624417258999927], [32.191771680000045, -17.624413258999937], [32.19191667600012, -17.62441225899994], [32.192141670000126, -17.624410257999955], [32.1922866650001, -17.624406257999965], [32.192511659000104, -17.62440425799997], [32.19280565100007, -17.62432825199994], [32.19472059700007, -17.623519187999932], [32.19479259500014, -17.623519187999932], [32.194937590000166, -17.623445181999955], [32.195159584000066, -17.62337017599998], [32.19530758000002, -17.62336817599987], [32.19545657600014, -17.623296169999946], [32.19552957400009, -17.623223163999967], [32.195601572000044, -17.623151158999974], [32.19582256500013, -17.623076152999886], [32.19604455900003, -17.623002146999966], [32.196188555, -17.62293014099987], [32.19626555300016, -17.62285713599988], [32.19633755100011, -17.62285713599988], [32.19633755100011, -17.62278612999995], [32.19648254700019, -17.62264211899992], [32.1967035400001, -17.62249710699996], [32.19677653800011, -17.622495106999963], [32.19677653800011, -17.62242410199991], [32.196848536000175, -17.62235209599993], [32.19714252799997, -17.622064072999876], [32.19743252000018, -17.621634039999947], [32.197505518000185, -17.621562033999908], [32.197501518000024, -17.62149102799998], [32.19772251100011, -17.62127401099997], [32.19786750700018, -17.621130999999878], [32.19808850100003, -17.620985988999962], [32.19816149900004, -17.620912982999982], [32.199091472000134, -17.61883981999995], [32.19924046800003, -17.618696808999914], [32.199309466000045, -17.618481791999955], [32.19945446200012, -17.618195769999943], [32.19974445300005, -17.617765735999967], [32.19988944900018, -17.617620724999938], [32.200034445000085, -17.617334701999937], [32.20017944100016, -17.617191690999903], [32.20025143900011, -17.617048679999982], [32.20032743700017, -17.617046679999874], [32.20040043500018, -17.61697467399989], [32.20200638900019, -17.615389549999918], [32.202078387000086, -17.615246537999894], [32.20229638100017, -17.61503052099988], [32.20244137700013, -17.614885509999965], [32.202731368, -17.614456475999873], [32.20287936400018, -17.614382469999896], [32.203169356000046, -17.614094447999946], [32.20324635399999, -17.61402344199996], [32.20339135000012, -17.613878430999932], [32.20346334700008, -17.61380642499995], [32.20353634500009, -17.613663413999916], [32.20360434300005, -17.613449396999954], [32.203753339000116, -17.61330438599998], [32.203749339000126, -17.613163374999942], [32.20382233700013, -17.613020363999908], [32.203894335000086, -17.61294735799993], [32.203894335000086, -17.612806346999946], [32.20396733300004, -17.612734340999964], [32.203963333000104, -17.61266333599997], [32.20403933100016, -17.61259132999993], [32.20411232900017, -17.61251832399995], [32.204184327000064, -17.612446318999844], [32.20432932299997, -17.612303306999934], [32.204402320999975, -17.61208929099996], [32.20461931400007, -17.61187227299996], [32.20461931400007, -17.61180126799985], [32.20476031000004, -17.611374233999868], [32.20475631000005, -17.61116021799984], [32.20482930800006, -17.610947200999874], [32.20482530800007, -17.610733183999855], [32.20489730600019, -17.610590172999935], [32.204894306000085, -17.610449161999952], [32.20496630400004, -17.610306150999975], [32.205039302000046, -17.61016313999994], [32.205039302000046, -17.610020127999917], [32.20511130000011, -17.609877116999883], [32.20510730000012, -17.609806111999887], [32.205256296000016, -17.609663099999864], [32.20532529400009, -17.609520088999943], [32.20540129200015, -17.609447082999907], [32.205470290000164, -17.60930407199993], [32.20635126500014, -17.608652020999955], [32.20642326300003, -17.60865002099996], [32.2065002600001, -17.60865002099996], [32.2065002600001, -17.6087210259999], [32.206576257999984, -17.608862036999938], [32.20664825600011, -17.608932042999925], [32.206728254000154, -17.609144058999902], [32.206728254000154, -17.60921506499983], [32.20680525200015, -17.60928506999994], [32.20680525200015, -17.609356075999926], [32.206809252000085, -17.609781108999925], [32.20681225200019, -17.609922119999965], [32.206629258000135, -17.612694336999937], [32.206629258000135, -17.61276634299992], [32.20670625600013, -17.612835347999976], [32.20670925600018, -17.61304836499994], [32.20678625400018, -17.613119370999925], [32.20678625400018, -17.613260381999964], [32.207552233, -17.615024518999917], [32.207476235000115, -17.615024518999917], [32.207480235000105, -17.615168530999938], [32.20667525900012, -17.62114399899997], [32.20667925900011, -17.621215003999907], [32.20667925900011, -17.621356014999947], [32.206610261000094, -17.621570031999966], [32.206610261000094, -17.62178304899993], [32.20618727300007, -17.62306714899995], [32.20611127600006, -17.623069149999935], [32.20611427500006, -17.623139154999933], [32.205966280000155, -17.623284165999962], [32.20582128400008, -17.623357171999942], [32.20567628800018, -17.62350218399996], [32.205527292000056, -17.623574188999953], [32.204722315000026, -17.624154234999935], [32.20464631700008, -17.624154234999935], [32.20464931700019, -17.624227240999915], [32.20464931700019, -17.62443825699995], [32.20450532100017, -17.624654273999965], [32.20443632300015, -17.62486729099993], [32.20444032300014, -17.62508130799995], [32.20356634800004, -17.62630040299996], [32.203494350000085, -17.62637240899994], [32.203494350000085, -17.626443413999937], [32.20349735000019, -17.626515419999976], [32.20342535200007, -17.62658642599996], [32.20335235400006, -17.626729436999824], [32.203135361000136, -17.627017458999944], [32.20299036500006, -17.627233475999958], [32.20284536900016, -17.627519498999902], [32.20270037300003, -17.627662509999936], [32.20270037300003, -17.627732514999934], [32.20262837500013, -17.62780552099997], [32.20262837500013, -17.627875526999958], [32.202555377000124, -17.627948531999948], [32.202483379, -17.62809154399997], [32.20241038100005, -17.628163548999908], [32.2023383830001, -17.62830656099993], [32.20226538500009, -17.628308560999926], [32.202189388000136, -17.62837956599992], [32.20211739000001, -17.628522576999956], [32.20197239400011, -17.628667588999974], [32.2018993960001, -17.628810599999895], [32.20175440000003, -17.628882605999877], [32.201682402000074, -17.62895561099998], [32.201682402000074, -17.62902561699991], [32.200671431000046, -17.630816756999877], [32.2007474290001, -17.63088576299998], [32.20082042700011, -17.63095676799992], [32.20089642500017, -17.63109777899996], [32.20104842100011, -17.63130779599993], [32.201125418, -17.631518811999968], [32.20120141600012, -17.631589817999895], [32.20135041200018, -17.631799833999935], [32.20188039800013, -17.63257389499995], [32.20188039800013, -17.63264489999989], [32.20195639500014, -17.632642899999894], [32.20195639500014, -17.632785910999928], [32.20210939100019, -17.632995927999957], [32.20218538900008, -17.633279949999917], [32.202261387000135, -17.633491965999895], [32.20233838500013, -17.633632976999934], [32.20241838300018, -17.63384399399996], [32.20256737900007, -17.634054009999943], [32.20271937400008, -17.63440703799995], [32.20272337400007, -17.634478042999945], [32.20289537000008, -17.636314186999982], [32.20297136800019, -17.636313186999928], [32.20297136800019, -17.636456197999905], [32.203509353000186, -17.63772629699986], [32.20358535100007, -17.63779530299996], [32.20358535100007, -17.637867307999954], [32.20366134900013, -17.638006318999942], [32.20381034500002, -17.638218335999966], [32.20396333999997, -17.638357346999953], [32.204112336000094, -17.63849835799988], [32.20463832200005, -17.639128406999873], [32.204714320000164, -17.639128406999873], [32.204714320000164, -17.639341422999905], [32.2047183200001, -17.639553439999872], [32.20479431700011, -17.63969445099997], [32.20577129000003, -17.640675527999974], [32.205847288000086, -17.64067352699982], [32.205920286000094, -17.64074353299992], [32.20599628400015, -17.640741532999925], [32.20599628400015, -17.640812537999864], [32.20606928200016, -17.640812537999864], [32.206145280000044, -17.640881543999967], [32.2062212780001, -17.640951548999908], [32.20629427600011, -17.641022554999836], [32.20651926900018, -17.641159564999953], [32.208228221000184, -17.641489590999925], [32.20830021900008, -17.641489590999925], [32.2085212130001, -17.641485589999945], [32.208895202, -17.641552594999894], [32.209338190000096, -17.641615599999966], [32.21015416700004, -17.641745609999873], [32.21037516100017, -17.641743609999878], [32.21045215900017, -17.641741609999883], [32.210600154000076, -17.64173960999983], [32.2110471420001, -17.641874619999896], [32.212084113000174, -17.642000629999927], [32.214098056000125, -17.643036709999933], [32.214098056000125, -17.643108715999972], [32.21417105400013, -17.643106715999977], [32.21432405000013, -17.643246725999916], [32.21454904400014, -17.643456742999888], [32.215685012000165, -17.645285885999954], [32.215685012000165, -17.645355890999895], [32.215758010000116, -17.645355890999895], [32.215762010000105, -17.645426896999936], [32.21583400800006, -17.645424895999952], [32.215838008, -17.64556790799986], [32.215914006000105, -17.645708918999958], [32.215991004000045, -17.645920934999936], [32.21621599700012, -17.646200956999905], [32.21682198100018, -17.647185033999904], [32.216897979000066, -17.6472560389999], [32.216897979000066, -17.647397049999938], [32.216901979, -17.64747005599986], [32.21697497600013, -17.647538061999967], [32.216978976000064, -17.647681072999887], [32.21705497400018, -17.647964094999963], [32.21721097000011, -17.648530138999888], [32.2175199620001, -17.649448210999935], [32.21752396200009, -17.649589221999975], [32.21759996000014, -17.649802237999893], [32.21760395900003, -17.64994324999992], [32.21767695700004, -17.65008526099996], [32.21767995700009, -17.65029627699994], [32.217756955000084, -17.650437287999978], [32.21783295300014, -17.650649304999945], [32.21790895100003, -17.65079031599987], [32.21798894900007, -17.651002331999905], [32.21798894900007, -17.65114534299994], [32.21806594700007, -17.65128635399998], [32.218069947, -17.651427365999893], [32.21814194500013, -17.651498370999832], [32.21814594500012, -17.651568376999933], [32.21866793000004, -17.65198640899996], [32.2188169260001, -17.651984408999965], [32.21888992400011, -17.65191240299987], [32.21903492000018, -17.65176939199995], [32.219106918000136, -17.651626380999858], [32.219106918000136, -17.651483369999937], [32.21917991500004, -17.6514103639999], [32.219175916000154, -17.651269352999975], [32.21917591500005, -17.651128341999936], [32.219247913000174, -17.65112634199994], [32.21924491300007, -17.65084231899982], [32.21931691100019, -17.65084231899982], [32.21931691100019, -17.650769313999888], [32.21938890900009, -17.650769313999888], [32.22104486200004, -17.64925319499997], [32.22111786000005, -17.64925319499997], [32.22111786000005, -17.64918218899993], [32.22133485400008, -17.648894165999934], [32.22147985000015, -17.648679149999964], [32.221551848000104, -17.64853613799994], [32.2227808130001, -17.646601986999883], [32.222852811000166, -17.646458975999963], [32.22292580800007, -17.64638596999987], [32.22299780600002, -17.64624295899995], [32.223070803999974, -17.646029941999814], [32.22306680400004, -17.645885930999953], [32.22313880200011, -17.64574291899993], [32.22313180200007, -17.645247880999932], [32.22312780200008, -17.64496285799987], [32.223123802000146, -17.644749841999953], [32.22287980900012, -17.642979702999924], [32.22287580900013, -17.642836691999833], [32.22287580900013, -17.642765686999894], [32.22287180900014, -17.642551669999875], [32.22279181100009, -17.64219964199998], [32.222715813000036, -17.641916619999904], [32.22141884900003, -17.63930741599995], [32.221345851000024, -17.639309415999946], [32.22126985300014, -17.639238410999894], [32.221193855000024, -17.639099399999964], [32.22104485900013, -17.639029394999852], [32.220968861000074, -17.638817377999885], [32.22081586600012, -17.638678366999955], [32.220201883000016, -17.637196250999978], [32.220201883000016, -17.63705423999994], [32.22019788300008, -17.636841223999966], [32.22019788300008, -17.63670021299987], [32.22019388300009, -17.63655720099996], [32.22019388300009, -17.636486195999908], [32.22019088299999, -17.636345184999982], [32.22018688300005, -17.636131167999963], [32.22023988100017, -17.63449703999993], [32.220312879000176, -17.63449703999993], [32.220312879000176, -17.63442603499982], [32.22045787400015, -17.634140011999932], [32.22060287000011, -17.633924994999916], [32.22074686600007, -17.633779983999943], [32.22089186200003, -17.63356596699998], [32.22096486000004, -17.633422955999947], [32.221036858000105, -17.633279944999913], [32.222848806000115, -17.630696741999884], [32.22292180400012, -17.63062473599996], [32.22292180400012, -17.630553730999964], [32.22299380200019, -17.63048172499998], [32.223066800000026, -17.630338713999947], [32.22313879800009, -17.630265707999854], [32.22313879800009, -17.63012469699993], [32.223279794000064, -17.629838674999974], [32.22335279200007, -17.629622657999846], [32.22342479000014, -17.629479646999982], [32.223566785000116, -17.62919362399998], [32.223566785000116, -17.629123618999927], [32.22363878300018, -17.628980607999836], [32.22363878300018, -17.628839596999967], [32.22370778100003, -17.628695584999946], [32.22370778100003, -17.628623579999953], [32.223779779000154, -17.62848056799993], [32.223779779000154, -17.628409562999934], [32.223852777000104, -17.628337556999895], [32.22392477500006, -17.628194545999975], [32.22462275500004, -17.625281317999907], [32.22469575300005, -17.62527931799991], [32.22469575300005, -17.62520931199998], [32.22476775000007, -17.62520731199993], [32.22476375100018, -17.62492328999997], [32.22771666600016, -17.61963687499997], [32.22772479600013, -17.619626266999887], [32.23221354300017, -17.633191934999957], [32.23228654100018, -17.63318993499996], [32.23360250500019, -17.637068237999927], [32.248907072, -17.632730893999963], [32.249753049000105, -17.63547110899998], [32.24984104700013, -17.63546910799988], [32.24993304399999, -17.63542410499997], [32.25187099000016, -17.635370099999932], [32.25209898300005, -17.635407102999977], [32.252232979000155, -17.63540310299993], [32.25236997600001, -17.63539910199995], [32.252457973000105, -17.635397101999956], [32.25250397200011, -17.63539510199996], [32.25272896500013, -17.63538910099993], [32.25299995800009, -17.635382100999948], [32.25478890700009, -17.634726048999937], [32.25487690500006, -17.634636041999954], [32.25500590100006, -17.63454603499997], [32.25509389900009, -17.634415024999953], [32.25513589700017, -17.634327017999965], [32.25526989400015, -17.634235009999827], [32.25540289000014, -17.6341460029999], [32.255490887000065, -17.634055995999915], [32.2555748850001, -17.63392498599984], [32.25570788100009, -17.633834978999857], [32.25584187700014, -17.63374297199988], [32.257180839000114, -17.633185927999875], [32.25727183700013, -17.63318392799988], [32.25731383600015, -17.633182927999883], [32.257359834000056, -17.633182927999883], [32.25772182400016, -17.633172926999976], [32.25785582000009, -17.633168925999883], [32.25803881500019, -17.633206928999925], [32.25826380899997, -17.63324393199997], [32.25975876700005, -17.633374941999875], [32.259892763000096, -17.63337094199983], [32.259983760000125, -17.633410944999923], [32.260075758000085, -17.633409944999926], [32.26025475300003, -17.633405943999946], [32.26048374600009, -17.63339794399991], [32.261113729000044, -17.633424945999934], [32.26183770800003, -17.63344794699998], [32.26265068500004, -17.633468948999962], [32.26492462100009, -17.63249587199988], [32.26505761700008, -17.632405864999896], [32.26514561500005, -17.63231685799991], [32.26523261200009, -17.63218284699991], [32.26549260500019, -17.63182981999995], [32.265576602000124, -17.631610801999955], [32.26570659900011, -17.631434788999968], [32.26657957400016, -17.630456711999955], [32.26676256900009, -17.630452710999975], [32.26694156400009, -17.630403707999903], [32.267121559000145, -17.630399706999924], [32.26721255600012, -17.63039770699993], [32.267254555000136, -17.630395706999934], [32.267346552, -17.63039370699994], [32.2675755460001, -17.6304737129999], [32.26775854100009, -17.630553718999977], [32.26789553700007, -17.630637725999975], [32.269387495000046, -17.63068172899989], [32.26943249300001, -17.63068172899989], [32.26956648999999, -17.63063372499994], [32.26970048600009, -17.63058672099993], [32.26983348200008, -17.630540717999963], [32.27005847600003, -17.630446709999887], [32.27023447100015, -17.630355702999907], [32.27041346600009, -17.63026369599993], [32.270546462000084, -17.630216691999976], [32.270680458000186, -17.630082681999966], [32.272587404000035, -17.629033598999968], [32.272675402, -17.62894559199998], [32.272854397000174, -17.628896587999975], [32.272988393000105, -17.628806580999935], [32.27316738800005, -17.628758576999928], [32.27325938500013, -17.62871357399996], [32.27339238100012, -17.628665569999953], [32.2735263780001, -17.62861756599989], [32.27370137300011, -17.62852655899991], [32.27388036800005, -17.62843455199993], [32.27401436400015, -17.628388547999975], [32.27414736000014, -17.62829754099988], [32.27580731300009, -17.62786250599987], [32.275849312000105, -17.627860505999877], [32.27594030900008, -17.627814502999968], [32.27602830700005, -17.6277684989999], [32.27616530300003, -17.627765498999906], [32.276207302000046, -17.627763498999855], [32.27629929900013, -17.627717494999956], [32.27643229500012, -17.627671490999944], [32.27652029300009, -17.62762548799998], [32.27660829000018, -17.627580483999964], [32.27669628799998, -17.62749047699998], [32.27678328500019, -17.62740046999994], [32.27687528300015, -17.627355465999926], [32.27691728200017, -17.627267459999928], [32.276959280000085, -17.62722345599991], [32.27771025900017, -17.62663940999994], [32.27771025900017, -17.62659540699991], [32.277756258000124, -17.62659540699991], [32.27784425500005, -17.62659240699992], [32.27793525300012, -17.626590405999934], [32.27798125100003, -17.626588405999883], [32.27802724999998, -17.626588405999883], [32.27816124600008, -17.626626408999982], [32.27825624400009, -17.626710415999923], [32.278302242, -17.626752418999956], [32.27834724100012, -17.626752418999956], [32.27839324000007, -17.626836424999965], [32.27903022200019, -17.62699243799989], [32.27930521400003, -17.627158449999968], [32.27935521300003, -17.627200453999876], [32.27935521300003, -17.62724245699991], [32.2794002120001, -17.627284459999828], [32.279492209000125, -17.627370466999935], [32.279679204000104, -17.62749447699997], [32.279862199000036, -17.62766248999992], [32.28000319500018, -17.62778849999995], [32.28883395000008, -17.642395639999847], [32.28887994900009, -17.642393639999966], [32.27866024100007, -17.658700918999898], [32.27861824200005, -17.65870291899995], [32.27671529700007, -17.663086261999922], [32.27190443600017, -17.67456216099987], [32.27190843600016, -17.67464716799998], [32.2719584350001, -17.67477717799983], [32.27196243500009, -17.674907187999906], [32.27229342500016, -17.67541622799996], [32.27229342500016, -17.67546023099993], [32.27229742500009, -17.67550423499995], [32.272252427000126, -17.67550423499995], [32.27221042800011, -17.675592240999947], [32.2721644290001, -17.67559424199993], [32.27211843000015, -17.675637244999848], [32.27207243200007, -17.6756392449999], [32.271092459000045, -17.676057277999973], [32.271096459000034, -17.676143284999966], [32.271096459000034, -17.67618728799988], [32.271096459000034, -17.67622929199996], [32.27114545800009, -17.67627129499988], [32.2711914570001, -17.67631329799991], [32.27207243200007, -17.67706835699994], [32.2721644290001, -17.677110359999972], [32.27221042800011, -17.677152362999948], [32.27234742400009, -17.677234369999894], [32.27257641800003, -17.67735837899994], [32.27266741500017, -17.677398382999968], [32.27266741500017, -17.677442385999882], [32.27271341400018, -17.677440385999887], [32.273182401000156, -17.677989428999865], [32.27327439800001, -17.678073434999874], [32.27332339700007, -17.67815944199998], [32.27336939600008, -17.6782014449999], [32.273465393000095, -17.678329454999925], [32.27356039100016, -17.678498467999873], [32.273606389000065, -17.67858447499998], [32.27365538800012, -17.678670481999973], [32.27365538800012, -17.67875648899991], [32.273705387000064, -17.678842494999913], [32.27375138500014, -17.678884498999935], [32.27375138500014, -17.678926501999968], [32.27375538500013, -17.67905751199993], [32.27380438400019, -17.679185521999955], [32.27385438200008, -17.67931353199998], [32.273858382000014, -17.67944354199983], [32.27390738100007, -17.679614555999933], [32.27395738000007, -17.679788568999868], [32.274006378000024, -17.679916578999894], [32.274056377000136, -17.68000158599989], [32.274056377000136, -17.68008759299994], [32.274060377000126, -17.68013159599991], [32.274064377000116, -17.68026160599993], [32.27411337500007, -17.680389615999957], [32.27415937400008, -17.68051662599987], [32.2753993390001, -17.68113267399997], [32.27549033700012, -17.68113167399997], [32.27553633600013, -17.68117367699989], [32.275582334000035, -17.681171676999895], [32.27567333200011, -17.681211679999933], [32.275719330000186, -17.681253682999966], [32.275807328000155, -17.68125168299997], [32.27722228800019, -17.68173171999996], [32.27726828699997, -17.68177372399998], [32.27731428600015, -17.681771722999883], [32.27759227800004, -17.68202374299989], [32.27764227600011, -17.68210974999988], [32.277687275, -17.682195755999885], [32.277783273000125, -17.68232176599986], [32.277874270000154, -17.682407772999966], [32.27880124400008, -17.683160831999828], [32.27880124400008, -17.683202834999918], [32.27889324200004, -17.68324483799995], [32.27889724100015, -17.683330844999944], [32.278988239, -17.683414850999952], [32.27899223900016, -17.68349985799989], [32.279084236000074, -17.683585864999884], [32.279084236000074, -17.683627867999917], [32.27912923500014, -17.683627867999917], [32.27938922800007, -17.684701951999955], [32.27934722900005, -17.684789958999886], [32.27934722900005, -17.684877965999874], [32.279305230000034, -17.68496497299998], [32.279309230000024, -17.685050978999982], [32.2792212330001, -17.685182989999873], [32.27922523300009, -17.685226992999958], [32.27917923400008, -17.68531399999989], [32.27918323400007, -17.685358002999976], [32.279141235000054, -17.685446009999964], [32.2790952360001, -17.685534016999895], [32.27905323800013, -17.685621023999886], [32.27901123900017, -17.685709030999874], [32.27896924000015, -17.685797037999976], [32.278374257, -17.687113140999884], [32.278378257000156, -17.687155143999917], [32.278378257000156, -17.687199146999887], [32.278424256000164, -17.68724115099991], [32.278428256000154, -17.687285153999937], [32.27851925300013, -17.687412163999966], [32.278611251000086, -17.687453166999944], [32.27866024900004, -17.687538173999883], [32.27870624800005, -17.687580176999973], [32.27879824500013, -17.687576176999926], [32.27942322800004, -17.687344158999906], [32.279511225000135, -17.68729815499995], [32.27955722400009, -17.687296154999956], [32.279599223000105, -17.68725215099994], [32.279644221000126, -17.687206147999973], [32.279686220000144, -17.68711914099987], [32.279774218000114, -17.687031133999938], [32.27986221500004, -17.686941126999955], [32.279904214000055, -17.68689712299988], [32.280037210000046, -17.68676411299998], [32.280125208000015, -17.68671810899997], [32.280304203000185, -17.686669105999954], [32.28093418500009, -17.68652209399994], [32.281025182000064, -17.686562096999978], [32.281208177, -17.68664410299982], [32.28134617300009, -17.686726109999938], [32.28139217200004, -17.686812115999942], [32.28148716900017, -17.686896122999883], [32.28153316800018, -17.68698112999988], [32.28162816600002, -17.687109139999905], [32.28176916200016, -17.687277152999968], [32.281952156000045, -17.687403161999896], [32.28292912900014, -17.68832823499997], [32.28302012700004, -17.688412240999924], [32.28315812300008, -17.688494246999937], [32.283528112000056, -17.688744266999947], [32.28366910800014, -17.688870276999978], [32.28371510700015, -17.688912279999897], [32.283760106000045, -17.688912279999897], [32.28384810300014, -17.688908279999907], [32.284951073000116, -17.68952832799988], [32.285138067000105, -17.689652337999917], [32.285275063000086, -17.689736343999982], [32.28536606100016, -17.689776346999963], [32.28536606100016, -17.68982035099998], [32.28541206000011, -17.6898623539999], [32.28555305600008, -17.690029366999966], [32.28578604900008, -17.690197379999915], [32.28596904400001, -17.69036539299998], [32.28615603900016, -17.6904894029999], [32.28698401600019, -17.690987440999834], [32.28716701100012, -17.69111145099987], [32.2873040070001, -17.691193456999827], [32.28735000500018, -17.691193456999827], [32.287487002000034, -17.691275463999943], [32.287670996000145, -17.691313466999873], [32.28789599000015, -17.691351469999915], [32.288169982000056, -17.69138547199998], [32.288303979000034, -17.6914264749999], [32.289386948000015, -17.691395472999943], [32.289569943000174, -17.69138947199997], [32.28961194200019, -17.69134546899994], [32.28970393900005, -17.691344468999887], [32.28988293400005, -17.691252460999976], [32.290061929, -17.69120245699986], [32.29019592500009, -17.691199456999982], [32.29032892100008, -17.69119545699988], [32.29046691800005, -17.6911914559999], [32.290645912000116, -17.691187455999966], [32.29082890700005, -17.691225458999895], [32.292270867000184, -17.69109744899987], [32.29231686500009, -17.69109744899987], [32.29258785800005, -17.691090447999898], [32.29276685300016, -17.69108444799997], [32.293037845000015, -17.691076446999887], [32.293174841000166, -17.691117449999922], [32.293357836000155, -17.691155452999965], [32.29354083100009, -17.69123745899998], [32.293769824000094, -17.691359468999963], [32.2939948180001, -17.691439474999925], [32.29417781300003, -17.69152148099994], [32.29426981000012, -17.691561483999976], [32.29431580900007, -17.691561483999976], [32.29440680700014, -17.691601487999833], [32.294544803, -17.691685493999955], [32.29472779800017, -17.691765499999974], [32.29564677200017, -17.69295359299997], [32.295692771000176, -17.69299559599989], [32.295692771000176, -17.69303759899998], [32.295738769000025, -17.69307960299983], [32.29579176800007, -17.69325161599994], [32.29584176700007, -17.693466632999957], [32.29660774500019, -17.69496074999995], [32.29674974100004, -17.695086758999878], [32.29684073900012, -17.695170765999933], [32.29688673800007, -17.69525577299993], [32.29693573600008, -17.695341778999932], [32.29702773400004, -17.695425785999873], [32.297077732000105, -17.695467788999963], [32.298259699000084, -17.69582481699996], [32.298396695000065, -17.69582081599998], [32.29843869400008, -17.695818815999814], [32.29857669000012, -17.695814815999938], [32.29866768800002, -17.695812815999943], [32.298847683000076, -17.69585181899987], [32.29898467900006, -17.69584781799989], [32.29912167499998, -17.69588782099993], [32.299301670000034, -17.69592582399997], [32.299438666000185, -17.6959638269999], [32.299617661000184, -17.69595982699991], [32.29970965800004, -17.69599982999995], [32.300395639000044, -17.696284851999906], [32.30044163800005, -17.69628285199991], [32.30048763600013, -17.69628285199991], [32.300624632999984, -17.69636485799998], [32.30067063100006, -17.696362857999873], [32.300762629000076, -17.696404860999962], [32.30085362600005, -17.696488867999904], [32.30094962400017, -17.69657287499996], [32.30108662000015, -17.696654880999972], [32.302551579000124, -17.69738893799996], [32.30259657700009, -17.697386937999966], [32.30260057700008, -17.69743094099988], [32.302642576000096, -17.697428940999885], [32.302646576000086, -17.69747294399997], [32.30269657500003, -17.69760295499998], [32.30269957500008, -17.697731964999832], [32.302703574000134, -17.69786197499991], [32.30405053700014, -17.699167076999913], [32.30418753300012, -17.699205078999967], [32.30446252500013, -17.69937109199992], [32.30460352100005, -17.699453098999868], [32.30469551900006, -17.699537104999877], [32.30483251499999, -17.699577107999914], [32.305015510000146, -17.699703117999945], [32.30519850500008, -17.699783123999907], [32.30533550100006, -17.699823126999945], [32.307720434000146, -17.700969215999976], [32.30781143100012, -17.701009219999833], [32.30790342900008, -17.701049222999927], [32.30799442600005, -17.70113322899988], [32.30808642400001, -17.70117523199997], [32.308132422000085, -17.701173231999974], [32.30817742099998, -17.701215235999825], [32.30822342000016, -17.70121323499984], [32.309825375000116, -17.701991295999903], [32.30996337100015, -17.70203129899994], [32.31014636600014, -17.702026297999964], [32.31032536100008, -17.702064300999893], [32.31050835600007, -17.702060300999847], [32.31073334900009, -17.702052299999878], [32.31086734500019, -17.70204929999983], [32.31240430200006, -17.702092302999915], [32.31245030100007, -17.702092302999915], [32.312854289000086, -17.702081301999897], [32.313487272000145, -17.70206229999991], [32.31412125400004, -17.702089301999933], [32.314483244000144, -17.702077300999917], [32.31452924200005, -17.702077300999917], [32.31593620299998, -17.70238432499991], [32.31603220000005, -17.702510334999943], [32.316078199, -17.702510334999943], [32.316078199, -17.702552337999975], [32.316123197000024, -17.702594340999894], [32.316173196000136, -17.702724351999905], [32.3162681930001, -17.702850360999946], [32.31636019100006, -17.702977370999974], [32.317672154000036, -17.704587496999977], [32.31785914900013, -17.70471150599991], [32.31799614500011, -17.70479351299997], [32.31808814300007, -17.704791512999975], [32.31827113800017, -17.704873518999932], [32.31982009400008, -17.705306551999968], [32.3198620930001, -17.705304551999973], [32.31991109100005, -17.70534655599988], [32.31995309000007, -17.705344554999897], [32.32045307600009, -17.705331553999883], [32.32067807000004, -17.70536755699993], [32.32081506600019, -17.70536455699994], [32.320857064999984, -17.70536455699994], [32.323847980000096, -17.70415246099992], [32.323893979000104, -17.70415246099992], [32.32393997700018, -17.704150460999927], [32.32411897200018, -17.704145460999882], [32.32421097000014, -17.704143459999898], [32.32430196700011, -17.704183463999925], [32.32439396500007, -17.704267469999934], [32.32532093900005, -17.70502052899991], [32.32536593800012, -17.70502052899991], [32.32541193600002, -17.705018528999915], [32.32545793500003, -17.70501652799993], [32.32559093100019, -17.70505653099997], [32.32622891300019, -17.705125536999958], [32.3264989060001, -17.70516153899996], [32.32663690200013, -17.705158538999967], [32.32667890100015, -17.70511453599994], [32.329417823000085, -17.70451748799985], [32.32946282199998, -17.70451548799997], [32.32950482100017, -17.704513487999975], [32.329554819000066, -17.70455549099995], [32.329596818000084, -17.70455549099995], [32.32964581700014, -17.704639497999892], [32.32969181600009, -17.704725504999942], [32.32978381300018, -17.704767507999918], [32.32983281200006, -17.704850513999872], [32.32988281000013, -17.70498052399995], [32.33031779800007, -17.70600660499997], [32.33041679500013, -17.706220620999886], [32.33052379300011, -17.70682366799997], [32.33056979100019, -17.70686567199988], [32.330572791000066, -17.706994681999902], [32.33062679000005, -17.707166694999955], [32.33067978800017, -17.707425714999943], [32.3306837880001, -17.707555725999953], [32.33072978700011, -17.707597728999872], [32.3307337870001, -17.707727738999893], [32.33078278600016, -17.70785574899992], [32.33078278600016, -17.70794275599991], [32.330832784, -17.708114768999963], [32.330836784000155, -17.708200775999956], [32.33088178300005, -17.708242778999875], [32.33088578300004, -17.70832978599998], [32.330977780000126, -17.708413792999977], [32.33102677900018, -17.708541801999957], [32.331072778000134, -17.708583805999922], [32.331076778000124, -17.70862780899995], [32.33112277600003, -17.70866981199987], [32.33112277600003, -17.708711815999948], [32.33116877500004, -17.708711815999948], [32.33116877500004, -17.70875381899998], [32.331217774000095, -17.708839825999974], [32.33126377200017, -17.70883782599998], [32.33126377200017, -17.708925831999977], [32.33125177300013, -17.708944833999965]]]]}}, {"type": "Feature", "properties": {"GID_3": "ZWE.5.8.23_2", "GID_0": "ZWE", "COUNTRY": "Zimbabwe", "GID_1": "ZWE.5_1", "NAME_1": "Mashonaland East", "NL_NAME_1": "NA", "GID_2": "ZWE.5.8_2", "NAME_2": "Mutoko", "NL_NAME_2": "NA", "NAME_3": "Ward 3", "VARNAME_3": "NA", "NL_NAME_3": "NA", "TYPE_3": "Ward", "ENGTYPE_3": "Ward", "CC_3": "NA", "HASC_3": "NA", "id": "ZWE.5.8.23_2", "name": "Ward 3"}, "geometry": {"type": "MultiPolygon", "coordinates": [[[[32.193472486000076, -17.11338309299998], [32.19475045100006, -17.118039459999977], [32.198187357, -17.127520206999975], [32.20120527500012, -17.13785102099996], [32.20120527500012, -17.137990031999948], [32.201796259, -17.139087118999953], [32.203730206000046, -17.14376448699994], [32.203730206000046, -17.143901497999934], [32.203738206000025, -17.144317530999956], [32.2049511730001, -17.14886288899993], [32.2049511730001, -17.149001899999973], [32.20510016900016, -17.14941393199996], [32.20510716900003, -17.149966975999973], [32.20616414, -17.153410246999954], [32.20616414, -17.153549257999885], [32.20631313600006, -17.15382427999998], [32.20631313600006, -17.153961290999973], [32.20631613600017, -17.1541013019999], [32.20646113200007, -17.154236311999966], [32.20646513200006, -17.154513333999887], [32.208376079000175, -17.15766758299992], [32.20852107500008, -17.157665581999936], [32.21114600200008, -17.160397796999973], [32.21115000200007, -17.160536807999904], [32.21129799800008, -17.160811829999943], [32.21290095300009, -17.162447957999973], [32.21309494800005, -17.162411954999982], [32.22064373500018, -17.160965839999903], [32.22552659800016, -17.16048880099993], [32.22567159400006, -17.160486799999944], [32.22624357800015, -17.160340788999974], [32.22854451300003, -17.160311785999966], [32.231130440000186, -17.16027778299997], [32.23370936800006, -17.15955272499997], [32.23385436400014, -17.159550724999974], [32.23385036399998, -17.15941371399998], [32.234426348000056, -17.159268701999963], [32.23528432300009, -17.159117689999903], [32.239587202, -17.158369629999925], [32.246903996000015, -17.1570305219999], [32.247044992000156, -17.157028521999905], [32.24934092800004, -17.156723497999963], [32.25045889600017, -17.15651548099993], [32.25045889600017, -17.156428473999824], [32.25064189100016, -17.156426473999943], [32.25404479500014, -17.156204454999852], [32.25432278800014, -17.156201454999973], [32.254414785, -17.156199454999978], [32.254414785, -17.156111447999876], [32.254597780000154, -17.156107447999887], [32.255516754000155, -17.15609644699998], [32.25753469700004, -17.155539401999874], [32.25771869200008, -17.155447394999896], [32.257809689000055, -17.1554453949999], [32.25790168700007, -17.155356387999916], [32.258084682000174, -17.15535438699993], [32.25845067100016, -17.15517337299997], [32.25872566300018, -17.155081365999933], [32.259003656000175, -17.155077364999954], [32.25936964500016, -17.15498435799998], [32.25955264000015, -17.154892350999887], [32.26139158800004, -17.154692333999947], [32.26157458300003, -17.1546883339999], [32.26176157800012, -17.154774340999893], [32.26231056300014, -17.154768339999862], [32.26249755700019, -17.15485434699997], [32.262959544000125, -17.154848345999824], [32.26323453700002, -17.154844345999948], [32.26341753100007, -17.154753338999967], [32.26360052600006, -17.154661330999886], [32.26387451900007, -17.154658330999894], [32.26424450800005, -17.154566323999916], [32.26451950000006, -17.15447331599995], [32.26616745400014, -17.15383226499995], [32.26625945100005, -17.153742257999966], [32.266442446000156, -17.15374025799997], [32.26653344400006, -17.153650250999874], [32.26671643800012, -17.15364725099994], [32.26690043300016, -17.15355724299991], [32.26717442600017, -17.153464235999877], [32.26735742, -17.15337422899995], [32.26772341000009, -17.15336822799992], [32.26800240200009, -17.15336422799993], [32.268368392000184, -17.15336122799988], [32.268555387000106, -17.153446233999887], [32.26873838200004, -17.15353224099988], [32.26883437900011, -17.153530240999828], [32.26902037400015, -17.153706254999918], [32.269112371000176, -17.153704253999933], [32.269204369000136, -17.15379226099992], [32.26939136300018, -17.153877267999917], [32.26957735800005, -17.15405328199995], [32.26966935600018, -17.15422829599993], [32.26976435300014, -17.154226294999944], [32.26985635, -17.154402308999863], [32.27004334500015, -17.154490315999965], [32.270504332000144, -17.154482314999825], [32.27059233000017, -17.1543923079999], [32.27068832700019, -17.1543923079999], [32.270684327000026, -17.154125286999943], [32.27068032700009, -17.154038279999952], [32.27077132500011, -17.153860265999867], [32.27076832500006, -17.153593244999968], [32.27076432500007, -17.15350523799998], [32.27076432500007, -17.153328223999893], [32.27076032500014, -17.153240216999905], [32.27085232200017, -17.153151209999976], [32.27122231200008, -17.153145209999934], [32.27140530700018, -17.15314320999994], [32.271592301000055, -17.153317222999874], [32.271687299000064, -17.15349423699996], [32.27177929600015, -17.153580243999954], [32.271874293999986, -17.15375725799987], [32.271965291000186, -17.153843264999978], [32.27196929100012, -17.15393327199996], [32.27206128800003, -17.153931271999966], [32.27206128800003, -17.15402027899995], [32.272248283000124, -17.154194291999886], [32.27233928100003, -17.15419229199989], [32.272435278000046, -17.15428029899988], [32.27252627500002, -17.15428029899988], [32.272618273000035, -17.154278298999884], [32.27280126800014, -17.154276298999832], [32.27307626000015, -17.154183290999924], [32.273259255000085, -17.15409328399994], [32.27344224900014, -17.153914269999973], [32.273533247000046, -17.15382426299982], [32.273529247000056, -17.153734255999836], [32.27362124400014, -17.153645248999908], [32.2737132420001, -17.153643247999923], [32.27380423900007, -17.15355324099994], [32.27398723400006, -17.153464233999955], [32.27407923100009, -17.15346223399996], [32.274262226000076, -17.153282219999824], [32.274353224000095, -17.153280219999942], [32.27453721900014, -17.153191212999843], [32.27518120000008, -17.15318121199988], [32.27545619299997, -17.153177210999843], [32.27573418500009, -17.153174210999964], [32.27628716900017, -17.15343323099995], [32.27674915600011, -17.153515237999898], [32.27684415400017, -17.15360324499983], [32.27693615100003, -17.153601243999844], [32.27712714600011, -17.153954271999908], [32.277218143000084, -17.154129285999943], [32.277222143000074, -17.15421729299993], [32.27731414100003, -17.15430529999992], [32.27731714100014, -17.154482313999893], [32.277409138, -17.154570320999824], [32.277413138000156, -17.154658327999982], [32.277596133000145, -17.15483134099992], [32.27778312800007, -17.154919347999908], [32.27797012300016, -17.155092361999948], [32.27834011200014, -17.155264374999945], [32.27852710700006, -17.155440388999978], [32.27871410200015, -17.155525395999973], [32.27890109700007, -17.15570140999995], [32.278992094000046, -17.155699408999965], [32.279179089000024, -17.15587342299989], [32.27937008400011, -17.156403464999983], [32.27946508100001, -17.156756492999875], [32.27947308100016, -17.157198526999935], [32.27947308100016, -17.157286533999923], [32.27947708100015, -17.157463547999953], [32.27948008100003, -17.15764156199998], [32.279572078000115, -17.157816575999902], [32.27957607800005, -17.157993589999933], [32.28061005000018, -17.159395699999948], [32.28061005000018, -17.159485707999977], [32.28070504700014, -17.159571713999924], [32.28089204200006, -17.159746727999902], [32.28107903600011, -17.160010748999923], [32.281357029000105, -17.16027176899985], [32.28154402400003, -17.16044678299994], [32.28173101800019, -17.160710803999848], [32.2819220130001, -17.160973824999928], [32.28210900800002, -17.161146837999866], [32.28229200300018, -17.161232844999972], [32.28229200300018, -17.161322851999955], [32.2824789980001, -17.16140885899995], [32.28266599200009, -17.161493864999954], [32.282756990000166, -17.161581871999886], [32.28284898700008, -17.16157987199989], [32.28303598200017, -17.16175588599998], [32.283317974000056, -17.162016905999906], [32.28359596600012, -17.162190919999944], [32.28368796400014, -17.162277926999934], [32.28368796400014, -17.162365933999922], [32.2837829610001, -17.162363933999927], [32.2837829610001, -17.16245394099991], [32.28387495900006, -17.162539947999846], [32.28396995600019, -17.162716960999944], [32.28397395600018, -17.16289297499992], [32.28406595300004, -17.16297998199991], [32.2841609510001, -17.163067988999842], [32.2841609510001, -17.16324500299993], [32.28519892200006, -17.164912133999906], [32.285293919000026, -17.165000140999837], [32.285476914000185, -17.165176154999926], [32.285571912000194, -17.165351168999905], [32.28575890600007, -17.165437175999955], [32.28585090400003, -17.165525181999953], [32.28603789900012, -17.16552318199996], [32.28603789900012, -17.165611188999947], [32.28612889600009, -17.16560918899995], [32.28622489300017, -17.165696195999942], [32.286502886000164, -17.16587020999998], [32.28659488300019, -17.16595821599998], [32.28678187800011, -17.166043222999974], [32.28678187800011, -17.166131229999962], [32.28687287500014, -17.166131229999962], [32.28687287500014, -17.166219236999893], [32.287059870000064, -17.166394250999872], [32.28743386000008, -17.1667432779999], [32.28743786000007, -17.166831284999887], [32.28743786000007, -17.16700929899997], [32.28744486000011, -17.167363326999975], [32.28753685700019, -17.16753934099995], [32.287540857000124, -17.16762734799994], [32.287540857000124, -17.167716354999868], [32.2876318540001, -17.167802361999975], [32.287727852000046, -17.167802361999975], [32.287727852000046, -17.167890367999973], [32.28791484600009, -17.167976374999967], [32.288097841000024, -17.16815138899989], [32.28819283900009, -17.168149388999893], [32.28828483600017, -17.16823739599988], [32.28828483600017, -17.168325402999812], [32.28837983400018, -17.168412408999814], [32.288471831000095, -17.168500415999972], [32.28856682800006, -17.16867642999989], [32.288661826000066, -17.168851443999813], [32.288665826000056, -17.169116464999888], [32.288669826000046, -17.169294478999973], [32.28876182300007, -17.169381485999963], [32.28876182300007, -17.16946949299995], [32.288856820000035, -17.16964650699998], [32.2889518180001, -17.169910526999956], [32.28904781500012, -17.169997533999947], [32.289230810000106, -17.170083540999883], [32.28932580700001, -17.170259554999973], [32.28951280200016, -17.17043456899995], [32.28979179400011, -17.170518574999903], [32.28997778900015, -17.17069458899988], [32.28997778900015, -17.170781595999927], [32.29006978700011, -17.17086960299997], [32.29016478400007, -17.17104561699989], [32.29026078100014, -17.171310637999966], [32.290264781000076, -17.171397643999967], [32.29035577900015, -17.171485650999898], [32.290450776000114, -17.171661664999874], [32.29054677400006, -17.171836678999966], [32.29073376800011, -17.172012692999886], [32.29082876600012, -17.172187706999978], [32.29101176100011, -17.172361719999913], [32.29110775800012, -17.172448726999903], [32.291198755000096, -17.172448726999903], [32.291294753000045, -17.17253473399984], [32.291477748000034, -17.172532733999958], [32.29166074200003, -17.17244172599993], [32.2919347350001, -17.172437725999885], [32.29212172900009, -17.172525732999873], [32.29220572700012, -17.172549734999905], [32.29203773200015, -17.173064774999887], [32.29061877300006, -17.17710109399991], [32.29048977700006, -17.17735311399997], [32.290359780000074, -17.177733143999887], [32.29022978400013, -17.17798416399995], [32.29010078800013, -17.178236183999957], [32.28997079200019, -17.17861621399993], [32.28984079500003, -17.178868232999946], [32.28971079900009, -17.17924526299987], [32.28971479900008, -17.179497282999932], [32.28958180300009, -17.179625292999958], [32.28958580300008, -17.17987731299985], [32.28750986200015, -17.183537601999944], [32.28724687000005, -17.18379062199989], [32.28711687300006, -17.18404264199995], [32.28698787700006, -17.18429666199995], [32.286991877, -17.184422671999982], [32.28685788100012, -17.1845486819999], [32.28672788400013, -17.18480170199996], [32.28646889200019, -17.185053721999964], [32.28620989900014, -17.185433751999938], [32.285945907000155, -17.185560761999966], [32.28581691000005, -17.18581278199997], [32.28568691400011, -17.185938791999888], [32.285556918000054, -17.186066801999914], [32.28542792100012, -17.186192811999945], [32.28529792500018, -17.18631882199992], [32.28503493200003, -17.186571841999978], [32.28490493600009, -17.18669785199984], [32.28477493999998, -17.18682586199992], [32.28464494400009, -17.186951871999895], [32.28438595100005, -17.187079881999978], [32.28360397300003, -17.187838941999928], [32.28334098, -17.18809096199982], [32.283080988000165, -17.18834398199988], [32.282951992000164, -17.18859600199994], [32.28282199500012, -17.188724011999966], [32.282691999000065, -17.18897603199997], [32.28022407000003, -17.19326937099993], [32.27996507700004, -17.193647400999907], [32.27983908100009, -17.19415244099997], [32.279576088000056, -17.194532470999945], [32.27932009500012, -17.195035510999958], [32.27932009500012, -17.195161519999886], [32.275082219000126, -17.211424802999943], [32.275086219000116, -17.212054852999927], [32.274956223000174, -17.212685902999908], [32.27482622700006, -17.213063931999898], [32.27470123000012, -17.213440961999936], [32.274571234000064, -17.213820991999853], [32.274311241000134, -17.214199021999946], [32.27418224500008, -17.214452041999948], [32.27405224900019, -17.214704061999896], [32.27392225300008, -17.214830071999927], [32.27379325600015, -17.215084091999927], [32.273663260000035, -17.215335111999877], [32.27353326400015, -17.21558713099995], [32.273400267000056, -17.215715141999965], [32.272881282000185, -17.21622018199986], [32.27261829000008, -17.216474201999915], [32.27222930100015, -17.21685423199989], [32.27196930800005, -17.217231260999938], [32.27157631900013, -17.217611290999912], [32.271058333999974, -17.21811833199996], [32.27092833800009, -17.218370350999862], [32.270798341000045, -17.218622370999924], [32.27066834500016, -17.218875390999813], [32.2705393490001, -17.219127410999874], [32.27054334900009, -17.21988247099989], [32.27054334900009, -17.22038650999997], [32.27054634899997, -17.22076453999989], [32.27055034900013, -17.22177161899998], [32.27055434900012, -17.222022638999874], [32.27042435300001, -17.22227665899993], [32.27029535700018, -17.222528678999936], [32.27029535700018, -17.222780698999884], [32.27016536000019, -17.22303171899989], [32.27003536400008, -17.22341174899998], [32.26977637200014, -17.2237897789999], [32.26964637500015, -17.22404279899996], [32.26951637900004, -17.224294818999965], [32.269257386, -17.224548838999908], [32.26886439700007, -17.224801858999967], [32.26860540500019, -17.225053878999972], [32.2683414120001, -17.225307898999915], [32.268082420000155, -17.22543590899994], [32.267689431000065, -17.22556291899997], [32.26755943400002, -17.225688928999944], [32.267296442000145, -17.22569092899994], [32.26599247900015, -17.226451988999827], [32.26572848600006, -17.22658], [32.26533549700014, -17.22670800999998], [32.26520650100014, -17.22670800999998], [32.26507650400015, -17.2268340199999], [32.26494650800004, -17.226836019999894], [32.264290527000185, -17.226838019999946], [32.26415753000009, -17.22684001999994], [32.263897538000094, -17.22684001999994], [32.263764541, -17.226716010999894], [32.263501549000125, -17.226590000999977], [32.263241556000025, -17.22646599099994], [32.26205958900016, -17.225715931999957], [32.2613996070001, -17.22546791299993], [32.26061363000019, -17.225217893999968], [32.26009064400006, -17.22509588399987], [32.25995764800007, -17.22509588399987], [32.259827652000126, -17.22509588399987], [32.25969765500014, -17.22509788399998], [32.25747071799998, -17.22523389599985], [32.257340722000095, -17.225234895999847], [32.25707772900006, -17.224983875999953], [32.256943733000185, -17.224733855999943], [32.256943733000185, -17.224607845999913], [32.25681073600009, -17.224355826999954], [32.256680740000036, -17.22422981699998], [32.256676740000046, -17.223977796999918], [32.25679873600018, -17.2223416679999], [32.25679873600018, -17.22208964799995], [32.256668740000066, -17.221963637999977], [32.25666574000019, -17.221712617999913], [32.25653574300003, -17.22158660799994], [32.2564017470001, -17.221588608999866], [32.25640574700009, -17.2217136189999], [32.25614275400011, -17.22183962899993], [32.25588376200017, -17.222093648999817], [32.25574976500019, -17.222093648999817], [32.25575376500012, -17.22221965899996], [32.255490773000076, -17.222221658999842], [32.25444580200019, -17.22260468899998], [32.25431180600009, -17.22260468899998], [32.254181810000034, -17.22260468899998], [32.2540528130001, -17.22273269899995], [32.253807820000134, -17.222734699999933], [32.253804820000084, -17.2222536619999], [32.25379282000017, -17.221395593999944], [32.25356082700006, -17.22075454399993], [32.25355682700007, -17.220539526999914], [32.25332783300013, -17.22011349299993], [32.25310283900018, -17.220115492999923], [32.25265985200019, -17.220336510999914], [32.25243885800006, -17.22034051099996], [32.25243485800007, -17.220125493999944], [32.25220986400012, -17.21991347799991], [32.25219886400009, -17.21927042699997], [32.25197387100019, -17.219058409999946], [32.25175187700012, -17.21906041099993], [32.25174487700008, -17.21863137699995], [32.25151988300013, -17.218419359999928], [32.25151588300014, -17.218206342999963], [32.25129089000012, -17.21799432699993], [32.25128689000013, -17.217781309999964], [32.250580909000064, -17.21500009099998], [32.250351915000124, -17.214572056999828], [32.250344915000085, -17.214143023999952], [32.25011592200002, -17.213717989999964], [32.24988292800015, -17.21307693999995], [32.24965793399997, -17.21286492299987], [32.24851396600019, -17.21073475599985], [32.24772398800019, -17.20993869299997], [32.247715988000095, -17.20962966899998], [32.24738799700003, -17.209017619999884], [32.24706000600014, -17.208405571999947], [32.24673601500007, -17.208102548999932], [32.24608803300009, -17.207493500999874], [32.245759042000145, -17.20719047699987], [32.24543505100007, -17.206885452999927], [32.24479106900009, -17.206585428999972], [32.24446607800013, -17.206282405999957], [32.24414208700006, -17.205977381999958], [32.24413808700007, -17.205670357999963], [32.243818096000155, -17.20567435799984], [32.243490106000024, -17.205370333999895], [32.23670729500003, -17.201762050999946], [32.23638730400012, -17.201765051999928], [32.23639130400011, -17.202072075999922], [32.236074313000074, -17.20238510099989], [32.23575432200016, -17.202391100999876], [32.23543733100013, -17.20270212599985], [32.23480034900018, -17.203019150999978], [32.23448735800014, -17.20364019999994], [32.234167367, -17.203644199999815], [32.234170367000104, -17.203953224999964], [32.233854376000124, -17.204266249999932], [32.23354138500008, -17.204886297999906], [32.23322139400017, -17.204890298999885], [32.23322439400005, -17.205199322999874], [32.232908403000124, -17.20551134799996], [32.2325874120001, -17.205515347999892], [32.23259141200009, -17.205824372999814], [32.23195042999998, -17.205832372999964], [32.23067246600016, -17.206158398999833], [32.22971549300007, -17.206478424999943], [32.22939850200004, -17.20679144999997], [32.229078511000125, -17.20679544999996], [32.22653358300005, -17.208371574999887], [32.226213592000136, -17.20837457499988], [32.226217592000125, -17.208683599999972], [32.22590060100009, -17.208996623999894], [32.22558061000018, -17.209000624999874], [32.22558461000017, -17.209309648999977], [32.225263619000145, -17.209313649999956], [32.22494662800011, -17.209626673999935], [32.2249506280001, -17.20993369799993], [32.22463063700019, -17.209936698999968], [32.224313646000155, -17.210249723999937], [32.224317646000145, -17.210558747999926], [32.22399765500006, -17.210562747999916], [32.22368066400003, -17.210875772999884], [32.22368466400019, -17.211184796999873], [32.223047682000015, -17.21150182199989], [32.22273069100004, -17.211813846999974], [32.22209370900009, -17.212130871999875], [32.22177671800006, -17.212441896999962], [32.22113973600011, -17.212759921999975], [32.22082374500013, -17.21307094699995], [32.21987377200014, -17.214010020999865], [32.219552781000175, -17.214013020999914], [32.21955678100011, -17.214322045999836], [32.219236790000025, -17.214326045999883], [32.21636387100011, -17.215597146999983], [32.21604387999997, -17.21560214699997], [32.21604788000013, -17.215909171999954], [32.215726889000166, -17.215913171999944], [32.2157308890001, -17.216222195999933], [32.21541089800019, -17.216226196999912], [32.215089907, -17.216232196999954], [32.21509390700015, -17.216539220999948], [32.21477691600012, -17.216852245999917], [32.214460925000026, -17.217164270999888], [32.21414393400016, -17.21747729599997], [32.213506952000046, -17.21779432099987], [32.213510952000036, -17.21810134499998], [32.21319096100012, -17.218107345999954], [32.21319396100017, -17.218414369999948], [32.207446123000125, -17.22034052299989], [32.201720285000135, -17.223806797999885], [32.201548290000176, -17.22423383099988], [32.200194328000066, -17.22486688099997], [32.200194328000066, -17.22494588799998], [32.200034333000076, -17.225023893999946], [32.199797338999986, -17.225181905999875], [32.199637344000166, -17.225259912999945], [32.19955734600012, -17.225337918999912], [32.19947734800007, -17.225339918999907], [32.19852337500009, -17.225891962999924], [32.19844337800015, -17.22589296299992], [32.1983633800001, -17.225971968999886], [32.19828338200006, -17.226049974999967], [32.19812338700007, -17.22605197499996], [32.19804238900008, -17.226129981999918], [32.19788639300015, -17.226207987999885], [32.19772639800016, -17.226287993999847], [32.19764640000011, -17.226366], [32.197485405, -17.22644500599995], [32.19740940700012, -17.226523012999905], [32.197329409000076, -17.226601018999816], [32.19724941100003, -17.22660301899998], [32.19708941600004, -17.226605018999976], [32.19708941600004, -17.226681024999948], [32.19692942100005, -17.226683024999943], [32.19684842300006, -17.2267610319999], [32.19677242500018, -17.226840037999978], [32.196608430000026, -17.226841037999975], [32.19652843200015, -17.226843037999856], [32.19645243400009, -17.22692204399982], [32.19637243600005, -17.22692204399982], [32.196211441000116, -17.226923043999875], [32.19605144500002, -17.227004050999938], [32.19589145000003, -17.227005050999935], [32.19573145400011, -17.22708605699995], [32.195410463000144, -17.227166063999846], [32.19390050600015, -17.22795712699991], [32.1938205080001, -17.228035132999878], [32.19373951100005, -17.228035132999878], [32.19373951100005, -17.228114138999956], [32.193659513, -17.228114138999956], [32.193659513, -17.228192144999923], [32.19349951700008, -17.228194144999975], [32.193423520000124, -17.228272150999885], [32.19333952200009, -17.228272151999874], [32.19325952400004, -17.22827415199987], [32.1931025290001, -17.22835215799995], [32.193022531000054, -17.228430163999974], [32.192942533, -17.22843216399997], [32.19286253500013, -17.22843216399997], [32.19278253800019, -17.228510169999936], [32.19270254000014, -17.22851217099992], [32.192622542000095, -17.228590176999887], [32.192462547000105, -17.228592176999882], [32.19238554900011, -17.22867118299996], [32.19230555100006, -17.228749188999927], [32.192225553000014, -17.228749188999927], [32.19214555600007, -17.22875118999997], [32.192065558000024, -17.22882919599988], [32.1919055620001, -17.22883119599993], [32.19182456500005, -17.228909201999898], [32.191744567, -17.228909201999898], [32.19166456900018, -17.228911201999892], [32.191584571000135, -17.228989207999973], [32.191504574000135, -17.228989207999973], [32.19142457600009, -17.228991208999958], [32.19126458, -17.228993208999952], [32.191107585000054, -17.22907321499997], [32.19094758900019, -17.229075214999966], [32.19086759200019, -17.229075214999966], [32.19078759400014, -17.229153221999866], [32.190707596000095, -17.229155221999918], [32.19062759800005, -17.229233227999885], [32.19079159400013, -17.229617257999962], [32.19079459400001, -17.229693263999934], [32.19087559200017, -17.229769269999963], [32.19087559200017, -17.229845275999935], [32.190169612000034, -17.230238306999922], [32.190169612000034, -17.230416320999836], [32.185381747000065, -17.233277547999876], [32.18501175800009, -17.233456561999958], [32.184828763000155, -17.23363357599993], [32.184645768, -17.233635575999926], [32.184462773000064, -17.233813589999897], [32.183909789000154, -17.233994604999964], [32.18353979900007, -17.23434963299985], [32.18335680400014, -17.234351632999903], [32.17156613800012, -17.241148170999963], [32.17119914800014, -17.24132718599992], [32.17101215300005, -17.241506199999947], [32.170829159000164, -17.241506199999947], [32.17045916900014, -17.241508199999828], [32.169906185, -17.241687213999967], [32.16954019500014, -17.241867228999865], [32.16917020500006, -17.241869228999917], [32.16880021600008, -17.242048242999942], [32.168430226, -17.242050242999824], [32.168247231000066, -17.242050242999824], [32.167507252000064, -17.242054243999974], [32.16473033000011, -17.240644133999922], [32.164173345000165, -17.240114091999942], [32.163433366000106, -17.239408036999976], [32.163433366000106, -17.239231022999945], [32.163246371000184, -17.239053008999974], [32.16305937600009, -17.238877994999882], [32.162689387000114, -17.23869998099991], [32.16250239200019, -17.238347952999902], [32.15712754200007, -17.2337545929999], [32.15694054700015, -17.233399564999843], [32.15657055700012, -17.23304653699995], [32.156383561999974, -17.232869522999863], [32.156013573, -17.232693509999933], [32.156013573, -17.23251649599996], [32.15564358300014, -17.23234048199987], [32.14378391400004, -17.223514789999967], [32.143409924000025, -17.22315976199991], [32.14285694000006, -17.222806733999846], [32.14266994500014, -17.22245470699994], [32.14229995500011, -17.22209967899994], [32.14118598600004, -17.221038595999914], [32.14062900200014, -17.220685567999908], [32.14044600700015, -17.22051055399993], [32.140072017000136, -17.22033453999984], [32.13968702700009, -17.21678526099987], [32.13968702700009, -17.21625321899984], [32.139866022000035, -17.215541162999898], [32.140050015999975, -17.21483210699995], [32.140050015999975, -17.214654092999865], [32.13837906300006, -17.21324098199989], [32.13801307300014, -17.213242981999883], [32.13764308300006, -17.21306596799991], [32.13745608900007, -17.21288995499998], [32.137272094000025, -17.21288995499998], [32.13708609900016, -17.21288995499998], [32.136902104000114, -17.212714940999888], [32.136532115000136, -17.212716940999883], [32.13172624900005, -17.21149384599994], [32.13153925400013, -17.21113881799988], [32.131165265, -17.210606775999906], [32.13097827000007, -17.210076734999916], [32.13079527500014, -17.209898720999945], [32.13060828000005, -17.20972170699997], [32.13060828000005, -17.209544692999884], [32.130421285000125, -17.209368678999965], [32.130238290000136, -17.209191664999878], [32.129494311000144, -17.208128581999972], [32.12835434100015, -17.200677994999978], [32.12835034100016, -17.20050098099989], [32.128167346000055, -17.200322966999977], [32.128163346000065, -17.199968938999916], [32.12797635100014, -17.19943689699994], [32.12797635100014, -17.199081868999883], [32.12778935600005, -17.198726840999825], [32.12778935600005, -17.19854982699991], [32.12760236100007, -17.198551826999903], [32.12760236100007, -17.198373812999932], [32.12388746400012, -17.192886381999926], [32.12314348500013, -17.19200131199989], [32.122956490000036, -17.191646283999887], [32.12277349500005, -17.19164828499987], [32.12277349500005, -17.19147026999991], [32.12239950500003, -17.19111624299984], [32.12184652100012, -17.190585200999976], [32.121102542000074, -17.18988014599995], [32.12054955700006, -17.189527117999887], [32.11461772200016, -17.18493575799988], [32.114247733000184, -17.184403715999906], [32.11406073800009, -17.184048687999848], [32.11387774300016, -17.18387267399993], [32.11350375300009, -17.18316361799998], [32.11313376400011, -17.18298760399989], [32.1127597740001, -17.1824575629999], [32.112389784000015, -17.182102534999956], [32.10884588099998, -17.17377487899995], [32.1087888830001, -17.17335484599994], [32.11159280400017, -17.17300581799998], [32.11168380100014, -17.17300581799998], [32.11260777500007, -17.17300281699994], [32.11288576800007, -17.173000816999945], [32.11306876200007, -17.173000816999945], [32.11334775500018, -17.172910809999962], [32.11362174700008, -17.172908809999967], [32.11869960400003, -17.172977813999978], [32.118790602000104, -17.172977813999978], [32.11897759600015, -17.172975813999926], [32.11906959400011, -17.172975812999937], [32.119347586000174, -17.17288580599984], [32.11953058100016, -17.17288580599984], [32.119713576000095, -17.17288380599996], [32.11990057000014, -17.17288380599996], [32.12008356500007, -17.17279479899986], [32.123128479000115, -17.172071740999968], [32.12321947700019, -17.171981733999928], [32.12340247200012, -17.171891726999945], [32.123494469000036, -17.171804719999898], [32.12358546600018, -17.171714712999915], [32.12367746400014, -17.17153769899994], [32.12395545600009, -17.171357684999975], [32.124230448000105, -17.171178669999904], [32.12460043800013, -17.170823641999903], [32.12496642700012, -17.170644627999934], [32.125241420000066, -17.170375606999983], [32.12772434900006, -17.167703394999933], [32.127816346000145, -17.16761338799995], [32.127907344, -17.167436373999976], [32.12809033900015, -17.16725835999989], [32.12827433300009, -17.167169352999906], [32.128827318000106, -17.16663331099994], [32.12910131000007, -17.16636628999987], [32.129380302000015, -17.16618827499991], [32.13682209100017, -17.158524668999974], [32.141391961000124, -17.154511350999826], [32.14148395800015, -17.154509350999945], [32.14176195100015, -17.154509350999945], [32.14434887800007, -17.154852376999884], [32.144439875000046, -17.154852376999884], [32.14462687000014, -17.154852376999884], [32.14480986500013, -17.15494038399987], [32.145088857000076, -17.155028390999973], [32.14554984400013, -17.15511339799997], [32.14591983400004, -17.1552014049999], [32.146289824000064, -17.1552894109999], [32.14656481600008, -17.155287410999904], [32.151462678000144, -17.15615547799996], [32.15164567300013, -17.156153477999965], [32.151832668000054, -17.156153477999965], [32.15220265800008, -17.1562394849999], [32.152664645000016, -17.15632649199989], [32.15303063400006, -17.156325490999905], [32.15330862700006, -17.156412497999895], [32.15561656200015, -17.15675852499993], [32.15580355700007, -17.15675852499993], [32.15598655100007, -17.156756524999878], [32.15617354600005, -17.156756523999945], [32.15644853800006, -17.15675452399995], [32.15672653100006, -17.15675452399995], [32.15718851800017, -17.1567525239999], [32.157463510000184, -17.15666051699992], [32.16004543700018, -17.15602946599995], [32.16041542700009, -17.155850451999868], [32.160690419000105, -17.155760444999885], [32.160877414000026, -17.15575844499989], [32.161243403000185, -17.155581429999813], [32.16152239600012, -17.15548942299995], [32.16188838500011, -17.15548942299995], [32.16354333800018, -17.15415031699996], [32.16363533600014, -17.153973302999873], [32.16372633300011, -17.153794288999904], [32.163913328000035, -17.15370428199992], [32.16400532500012, -17.15352626799995], [32.16409632299997, -17.15325924699988], [32.16418432000006, -17.153082232999964], [32.164276317000144, -17.152905218999877], [32.16436731500005, -17.15263819799992], [32.164459312000076, -17.152460182999846], [32.164646307, -17.152281168999934], [32.1649092990001, -17.149705965999942], [32.1649092990001, -17.149617958999954], [32.1649092990001, -17.149438944999872], [32.16490529900011, -17.14899690999988], [32.16490129900018, -17.148463867999965], [32.1648103010001, -17.14810983999996], [32.164146319000054, -17.144117524999956], [32.164142319000064, -17.14393951099987], [32.163024349000125, -17.14146531699987], [32.163116347000084, -17.141463315999886], [32.163116347000084, -17.14119829499998], [32.16329934100014, -17.140664252999954], [32.16348233600007, -17.140397231999884], [32.164398310000024, -17.139062126999818], [32.164768300000105, -17.138883111999917], [32.164951294000105, -17.138793104999934], [32.165321284000186, -17.13870309799995], [32.16559627600003, -17.138524083999982], [32.165870268000106, -17.138435076999883], [32.166057263000084, -17.1383450699999], [32.16881918500013, -17.13726698399995], [32.16891118300009, -17.13726698399995], [32.16900618000005, -17.137178976999962], [32.16928117200007, -17.137087969999982], [32.16946416700006, -17.136910955999895], [32.16964716200016, -17.13673094099994], [32.169925154000055, -17.136553926999966], [32.170291144000146, -17.136019884999882], [32.170475138000086, -17.135662856999943], [32.17147410900009, -17.13228658999998], [32.17156610700005, -17.13201956899985], [32.17165710400019, -17.131842554999935], [32.1717491010001, -17.13157553399998], [32.171928096000045, -17.130863477999924], [32.17210709100004, -17.129974407999896], [32.17219908800013, -17.129530372999966], [32.17427402700008, -17.119403572999943], [32.17427402700008, -17.11922655899997], [32.17427002700015, -17.1189595379999], [32.17427002700015, -17.118426495999927], [32.17426602700016, -17.11815947499997], [32.17426602700016, -17.117894453999952], [32.17536499500011, -17.11629232699994], [32.17555199000009, -17.11611331299997], [32.17573498500019, -17.115846291999958], [32.176009977000035, -17.115668277999873], [32.17619297199997, -17.115401256999917], [32.1764669640001, -17.115132234999976], [32.17683795300013, -17.114776206999977], [32.17720394300005, -17.114509185999907], [32.17757393300013, -17.114240164999956], [32.17803192000008, -17.11388313599997], [32.180701844, -17.112718043999962], [32.18079284200007, -17.112718043999962], [32.18107183400008, -17.112716042999978], [32.181349826000144, -17.112716042999978], [32.18282678500009, -17.112620034999907], [32.18411574800007, -17.112615034999976], [32.185778702000164, -17.112607033999893], [32.1862406890001, -17.11260503299991], [32.19316349400009, -17.113462098999946], [32.193472486000076, -17.11338309299998]]]]}}, {"type": "Feature", "properties": {"GID_3": "ZWE.5.8.24_2", "GID_0": "ZWE", "COUNTRY": "Zimbabwe", "GID_1": "ZWE.5_1", "NAME_1": "Mashonaland East", "NL_NAME_1": "NA", "GID_2": "ZWE.5.8_2", "NAME_2": "Mutoko", "NL_NAME_2": "NA", "NAME_3": "Ward 4", "VARNAME_3": "NA", "NL_NAME_3": "NA", "TYPE_3": "Ward", "ENGTYPE_3": "Ward", "CC_3": "NA", "HASC_3": "NA", "id": "ZWE.5.8.24_2", "name": "Ward 4"}, "geometry": {"type": "MultiPolygon", "coordinates": [[[[32.292823710000164, -17.172187705999875], [32.29294170600019, -17.17207169699998], [32.29303370400015, -17.1718916829999], [32.293125701, -17.171802675999913], [32.293121701000075, -17.171714668999925], [32.293212699000094, -17.17171266799994], [32.293212699000094, -17.171624661999942], [32.29330469600018, -17.171535654999957], [32.29330069600019, -17.17135763999994], [32.29330069600019, -17.17127063399994], [32.29338869300011, -17.171090618999813], [32.29338869300011, -17.170913604999896], [32.29347669100014, -17.17064658399994], [32.29346869100016, -17.17020354899995], [32.293643686000166, -17.16949449299989], [32.29363668600013, -17.169139465999933], [32.2937276830001, -17.16896245199996], [32.29381568100007, -17.168605422999974], [32.29390367800016, -17.1683404019999], [32.29399067600008, -17.16816138799993], [32.29408267300016, -17.167894366999917], [32.29417067100013, -17.167716352999946], [32.29416667100003, -17.167539338999973], [32.294258668000055, -17.167361324999888], [32.29425066800013, -17.166829282999913], [32.294025674000125, -17.16399905999998], [32.294025674000125, -17.163911052999936], [32.29411367100005, -17.163734038999962], [32.29410967100006, -17.163467017999892], [32.29419666899997, -17.16320199699993], [32.294189669000104, -17.16266895499996], [32.29427766600003, -17.162314926999954], [32.294269666000105, -17.16187189199991], [32.294357664000074, -17.16142785699992], [32.29434566400016, -17.16071980099997], [32.29434566400016, -17.160542786999883], [32.294433661000085, -17.16036477299997], [32.294429661000095, -17.160187758999825], [32.294521659000054, -17.160008744999914], [32.294608656000094, -17.159741723999957], [32.29470065400005, -17.159563709999873], [32.29469665400006, -17.159386695999956], [32.29478865100015, -17.159296688999973], [32.29496764600009, -17.158940660999917], [32.294963646000156, -17.15885265399993], [32.29514664100009, -17.158583632999978], [32.29523463800018, -17.158405618999893], [32.29541763300011, -17.15822660499998], [32.29559662800011, -17.158047589999853], [32.295772623000175, -17.157513547999883], [32.2958606200001, -17.157068512999842], [32.295848620000186, -17.156273449999958], [32.29584162000015, -17.155831415999955], [32.301624454000034, -17.14167529799994], [32.301624454000034, -17.14158729099995], [32.30171545200011, -17.141585289999966], [32.30171145200012, -17.141408275999936], [32.301807449000194, -17.141408275999936], [32.30189544600006, -17.141318268999953], [32.301986444000136, -17.141317268999956], [32.30207844100005, -17.141139254999928], [32.31910996100004, -17.134802750999825], [32.31910996100004, -17.13471274399984], [32.31920195800012, -17.13471274399984], [32.31929295600003, -17.134623736999913], [32.32365383200005, -17.13066942399996], [32.32374483000012, -17.130667423999967], [32.32420681700006, -17.13074942999998], [32.32803670800013, -17.128050215999963], [32.32812770600003, -17.12796020899998], [32.32821970300006, -17.12796020899998], [32.32831070000009, -17.12787120199988], [32.32849369500019, -17.12786720199989], [32.32895168199997, -17.12777319399993], [32.32932167200005, -17.127768193999884], [32.329596664000064, -17.127764192999905], [32.329966654000145, -17.127760192999858], [32.33024164600016, -17.12775619199988], [32.330515638000065, -17.127663184999903], [32.330698633, -17.12766118499991], [32.331343615000094, -17.127651183999888], [32.331526610000026, -17.127649183999893], [32.33180560200003, -17.12764618299991], [32.33198459700003, -17.127466168999945], [32.332262589000095, -17.127462168999955], [32.33244258400015, -17.12728315499993], [32.33262557900014, -17.127192146999903], [32.33289957100004, -17.127100139999868], [32.333083566000084, -17.127009132999888], [32.333266561000016, -17.12691712599991], [32.33354055300015, -17.126825117999942], [32.33381954500015, -17.12682211799995], [32.33390654300007, -17.126732110999967], [32.334185535000074, -17.126640102999886], [32.33436453000019, -17.126461088999918], [32.3344565270001, -17.126371081999935], [32.33463552200004, -17.12610306099998], [32.33491051500016, -17.125921046999906], [32.33499751199997, -17.12565402499996], [32.335085509000066, -17.12547701099993], [32.33517750700008, -17.125209989999973], [32.33526550400012, -17.125119982999877], [32.335356502000025, -17.124942968999903], [32.335352502000035, -17.124764954999932], [32.33544449900012, -17.124675947999947], [32.33544049900013, -17.12449793399992], [32.33543649899997, -17.124232912999958], [32.335524497000165, -17.123965891999887], [32.33561549400014, -17.123786877999976], [32.335703492000164, -17.12360986399989], [32.335886486, -17.123429849999923], [32.33643247100014, -17.12289080699992], [32.336611466000136, -17.122710792999953], [32.33688645800015, -17.12253177899987], [32.33724844800008, -17.122260756999935], [32.3375234400001, -17.12199173599987], [32.33788543000003, -17.121543699999847], [32.33806542500008, -17.121274678999953], [32.33824442000008, -17.1209176509999], [32.33842341400015, -17.12073863699993], [32.338515412000106, -17.120561622999958], [32.338694407000105, -17.120381608999878], [32.33878540400008, -17.120202593999977], [32.33887340200005, -17.12002557999989], [32.3390563960001, -17.11975655899994], [32.33914439400007, -17.119578544999968], [32.339236391000156, -17.119399530999885], [32.33932338900007, -17.11922251699997], [32.339415386000155, -17.11913250999993], [32.339503384000125, -17.118865488999916], [32.339590381000164, -17.118688474999942], [32.339678379000134, -17.118421453999872], [32.33977037600005, -17.118241438999974], [32.33986137300019, -17.11815243199993], [32.34004136800007, -17.11797241799985], [32.340224363000175, -17.11779340399994], [32.340403358000174, -17.11761438999997], [32.340586353000106, -17.117522381999834], [32.34067835000019, -17.117433374999905], [32.34086134500012, -17.11725336099994], [32.340948343000036, -17.11707434699997], [32.34104034000012, -17.116984339999874], [32.34110933800014, -17.116918334999923], [32.34127333300012, -17.11707034699998], [32.34746016300005, -17.1311444559999], [32.34948610800012, -17.137489955999854], [32.34967610300009, -17.137840982999933], [32.34967610300009, -17.138018996999904], [32.34968010300008, -17.138108003999832], [32.34968010300008, -17.138196010999934], [32.357904874000155, -17.14667267799996], [32.36551066200013, -17.15684047799988], [32.36979854400016, -17.16652023999984], [32.36998953900007, -17.166961274999892], [32.37008453700008, -17.1673143029999], [32.37008853599997, -17.167402309999886], [32.37008853700007, -17.16748931699982], [32.37735533500006, -17.17952026399996], [32.377637327000116, -17.17995929799997], [32.37782832200003, -17.18031132599998], [32.37782832200003, -17.18039933299997], [32.38803603800011, -17.191858233999938], [32.387944041000026, -17.191860233999932], [32.38528911700013, -17.19932382299993], [32.380769247000046, -17.21133877099993], [32.380773247000036, -17.21142677699993], [32.38068125000018, -17.211605791999887], [32.38059025299998, -17.21169579899987], [32.38059425300014, -17.211872812999957], [32.38059425300014, -17.211960819999945], [32.38059725200014, -17.212048826999933], [32.380784247000065, -17.212223839999865], [32.380876245000024, -17.21222183999987], [32.380876245000024, -17.212311846999967], [32.380967242, -17.212309846999972], [32.38097124200016, -17.21239785399996], [32.38115823700008, -17.21257286799988], [32.381345232, -17.21283688799997], [32.38171522099998, -17.21309590899989], [32.38190621600006, -17.21335892899998], [32.38190621600006, -17.213448936999953], [32.38209321099998, -17.21362194999989], [32.38209721100014, -17.213887970999963], [32.382192208000106, -17.21406498499988], [32.38228720600017, -17.21423999899997], [32.38247420000016, -17.21450401999988], [32.38266119500008, -17.214590025999883], [32.38266119500008, -17.214677032999873], [32.3827531930001, -17.21467503299982], [32.3827531930001, -17.214765039999975], [32.38284819000006, -17.21476303999998], [32.38312318200008, -17.214849046999916], [32.38321817899998, -17.21484704599993], [32.38340117400014, -17.214845045999937], [32.3834931720001, -17.21484304599994], [32.38358416900007, -17.214841045999947], [32.383771164, -17.214927052999883], [32.38432414800013, -17.21509706599994], [32.384603141000184, -17.215270078999936], [32.38479013500006, -17.215446092999912], [32.38497713000015, -17.215619106999952], [32.385259122000036, -17.215881126999932], [32.3853541200001, -17.216056140999967], [32.38544611700013, -17.216056140999967], [32.385537115000034, -17.216144147999955], [32.38572410900002, -17.21623015499995], [32.38581610700004, -17.216228154999897], [32.38590710400018, -17.216316160999895], [32.38600310200013, -17.2163141609999], [32.386094099000104, -17.21640116799989], [32.38637309100011, -17.216485174999946], [32.38655608600004, -17.216484174999948], [32.38655608600004, -17.21657118099995], [32.386651083000174, -17.21657118099995], [32.386743081000134, -17.216569180999954], [32.38683407800016, -17.216657187999942], [32.38701807299998, -17.216653187999952], [32.38720406800019, -17.2167391939999], [32.387300065000034, -17.216827200999887], [32.38739106300011, -17.216827200999887], [32.38748306000019, -17.216913207999823], [32.38776105200009, -17.216909207999947], [32.387944047000076, -17.216907207999952], [32.38831103700005, -17.216901206999978], [32.38849803200014, -17.216899206999926], [32.38868102600003, -17.216808199999946], [32.388772024000104, -17.216808199999946], [32.388955019000036, -17.216804198999967], [32.38904701600012, -17.21671419199987], [32.38923001100005, -17.216712191999875], [32.389322008000136, -17.21662318499989], [32.389322008000136, -17.216533177999906], [32.389413005999984, -17.216533177999906], [32.38950500300007, -17.216443170999923], [32.38959200100015, -17.216354163999938], [32.38977599500009, -17.21626215599997], [32.38995899000008, -17.216171148999877], [32.3900499880001, -17.216081141999894], [32.390141985000184, -17.21599113499991], [32.390141985000184, -17.215904127999977], [32.39023298300009, -17.215902127999982], [32.39032098000018, -17.215812120999942], [32.39253391800014, -17.215694110999948], [32.39262491500011, -17.215692110999953], [32.39271691300007, -17.215690110999958], [32.392807910000045, -17.215690110999958], [32.39308290200006, -17.21568610999998], [32.39326989699998, -17.215682109999932], [32.393543889000114, -17.21567910899995], [32.39391387899997, -17.21567510899996], [32.39400587600005, -17.215673108999965], [32.394463863, -17.215667107999934], [32.39465085800015, -17.215663107999944], [32.394924851000155, -17.215660107999952], [32.39538683800009, -17.215566099999933], [32.39575282700008, -17.215471092999962], [32.39611881700017, -17.215290077999896], [32.396298812000055, -17.21511006399993], [32.39638980900003, -17.215108063999935], [32.39638980900003, -17.21493104999996], [32.39638580900004, -17.214843042999973], [32.39638580900004, -17.214666028999943], [32.39638280900016, -17.214578021999955], [32.39647380700006, -17.214488014999972], [32.39647380700006, -17.214399007999873], [32.396469807000074, -17.214311000999885], [32.39665280200006, -17.214131986999917], [32.39674479900009, -17.214041979999934], [32.3967407990001, -17.21395197299995], [32.39683679600017, -17.21395197299995], [32.397015791000115, -17.213770957999884], [32.397198786000104, -17.2136819509999], [32.397381781000036, -17.21358994399992], [32.397564776000024, -17.21349893699994], [32.39765677300005, -17.213408929999957], [32.39774777100013, -17.213318922999974], [32.39774377100014, -17.213230915999873], [32.39793076500018, -17.21322791499989], [32.39792776500008, -17.213139907999903], [32.39801876300015, -17.213137907999908], [32.398110760000066, -17.213047900999925], [32.39820175800014, -17.21295889399994], [32.39838475300007, -17.21286688699996], [32.39847675000016, -17.212777879999976], [32.39856474700002, -17.21268787299988], [32.3986557450001, -17.212597864999907], [32.39883874000009, -17.21241885099994], [32.398930737000114, -17.212328843999956], [32.40083368300003, -17.21026668099995], [32.400921681, -17.21008766699987], [32.40091768100007, -17.209822645999964], [32.401009678000094, -17.20964363199988], [32.40109767500019, -17.20946561799991], [32.4011846730001, -17.209198596999954], [32.4011846730001, -17.209111589999907], [32.40118067300011, -17.208933575999936], [32.40108567599998, -17.208758561999957], [32.40089868100006, -17.208582548999857], [32.40080368300005, -17.208407534999935], [32.400620689000164, -17.208321527999942], [32.400524691000044, -17.208056506999924], [32.40042969400008, -17.20797049999993], [32.40024269900016, -17.20779548699994], [32.40024269900016, -17.20770747999984], [32.40015170200019, -17.20770947999989], [32.40014770200003, -17.20761947299991], [32.40005570400007, -17.207621472999904], [32.40023869900017, -17.207529465999926], [32.400517691000175, -17.207526464999944], [32.40079168400018, -17.207522464999897], [32.400883681000096, -17.20743245799997], [32.40097467800007, -17.20743045799992], [32.40115867300011, -17.207428457999924], [32.40124967100013, -17.20742645699994], [32.401436665000176, -17.207512463999933], [32.40180665500003, -17.207596470999874], [32.402085647000035, -17.207682476999878], [32.402268642000024, -17.207768483999928], [32.40235963900017, -17.207766483999933], [32.402455637000116, -17.207764483999938], [32.40263863200005, -17.207762483999943], [32.40291262400018, -17.207671475999973], [32.403187616000025, -17.207667475999813], [32.40355760600005, -17.20757146799997], [32.403832598000065, -17.207480460999875], [32.404015593000054, -17.207388453999897], [32.404198588000156, -17.20729944699991], [32.404381583000145, -17.207295445999932], [32.404934567000055, -17.207287445999896], [32.405300557000146, -17.207283444999916], [32.40576254400008, -17.207276444999877], [32.40612853300007, -17.207272443999898], [32.40649852300015, -17.207266443999913], [32.40705150700006, -17.207259442999884], [32.40751349400017, -17.20725344199991], [32.40778848700012, -17.207337448999965], [32.40806647900018, -17.207421454999974], [32.408249474000115, -17.20741945499998], [32.40834447100008, -17.207507461999967], [32.40852846600012, -17.20750346199992], [32.40889845600003, -17.207676474999914], [32.409176448000096, -17.20776048199997], [32.409733432000166, -17.20793049499997], [32.409916427000155, -17.207926494999924], [32.41019141900017, -17.207922493999945], [32.41037841400009, -17.20792049399995], [32.41065240600017, -17.207917493999958], [32.410744404000184, -17.207915493999906], [32.410744404000184, -17.207827486999975], [32.410835401000156, -17.207737479999935], [32.41101939599997, -17.20764647199985], [32.41119839100014, -17.207466457999942], [32.41147338300016, -17.20737545099996], [32.411656378000146, -17.207196436999936], [32.41183937300008, -17.20710442999996], [32.41183537300009, -17.207014421999872], [32.41192637000006, -17.206925414999944], [32.412388357, -17.206919414999902], [32.41275434700009, -17.206826406999937], [32.41292634200005, -17.206824406999942], [32.41293434199997, -17.207157432999963], [32.41293434199997, -17.207257440999967], [32.412831345000086, -17.207259441999895], [32.412834345000135, -17.207655472999875], [32.41273134800008, -17.20765747299987], [32.41273534800007, -17.207756480999876], [32.41263235100013, -17.20775848099987], [32.41263235100013, -17.207857488999878], [32.41252935400007, -17.20795949699982], [32.412533354, -17.208256519999964], [32.412430356000016, -17.20825851999996], [32.412434356000176, -17.20855654399992], [32.41233535900005, -17.208655551999925], [32.41233535900005, -17.208853566999892], [32.41223536200005, -17.208954574999893], [32.41223936200004, -17.20915359099996], [32.41203736800003, -17.20955362199993], [32.41193437100014, -17.209654629999932], [32.411938371000076, -17.20975363799994], [32.411938371000076, -17.209853645999942], [32.41183937400018, -17.210053661999893], [32.41183937400018, -17.2101526699999], [32.41173637600019, -17.21025167799985], [32.411740376000125, -17.21045069299987], [32.41164037900012, -17.21065070899982], [32.41164037900012, -17.210749716999942], [32.41123239100011, -17.211052740999946], [32.41123239100011, -17.211151748999953], [32.41113339399999, -17.211253756999895], [32.411030397000104, -17.21125475699995], [32.410927399000116, -17.21135676499989], [32.41072140500012, -17.211457772999893], [32.41061840800006, -17.211558780999894], [32.410622408, -17.2116577889999], [32.41051941100011, -17.211659788999896], [32.410416414, -17.211760796999897], [32.41042041400016, -17.21205781999987], [32.41042441400015, -17.212256835999938], [32.410427414000026, -17.21245485099996], [32.41032441700014, -17.212555858999963], [32.41032441700014, -17.212654866999912], [32.41022142000003, -17.212656866999964], [32.41022542000019, -17.21275687499991], [32.410019425000144, -17.212857882999913], [32.409813431000146, -17.21296089099991], [32.40971043400003, -17.2129608919999], [32.40755949500016, -17.214182987999948], [32.405953541000144, -17.217481248999945], [32.40585754400013, -17.217880279999974], [32.40586154400012, -17.218177302999948], [32.40566354900017, -17.218776350999974], [32.4056675490001, -17.219074373999945], [32.40556755200009, -17.219274389999953], [32.40557155200008, -17.21947240599991], [32.40557155200008, -17.219572412999923], [32.405579552, -17.22016745999997], [32.40558355200017, -17.220365475999927], [32.40568954900016, -17.220561490999955], [32.40569354900015, -17.22076050699991], [32.40569754900014, -17.221057529999882], [32.40570154900007, -17.221454561999963], [32.40570554900006, -17.22165257699993], [32.40570554900006, -17.221752584999933], [32.40499156900012, -17.22245764099989], [32.40488857200006, -17.222459640999887], [32.40468657800005, -17.222560648999888], [32.40468657800005, -17.222759664999955], [32.40458358100011, -17.22276166499995], [32.4045875810001, -17.222860672999957], [32.404484584000045, -17.222862672999952], [32.404484584000045, -17.22296168099996], [32.404381586000056, -17.222963680999953], [32.404381586000056, -17.22306268899996], [32.404282589000104, -17.223161695999977], [32.404179592, -17.22326270399998], [32.404080595000096, -17.223463719999927], [32.404080595000096, -17.223562727999933], [32.40397759799998, -17.223663735999878], [32.40398059800009, -17.223762743999885], [32.40398059800009, -17.22386175199989], [32.40398459800002, -17.22406076699997], [32.40398459800002, -17.224258782999982], [32.404087595000135, -17.22425678299993], [32.404091595000125, -17.224355790999937], [32.40326761800003, -17.224666814999978], [32.40306562400002, -17.224767822999922], [32.40275663300014, -17.224969838999925], [32.40255063800004, -17.22507284699992], [32.40244764100015, -17.225074847999906], [32.40224564700014, -17.225175855999908], [32.402039653000145, -17.225179855999897], [32.40183365900015, -17.2252808639999], [32.40173066200009, -17.225282863999894], [32.40173066200009, -17.2253818719999], [32.40162766500015, -17.225383871999895], [32.40162766500015, -17.225482879999845], [32.40152866700015, -17.22558388799996], [32.40152866700015, -17.22578290399997], [32.40153166700003, -17.22588191099993], [32.40153566700019, -17.226278942999897], [32.401436670000066, -17.2263799509999], [32.401436670000066, -17.226577965999923], [32.40133367300018, -17.226579965999917], [32.40133767300017, -17.226678973999867], [32.40123467600006, -17.226777981999874], [32.40123867600005, -17.22697699799994], [32.40113567900016, -17.227078005999942], [32.40103268200005, -17.227179013999944], [32.40103668200004, -17.22727802099996], [32.40083068700011, -17.227480036999964], [32.4007306900001, -17.227580044999968], [32.4007306900001, -17.227679052999918], [32.40062769300005, -17.227681052999912], [32.400524696000105, -17.227782060999914], [32.40042169900005, -17.22778406099991], [32.400322702000096, -17.227984076999917], [32.40021970500004, -17.22808308499998], [32.4001167080001, -17.22818409299998], [32.40012070800009, -17.228482116999942], [32.40002171000009, -17.228583124999943], [32.40002571000002, -17.22898015599992], [32.399925713000016, -17.22927917899989], [32.399929713000176, -17.229577202999963], [32.399830716000054, -17.22977721899997], [32.39983471600004, -17.229975233999937], [32.39973571900015, -17.230175249999945], [32.399632722000035, -17.23027525799995], [32.399632722000035, -17.2303742659999], [32.399636722000025, -17.230574280999917], [32.39953672500019, -17.230772296999874], [32.399433728000076, -17.230874304999872], [32.39933473000008, -17.231074320999937], [32.39912873600008, -17.23127633699994], [32.39902973900013, -17.231375344999947], [32.39892674200007, -17.231476352999948], [32.398823745000186, -17.23157736099995], [32.39872074800007, -17.231678368999894], [32.39872474800006, -17.2317783769999], [32.39862175100012, -17.2318793849999], [32.39841975600007, -17.232277415999874], [32.398319759, -17.232478431999937], [32.39822076200011, -17.232678447999945], [32.39801476800011, -17.232878462999963], [32.3978127740001, -17.23308047899991], [32.39761078000009, -17.23348151099998], [32.39751178200004, -17.233580518999872], [32.39740878500015, -17.233780534999937], [32.39741278500014, -17.233979549999958], [32.397312788000136, -17.234278573999916], [32.39721379100018, -17.234478589999924], [32.397011797000175, -17.23477861299989], [32.396599808000076, -17.23498462999987], [32.39640181400006, -17.235383660999958], [32.39629881700017, -17.235384660999955], [32.39629881700017, -17.23548466899996], [32.396092823000174, -17.23548766899995], [32.39363589200019, -17.23710979799995], [32.39353289500008, -17.237111797999944], [32.39342989800019, -17.237212805999945], [32.393227904000184, -17.237313813999947], [32.39291891200003, -17.23741882199994], [32.39271291800003, -17.23751982999994], [32.39260992100009, -17.237521829999935], [32.39260992100009, -17.237620837999884], [32.39250692400003, -17.237622837999936], [32.39240392700009, -17.23772384599988], [32.39230093000003, -17.23772384599988], [32.39230493000019, -17.237822853999887], [32.39220193300008, -17.237824853999882], [32.392098936000025, -17.237925861999884], [32.391892941000094, -17.238026869999885], [32.39179394400003, -17.238127877999887], [32.391690947000086, -17.23832789399995], [32.39148495300009, -17.238430901999948], [32.39138495600008, -17.23853090999995], [32.39138495600008, -17.23862991799996], [32.391285959000186, -17.23882993399991], [32.39118296200007, -17.23893094199991], [32.391083964000075, -17.23913095699993], [32.391087964, -17.239329972999883], [32.39098496700012, -17.239430980999884], [32.39098896700011, -17.239628996999954], [32.39088597, -17.23963099699995], [32.39088597, -17.239730004999956], [32.390888970000105, -17.239929019999977], [32.39089297000004, -17.24022604399994], [32.39078997300015, -17.240425058999904], [32.39079397300014, -17.240625074999855], [32.39069497600019, -17.24082309099998], [32.39069897600018, -17.241022105999946], [32.39059597900007, -17.241123113999947], [32.39059997900006, -17.24132112999996], [32.39049698200017, -17.24152114599991], [32.39049998200005, -17.241621153999915], [32.39029398700018, -17.24172416199991], [32.390194990000055, -17.24192217699988], [32.389988996000056, -17.24212419299988], [32.38988599900017, -17.242225200999883], [32.389889999000104, -17.24242421699995], [32.38979100200004, -17.242624232999958], [32.38979500199997, -17.242822247999925], [32.389692005000086, -17.243022263999933], [32.389699005000125, -17.243419294999853], [32.38959600700014, -17.243518302999973], [32.389493010000024, -17.243619310999975], [32.38939401300013, -17.243721318999974], [32.389291016000016, -17.243921334999982], [32.38908902200018, -17.24422035899994], [32.38899002500011, -17.244321366999884], [32.38899002500011, -17.244421374999888], [32.38888702800017, -17.244422374999886], [32.388784031000114, -17.244524382999884], [32.388681033000125, -17.244625390999886], [32.38847903900006, -17.24482540699995], [32.38827304500012, -17.244928414999947], [32.38827604500017, -17.245027421999964], [32.388173048000056, -17.24512642999997], [32.38807405100016, -17.245327445999976], [32.38807805100015, -17.245624469999882], [32.38807805100015, -17.2457234769999], [32.388185048000025, -17.24592249299991], [32.38829204500007, -17.24611850799988], [32.38860403600006, -17.246511538999982], [32.388608036, -17.246610546999932], [32.38871103300011, -17.246608546999937], [32.38871103300011, -17.246707554999944], [32.38894002700005, -17.2481936719999], [32.388807031000056, -17.248498695999842], [32.388807031000056, -17.24868971099994], [32.388810031000105, -17.2487527159999], [32.388814031000095, -17.249006735999956], [32.388814031000095, -17.24919775099994], [32.388818031000085, -17.2492597559999], [32.388753033, -17.249387765999927], [32.388753033, -17.249515775999953], [32.38868803500014, -17.249580780999906], [32.38869203400003, -17.24970679099988], [32.38869203400003, -17.249834800999963], [32.38869203500013, -17.24989780599998], [32.38869603400019, -17.24995981099994], [32.38876103300015, -17.24995981099994], [32.38876103300015, -17.25008582099997], [32.38883003100017, -17.25014882599993], [32.38889802900013, -17.25027483599996], [32.38889802900013, -17.250337840999975], [32.38896702700015, -17.250463849999903], [32.389032025000176, -17.250526854999976], [32.38910002300014, -17.25071786999996], [32.389238019000175, -17.250904884999954], [32.389440014000115, -17.25121890999992], [32.38950501200014, -17.25121890999992], [32.38950501200014, -17.251281914999822], [32.390171993000024, -17.25177995399997], [32.390236992000155, -17.25177995399997], [32.39030599000017, -17.25184095899988], [32.39050398400019, -17.251901962999966], [32.39063798000012, -17.25196296799993], [32.39070297800015, -17.25196296799993], [32.39070297800015, -17.25202597299983], [32.39070597800003, -17.252090977999956], [32.39077097699999, -17.25221698799993], [32.39077497700015, -17.25234299799996], [32.39077497700015, -17.25240600299992], [32.390778976000036, -17.252533012999947], [32.39077897700014, -17.252724027999932], [32.39071397800018, -17.252724027999932], [32.39071797800017, -17.252852037999958], [32.39064898000015, -17.252915042999916], [32.390652980000084, -17.252980047999813], [32.390587982000056, -17.253043052999942], [32.390587982000056, -17.25310805799984], [32.39052298400003, -17.25310805799984], [32.39052298400003, -17.253171062999968], [32.390457986000115, -17.25329807299994], [32.39039398799997, -17.25336307799995], [32.390263991000154, -17.25349308899996], [32.390198993000126, -17.253556093999975], [32.390198993000126, -17.25362109899993], [32.39013399500004, -17.25362109899993], [32.39013399500004, -17.253684103999888], [32.390068997000185, -17.253686103999883], [32.390068997000185, -17.25387611899987], [32.390072997000175, -17.2540021289999], [32.390072997000175, -17.254130138999926], [32.3900809970001, -17.25457417399997], [32.39014899500006, -17.254763188999902], [32.39014899500006, -17.254889198999933], [32.39021799300008, -17.254952203999835], [32.39062598200019, -17.25589827799996], [32.39148795699998, -17.25607729199993], [32.39155295600011, -17.256075291999935], [32.39394488900007, -17.257184377999977], [32.394013887000085, -17.257309387999896], [32.394150883000066, -17.25749840299983], [32.394150883000066, -17.257561407999958], [32.39421988100008, -17.257687417999932], [32.39428487900011, -17.257813427999963], [32.394352877000074, -17.25787643299992], [32.39442187500009, -17.258002442999953], [32.39442187500009, -17.258193457999937], [32.39449087400004, -17.258318467999914], [32.39449387400009, -17.258444477999944], [32.39449387400009, -17.258509482999898], [32.39449387400009, -17.25863549299993], [32.39449787299998, -17.25869849799983], [32.39449787299998, -17.258763502999955], [32.39443287500012, -17.258826507999913], [32.39430387900012, -17.258956517999934], [32.39430387900012, -17.259146532999864], [32.394238881000035, -17.259209537999936], [32.39417388300018, -17.259274542999947], [32.39410888500015, -17.259402552999973], [32.39404788600018, -17.25953056299994], [32.39404788600018, -17.259595567999952], [32.39391789000007, -17.25972257799998], [32.393852891999984, -17.25985058799995], [32.39378889400007, -17.259978597999975], [32.39365889700019, -17.26010860899987], [32.393593899000166, -17.260171613999944], [32.39352890100014, -17.260298623999972], [32.393463903000054, -17.260363628999926], [32.39333490700005, -17.260493638999947], [32.39326990800009, -17.260621648999972], [32.393204910000065, -17.260748658999887], [32.39313991200015, -17.260939673999815], [32.393009916000096, -17.261067683999897], [32.39301391600003, -17.261195693999923], [32.39288492000003, -17.26145071499991], [32.39281992100007, -17.261578724999936], [32.39275492300004, -17.26164372999989], [32.39269392500012, -17.261834744999874], [32.392563929, -17.26202675999997], [32.39249893100015, -17.262089764999928], [32.39243393200019, -17.26215476999988], [32.392369934000044, -17.262282779999907], [32.39230493600019, -17.262347784999974], [32.39223993800016, -17.262412789999928], [32.392170940000085, -17.262475794999887], [32.39210594200006, -17.262539800999946], [32.391979945, -17.262732815999925], [32.3919119470001, -17.26279782099988], [32.39185094900017, -17.262925830999905], [32.391785951000145, -17.262988835999977], [32.39171695300013, -17.26305384099993], [32.39172095300012, -17.263115845999835], [32.39165595500003, -17.26318085099996], [32.391525958000045, -17.26343687099984], [32.39146196000007, -17.263564880999866], [32.391396962000044, -17.263691890999894], [32.39140096199998, -17.263754895999966], [32.39133596400012, -17.26388290599988], [32.39127096600009, -17.26407592199996], [32.391274966000026, -17.26426493699995], [32.391209967000066, -17.26439194699998], [32.391209967000066, -17.264456951999932], [32.391213967000056, -17.264582961999963], [32.391217967000046, -17.264836981999963], [32.39115296900019, -17.264964991999875], [32.39115296900019, -17.265092001999903], [32.39115596900007, -17.265155006999976], [32.39115596900007, -17.265283016999888], [32.39115596900007, -17.265409026999862], [32.39115996900006, -17.265592040999877], [32.391003973000124, -17.265594040999872], [32.390888976999975, -17.26559604099998], [32.37574940300004, -17.269319337999946], [32.37563440700012, -17.269319337999946], [32.36972257400009, -17.272138560999963], [32.36969957400015, -17.27211755999997], [32.36969957400015, -17.272064555999975], [32.36969957400015, -17.27195554699989], [32.36964257600005, -17.271848538999848], [32.36958457800006, -17.271793533999983], [32.369584577000126, -17.271633521999888], [32.36952757900019, -17.27157751699997], [32.36952757900019, -17.27147150899998], [32.36952757900019, -17.27141550499988], [32.36947058100009, -17.2713094959999], [32.36947058000004, -17.270877461999874], [32.36941358200011, -17.270662444999857], [32.36940958200012, -17.270391423999968], [32.36935258400018, -17.270391423999968], [32.36935258400018, -17.270284415999924], [32.36929858500008, -17.270284415999924], [32.36929458500009, -17.270231410999884], [32.36924158700015, -17.270231410999884], [32.368791599000076, -17.270017394999968], [32.368676603000154, -17.26991038599988], [32.36856660600017, -17.26991038599988], [32.36850960700019, -17.26991038599988], [32.368394610000166, -17.26985738199994], [32.368226615000026, -17.26980437799989], [32.36800162200018, -17.26975237399995], [32.36788762500004, -17.26964336599991], [32.367833626000106, -17.26959036099987], [32.36777662800017, -17.26959036099987], [32.36777262800001, -17.269212331999938], [32.36783062600006, -17.269050318999973], [32.36783062600006, -17.26888830599995], [32.36777262800001, -17.268835301999843], [32.36777262800001, -17.268781297999908], [32.36771562900003, -17.268781297999908], [32.3676586310001, -17.268781297999908], [32.36760163200012, -17.26872829399997], [32.36749063600013, -17.268674288999932], [32.36737663900004, -17.26862128499988], [32.36726564200018, -17.268514276999838], [32.36715164500009, -17.268407267999976], [32.36715164500009, -17.26835226399993], [32.36715164500009, -17.26829925999988], [32.36715164500009, -17.268028238999932], [32.367093647000104, -17.267921229999956], [32.36709064700017, -17.26770621299994], [32.36709064700017, -17.267597204999902], [32.36709064700017, -17.267381187999945], [32.36697564999997, -17.26727417899997], [32.36691865100016, -17.26716617099993], [32.36680765400013, -17.267059161999953], [32.36669365800009, -17.26695215399991], [32.36652566200007, -17.266790140999888], [32.36641166500016, -17.266683132999958], [32.366300669, -17.266576123999982], [32.36618567200003, -17.266361107999955], [32.36596067800002, -17.26614509099994], [32.36596067800002, -17.266092085999958], [32.365903680000145, -17.266039081999963], [32.36426372500006, -17.26442895599996], [32.364209727, -17.264372950999928], [32.36398173300017, -17.264212938999947], [32.36387073600014, -17.26405292599992], [32.36381373800003, -17.26405292599992], [32.36375573900011, -17.263999921999982], [32.36364574300006, -17.263945917999933], [32.363530746000094, -17.26378390499997], [32.36341674900012, -17.263676896999982], [32.36336375000013, -17.263676896999982], [32.36330575200009, -17.263569887999836], [32.36313475700007, -17.263407875999917], [32.36302376000003, -17.2631928589999], [32.36285176500013, -17.26297884199994], [32.36279476600009, -17.26286983299991], [32.361436804, -17.26114969799994], [32.36132680700007, -17.261042689999897], [32.36121181000004, -17.26093568199991], [32.36098681600009, -17.260720664999894], [32.360872820000054, -17.26061365599992], [32.360872820000054, -17.26050464799988], [32.36075782300003, -17.260397638999905], [32.360647826000104, -17.260291630999916], [32.36053282900008, -17.26012961799995], [32.360475830999974, -17.26012961799995], [32.360475830999974, -17.260075613999902], [32.36042183200004, -17.260075613999902], [32.36030783500013, -17.260022609999965], [32.36019683800009, -17.259915601999978], [32.35997184500002, -17.259862596999938], [32.359857848000104, -17.259863597999924], [32.359689853000134, -17.259863597999924], [32.35940786100008, -17.25986559799992], [32.35907187000009, -17.259867597999914], [32.35878987800004, -17.259814593999977], [32.35867888100017, -17.259760589999928], [32.35862188300007, -17.259760589999928], [32.35856488400009, -17.259707585999934], [32.35850688600004, -17.25965458099995], [32.35839688900012, -17.25949356899997], [32.358339891000185, -17.259331555999893], [32.35822489400016, -17.259116538999933], [32.358110897000074, -17.258847517999982], [32.358110897000074, -17.258685504999903], [32.35805389800004, -17.258685504999903], [32.35737791700018, -17.2580404549999], [32.357320919000074, -17.2580404549999], [32.35698492800009, -17.258042454999895], [32.356927930000154, -17.25804445499989], [32.35681393300007, -17.25804445499989], [32.3566459380001, -17.25804445499989], [32.35647794300013, -17.258099458999823], [32.35642094400015, -17.258099458999823], [32.356195951000075, -17.258101459999978], [32.356141952000144, -17.258048454999937], [32.35602795500006, -17.2579394469999], [32.35591295800003, -17.257725429999937], [32.355745963000174, -17.25751041299992], [32.355745963000174, -17.25745640899993], [32.355008984, -17.25681235799982], [32.354955985000174, -17.25681235799982], [32.354955985000174, -17.256758353999885], [32.35484198800003, -17.2566513459999], [32.354783990000044, -17.256543336999925], [32.35467399300012, -17.256436328999882], [32.354558996000094, -17.256329320999896], [32.354558996000094, -17.256274315999974], [32.35444499900018, -17.25627631599997], [32.35444499900018, -17.256220311999925], [32.354388001000075, -17.25616730799993], [32.354334002000144, -17.256060298999955], [32.354330002000154, -17.255951290999974], [32.35427700400004, -17.25584528199994], [32.35422000500017, -17.25579127799989], [32.35422000500017, -17.255683269999906], [32.35416300700007, -17.25557626099993], [32.35410500900008, -17.255467252999892], [32.353991012000165, -17.2551452269999], [32.353529024000125, -17.253258078999977], [32.353529024000125, -17.253096065999898], [32.353529024000125, -17.252934052999933], [32.353583023000056, -17.2527720409999], [32.35358302200018, -17.252339006999875], [32.35358302200018, -17.2522319979999], [32.353579023000066, -17.252176993999967], [32.35413200700003, -17.250555865999956], [32.35413200700003, -17.25050186199985], [32.35418900500014, -17.25050186199985], [32.354281002000164, -17.249933816999942], [32.354281002000164, -17.249681796999937], [32.354409998, -17.249429776999875], [32.354409998, -17.24917775699987], [32.35453999500004, -17.24892473699998], [32.35453599500005, -17.24854670799988], [32.35466599100016, -17.24829468799993], [32.354795987000045, -17.248043667999923], [32.35492498400015, -17.24778964799998], [32.35505498000009, -17.247537627999975], [32.35505498000009, -17.247411617999944], [32.3550509800001, -17.247159597999882], [32.355294972000024, -17.24363332099989], [32.3546279900001, -17.241748171999973], [32.354364998, -17.241371142999924], [32.35423100100002, -17.24112112299997], [32.35410100500013, -17.24112112299997], [32.350817097000174, -17.23937598599997], [32.35068410100018, -17.239123966999898], [32.350424108000084, -17.239125966999893], [32.35029111200009, -17.238999956999862], [32.350161115000105, -17.239001956999914], [32.34621722600019, -17.23688079099992], [32.3459532330001, -17.236630770999852], [32.34542724800019, -17.236380751999945], [32.345164254999986, -17.236130731999936], [32.344900262000124, -17.235880712999972], [32.344771266000066, -17.23575470299994], [32.344771266000066, -17.235629692999964], [32.34463727000019, -17.235629692999964], [32.34305431400014, -17.233372514999928], [32.34292131700005, -17.233120495999913], [32.34278732100017, -17.232869475999962], [32.34252432800014, -17.23249344599992], [32.34239433200008, -17.232241425999916], [32.34226133600009, -17.23211741699987], [32.33817944900011, -17.228611141999863], [32.33069165900014, -17.22436880899994], [32.33003567700007, -17.223995779999882], [32.32924569900007, -17.22362175099994], [32.32871971400016, -17.22324572099984], [32.32832672500007, -17.222995701999935], [32.328192729000136, -17.222871691999956], [32.32806273200015, -17.222745681999925], [32.32792973600016, -17.222745681999925], [32.32715475800018, -17.222066628999983], [32.32279887900012, -17.218240327999922], [32.322531887000025, -17.217737288999956], [32.322134898000115, -17.217235248999884], [32.321738909000146, -17.216607199999885], [32.32147491600006, -17.216232169999955], [32.32121192300008, -17.215730130999873], [32.320948931000146, -17.215604120999956], [32.318172007000044, -17.210581725999873], [32.31724903300011, -17.20970665699997], [32.31672204800009, -17.20933062799992], [32.316196062000074, -17.208704578999914], [32.31593307000003, -17.208453558999906], [32.31566907700011, -17.208454558999904], [32.31146619500015, -17.20621038299987], [32.31133619800016, -17.20621038299987], [32.30922625700009, -17.203324155999894], [32.3090932610001, -17.203200146999848], [32.3090932610001, -17.203074136999874], [32.30895926400012, -17.20269610699995], [32.30882626800013, -17.20244408699989], [32.30882626800013, -17.20231907699997], [32.30869227200009, -17.20206905799995], [32.308563275000154, -17.20194304799992], [32.30735330800013, -17.19666063199992], [32.30735330800013, -17.196283601999824], [32.307350308000025, -17.19590557199996], [32.30721631100005, -17.19552754199998], [32.30721631100005, -17.1950245029999], [32.30708331500006, -17.194646472999978], [32.30694931800008, -17.19439645299991], [32.30694931800008, -17.194145432999903], [32.30681632200009, -17.193893413999945], [32.30681632200009, -17.19364139399994], [32.30668232600004, -17.19326336399996], [32.306419333, -17.19301334399995], [32.30628533700013, -17.192636314999845], [32.30615234000004, -17.192260284999975], [32.306018344000165, -17.192008264999913], [32.305889348000164, -17.192008264999913], [32.30575935100012, -17.19188425599998], [32.30483237699997, -17.190378136999982], [32.30483237699997, -17.190126116999977], [32.304698381000094, -17.189874096999915], [32.304435388000115, -17.189624077999838], [32.303905403000044, -17.18861899899997], [32.30364241, -17.188368978999904], [32.30364241, -17.188242968999873], [32.30138747200016, -17.182965553999907], [32.30112447900018, -17.182715533999954], [32.300468497000054, -17.182341504999897], [32.29967852000016, -17.181841464999934], [32.29915253400014, -17.181465435999883], [32.29915253400014, -17.18134042599985], [32.29902253800003, -17.18134042599985], [32.29888954200004, -17.18121641599987], [32.29849655300012, -17.181092406999937], [32.29665360400014, -17.179590288999975], [32.29665360400014, -17.179465278999942], [32.29665360400014, -17.179085248999968], [32.29652060800015, -17.178835228999958], [32.296516608, -17.17845819899992], [32.296516607000115, -17.17808016999993], [32.296516607000115, -17.177828149999925], [32.29597062200014, -17.17405285199993], [32.29583762500005, -17.173927841999898], [32.29583762500005, -17.17367582299994], [32.29570762900016, -17.17355181299996], [32.29570362900017, -17.17342580299993], [32.29557463300017, -17.17342580299993], [32.29557463300017, -17.1732997929999], [32.29544463600013, -17.1732997929999], [32.29531064000008, -17.17317578299992], [32.295181644000024, -17.17317578299992], [32.294261669000036, -17.17292776399995], [32.29399867700016, -17.17267774399994], [32.293735684000126, -17.172553734999894], [32.29347269100015, -17.172427724999864], [32.293212699000094, -17.172303714999885], [32.29307970200006, -17.172303714999885], [32.292949706000115, -17.17230571499988], [32.292823710000164, -17.172187705999875]]]]}}, {"type": "Feature", "properties": {"GID_3": "ZWE.5.8.25_2", "GID_0": "ZWE", "COUNTRY": "Zimbabwe", "GID_1": "ZWE.5_1", "NAME_1": "Mashonaland East", "NL_NAME_1": "NA", "GID_2": "ZWE.5.8_2", "NAME_2": "Mutoko", "NL_NAME_2": "NA", "NAME_3": "Ward 5", "VARNAME_3": "NA", "NL_NAME_3": "NA", "TYPE_3": "Ward", "ENGTYPE_3": "Ward", "CC_3": "NA", "HASC_3": "NA", "id": "ZWE.5.8.25_2", "name": "Ward 5"}, "geometry": {"type": "MultiPolygon", "coordinates": [[[[32.143360979000136, -17.406585191999966], [32.143356979000146, -17.406251164999844], [32.143356979000146, -17.406177159999913], [32.14328098100009, -17.40617915999991], [32.14327698200003, -17.40603214799995], [32.1432769810001, -17.405959141999915], [32.14327298200004, -17.40566611899993], [32.143192984000166, -17.405446101999928], [32.143192984000166, -17.405374096999935], [32.143192984000166, -17.40522708499992], [32.14311298600012, -17.405009067999913], [32.14310898600013, -17.404863055999897], [32.14303298800007, -17.40471804499998], [32.14302898800008, -17.40457103299991], [32.14302898800008, -17.404351015999907], [32.1429449900001, -17.403984986999944], [32.142868992, -17.40376796999982], [32.13951208500015, -17.39773049699994], [32.13950808499999, -17.397511479999878], [32.13950808499999, -17.397438473999955], [32.13942808700017, -17.39721945699995], [32.13934808900012, -17.397074445999863], [32.13927109200006, -17.39685442799987], [32.13919109400018, -17.39671041699995], [32.13903909800018, -17.396492399999943], [32.138959100000136, -17.39634538799993], [32.138802105000025, -17.396128370999918], [32.13864610900009, -17.395838348999973], [32.13856911100015, -17.395691336999903], [32.138413115, -17.395548325999982], [32.138337117000106, -17.39547531999989], [32.13826012000004, -17.395403314999953], [32.13825712000016, -17.395256302999883], [32.13802812600005, -17.395041285999923], [32.13787113000018, -17.394821268999863], [32.13771913500017, -17.394678257999942], [32.137562139000124, -17.394386234999843], [32.137330145000135, -17.394169217999888], [32.137173150000024, -17.393952200999877], [32.137021154000024, -17.39380818999996], [32.13694115600015, -17.393662177999886], [32.136788160000094, -17.393444160999877], [32.13586118600017, -17.392578092999884], [32.13555219500006, -17.39228807099994], [32.13539619900013, -17.392143058999977], [32.135319201000186, -17.392071053999928], [32.13524320300007, -17.392073053999923], [32.13516720600012, -17.392000047999943], [32.13509020800012, -17.391928041999904], [32.13485821400013, -17.391785030999927], [32.13470521800008, -17.391640019999898], [32.13447222500008, -17.391349996999963], [32.13416323400003, -17.391061974999957], [32.13393124000015, -17.39077195199991], [32.1336222490001, -17.390481928999918], [32.13338925500017, -17.390338917999884], [32.133237259000055, -17.390121900999873], [32.133080264000114, -17.389903883999978], [32.132847270000184, -17.38961386099993], [32.132535279000024, -17.389030814999842], [32.13237828300004, -17.388740792999897], [32.132222287000104, -17.38844876999991], [32.1320692920001, -17.388305758999877], [32.13198929400005, -17.388085740999884], [32.13183329800012, -17.387868723999873], [32.13160030500012, -17.387578701999928], [32.13129131300013, -17.38721667299984], [32.13113531800013, -17.386998655999832], [32.130829326000026, -17.3867086329999], [32.130517335000036, -17.38634660499997], [32.13020834300005, -17.386058582999965], [32.129899352000166, -17.385696553999935], [32.12974235600012, -17.385404530999892], [32.129510363000065, -17.38511450899989], [32.12943336500007, -17.384896490999893], [32.12920137100008, -17.384606468999948], [32.12896837800008, -17.384316445999957], [32.12881138200004, -17.38409742899995], [32.12873538400015, -17.383952416999932], [32.128655386000105, -17.38388041199994], [32.128579389000095, -17.38373539999992], [32.12842239300011, -17.383445377999976], [32.128266397000175, -17.3833003659999], [32.12819039900006, -17.383227360999967], [32.12811340100012, -17.383082348999892], [32.12803340400012, -17.38293633799998], [32.127957406000064, -17.382863331999886], [32.1245475, -17.3785869969999], [32.12447050300011, -17.378513990999977], [32.124390505000065, -17.37836897999989], [32.12431450700018, -17.378296973999966], [32.124161511000125, -17.37815196299988], [32.12408151300008, -17.378006951999964], [32.12392951800007, -17.377861939999946], [32.12362052600008, -17.37757391799994], [32.12346353100014, -17.377354899999943], [32.123231537000095, -17.377138883999976], [32.1230785410001, -17.376921866999965], [32.12284554800004, -17.376703848999966], [32.12253655600006, -17.376413826999965], [32.12222756500017, -17.376051797999935], [32.121995571000184, -17.375761775999933], [32.12176257800019, -17.375546758999974], [32.12160658200003, -17.375254735999874], [32.12145358600003, -17.37510972499996], [32.12137358900003, -17.37496471299994], [32.12129759100014, -17.37489170699996], [32.12129759100014, -17.37474669599993], [32.121140595000156, -17.37467468999995], [32.121140595000156, -17.37452767899987], [32.12106459700004, -17.37445667299994], [32.12106459700004, -17.374382667999953], [32.120984599, -17.374310661999914], [32.120831604000045, -17.37423965599993], [32.12075160600017, -17.374020638999923], [32.12052261200006, -17.37387762799989], [32.12036661700006, -17.37365961099988], [32.12028961900006, -17.37365961099988], [32.12028961900006, -17.373587604999955], [32.11498376600008, -17.36698908799997], [32.11497976600009, -17.366917081999873], [32.11490376800003, -17.366917081999873], [32.11490376800003, -17.366844076999882], [32.11490376800003, -17.366772070999957], [32.11482777000015, -17.366699064999978], [32.11474777300003, -17.366552053999953], [32.11459477700015, -17.366335036999942], [32.114281786000106, -17.365900002999922], [32.11412579000017, -17.36568298599991], [32.11397279400012, -17.365464968999902], [32.113740801000176, -17.365174945999968], [32.11358380500013, -17.36495592899996], [32.11343180900019, -17.364884922999977], [32.113274812999975, -17.364667905999966], [32.11319881600019, -17.364522894999936], [32.113118818000146, -17.364375882999923], [32.11296582200009, -17.364232871999832], [32.11280982600016, -17.364087860999916], [32.11265683100004, -17.363870843999962], [32.11257683300016, -17.363797837999982], [32.112424837, -17.363725831999886], [32.11234783900005, -17.36358082099997], [32.112191844000165, -17.363362803999962], [32.111958850000065, -17.36314578699995], [32.111729856000125, -17.362929769999937], [32.11164985900018, -17.362782757999923], [32.11149786300007, -17.362712752999983], [32.111340867000024, -17.362567741999896], [32.11118887100008, -17.3623497239999], [32.110955878000084, -17.362206712999978], [32.11080288200003, -17.36206170199995], [32.11057088900009, -17.361772678999955], [32.1102618970001, -17.361409650999917], [32.1100289040001, -17.361192633999906], [32.109719912000116, -17.360904610999967], [32.10956391700006, -17.360686593999958], [32.10941092100006, -17.36054158299993], [32.10933492300012, -17.360396570999853], [32.10917792700013, -17.3601795539999], [32.10894593400019, -17.359889531999897], [32.108788937999975, -17.35967051499989], [32.10863294200004, -17.359380491999957], [32.108403949000035, -17.35916247499995], [32.108246953, -17.358945457999937], [32.108166955000115, -17.35880044599986], [32.10809095800016, -17.358727440999928], [32.10793796200011, -17.358582428999853], [32.10785796400006, -17.358437417999937], [32.10762897000012, -17.358220400999983], [32.10747297500012, -17.35800338399997], [32.10731697900013, -17.357858371999896], [32.107163983000135, -17.357715360999975], [32.107083986000134, -17.35756834999995], [32.10693099000008, -17.357423337999933], [32.106621998000094, -17.357135315999926], [32.106546, -17.356990303999908], [32.106466003000094, -17.35684329299994], [32.10631300700004, -17.3567722869999], [32.106233009000164, -17.356627275999926], [32.10615701100011, -17.356555269999888], [32.10608101300005, -17.356410258999972], [32.106004016000156, -17.356338252999876], [32.10600101600005, -17.35626324699996], [32.10592401800011, -17.356265247999886], [32.10592401800011, -17.356191241999966], [32.10045017000016, -17.35143386899989], [32.10045017000016, -17.3513608639999], [32.10045017000016, -17.35128685799998], [32.1003741720001, -17.351288857999975], [32.100218177000045, -17.350996834999876], [32.100137179000114, -17.35085182399996], [32.10006118100006, -17.35070681199994], [32.09982818700013, -17.350342783999963], [32.09967219200007, -17.350052760999915], [32.09951619600014, -17.349834743999907], [32.09943519800004, -17.3496157269999], [32.09935920000015, -17.349396708999905], [32.099203205000094, -17.349253697999814], [32.09912320700005, -17.34903368099998], [32.09904620900011, -17.348888669999894], [32.09896621100006, -17.3486696519999], [32.098810216000174, -17.34837762899997], [32.09865322000019, -17.348087606999968], [32.098577222000074, -17.34794259499995], [32.09842122600014, -17.347723577999943], [32.09826823100019, -17.34758056699991], [32.09811223500009, -17.347435555999937], [32.09803523700009, -17.347290543999918], [32.09795923900003, -17.34721753799994], [32.0978032430001, -17.347000520999813], [32.09772724600009, -17.346853509999903], [32.0975702500001, -17.34663649299989], [32.09749025200006, -17.346491481999976], [32.09733725600017, -17.346273463999978], [32.09718126100012, -17.34612845299995], [32.09702826500012, -17.345983441999863], [32.09687226900013, -17.34576642499991], [32.09671627400013, -17.345549407999897], [32.096563278000076, -17.34540439599982], [32.09648328000003, -17.345259384999906], [32.096330284000146, -17.345186378999813], [32.096330284000146, -17.345041367999897], [32.096178289000136, -17.34504336799995], [32.09609829100009, -17.34489635599988], [32.09586929700015, -17.34475334499996], [32.095716301000095, -17.344683339999847], [32.0954833080001, -17.34461233399992], [32.095407309999985, -17.34461233399992], [32.0953313120001, -17.344540328999926], [32.09525531400004, -17.34454132899998], [32.09517831700015, -17.344469322999885], [32.09494932300004, -17.34439831799989], [32.09464433200009, -17.344330311999954], [32.0944123380001, -17.344259306999845], [32.09425934200004, -17.344189300999915], [32.09418334400016, -17.344189300999915], [32.09410634700009, -17.3441913019999], [32.09395435100015, -17.34404628999988], [32.093649359000096, -17.343975284999885], [32.093492363999985, -17.343904278999958], [32.09334336800009, -17.343906278999953], [32.09334036800004, -17.34383427399996], [32.093263370000045, -17.34383427399996], [32.09318737200016, -17.343761267999923], [32.09303437700004, -17.34361625699995], [32.092878381000105, -17.343399239999826], [32.09272238500017, -17.343256227999973], [32.092645387000175, -17.343183222999983], [32.09256939000005, -17.343111216999887], [32.09249339200011, -17.343111216999887], [32.09249339200011, -17.343038210999964], [32.09241639400017, -17.343038210999964], [32.09234039600011, -17.34304021199995], [32.09218840000011, -17.34297020599996], [32.09165441500011, -17.342976206999822], [32.0915014200001, -17.342905200999894], [32.0913484240001, -17.342907200999946], [32.09127242599999, -17.342907200999946], [32.09119242800011, -17.342834195999956], [32.091116430000056, -17.34283619599995], [32.090963435000106, -17.34276418999997], [32.09088743700005, -17.34276618999985], [32.09081043900005, -17.342693184999916], [32.09065844300011, -17.34269518499991], [32.09058244500005, -17.34262317899993], [32.09042545000011, -17.3424781679999], [32.09027345400011, -17.34233515699998], [32.09019245600018, -17.342188144999966], [32.09004046000001, -17.342045133999875], [32.08996046300007, -17.341898121999975], [32.08988346500013, -17.341753110999946], [32.089807467000014, -17.341608099999974], [32.08965147100008, -17.34131607699993], [32.08964747100009, -17.341169064999974], [32.08949147500016, -17.34095204799985], [32.08949147500016, -17.34080503699994], [32.08933448000005, -17.340515013999948], [32.08925848200016, -17.34044300799991], [32.089254482, -17.34029599699994], [32.089178484000115, -17.34015098499998], [32.08909848600007, -17.340005973999894], [32.08909848600007, -17.339858961999823], [32.08901848800019, -17.339713950999908], [32.08886549300007, -17.33942192799998], [32.088785495000025, -17.339202910999973], [32.08870949700014, -17.33912990499988], [32.08862849899998, -17.338984893999964], [32.08854850100016, -17.338767876999952], [32.088392506000105, -17.338475853999967], [32.08823951000005, -17.338258836999955], [32.08808351400012, -17.338113824999937], [32.087930518000064, -17.337968813999908], [32.087774523000064, -17.337823802999935], [32.08769852500018, -17.337605785999926], [32.087541529000134, -17.337460773999908], [32.08730953600019, -17.337170750999974], [32.08599357200006, -17.335503620999873], [32.085916574000066, -17.335431614999948], [32.085916574000066, -17.33535760899997], [32.08583657700012, -17.33528460399998], [32.08568458100012, -17.335141591999957], [32.08560758300018, -17.335141591999957], [32.08553158500007, -17.335069586999964], [32.08545158700002, -17.334924574999945], [32.08529859200007, -17.334853569999837], [32.08506959800013, -17.33470855799993], [32.084989600000085, -17.334563546999902], [32.08491360200003, -17.334565546999897], [32.08483760400014, -17.33449354199996], [32.08476060700008, -17.334420535999982], [32.08468460900019, -17.334420535999982], [32.08468460900019, -17.334348529999943], [32.084608611000135, -17.334348529999943], [32.08445161500009, -17.334205518999966], [32.084375617000035, -17.334205518999966], [32.084222622000084, -17.334134513999913], [32.084070626000084, -17.33413651399991], [32.084070626000084, -17.334061507999934], [32.08399462800003, -17.33406350799993], [32.08391763000003, -17.33406350799993], [32.08391763000003, -17.33399150199989], [32.08387963100017, -17.33399150199989], [32.08387263100013, -17.333407455999975], [32.08386863099997, -17.33318843899997], [32.08339164400007, -17.33136329599995], [32.083387644000084, -17.33129028999997], [32.08331164600003, -17.33129028999997], [32.08323464900013, -17.33114527899994], [32.08307865299997, -17.33092826199993], [32.082998655000154, -17.330708243999936], [32.08292265700004, -17.330563232999964], [32.082842659, -17.330344215999958], [32.08268966400004, -17.33019920399994], [32.08260966600017, -17.329982186999928], [32.08245267000018, -17.329764169999976], [32.082376672000066, -17.32947214699982], [32.081361700000116, -17.327653004999945], [32.08112970700006, -17.32743698799993], [32.08089671300013, -17.326999952999813], [32.0802747300001, -17.32627589699996], [32.080042737000156, -17.325912867999932], [32.07996573899999, -17.325840861999836], [32.0798897410001, -17.325767856999903], [32.0754038660001, -17.320551447999947], [32.075170872, -17.320261424999956], [32.07501487600007, -17.320116413999926], [32.07486188100012, -17.319898395999928], [32.07462988700013, -17.31960937399998], [32.074472891000084, -17.31938935699992], [32.07439689400013, -17.319391356999972], [32.07439689400013, -17.319319350999876], [32.07423989800009, -17.31917433999996], [32.07416390000003, -17.319029327999885], [32.0740079040001, -17.31880931099988], [32.07385490900015, -17.31873930599994], [32.07377891100003, -17.318594293999922], [32.07354591700016, -17.318376276999913], [32.073389921, -17.318159259999902], [32.073312924000106, -17.31801424899993], [32.07323692600005, -17.317941242999893], [32.07308093000012, -17.31786923699991], [32.07300393200012, -17.317724225999882], [32.07284793700012, -17.317579214999967], [32.072694941000066, -17.317434202999948], [32.07253894500013, -17.317144179999957], [32.072305952000136, -17.316927162999946], [32.07222995400008, -17.316782151999917], [32.072153956000136, -17.316782151999917], [32.07199696000015, -17.316564134999908], [32.07169196900003, -17.316421123999817], [32.070608999000115, -17.315191026999912], [32.07053300100006, -17.315119021999976], [32.07045200300013, -17.3149740099999], [32.07030000700013, -17.314753992999897], [32.07014301200002, -17.314536975999886], [32.07006301399997, -17.314318958999877], [32.06991101800003, -17.31409994199987], [32.069754021999984, -17.31388292499986], [32.069602027000144, -17.31373991299995], [32.069369033000044, -17.31344789099984], [32.06858305500003, -17.31170075299997], [32.06850705700015, -17.311480735999965], [32.06850305700016, -17.31118871299998], [32.06849905700017, -17.310969695999972], [32.068495057, -17.31082268399996], [32.068495057, -17.310603666999953], [32.06841505900013, -17.310384649999946], [32.06739708700013, -17.30820047799989], [32.06724009100009, -17.30798246099988], [32.06708409600009, -17.307690437999952], [32.06693110000003, -17.30747342099994], [32.06685110200016, -17.30732840999997], [32.06685110200016, -17.307181397999955], [32.0667751040001, -17.307181397999955], [32.064479169000094, -17.306485343999896], [32.064479169000094, -17.306412337999916], [32.064402171000154, -17.306412337999916], [32.064402171000154, -17.30634033299998], [32.06401318100012, -17.305833292999978], [32.06378118800018, -17.30554326999993], [32.06370419000018, -17.30547026499994], [32.06370419000018, -17.305396258999963], [32.06354819400008, -17.305251246999944], [32.06331520100008, -17.304888218999906], [32.06308220700015, -17.30445218499989], [32.06292621200015, -17.304307172999813], [32.06292621200015, -17.30423416699989], [32.062850214000036, -17.304162161999898], [32.062770216, -17.30401714999988], [32.06261722000016, -17.30379913299987], [32.06253722200012, -17.303653121999957], [32.062461224, -17.303654121999955], [32.062461224, -17.303580115999978], [32.06230422900012, -17.303363098999966], [32.062228231, -17.303218087999937], [32.06199523700013, -17.302928064999946], [32.06199523700013, -17.30285505899991], [32.06191524000013, -17.302708047999943], [32.06175924400003, -17.302418024999895], [32.061602247999986, -17.302053995999813], [32.06145025200004, -17.301836978999972], [32.06137025400017, -17.301544955999873], [32.06129025700005, -17.30132593899998], [32.061209259000066, -17.301105921999977], [32.061209259000066, -17.300958909999963], [32.06113326100018, -17.300888904999965], [32.06112926100002, -17.30074189299995], [32.06104926299997, -17.300449869999966], [32.06097326500009, -17.30023085299996], [32.06096926500015, -17.300083840999946], [32.06089326700004, -17.30008584199993], [32.06057227600007, -17.29869673199994], [32.06056927599997, -17.29855172099991], [32.06056927599997, -17.298404708999954], [32.06048827800004, -17.298258697999927], [32.06040828000016, -17.29796667499994], [32.060347282000066, -17.297821663999912], [32.06054627700013, -17.297743656999955], [32.06062227400008, -17.297743656999955], [32.060698272000025, -17.29774165699996], [32.060771269999975, -17.297666650999872], [32.06100026400014, -17.2975906449999], [32.06676010100017, -17.294882430999905], [32.06683609900006, -17.294882429999916], [32.06691209700017, -17.29488042999992], [32.066909097000064, -17.294735418999835], [32.06713709000019, -17.294658412999922], [32.067443082000125, -17.294580406999955], [32.068354055999976, -17.29442439399992], [32.06866004699998, -17.29442039399987], [32.069117034000044, -17.294414392999897], [32.069575022000095, -17.294409392999967], [32.070185004000166, -17.294401391999884], [32.070409998000116, -17.294397390999904], [32.07048699600006, -17.294397390999904], [32.07208095100009, -17.293791342999953], [32.07215794900003, -17.293791342999953], [32.07223394700014, -17.293716336999978], [32.0723099440001, -17.293642330999887], [32.07238594200015, -17.293640330999892], [32.07253493800005, -17.293565324999918], [32.0726879340001, -17.29356432499992], [32.07283992900017, -17.293489318999946], [32.07360290800017, -17.29348031799998], [32.07383190200011, -17.293476317999932], [32.07398489700006, -17.293474317999937], [32.07474387600007, -17.293464316999973], [32.07489687200007, -17.293462315999932], [32.07497286900008, -17.293462315999932], [32.075048867000135, -17.293461315999934], [32.07520186300019, -17.29338630999996], [32.07550685400014, -17.29338230999997], [32.07588484400014, -17.293230297999912], [32.07618983500004, -17.293153291999943], [32.07649482700003, -17.29307728599997], [32.07671982000011, -17.292927273999965], [32.07694881400005, -17.29285026799988], [32.07717380700012, -17.29270125599993], [32.07891275800017, -17.291435155999977], [32.07913775200018, -17.29128614399997], [32.079214749000016, -17.291212137999878], [32.079366745000186, -17.291136131999906], [32.07943974300002, -17.291063125999926], [32.079591739000136, -17.290987119999954], [32.07974473400009, -17.290838108999935], [32.07997372800003, -17.29083610799995], [32.080198722000034, -17.29076010199998], [32.08027472000009, -17.29068509599989], [32.08042771500004, -17.290611090999903], [32.08065270900016, -17.29053508499993], [32.08095770000011, -17.290456077999977], [32.08133969000011, -17.29045307799987], [32.08164468100017, -17.2903760719999], [32.08270865100013, -17.290142052999897], [32.082861647000186, -17.290140052999902], [32.08293764400014, -17.290140052999902], [32.08316263800009, -17.290136051999866], [32.083315634000144, -17.29013405199987], [32.08339563200019, -17.290207057999964], [32.08362462500003, -17.29020505799997], [32.08392961700008, -17.29034806899989], [32.08408161200009, -17.290346068999895], [32.08415861000009, -17.29034406799991], [32.08484459100009, -17.290336067999874], [32.08522658000015, -17.290331066999897], [32.08537857600015, -17.290329066999846], [32.08545557400009, -17.290327066999964], [32.08545157400016, -17.290254060999928], [32.08568056700017, -17.290178054999956], [32.08590956100011, -17.29010204899987], [32.08613455500006, -17.2900250429999], [32.08621055200007, -17.2900250429999], [32.08636354800012, -17.289877030999946], [32.086515544000065, -17.28987503099995], [32.08674453700007, -17.289873030999956], [32.08727852200013, -17.28986502999993], [32.08773251000002, -17.289859028999956], [32.087885504999974, -17.28985802899996], [32.088037501000144, -17.289856028999964], [32.08811349900003, -17.289856028999964], [32.088266495000084, -17.28985402899997], [32.08849548800009, -17.289850027999933], [32.0888764770001, -17.289846027999943], [32.08933446500015, -17.289913032999948], [32.09055143000006, -17.28953100299998], [32.09054743000007, -17.289458996999883], [32.09062442800001, -17.28945699699989], [32.09062442800001, -17.289384990999963], [32.09077642400018, -17.289382990999968], [32.09085242200007, -17.289233978999903], [32.09115441300008, -17.28915797299993], [32.09138340700002, -17.289008960999865], [32.0915314020001, -17.28893295499995], [32.091684398000154, -17.2889309549999], [32.09176039600004, -17.28885594899998], [32.091913392000095, -17.28885394899993], [32.092218383000045, -17.288850948999936], [32.09252337500004, -17.288846947999957], [32.092600372000106, -17.288846947999957], [32.09267637000016, -17.288844947999962], [32.09282836600016, -17.288842947999967], [32.09305735900017, -17.288840947999972], [32.09321035500005, -17.28883894799992], [32.09328635300011, -17.288836946999936], [32.09336235100017, -17.288836946999936], [32.09512930200009, -17.28991303199996], [32.0952052990001, -17.28991303099997], [32.0952052990001, -17.289985036999894], [32.095358295000096, -17.29005604299988], [32.095514291000086, -17.29020105399991], [32.09581928200015, -17.290416070999925], [32.09612827400014, -17.29063208799994], [32.09635726699997, -17.290777098999968], [32.09651326300013, -17.290848104999895], [32.096590261000074, -17.290920109999888], [32.09666625900019, -17.290918109999893], [32.09666625900019, -17.290992115999927], [32.09697125000008, -17.291136126999902], [32.097128246000125, -17.291279137999936], [32.09743323700019, -17.29134914399998], [32.09789122400019, -17.29148815499991], [32.09812321800018, -17.291559159999906], [32.098276214000066, -17.291557159999854], [32.09850520700007, -17.291628165999953], [32.09888619600008, -17.291624164999973], [32.09934418400013, -17.291691169999922], [32.10201010900016, -17.29173117299996], [32.10216310400011, -17.291729171999975], [32.102468096000166, -17.29172517199987], [32.10285008500006, -17.291719171999944], [32.10330707200012, -17.291641164999874], [32.104372042000136, -17.291553157999942], [32.105589008000095, -17.291465150999954], [32.10589399899999, -17.291387144999817], [32.10732395900004, -17.289905027999907], [32.10731995900005, -17.28975801599995], [32.10747295400017, -17.289684009999917], [32.10747295400017, -17.28961000399994], [32.107625950000056, -17.289534997999965], [32.10785094400018, -17.28945899199988], [32.10807993700007, -17.289309979999814], [32.10830493100019, -17.2892339739999], [32.108609922000085, -17.289157967999927], [32.108761918000084, -17.289008956999965], [32.10936490100016, -17.2887069329999], [32.10959389400017, -17.28863092699993], [32.109669892000056, -17.28863092699993], [32.10982288800011, -17.288554920999957], [32.11043287100006, -17.28854691999993], [32.11103985400007, -17.288392906999945], [32.11126884700013, -17.28831790199996], [32.1151367380001, -17.286950792999903], [32.115212736000046, -17.28694879299985], [32.1152887340001, -17.28694879299985], [32.115441729000054, -17.286946791999924], [32.11650969900012, -17.28707880299993], [32.11803565600019, -17.287131805999877], [32.12032859200019, -17.287469831999886], [32.120480588000135, -17.28754183799998], [32.12070958099997, -17.28761084299998], [32.120862577000025, -17.287755854999943], [32.121018573000185, -17.287827859999936], [32.12109457100007, -17.28782585999994], [32.12124756600019, -17.28789686599987], [32.12147656000013, -17.28796687099998], [32.12170555400007, -17.288111881999896], [32.12201454500013, -17.28818088799983], [32.12224353800019, -17.288176886999963], [32.122391534000144, -17.28817488699997], [32.12566844200006, -17.287841859999844], [32.12589743600017, -17.287837859999968], [32.126046431000134, -17.28776285399988], [32.12619842700013, -17.287760853999885], [32.12635142300013, -17.287759852999898], [32.12665641400008, -17.287755852999908], [32.12688540800019, -17.28775185299986], [32.12696140600008, -17.28775185299986], [32.12711440100003, -17.287821857999973], [32.12726739700008, -17.287820857999975], [32.127724384000146, -17.28781485699983], [32.127953378000086, -17.28788486299993], [32.12825836900004, -17.287953867999875], [32.12864035900003, -17.288022873999978], [32.128949350000084, -17.288090878999924], [32.12910134600003, -17.28808887899993], [32.12917834300009, -17.28808887899993], [32.12925434099998, -17.288087877999942], [32.12925434099998, -17.28816188399992], [32.133561220000104, -17.288178883999933], [32.133561220000104, -17.288253889999908], [32.13678013000015, -17.289749006999898], [32.13693712600019, -17.289821012999823], [32.13716611900003, -17.289892017999932], [32.13731811500003, -17.28996202399992], [32.13754710900014, -17.29010603499995], [32.13785610000019, -17.29024904599987], [32.13831408699997, -17.29039005699991], [32.13877507400019, -17.290603073999932], [32.14152199700004, -17.29093309899997], [32.14213198000016, -17.290926097999943], [32.14243797100016, -17.290922097999953], [32.144111924000185, -17.290901095999914], [32.14517989400008, -17.2908880949999], [32.14875479300002, -17.290182037999955], [32.14905978500019, -17.29010603199987], [32.149208781000084, -17.290029025999957], [32.14943777400015, -17.290027025999905], [32.149742766000145, -17.28994901899995], [32.15012375500015, -17.28994501899996], [32.15057774200011, -17.289865012999883], [32.150959731, -17.289859011999965], [32.15134072100011, -17.289781005999885], [32.15172271000017, -17.289777004999905], [32.15407564400016, -17.289233961999912], [32.15422863900011, -17.289158955999937], [32.15438063500011, -17.289082949999965], [32.15460962800012, -17.28908094999997], [32.154686626000114, -17.28900694399988], [32.15483862200006, -17.289004943999885], [32.155258609999976, -17.28899894299991], [32.155410606000146, -17.289073948999828], [32.15673456900015, -17.2897470019999], [32.15673456900015, -17.289660994999906], [32.15682256600007, -17.289660994999906], [32.16095344900003, -17.28667975899998], [32.161129444000096, -17.286593751999874], [32.161304439000105, -17.28659175199988], [32.16148043400017, -17.286507744999938], [32.16165543000011, -17.28633673199994], [32.16200642000018, -17.28616671799989], [32.16253640500008, -17.28599470499995], [32.16297539200008, -17.285823690999905], [32.163417380000055, -17.285567670999967], [32.16675528500008, -17.283097475999966], [32.16701827800006, -17.28301146899986], [32.16710627500015, -17.282925461999923], [32.1672822700001, -17.282756448999976], [32.16754526300008, -17.282584434999876], [32.16780825500018, -17.28241442199993], [32.16815924500008, -17.282242407999888], [32.168602233000115, -17.282157400999893], [32.17264111900016, -17.27934317899991], [32.17282111300017, -17.27934317799992], [32.17290811100008, -17.279257171999973], [32.17308410600015, -17.279257171999973], [32.17343509600005, -17.279172164999977], [32.177138992000096, -17.279154161999827], [32.17722699000012, -17.279154161999827], [32.17742498400014, -17.27915316199983], [32.17742498400014, -17.279338176999943], [32.17743298400006, -17.279849216999935], [32.17751298200011, -17.28006823399994], [32.1775169820001, -17.280362256999865], [32.17751998199998, -17.280800291999867], [32.17751998199998, -17.28087329799996], [32.17752398200014, -17.28116732099994], [32.17745198400007, -17.281314331999965], [32.17729898800019, -17.28146234399992], [32.17722699000012, -17.281684361999908], [32.177149992000125, -17.281758366999895], [32.177077994, -17.28190537899991], [32.17692899900004, -17.282126395999967], [32.176853001000154, -17.282200401999887], [32.176853001000154, -17.28227340799998], [32.17678000300015, -17.282347413999958], [32.17670400500009, -17.282496425999966], [32.17662800700003, -17.282569430999956], [32.176479012000186, -17.282792448999942], [32.17617802000018, -17.28308747199992], [32.175953027000105, -17.28323848399998], [32.175727033000044, -17.28345950199997], [32.175727033000044, -17.283534507999946], [32.17565103500016, -17.283534507999946], [32.1755750370001, -17.28353650799994], [32.175499039000044, -17.283682518999967], [32.1744500690001, -17.284941618999937], [32.17445306899998, -17.28523564199992], [32.17445706900014, -17.285454658999925], [32.17445706900014, -17.28567467599993], [32.17446106900013, -17.285746681999967], [32.173885086000155, -17.288392889999955], [32.17396108400004, -17.288462895999885], [32.17396108400004, -17.288537901999973], [32.17397308400018, -17.289269958999967], [32.173896086000184, -17.28934496499994], [32.173896086000184, -17.28941697099998], [32.173900086000174, -17.289488976999962], [32.17382408800012, -17.289637987999868], [32.17374809, -17.289712993999956], [32.17375109000011, -17.28985800599986], [32.17367909200016, -17.29007902299992], [32.173530097000025, -17.29037404599984], [32.17338110100013, -17.290596063999885], [32.173309103, -17.290889086999982], [32.17323310500012, -17.2909640929999], [32.17323310500012, -17.291036098999882], [32.172561124000026, -17.29221719199984], [32.17248912700006, -17.29229119799993], [32.172412129000065, -17.292438208999897], [32.172187135000115, -17.292661226999883], [32.172111137, -17.292808237999964], [32.17196214200004, -17.292957249999972], [32.17181414600003, -17.293178267999963], [32.17173714800009, -17.293253273999937], [32.171661150000034, -17.293401284999845], [32.17151215400014, -17.293623302999833], [32.17144015600019, -17.29384431999989], [32.17136315900012, -17.29391632599993], [32.171291161000056, -17.294065337999882], [32.17121516300017, -17.294212348999963], [32.17114216500016, -17.294359360999977], [32.1709931690001, -17.294582377999973], [32.170917170999985, -17.29472938999993], [32.170917170999985, -17.29480139599997], [32.170768176000024, -17.295023412999967], [32.17069617800013, -17.295097418999944], [32.17069617800013, -17.29517142499992], [32.170620180000014, -17.295318435999945], [32.170547182, -17.29539344199992], [32.17047118400012, -17.295540453999934], [32.17018819300006, -17.29722858699995], [32.17018819300006, -17.29730259299987], [32.17019219300005, -17.297521609999876], [32.17019219300005, -17.297668620999957], [32.17027219, -17.297886638999955], [32.17027619000015, -17.298032649999982], [32.17035318800015, -17.298252666999872], [32.17035618800003, -17.298399678999942], [32.17036018800019, -17.298763706999978], [32.17036418800018, -17.29898472499997], [32.17029119000017, -17.299204741999972], [32.170215193, -17.299425759999963], [32.170143195000094, -17.299719782999944], [32.16999419900003, -17.29986779399985], [32.169918201000144, -17.29994279999994], [32.169841203000146, -17.300016805999917], [32.16976920500008, -17.30016381799993], [32.169544212000176, -17.30038683499987], [32.169319218000055, -17.300607852999974], [32.169090225, -17.300831870999957], [32.168789233000155, -17.30105488799984], [32.16864023700009, -17.301202899999907], [32.16856723900008, -17.301424916999963], [32.16849124200007, -17.301571928999977], [32.16841524400019, -17.301645934999954], [32.168342246, -17.301792945999978], [32.16826624800012, -17.301941957999873], [32.16827024800011, -17.30201396399997], [32.16827024800011, -17.302160974999936], [32.168197250000105, -17.30230798699995], [32.168197250000105, -17.302527003999955], [32.168201250000095, -17.302821026999936], [32.16805225400003, -17.303117050999845], [32.16798025700018, -17.30341007399994], [32.16798425600007, -17.303555084999914], [32.16798425700017, -17.303702096999928], [32.16798725700005, -17.30399611999991], [32.168102254000075, -17.306916349999938], [32.168106254000065, -17.306988354999874], [32.16818625200011, -17.307280377999973], [32.16826225000017, -17.307500394999977], [32.168342248000044, -17.307719412999973], [32.169353220000175, -17.309170526999935], [32.169429217000186, -17.30924353199987], [32.169506215000126, -17.309315537999964], [32.169506215000126, -17.309388543999944], [32.16966221100006, -17.309459548999882], [32.16981520700011, -17.309603560999903], [32.1701271980001, -17.310185605999834], [32.170284194000146, -17.310403622999843], [32.171897149000074, -17.311333695999963], [32.17212614200014, -17.31140470199989], [32.17235513600008, -17.31154771299998], [32.17243213400019, -17.31154771299998], [32.17243213400019, -17.311620718999905], [32.172508132000075, -17.311620717999915], [32.17266412700013, -17.311690723999845], [32.173050116000184, -17.311978746999955], [32.17350710400018, -17.312192762999814], [32.17381609500006, -17.312335773999905], [32.173893093, -17.312407779999944], [32.17465907100018, -17.31283681399998], [32.174816067, -17.312981824999895], [32.17489206500011, -17.31305483099993], [32.174968063000165, -17.31312483599993], [32.17504806100004, -17.313271847999943], [32.17520105600016, -17.31348986499995], [32.17528105400004, -17.313706881999963], [32.175438050000025, -17.313926898999966], [32.17551804800007, -17.314217921999955], [32.17567004300014, -17.314435938999964], [32.17582703900018, -17.314725961999955], [32.17583003900006, -17.31487297299998], [32.17590703700006, -17.315017984999884], [32.175911037, -17.315091990999974], [32.176158030000124, -17.316772122999907], [32.176239028000055, -17.316917133999823], [32.176239028000055, -17.316992139999968], [32.176239028000055, -17.317138151999814], [32.17624202800016, -17.317211156999974], [32.1763190260001, -17.317356168999822], [32.17632302600009, -17.31757518599983], [32.17639902400015, -17.31772219699991], [32.17640302400014, -17.317941214999905], [32.176483022000184, -17.318306242999938], [32.176487022000174, -17.318525260999934], [32.17656701900012, -17.31874427799994], [32.17649402200004, -17.319113306999895], [32.176498021999976, -17.31947733499993], [32.17642902400013, -17.31984536399989], [32.17643302400012, -17.320139387999973], [32.17635702600006, -17.320286398999883], [32.17636102600005, -17.320432410999956], [32.17636102600005, -17.32050541599989], [32.17636102600005, -17.32057742199987], [32.176284028000055, -17.32065242799996], [32.176288028000045, -17.32072643399988], [32.176288028000045, -17.320871444999966], [32.17636802600009, -17.32109146199997], [32.17636802600009, -17.321163467999895], [32.17644802400014, -17.321310479999966], [32.17660101900009, -17.321527496999977], [32.17683401300019, -17.32181751899992], [32.177066006000075, -17.322107541999912], [32.17745199600006, -17.322395564999965], [32.17776098700011, -17.322683586999972], [32.1779169830001, -17.32282859899982], [32.17799298100016, -17.32290160399998], [32.17806997800005, -17.32289960399993], [32.17814597600011, -17.32304661599983], [32.17837897000004, -17.32318962699992], [32.1786109630001, -17.323479649999967], [32.17891995500008, -17.323767671999974], [32.17914894800015, -17.32398468899993], [32.179305944000134, -17.32412970099989], [32.179305944000134, -17.324276711999914], [32.17938594200001, -17.324421723999933], [32.179461940000124, -17.324638740999944], [32.182177864000096, -17.328193018999855], [32.182177864000096, -17.328267024999946], [32.182181864000086, -17.328339030999928], [32.182181864000086, -17.328412036999964], [32.182181864000086, -17.32848604299994], [32.18226186200013, -17.328631053999857], [32.18233786000019, -17.328851070999917], [32.18381081900014, -17.33058820699995], [32.18388681700003, -17.33058820699995], [32.18388681700003, -17.33066121299987], [32.183962815000086, -17.33066121299987], [32.18403981300008, -17.330731218999972], [32.184195808000084, -17.330876229999888], [32.18450480000007, -17.3310922469999], [32.18481379100018, -17.331454274999942], [32.18635474800004, -17.33275337699996], [32.1864307460001, -17.332751376999965], [32.1864307460001, -17.332826382999883], [32.186507744000096, -17.33289638799988], [32.18666374000003, -17.3330413999999], [32.18674373700014, -17.333260416999906], [32.18697673100007, -17.33355043999984], [32.187129727000126, -17.33376845699985], [32.18728572200013, -17.333913467999935], [32.188124699000184, -17.335236571999815], [32.1879307050001, -17.335351580999827], [32.18596976100008, -17.33928088999994], [32.18596976100008, -17.339637918999927], [32.18584776400019, -17.339875936999874], [32.185725768000054, -17.340114955999866], [32.185725768000054, -17.34035097499992], [32.18547777500004, -17.340588992999926], [32.18548177500003, -17.340828011999974], [32.185355779000076, -17.340948021999964], [32.185359779, -17.34130304999985], [32.18523678200006, -17.341541067999913], [32.18523678200006, -17.34201610599996], [32.18524078200005, -17.3423731339999], [32.18524078200005, -17.342850170999952], [32.185366779000105, -17.34308618999995], [32.185492775, -17.343204198999956], [32.185492775, -17.34344121799984], [32.185618772000055, -17.3436792359999], [32.18574076900012, -17.343798245999892], [32.18574076900012, -17.343916254999954], [32.18574476900011, -17.34403426399996], [32.18586676500007, -17.344152273999953], [32.18586676500007, -17.34427328299995], [32.18599276200007, -17.34439129199984], [32.186240755000085, -17.344627310999897], [32.18661474400005, -17.34486232899991], [32.18661474400005, -17.3449823389999], [32.18673674100012, -17.34498033799997], [32.18698473400008, -17.345098347999965], [32.187232727000094, -17.345335365999972], [32.18723572699997, -17.345453374999977], [32.18735772400004, -17.345453374999977], [32.18735772400004, -17.34557138499997], [32.18748372000016, -17.34569039399986], [32.18748372000016, -17.345810402999916], [32.187605717000054, -17.34592841299991], [32.187731713000176, -17.346165430999974], [32.187731713000176, -17.34640344999997], [32.18785771000006, -17.346640468999965], [32.18798370600018, -17.34711450599991], [32.18798370600018, -17.34723351499997], [32.18700373500019, -17.34925667499988], [32.186881738000125, -17.349495692999938], [32.18675974200016, -17.34973371199993], [32.186514749000025, -17.34997273099998], [32.18638975200008, -17.35009273999998], [32.18614475900017, -17.350330758999917], [32.185896766000155, -17.350569777999908], [32.18577477000002, -17.35080779699996], [32.18552677700018, -17.35104681599995], [32.18528278400015, -17.351284833999898], [32.185034791000135, -17.351524852999944], [32.18491279400007, -17.35176187199994], [32.18491279400007, -17.351999890999934], [32.18479079800011, -17.352238909999983], [32.1847947980001, -17.35247492799988], [32.1847947980001, -17.35318798399993], [32.18492079400005, -17.35330699399998], [32.18492079400005, -17.353663021999978], [32.18492479400004, -17.353782030999923], [32.184924795000086, -17.35413805899998], [32.18505079100004, -17.35425706799998], [32.18505079100004, -17.35473210599997], [32.18517578799998, -17.35497012399992], [32.18517578799998, -17.355327151999973], [32.18517978800014, -17.35568317999997], [32.18517978800014, -17.35592019899991], [32.18505779100008, -17.356158217999905], [32.18505779100008, -17.356276226999967], [32.184935795000115, -17.356515245999958], [32.18481379800005, -17.356753264999952], [32.18481379800005, -17.356992282999897], [32.18469180200009, -17.357230301999948], [32.18469180200009, -17.357467320999945], [32.18469580200008, -17.35806236699989], [32.18469580200008, -17.358417394999947], [32.18470280200012, -17.359250460999874], [32.18470280200012, -17.359546984999895], [32.18470280200012, -17.359843506999937], [32.18470680200011, -17.36008252599987], [32.185835772000075, -17.363641805999976], [32.185835772000075, -17.363997833999917], [32.185839772000065, -17.36435486199997], [32.18596576800019, -17.364709889999972], [32.186087765000025, -17.36506691799991], [32.186091765000185, -17.365659963999974], [32.18621776200007, -17.36589798299991], [32.18634375800019, -17.366135001999908], [32.18634775800018, -17.36684805799996], [32.18646975500002, -17.36708507599991], [32.18659575100014, -17.36732109499991], [32.18659575100014, -17.367441103999965], [32.18659575100014, -17.367678122999962], [32.186598751000076, -17.367916141999956], [32.18659875200012, -17.3683911789999], [32.18647675500006, -17.368509187999962], [32.18647675500006, -17.36862919799995], [32.18635475800005, -17.368748206999953], [32.18623276200003, -17.368868215999953], [32.18610676600014, -17.36910623499989], [32.18598476900007, -17.369225244999882], [32.18586277200018, -17.36934525399988], [32.18561477900016, -17.369347253999933], [32.18549278300003, -17.369347253999933], [32.18524479000018, -17.369467263999923], [32.184996797, -17.369467263999923], [32.18474880400004, -17.369469263999918], [32.18474880400004, -17.36934925499986], [32.18462680700014, -17.369350254999915], [32.18450081100019, -17.369350254999915], [32.184252818000175, -17.369232245999967], [32.18400482499999, -17.36923424599985], [32.18375683200003, -17.369116236999957], [32.183634835000134, -17.369116236999957], [32.18350883900018, -17.36911823699984], [32.18338684200012, -17.36899922799995], [32.1831388490001, -17.368881217999956], [32.18289085600014, -17.36888321899994], [32.18239587000005, -17.36852819099994], [32.182269873000166, -17.368410181999877], [32.182147877000034, -17.368292171999883], [32.18189588400003, -17.368055153999876], [32.181525894000174, -17.367580115999942], [32.1811519040001, -17.36722608899987], [32.18077791500019, -17.36687106099987], [32.18065591800013, -17.36687306099998], [32.180529922000176, -17.36687306099998], [32.17766900099997, -17.363795819999893], [32.17754700500018, -17.363795819999893], [32.177425008000114, -17.363795819999893], [32.174076102000186, -17.362504719999947], [32.17345812000019, -17.36250671999983], [32.17222215400005, -17.362512720999973], [32.171852165000075, -17.36251372099997], [32.171604172000116, -17.362632729999973], [32.1713561790001, -17.362872748999905], [32.171234182000035, -17.36299075799991], [32.17111218600007, -17.363347786999952], [32.17099018900018, -17.363585804999957], [32.17099318900006, -17.364181851999945], [32.17099319000016, -17.364774898999826], [32.17111918600011, -17.365010916999893], [32.17111918600011, -17.36524993599994], [32.17124518300017, -17.36548595499994], [32.17124518300017, -17.36560596399994], [32.17137117900006, -17.365724972999942], [32.171493176000126, -17.365960991999884], [32.17161917200008, -17.36619800999989], [32.17174516900013, -17.366436028999942], [32.17199316200015, -17.36667304799994], [32.17211915900015, -17.367027075999943], [32.1722451550001, -17.367264093999893], [32.17236715200016, -17.367502112999944], [32.17237115200015, -17.36773913099995], [32.172493148000115, -17.367977149999945], [32.172496148000164, -17.368334177999884], [32.172496148000164, -17.36845218699989], [32.17237415200003, -17.368570196999883], [32.17237415200003, -17.36880921599993], [32.17225215500014, -17.369047233999936], [32.17225215500014, -17.369284252999876], [32.172130159000176, -17.369404261999875], [32.17200816200011, -17.369642280999926], [32.17200816200011, -17.36976128999993], [32.17188616600015, -17.36999930899998], [32.17163817300013, -17.37011931899997], [32.17151617600007, -17.370476346999965], [32.17139418000011, -17.370596355999908], [32.17114618700015, -17.37095338399996], [32.17102419100013, -17.371191402999955], [32.1707801980001, -17.371548430999894], [32.1707801980001, -17.371786449999888], [32.170654201000104, -17.371786449999888], [32.169921222000085, -17.37392861899997], [32.16979922600012, -17.37428564699991], [32.16968122900005, -17.37476268399996], [32.1695552330001, -17.374880692999852], [32.171180188000164, -17.378557981999904], [32.17130618500005, -17.378557981999904], [32.17143218100017, -17.378795000999958], [32.17192816700015, -17.379029018999972], [32.17242415300018, -17.37926603699998], [32.17279414300003, -17.379502055999865], [32.17292014000009, -17.37973907399993], [32.17292014000009, -17.379857083999923], [32.17304613600004, -17.379857083999923], [32.17304613600004, -17.380096101999982], [32.17304613600004, -17.38033212099998], [32.17267614700006, -17.380691148999915], [32.17255415000017, -17.38092916799991], [32.172432154000035, -17.38104717699997], [32.17218416100019, -17.381286195999962], [32.17193916800011, -17.38140620599995], [32.171814171000165, -17.3816442239999], [32.17156917800003, -17.38188324299989], [32.17156917800003, -17.38212126199994], [32.17096719600016, -17.38544952399991], [32.170597207000185, -17.385926560999962], [32.170597207000185, -17.386165579999897], [32.17047521000012, -17.386165579999897], [32.17047521000012, -17.386285588999897], [32.17047521000012, -17.38640359899989], [32.17047521000012, -17.386521607999953], [32.17035321400016, -17.386521607999953], [32.16616033300005, -17.38938183399995], [32.16603433600005, -17.38949984299984], [32.165912340000034, -17.38973786199989], [32.165664347000074, -17.389857870999947], [32.16554235000018, -17.389978880999934], [32.16554235000018, -17.39009688999994], [32.16542035400005, -17.39009688999994], [32.165298357000154, -17.390216899999928], [32.165298357000154, -17.390334908999932], [32.16517236100003, -17.390454917999875], [32.16517636100019, -17.39057392799998], [32.16505036400014, -17.39069393699998], [32.16505036400014, -17.390811946999975], [32.16135046900018, -17.3933221449999], [32.16110647600016, -17.393442153999956], [32.160980480000035, -17.393681172999948], [32.16085848300014, -17.393801182999937], [32.16073648700018, -17.39403720099989], [32.16073648700018, -17.39427621999988], [32.160614490000114, -17.394396228999938], [32.160614490000114, -17.39475125699994], [32.16061749, -17.394871266999928], [32.16074748700004, -17.396296378999978], [32.16074748700004, -17.396534396999925], [32.160873484000035, -17.396771415999922], [32.160873484000035, -17.39700743399993], [32.16099948000016, -17.39748247199998], [32.16112547700004, -17.39760048099987], [32.16112547700004, -17.397720489999926], [32.162613435000026, -17.398544554999887], [32.16273543200009, -17.398544554999887], [32.16286042800016, -17.398544554999887], [32.16695031400013, -17.40019068299995], [32.16695031400013, -17.40030969199995], [32.168693265, -17.40208483099991], [32.168693265, -17.402100831999974], [32.15706659300008, -17.40355994999993], [32.155086649000054, -17.40380596999995], [32.15434666900012, -17.404045988999883], [32.15360669000012, -17.40428700799987], [32.15360669000012, -17.404407017999915], [32.153480694000166, -17.404407017999915], [32.143592973000125, -17.406587191999847], [32.143360979000136, -17.406585191999966]]]]}}, {"type": "Feature", "properties": {"GID_3": "ZWE.5.8.26_2", "GID_0": "ZWE", "COUNTRY": "Zimbabwe", "GID_1": "ZWE.5_1", "NAME_1": "Mashonaland East", "NL_NAME_1": "NA", "GID_2": "ZWE.5.8_2", "NAME_2": "Mutoko", "NL_NAME_2": "NA", "NAME_3": "Ward 6", "VARNAME_3": "NA", "NL_NAME_3": "NA", "TYPE_3": "Ward", "ENGTYPE_3": "Ward", "CC_3": "NA", "HASC_3": "NA", "id": "ZWE.5.8.26_2", "name": "Ward 6"}, "geometry": {"type": "MultiPolygon", "coordinates": [[[[32.225847639000165, -17.338837844999887], [32.22563764500018, -17.338975855999934], [32.22548864900011, -17.339124867999942], [32.22525965500017, -17.33920087399997], [32.225107660000106, -17.33927487999989], [32.22465367300015, -17.339282879999928], [32.224500677000094, -17.339284880999912], [32.22442467900004, -17.3393588859999], [32.22434868100015, -17.3393588859999], [32.224271683000154, -17.339360886999827], [32.2241956850001, -17.339360886999827], [32.2241956850001, -17.339434892999975], [32.22411968800009, -17.339434892999975], [32.22411968800009, -17.33950989799996], [32.223970692000194, -17.33958390399988], [32.22374169800008, -17.339732915999946], [32.22329171100006, -17.340178950999928], [32.22306671800004, -17.340402968999967], [32.22291372200016, -17.34054897999988], [32.222841724000034, -17.340697991999946], [32.222764726000094, -17.340697991999946], [32.222764726000094, -17.340772997999977], [32.221239769000135, -17.340792], [32.221090773000014, -17.34094001199992], [32.22101477500013, -17.34094201199997], [32.22101477500013, -17.341015017999894], [32.22101477500013, -17.34108702299983], [32.22071278400011, -17.34123803499989], [32.21995780500009, -17.341835081999818], [32.21973281200002, -17.34205609999998], [32.21965581400008, -17.342131105999954], [32.21957981600019, -17.342205111999874], [32.21950781800007, -17.34235412299995], [32.219358822000174, -17.342501134999964], [32.21912982900017, -17.342724151999903], [32.2189808330001, -17.342945169999894], [32.21883283700009, -17.343094181999902], [32.21875584000003, -17.343243192999978], [32.21867984200014, -17.34331519899996], [32.218606844000135, -17.34338920499988], [32.21853084600008, -17.343391204999875], [32.21837885000008, -17.343466210999964], [32.21814985700007, -17.343542216999936], [32.21792486300012, -17.343765234999978], [32.21777186700007, -17.343841240999893], [32.21762287200005, -17.343988251999974], [32.21739387800011, -17.344065257999944], [32.21724588200016, -17.344213269999955], [32.21716888500009, -17.34428827599993], [32.21702088900008, -17.344437287999938], [32.21686789300003, -17.344511293999915], [32.21663890000019, -17.344587299999887], [32.21648990400013, -17.34466430599997], [32.21626091000019, -17.344665305999968], [32.21626091000019, -17.344740311999942], [32.21618491200013, -17.344740311999942], [32.215955919000066, -17.344816317999914], [32.21587992100018, -17.34481831799991], [32.215803923000124, -17.34481831799991], [32.215726925000126, -17.344820317999904], [32.21565092700007, -17.344820317999904], [32.21526993800006, -17.344826318999935], [32.215040945000055, -17.344829318999928], [32.21489194900016, -17.344904324999902], [32.214815951000105, -17.344906324999897], [32.21473895300011, -17.344906324999897], [32.214586957000165, -17.34498233099987], [32.2143579640001, -17.345058336999955], [32.214056972000094, -17.345207348999963], [32.21382797900003, -17.34535836099991], [32.213678983000136, -17.34543236699983], [32.21344999000013, -17.34558337899989], [32.21314899800012, -17.345732390999956], [32.21284300700012, -17.345882401999916], [32.21269501100011, -17.346031413999924], [32.21261801300011, -17.346178425999938], [32.21239301900016, -17.346329437999884], [32.21224102400009, -17.346477448999963], [32.21209202800003, -17.34662646099997], [32.21201603000014, -17.34669946699995], [32.21201603000014, -17.346773472999928], [32.211943032000136, -17.346847478999962], [32.211642041, -17.347217507999915], [32.211264052000104, -17.34758753699998], [32.210814063999976, -17.347887560999936], [32.21058507100014, -17.348110577999933], [32.21028407900013, -17.34826158999988], [32.21005508600007, -17.348410601999944], [32.209906090000175, -17.348558613999955], [32.20884912000014, -17.349523689999955], [32.208777122000015, -17.349672701999907], [32.20862412600019, -17.349747706999835], [32.20832313500006, -17.349970724999878], [32.20809814100005, -17.350193742999977], [32.20794914600009, -17.35041475999998], [32.20772015200015, -17.350565771999925], [32.20764815400008, -17.35071278399994], [32.20757215599997, -17.350859794999906], [32.20749915800019, -17.351007806999974], [32.20750315800012, -17.351299829999903], [32.207579156, -17.351372835999825], [32.20758315600017, -17.35159185299983], [32.20758715600016, -17.351885875999926], [32.20759115600015, -17.35225190499989], [32.20751815800014, -17.35239891599997], [32.20752215800013, -17.352692938999894], [32.20744616000002, -17.35276694499987], [32.20744616100012, -17.35291195699989], [32.20737316300011, -17.353060967999966], [32.20730116500005, -17.35327998599996], [32.20722416700005, -17.353501002999963], [32.20715216900015, -17.353648013999873], [32.20715216900015, -17.353795025999943], [32.206942175000165, -17.35511712999994], [32.2068701770001, -17.355264141999896], [32.206793180000034, -17.355411152999977], [32.20679717999997, -17.355557164999937], [32.20672118200008, -17.355559164999818], [32.20672118200008, -17.355704175999904], [32.20672518200007, -17.355926193999892], [32.20672518200007, -17.35607020499998], [32.20672818200012, -17.356145210999898], [32.20672818200012, -17.35621721699988], [32.20665218400006, -17.356364227999904], [32.20665618400005, -17.356585245999895], [32.20658418600016, -17.356805262999956], [32.20650718800016, -17.356954274999964], [32.206435190000036, -17.357100285999877], [32.206435190000036, -17.35717329199997], [32.206439190000026, -17.357247297999947], [32.20569121200015, -17.35857540199987], [32.20569121200015, -17.358647407999968], [32.20561521400009, -17.358649407999962], [32.203364277000105, -17.35838638799987], [32.203288279, -17.35838638799987], [32.203135283000165, -17.358315381999944], [32.20297928800011, -17.358245376999946], [32.20290229000011, -17.358172370999853], [32.202826292000054, -17.358172370999853], [32.202673296, -17.358029359999932], [32.20251730100017, -17.357957353999893], [32.202441303000114, -17.357884348999903], [32.20236430500012, -17.35766733199989], [32.20228430700007, -17.357375308999963], [32.20228130700019, -17.357081285999982], [32.202197309000155, -17.356717256999957], [32.20211731100011, -17.35627822299989], [32.202036314000054, -17.35605920499995], [32.202033314000175, -17.35584018799989], [32.201956316, -17.355695176999973], [32.201952316000074, -17.35554816499996], [32.20187631800013, -17.35547515999997], [32.20187631800013, -17.355403153999873], [32.20155232700006, -17.35408905099996], [32.20155232700006, -17.353942038999946], [32.201548327000125, -17.353795027999865], [32.20147232900001, -17.35365001599996], [32.20139233100019, -17.353430998999954], [32.20138833100003, -17.353138975999855], [32.201312333000146, -17.35299396499994], [32.2012323350001, -17.352846952999926], [32.2012323350001, -17.35270194199984], [32.201151338000045, -17.352629935999914], [32.201151338000045, -17.3524829239999], [32.20107134000017, -17.35233791299993], [32.20107134000017, -17.352190901999904], [32.20099134200012, -17.35197188399991], [32.20089634400006, -17.35043576399994], [32.200892344000124, -17.350288751999926], [32.200892344000124, -17.350141739999913], [32.200888344000134, -17.34984871699993], [32.200884344000144, -17.349556693999943], [32.200881344000095, -17.349337676999937], [32.200877344000105, -17.349043653999843], [32.200873344000115, -17.348677624999937], [32.200869344000125, -17.348530613999912], [32.20079334600007, -17.348459607999928], [32.20024336200004, -17.347147504999896], [32.200087366000105, -17.34700249399998], [32.199858372000165, -17.346933488999866], [32.19978237400011, -17.34686148299994], [32.19977837500005, -17.346786476999966], [32.199702377000165, -17.34678847699996], [32.19962637900005, -17.346716471999912], [32.199473383, -17.346645465999927], [32.19932038700017, -17.34664746599998], [32.199168392000104, -17.346575460999816], [32.19901539600005, -17.34657746099998], [32.197947426000155, -17.346592461999876], [32.19748943899998, -17.346598462999964], [32.19733744300004, -17.346599462999848], [32.19588748400008, -17.34661946499989], [32.19581148599997, -17.346546458999967], [32.19573548800008, -17.346474453999974], [32.195502495000085, -17.34625843699996], [32.1951935030001, -17.34596841399997], [32.1951935030001, -17.34589640799993], [32.1951935030001, -17.345821401999956], [32.1951935030001, -17.345749396999963], [32.1939425380001, -17.343494219999968], [32.1938925390001, -17.343496219999963], [32.19388853900011, -17.343420213999877], [32.19388853900011, -17.343347207999955], [32.19381254100006, -17.34334920799995], [32.19381254100006, -17.34320219699987], [32.19373654300017, -17.34320219699987], [32.19373254400011, -17.34305818499996], [32.19372854400012, -17.342836167999963], [32.19365254600007, -17.342838167999957], [32.19365254600007, -17.34276616199992], [32.19357554800007, -17.34261915099995], [32.19341955200014, -17.34254814499991], [32.19334355400008, -17.342403133999937], [32.19326655600008, -17.3423311279999], [32.19311056100008, -17.342258122999908], [32.19288156700014, -17.34204310599995], [32.192805569000086, -17.34204310599995], [32.19272957099997, -17.34197009999997], [32.192648574000145, -17.34190009499997], [32.19257257600003, -17.34190009499997], [32.1892346680001, -17.337401741999884], [32.18915867100014, -17.337331735999953], [32.18908267300003, -17.337184724999872], [32.18900267499998, -17.336966707999977], [32.18892167700005, -17.33682069599996], [32.18876968100011, -17.33653067299997], [32.188689683000064, -17.33638566199994], [32.18860968600006, -17.336165644999937], [32.18853268800012, -17.33602063299992], [32.18837669200019, -17.33572961099992], [32.188296694000144, -17.33551159299992], [32.188124699000184, -17.335236571999815], [32.18728572200013, -17.333913467999935], [32.187129727000126, -17.33376845699985], [32.18697673100007, -17.33355043999984], [32.18674373700014, -17.333260416999906], [32.18666374000003, -17.3330413999999], [32.186507744000096, -17.33289638799988], [32.1864307460001, -17.332826382999883], [32.1864307460001, -17.332751376999965], [32.18635474800004, -17.33275337699996], [32.18481379100018, -17.331454274999942], [32.18450480000007, -17.3310922469999], [32.184195808000084, -17.330876229999888], [32.18403981300008, -17.330731218999972], [32.183962815000086, -17.33066121299987], [32.18388681700003, -17.33066121299987], [32.18388681700003, -17.33058820699995], [32.18381081900014, -17.33058820699995], [32.18233786000019, -17.328851070999917], [32.18226186200013, -17.328631053999857], [32.182181864000086, -17.32848604299994], [32.182181864000086, -17.328412036999964], [32.182181864000086, -17.328339030999928], [32.182177864000096, -17.328267024999946], [32.182177864000096, -17.328193018999855], [32.179461940000124, -17.324638740999944], [32.17938594200001, -17.324421723999933], [32.179305944000134, -17.324276711999914], [32.179305944000134, -17.32412970099989], [32.17914894800015, -17.32398468899993], [32.17891995500008, -17.323767671999974], [32.1786109630001, -17.323479649999967], [32.17837897000004, -17.32318962699992], [32.17814597600011, -17.32304661599983], [32.17806997800005, -17.32289960399993], [32.17799298100016, -17.32290160399998], [32.1779169830001, -17.32282859899982], [32.17776098700011, -17.322683586999972], [32.17745199600006, -17.322395564999965], [32.177066006000075, -17.322107541999912], [32.17683401300019, -17.32181751899992], [32.17660101900009, -17.321527496999977], [32.17644802400014, -17.321310479999966], [32.17636802600009, -17.321163467999895], [32.17636802600009, -17.32109146199997], [32.176288028000045, -17.320871444999966], [32.176288028000045, -17.32072643399988], [32.176284028000055, -17.32065242799996], [32.17636102600005, -17.32057742199987], [32.17636102600005, -17.32050541599989], [32.17636102600005, -17.320432410999956], [32.17635702600006, -17.320286398999883], [32.17643302400012, -17.320139387999973], [32.17642902400013, -17.31984536399989], [32.176498021999976, -17.31947733499993], [32.17649402200004, -17.319113306999895], [32.17656701900012, -17.31874427799994], [32.176487022000174, -17.318525260999934], [32.176483022000184, -17.318306242999938], [32.17640302400014, -17.317941214999905], [32.17639902400015, -17.31772219699991], [32.17632302600009, -17.31757518599983], [32.1763190260001, -17.317356168999822], [32.17624202800016, -17.317211156999974], [32.176239028000055, -17.317138151999814], [32.176239028000055, -17.316992139999968], [32.176239028000055, -17.316917133999823], [32.176158030000124, -17.316772122999907], [32.175911037, -17.315091990999974], [32.17590703700006, -17.315017984999884], [32.17583003900006, -17.31487297299998], [32.17582703900018, -17.314725961999955], [32.17567004300014, -17.314435938999964], [32.17551804800007, -17.314217921999955], [32.175438050000025, -17.313926898999966], [32.17528105400004, -17.313706881999963], [32.17520105600016, -17.31348986499995], [32.17504806100004, -17.313271847999943], [32.174968063000165, -17.31312483599993], [32.17489206500011, -17.31305483099993], [32.174816067, -17.312981824999895], [32.17465907100018, -17.31283681399998], [32.173893093, -17.312407779999944], [32.17381609500006, -17.312335773999905], [32.17350710400018, -17.312192762999814], [32.173050116000184, -17.311978746999955], [32.17266412700013, -17.311690723999845], [32.172508132000075, -17.311620717999915], [32.17243213400019, -17.311620718999905], [32.17243213400019, -17.31154771299998], [32.17235513600008, -17.31154771299998], [32.17212614200014, -17.31140470199989], [32.171897149000074, -17.311333695999963], [32.170284194000146, -17.310403622999843], [32.1701271980001, -17.310185605999834], [32.16981520700011, -17.309603560999903], [32.16966221100006, -17.309459548999882], [32.169506215000126, -17.309388543999944], [32.169506215000126, -17.309315537999964], [32.169429217000186, -17.30924353199987], [32.169353220000175, -17.309170526999935], [32.168342248000044, -17.307719412999973], [32.16826225000017, -17.307500394999977], [32.16818625200011, -17.307280377999973], [32.168106254000065, -17.306988354999874], [32.168102254000075, -17.306916349999938], [32.16798725700005, -17.30399611999991], [32.16798425700017, -17.303702096999928], [32.16798425600007, -17.303555084999914], [32.16798025700018, -17.30341007399994], [32.16805225400003, -17.303117050999845], [32.168201250000095, -17.302821026999936], [32.168197250000105, -17.302527003999955], [32.168197250000105, -17.30230798699995], [32.16827024800011, -17.302160974999936], [32.16827024800011, -17.30201396399997], [32.16826624800012, -17.301941957999873], [32.168342246, -17.301792945999978], [32.16841524400019, -17.301645934999954], [32.16849124200007, -17.301571928999977], [32.16856723900008, -17.301424916999963], [32.16864023700009, -17.301202899999907], [32.168789233000155, -17.30105488799984], [32.169090225, -17.300831870999957], [32.169319218000055, -17.300607852999974], [32.169544212000176, -17.30038683499987], [32.16976920500008, -17.30016381799993], [32.169841203000146, -17.300016805999917], [32.169918201000144, -17.29994279999994], [32.16999419900003, -17.29986779399985], [32.170143195000094, -17.299719782999944], [32.170215193, -17.299425759999963], [32.17029119000017, -17.299204741999972], [32.17036418800018, -17.29898472499997], [32.17036018800019, -17.298763706999978], [32.17035618800003, -17.298399678999942], [32.17035318800015, -17.298252666999872], [32.17027619000015, -17.298032649999982], [32.17027219, -17.297886638999955], [32.17019219300005, -17.297668620999957], [32.17019219300005, -17.297521609999876], [32.17018819300006, -17.29730259299987], [32.17018819300006, -17.29722858699995], [32.17047118400012, -17.295540453999934], [32.170547182, -17.29539344199992], [32.170620180000014, -17.295318435999945], [32.17069617800013, -17.29517142499992], [32.17069617800013, -17.295097418999944], [32.170768176000024, -17.295023412999967], [32.170917170999985, -17.29480139599997], [32.170917170999985, -17.29472938999993], [32.1709931690001, -17.294582377999973], [32.17114216500016, -17.294359360999977], [32.17121516300017, -17.294212348999963], [32.171291161000056, -17.294065337999882], [32.17136315900012, -17.29391632599993], [32.17144015600019, -17.29384431999989], [32.17151215400014, -17.293623302999833], [32.171661150000034, -17.293401284999845], [32.17173714800009, -17.293253273999937], [32.17181414600003, -17.293178267999963], [32.17196214200004, -17.292957249999972], [32.172111137, -17.292808237999964], [32.172187135000115, -17.292661226999883], [32.172412129000065, -17.292438208999897], [32.17248912700006, -17.29229119799993], [32.172561124000026, -17.29221719199984], [32.17323310500012, -17.291036098999882], [32.17323310500012, -17.2909640929999], [32.173309103, -17.290889086999982], [32.17338110100013, -17.290596063999885], [32.173530097000025, -17.29037404599984], [32.17367909200016, -17.29007902299992], [32.17375109000011, -17.28985800599986], [32.17374809, -17.289712993999956], [32.17382408800012, -17.289637987999868], [32.173900086000174, -17.289488976999962], [32.173896086000184, -17.28941697099998], [32.173896086000184, -17.28934496499994], [32.17397308400018, -17.289269958999967], [32.17396108400004, -17.288537901999973], [32.17396108400004, -17.288462895999885], [32.173885086000155, -17.288392889999955], [32.17446106900013, -17.285746681999967], [32.17445706900014, -17.28567467599993], [32.17445706900014, -17.285454658999925], [32.17445306899998, -17.28523564199992], [32.1744500690001, -17.284941618999937], [32.175499039000044, -17.283682518999967], [32.1755750370001, -17.28353650799994], [32.17565103500016, -17.283534507999946], [32.175727033000044, -17.283534507999946], [32.175727033000044, -17.28345950199997], [32.175953027000105, -17.28323848399998], [32.17617802000018, -17.28308747199992], [32.176479012000186, -17.282792448999942], [32.17662800700003, -17.282569430999956], [32.17670400500009, -17.282496425999966], [32.17678000300015, -17.282347413999958], [32.176853001000154, -17.28227340799998], [32.176853001000154, -17.282200401999887], [32.17692899900004, -17.282126395999967], [32.177077994, -17.28190537899991], [32.177149992000125, -17.281758366999895], [32.17722699000012, -17.281684361999908], [32.17729898800019, -17.28146234399992], [32.17745198400007, -17.281314331999965], [32.17752398200014, -17.28116732099994], [32.17751998199998, -17.28087329799996], [32.17751998199998, -17.280800291999867], [32.1775169820001, -17.280362256999865], [32.17751298200011, -17.28006823399994], [32.17743298400006, -17.279849216999935], [32.17742498400014, -17.279338176999943], [32.17742498400014, -17.27915316199983], [32.17742098400015, -17.279044153999962], [32.177416984, -17.27875013099998], [32.17741398400011, -17.27853111299987], [32.17741398400011, -17.27831109599998], [32.17733298600018, -17.278020072999936], [32.177329986000075, -17.277800055999876], [32.17732198600015, -17.27736202099993], [32.177245988000095, -17.27714200399987], [32.177241988000105, -17.276922986999978], [32.17723798900005, -17.276775974999964], [32.177237988000115, -17.276556957999958], [32.17715799100017, -17.276336940999954], [32.17715399100018, -17.27618992899994], [32.17714999100019, -17.275898905999952], [32.177073993000135, -17.275753894999923], [32.177069993000146, -17.275606882999966], [32.177065992999985, -17.275240853999946], [32.177062993000106, -17.275020836999943], [32.17705899300012, -17.274726813999962], [32.17705899300012, -17.274580801999946], [32.17713099100007, -17.274360784999942], [32.17713099100007, -17.274213773999975], [32.17720398900008, -17.27399275599987], [32.177275987000144, -17.27384574499996], [32.177351984000154, -17.27369873299989], [32.17742498200016, -17.27347771599989], [32.17749698000006, -17.273256697999898], [32.177573978000055, -17.27310968699993], [32.17764597600012, -17.272962674999917], [32.17772297400012, -17.272813662999965], [32.177870969000026, -17.272520639999925], [32.17801996500009, -17.272371627999973], [32.17971391599997, -17.267734262999966], [32.17986291200003, -17.267585250999957], [32.179938910000146, -17.267585250999957], [32.179938910000146, -17.26751124499998], [32.18001490800003, -17.267439238999884], [32.18001090800004, -17.267292227999974], [32.18008790600004, -17.267217221999886], [32.18008790600004, -17.26714521599996], [32.18015990400011, -17.266924198999902], [32.180308899000124, -17.266775186999894], [32.18038489700018, -17.26655416999995], [32.18045789500019, -17.266407157999936], [32.180533893000074, -17.26626014699991], [32.18068288900014, -17.26603712899987], [32.18135786900001, -17.265369075999843], [32.181735859000014, -17.265071052999872], [32.182036850000145, -17.264701022999873], [32.18218584600004, -17.26448000599993], [32.18225784400016, -17.264258988999927], [32.18233384200005, -17.264111976999914], [32.18233384200005, -17.264037970999937], [32.18233084200017, -17.263892959999907], [32.182402840000066, -17.263671941999917], [32.182398840000076, -17.263377918999936], [32.18247183699998, -17.263157901999932], [32.18246783700005, -17.26286487899995], [32.18246383700006, -17.26257285599985], [32.182536835000064, -17.262278832999925], [32.182536835000064, -17.262057814999935], [32.18260883300013, -17.261763791999954], [32.182757829000025, -17.261469768999973], [32.18282982700015, -17.261248750999982], [32.18297882300004, -17.26095372799989], [32.18305182000012, -17.26065970499991], [32.183199816000126, -17.26036568199993], [32.183272814000134, -17.260071658999948], [32.18342181000003, -17.259776634999923], [32.183493808000094, -17.259482611999942], [32.1835668060001, -17.25926159499994], [32.18356280600011, -17.259041576999948], [32.18363480300013, -17.25882055999989], [32.18371180100013, -17.258601542999884], [32.183783799000025, -17.258380524999893], [32.1839287950001, -17.257939490999888], [32.18407379100006, -17.25735044399994], [32.18407379100006, -17.25720543299991], [32.18406579100008, -17.256692391999934], [32.18406279100003, -17.256398368999953], [32.18405879100004, -17.256253357999924], [32.18405479100005, -17.255959334999943], [32.18405479100005, -17.255740316999947], [32.18404679100013, -17.255299282999943], [32.18404279100014, -17.254935253999918], [32.1840357910001, -17.25442221399993], [32.18403179100011, -17.254202195999937], [32.18403179100011, -17.254056184999968], [32.18395179300006, -17.25383616699986], [32.18394779300007, -17.253617149999968], [32.18394379300014, -17.25332312699993], [32.18386379500009, -17.252959097999963], [32.1838597950001, -17.252593069999932], [32.183856795, -17.25237305199994], [32.18377579800017, -17.252081028999953], [32.18376879800013, -17.25134897199996], [32.18376079800015, -17.25098294299994], [32.183684800000094, -17.250762924999947], [32.183680800000104, -17.25054390799994], [32.18360080200006, -17.250398896999855], [32.18352480400017, -17.250179879999962], [32.183272811, -17.24842474099995], [32.18333780900008, -17.24836773699991], [32.18333780900008, -17.248289730999943], [32.1844547770001, -17.247966704999953], [32.1844547770001, -17.2478126929999], [32.184535775000086, -17.2478126929999], [32.18469177100019, -17.247577673999842], [32.18500876200005, -17.247266649999972], [32.185088759000166, -17.24718864399989], [32.18516875700004, -17.247186642999907], [32.18516875700004, -17.247110636999935], [32.1852447550001, -17.246954624999887], [32.1852447550001, -17.246801612999946], [32.185320752999985, -17.246645600999898], [32.18540175000004, -17.24649058899996], [32.18539775000005, -17.24641258199989], [32.18539775000005, -17.24625956999995], [32.18539375000012, -17.246105557999897], [32.18539375000012, -17.24595054599996], [32.18538975000013, -17.24571952799994], [32.18546974800017, -17.24564152199997], [32.18546574800018, -17.24548750999992], [32.18546574800018, -17.24533249699988], [32.185462748000134, -17.245256490999964], [32.185462748000134, -17.24502547299994], [32.185458748000144, -17.244947466999974], [32.1853787500001, -17.244794454999862], [32.1853787500001, -17.244718448999947], [32.18537475000011, -17.24464044299998], [32.18537475000011, -17.244409424999958], [32.18576373900004, -17.24371136999997], [32.18576373900004, -17.243633362999958], [32.185843737000084, -17.243555356999934], [32.18591973500003, -17.24347635099997], [32.185999733000074, -17.24339834499989], [32.18608073000007, -17.243320338999922], [32.18608073000007, -17.24324433299995], [32.186156728000185, -17.24316632699987], [32.186236726, -17.243087319999916], [32.18631672400005, -17.24300931399995], [32.18631672400005, -17.242933307999976], [32.18639672100005, -17.24293130799998], [32.18639272100006, -17.242855301999896], [32.1864767190001, -17.2428533019999], [32.18647271900011, -17.242698289999964], [32.18655371700004, -17.242620282999894], [32.18662971500015, -17.242466270999955], [32.186709712000095, -17.24238726499982], [32.18678571000015, -17.242233252999938], [32.18678571000015, -17.24215524699997], [32.18686570800003, -17.24207624099995], [32.18686570800003, -17.24200023499992], [32.18686270800015, -17.24176921599991], [32.186942706000025, -17.241691209999942], [32.186938706000035, -17.24153719799989], [32.186930706000055, -17.240842142999952], [32.18692670600012, -17.240690130999894], [32.18692670600012, -17.240535118999958], [32.18692370600019, -17.240457112999877], [32.18692370600019, -17.240381106999905], [32.18692370600019, -17.240304100999936], [32.186919706000026, -17.240150088999883], [32.186919706000026, -17.240072082999916], [32.186919706000026, -17.239919070999974], [32.18691570600009, -17.239841063999904], [32.18699570400014, -17.239763057999937], [32.18707570100008, -17.23968505199997], [32.18715569900013, -17.239606045999892], [32.18715169900014, -17.23937602799998], [32.18714869900009, -17.23922101599993], [32.1871446990001, -17.23898999699992], [32.1871446990001, -17.23883598499998], [32.18714069900011, -17.238682972999925], [32.18714069900011, -17.238604966999958], [32.18730069500003, -17.238602966999963], [32.18762168600006, -17.238520959999903], [32.18786167900009, -17.23851895999985], [32.188181670000176, -17.238514959999975], [32.188262668000164, -17.23851295999998], [32.18834266500011, -17.23851195899988], [32.18842266300015, -17.23843495299991], [32.18850266100003, -17.238432952999915], [32.188582659000076, -17.23843095299992], [32.18922364000008, -17.238268939999955], [32.189303638000126, -17.238268939999955], [32.189299638000136, -17.238190933999874], [32.18945963400006, -17.23803492199994], [32.18945963400006, -17.23795791499998], [32.189539631, -17.23795691499987], [32.189536632000056, -17.2378799089999], [32.18945663400018, -17.23780390299993], [32.18945663400018, -17.237727896999957], [32.189372636000144, -17.2375748849999], [32.1892926380001, -17.237420872999962], [32.18928863800011, -17.23734386699988], [32.189208641000164, -17.237267860999964], [32.189208641000164, -17.23711284899997], [32.189204641000174, -17.236958836999975], [32.189204641000174, -17.236882830999946], [32.18920064100001, -17.236727818999952], [32.18920064100001, -17.23665181299998], [32.189280638000184, -17.236573806999957], [32.189280638000184, -17.236495799999943], [32.18935663600007, -17.23641679399998], [32.18943663400012, -17.23641679399998], [32.18943663400012, -17.23634078799995], [32.18951763200005, -17.236338787999955], [32.18951763200005, -17.23626278199987], [32.18959762900005, -17.236260781999874], [32.18959762900005, -17.236184775999902], [32.189677627000094, -17.236182775999907], [32.18975362500015, -17.23610476899995], [32.18975362500015, -17.23602776299998], [32.18983362300003, -17.236025762999873], [32.18983362300003, -17.235871750999934], [32.18990962000015, -17.235793744999967], [32.18990962000015, -17.23564073299991], [32.18990962000015, -17.235562726999945], [32.18998661800015, -17.235407713999905], [32.18998261800016, -17.235253701999966], [32.190924591000055, -17.23346856099994], [32.1910045890001, -17.23346856099994], [32.19100058900011, -17.233389554999974], [32.19100058900011, -17.23331354899983], [32.19108158700004, -17.233157536999954], [32.1912375820001, -17.23300252499996], [32.191317580000145, -17.23284651199998], [32.19139357800003, -17.232768505999957], [32.19139357800003, -17.232613493999906], [32.19139057800015, -17.23230646999997], [32.19138657800016, -17.232151457999976], [32.19138257800017, -17.231921438999848], [32.19138257800017, -17.231842432999883], [32.19130258000013, -17.231768426999963], [32.19129858000014, -17.231535408999946], [32.19137857800001, -17.23145740299998], [32.19137457800008, -17.23130539099992], [32.19137457800008, -17.231226384999957], [32.191454576000126, -17.231226384999957], [32.191454576000126, -17.231072372999847], [32.191371578000144, -17.230996366999932], [32.191371578000144, -17.230919360999962], [32.19136757799998, -17.23076534799992], [32.191287580000164, -17.23076534799992], [32.191287580000164, -17.230534329999898], [32.191203583, -17.230458323999926], [32.191203583, -17.230303311999876], [32.191123585000184, -17.23030531199987], [32.191119585000024, -17.230151299999932], [32.19103958700015, -17.230153299999927], [32.19103958700015, -17.229922281999904], [32.19095558900011, -17.229922281999904], [32.19095558900011, -17.229845275999935], [32.19087559200017, -17.229845275999935], [32.19087559200017, -17.229769269999963], [32.19079459400001, -17.229693263999934], [32.19079159400013, -17.229617257999962], [32.19062759800005, -17.229233227999885], [32.190707596000095, -17.229155221999918], [32.19078759400014, -17.229153221999866], [32.19086759200019, -17.229075214999966], [32.19094758900019, -17.229075214999966], [32.191107585000054, -17.22907321499997], [32.19126458, -17.228993208999952], [32.19142457600009, -17.228991208999958], [32.191504574000135, -17.228989207999973], [32.191584571000135, -17.228989207999973], [32.19166456900018, -17.228911201999892], [32.191744567, -17.228909201999898], [32.19182456500005, -17.228909201999898], [32.1919055620001, -17.22883119599993], [32.192065558000024, -17.22882919599988], [32.19214555600007, -17.22875118999997], [32.192225553000014, -17.228749188999927], [32.19230555100006, -17.228749188999927], [32.19238554900011, -17.22867118299996], [32.192462547000105, -17.228592176999882], [32.192622542000095, -17.228590176999887], [32.19270254000014, -17.22851217099992], [32.19278253800019, -17.228510169999936], [32.19286253500013, -17.22843216399997], [32.192942533, -17.22843216399997], [32.193022531000054, -17.228430163999974], [32.1931025290001, -17.22835215799995], [32.19325952400004, -17.22827415199987], [32.19333952200009, -17.228272151999874], [32.193423520000124, -17.228272150999885], [32.19349951700008, -17.228194144999975], [32.193659513, -17.228192144999923], [32.193659513, -17.228114138999956], [32.19373951100005, -17.228114138999956], [32.19373951100005, -17.228035132999878], [32.1938205080001, -17.228035132999878], [32.19390050600015, -17.22795712699991], [32.195410463000144, -17.227166063999846], [32.19573145400011, -17.22708605699995], [32.19589145000003, -17.227005050999935], [32.19605144500002, -17.227004050999938], [32.196211441000116, -17.226923043999875], [32.19637243600005, -17.22692204399982], [32.19645243400009, -17.22692204399982], [32.19652843200015, -17.226843037999856], [32.196608430000026, -17.226841037999975], [32.19677242500018, -17.226840037999978], [32.19684842300006, -17.2267610319999], [32.19692942100005, -17.226683024999943], [32.19708941600004, -17.226681024999948], [32.19708941600004, -17.226605018999976], [32.19724941100003, -17.22660301899998], [32.197329409000076, -17.226601018999816], [32.19740940700012, -17.226523012999905], [32.197485405, -17.22644500599995], [32.19764640000011, -17.226366], [32.19772639800016, -17.226287993999847], [32.19788639300015, -17.226207987999885], [32.19804238900008, -17.226129981999918], [32.19812338700007, -17.22605197499996], [32.19828338200006, -17.226049974999967], [32.1983633800001, -17.225971968999886], [32.19844337800015, -17.22589296299992], [32.19852337500009, -17.225891962999924], [32.19947734800007, -17.225339918999907], [32.19955734600012, -17.225337918999912], [32.199637344000166, -17.225259912999945], [32.199797338999986, -17.225181905999875], [32.200034333000076, -17.225023893999946], [32.200194328000066, -17.22494588799998], [32.200194328000066, -17.22486688099997], [32.201548290000176, -17.22423383099988], [32.201548290000176, -17.22438884299993], [32.201552290000166, -17.2244648489999], [32.201552290000166, -17.224540854999873], [32.201552290000166, -17.224695867999912], [32.201556290000156, -17.22477387399988], [32.20163628800003, -17.224771873999885], [32.20163628800003, -17.224925885999937], [32.20164028800019, -17.225002891999907], [32.201720285000135, -17.225002891999907], [32.201720285000135, -17.225154903999965], [32.201884281, -17.22530791599985], [32.201884281, -17.225385921999816], [32.201884281, -17.22546192799996], [32.20196427900004, -17.22553893399993], [32.20204827599997, -17.22569094599993], [32.202212272000054, -17.225919963999957], [32.202212272000054, -17.225997969999923], [32.202212272000054, -17.226074975999893], [32.2022922700001, -17.226072975999898], [32.20270025800011, -17.226607017999868], [32.2027042580001, -17.226685023999835], [32.20278425600014, -17.226683023999954], [32.20278425600014, -17.226761029999977], [32.20286425400019, -17.226759029999982], [32.20286425400019, -17.226914041999976], [32.20302824900017, -17.22706605399992], [32.20302824900017, -17.22714305999989], [32.20303224900016, -17.227219065999975], [32.20303224900016, -17.227297071999942], [32.203112247000035, -17.22737407799991], [32.203112247000035, -17.227450083999884], [32.20311624699997, -17.227604095999936], [32.20311624699997, -17.227681101999906], [32.20312024700013, -17.227913120999915], [32.20312424700012, -17.22806613299997], [32.20312424700012, -17.22822014499991], [32.20312424700012, -17.228299150999874], [32.20490119700008, -17.229277227999887], [32.20498119500013, -17.229351232999818], [32.20506519300011, -17.229506245999914], [32.20506519300011, -17.229582251999943], [32.20514519000011, -17.229582251999943], [32.20514919000004, -17.22965925799997], [32.20522918800009, -17.22981126999997], [32.205313186000126, -17.229964281999912], [32.20539318300007, -17.229964281999912], [32.20539318300007, -17.230040287999884], [32.205473181000116, -17.230040287999884], [32.205473181000116, -17.230195299999934], [32.20555717900015, -17.23026930599991], [32.20556117900014, -17.23050232399993], [32.20556117900014, -17.230654335999873], [32.20556517900013, -17.230809347999923], [32.20556517900013, -17.230963359999976], [32.205569179000065, -17.2311183729999], [32.205569179000065, -17.231272384999954], [32.205573179000055, -17.231503402999977], [32.205576179000104, -17.231657414999916], [32.20549618100006, -17.231812426999966], [32.205744174000074, -17.23234846899993], [32.20582417200012, -17.232424474999902], [32.20582817200011, -17.232579487999942], [32.20590817000016, -17.232577486999958], [32.20590817000016, -17.232655493999914], [32.20598816800003, -17.232731498999897], [32.20599216700009, -17.23280850599997], [32.20599216700009, -17.23288451199994], [32.20607216500014, -17.232884510999952], [32.20615616300017, -17.23311352999997], [32.20648115400013, -17.23341855299998], [32.206564152000055, -17.23364757099995], [32.20664514900011, -17.23364757099995], [32.20672514700016, -17.233799582999893], [32.20696914000018, -17.233950594999953], [32.207129136000106, -17.234026600999925], [32.20737312900013, -17.2342536189999], [32.20761312200017, -17.23425061899991], [32.20836110200008, -17.236168769999892], [32.20844509900019, -17.236321781999948], [32.20852509700006, -17.236550799999975], [32.20852909700005, -17.236704811999914], [32.2086090950001, -17.236859823999964], [32.20861309500003, -17.23701183599985], [32.20861309500003, -17.23716684799996], [32.20869309300008, -17.23716684799996], [32.20869709300007, -17.23731885999996], [32.20878109000017, -17.237473871999953], [32.208941086000095, -17.237702889999923], [32.20902508400013, -17.23785490199998], [32.209105081000075, -17.23793190799995], [32.209109081000065, -17.238007913999922], [32.20926907700016, -17.238160925999978], [32.20943307200014, -17.238312937999922], [32.20959306800006, -17.238463949999982], [32.209677065000164, -17.238694967999947], [32.20976106299997, -17.23884697999989], [32.20984106100002, -17.238923985999975], [32.20984106100002, -17.239077997999914], [32.20992505900006, -17.239154003999886], [32.20992505900006, -17.239309016999925], [32.21042104500009, -17.240457106999884], [32.21042904500018, -17.240997148999895], [32.21043304500017, -17.241151160999948], [32.21043304500017, -17.241306173999874], [32.21051304300005, -17.241304173999822], [32.2105160430001, -17.241380178999975], [32.210757036000075, -17.241609196999832], [32.21084103400011, -17.241762208999944], [32.2110010290001, -17.241838214999973], [32.21108502700014, -17.242067232999887], [32.211165025000184, -17.242067232999887], [32.211165025000184, -17.242143238999972], [32.21124502200013, -17.242143238999972], [32.211329020000164, -17.242296250999914], [32.21148901600009, -17.242370256999834], [32.211493015000144, -17.24252526899994], [32.21157301300019, -17.242601274999913], [32.21157301300019, -17.242677280999942], [32.211657011, -17.24275428699997], [32.211657011, -17.242830292999884], [32.21166101100016, -17.24306331199989], [32.21166101100016, -17.243139317999976], [32.21166501100015, -17.243293329999915], [32.21166501100015, -17.243448341999965], [32.21166501100015, -17.243524347999937], [32.21158801300015, -17.243602353999904], [32.21158801300015, -17.243679359999874], [32.21158801300015, -17.243757365999954], [32.21136002000003, -17.244607432999942], [32.211363020000135, -17.24476244599998], [32.211363020000135, -17.244838451999954], [32.211363020000135, -17.24499346399989], [32.21128702200002, -17.245147475999943], [32.21128702200002, -17.24522548199991], [32.21129102200018, -17.245378493999965], [32.21129102200018, -17.2455335059999], [32.21129502200017, -17.245687518999944], [32.211215024000126, -17.24584253099988], [32.211218024, -17.2460745489999], [32.21114202600012, -17.246305566999922], [32.21114202600012, -17.24638357299989], [32.2110700290001, -17.247077627999943], [32.21107302900003, -17.24723263999988], [32.21099303100016, -17.24731064599996], [32.21091303300011, -17.247388652999916], [32.2109170330001, -17.24754166499997], [32.210837035000054, -17.24761967099994], [32.21084103499999, -17.247697676999906], [32.21084103499999, -17.247852688999956], [32.21084103499999, -17.247928694999928], [32.21084503500015, -17.2480047009999], [32.21076403800009, -17.248006700999895], [32.21060804200016, -17.24854874399989], [32.21061204200015, -17.248725757999978], [32.21057004300013, -17.248727757999973], [32.210494045000075, -17.248727757999973], [32.21042104700007, -17.249021780999954], [32.21027205200011, -17.24924479899994], [32.21021505400017, -17.250562902999945], [32.21029105200006, -17.250707913999918], [32.210368049000124, -17.250780919999954], [32.21060004300011, -17.250997936999966], [32.21067704100011, -17.251070942999945], [32.21083303600017, -17.251140947999943], [32.21090903400005, -17.25121395399998], [32.210986032, -17.251285958999972], [32.21106203000011, -17.251283958999977], [32.211138028000164, -17.2513569649999], [32.21129502399998, -17.25150197599993], [32.211756011000034, -17.251862004999964], [32.212911979000125, -17.25301809499996], [32.21291597800018, -17.25309010099994], [32.21299197600007, -17.253163106999864], [32.21299597600006, -17.25345712999996], [32.213071974000115, -17.25360214099993], [32.21315197200016, -17.25374715299995], [32.21315597200015, -17.254040175999933], [32.21323597000003, -17.254405204999955], [32.21339696500007, -17.254988249999883], [32.21347696300012, -17.25535427899996], [32.213556961, -17.25557229599997], [32.213560961000155, -17.255719307999982], [32.213560961000155, -17.25579331399996], [32.21365595900005, -17.25725642899988], [32.21365595900005, -17.257403439999962], [32.2137359570001, -17.25754845199998], [32.2137359570001, -17.257695462999948], [32.21373995700003, -17.257840474999966], [32.21374395700019, -17.258061491999968], [32.21382395400019, -17.258353514999953], [32.213827954000124, -17.25857253199996], [32.21383095400006, -17.25886455499989], [32.21391195200016, -17.259303589999888], [32.21392295200019, -17.260108652999975], [32.214002950000065, -17.260401675999958], [32.214002950000065, -17.26047468199988], [32.214006950000055, -17.26062169399995], [32.21381595600002, -17.263625929999932], [32.21381995600018, -17.263844947999928], [32.21381995600018, -17.263991958999952], [32.21382395600017, -17.264285981999933], [32.21382795600016, -17.26457700499992], [32.21375495800015, -17.26479902299991], [32.21375895800014, -17.265018039999916], [32.213762958000075, -17.265312062999897], [32.213766958000065, -17.26560408599994], [32.213769958000114, -17.265897108999923], [32.213418969000145, -17.268098282999972], [32.213418969000145, -17.268173287999957], [32.21334297100009, -17.26832029999997], [32.21334697100002, -17.268467311999927], [32.21334697100002, -17.268613322999954], [32.21335097100018, -17.26890534599994], [32.213281973000164, -17.269273374999955], [32.2132099750001, -17.26949339199996], [32.21321297500015, -17.26978641599993], [32.21313697700009, -17.27000843299993], [32.21314097700008, -17.270153443999902], [32.21314097700008, -17.270300455999916], [32.21314497700001, -17.270519472999922], [32.21314897700017, -17.270813495999903], [32.21355296600012, -17.27241962299985], [32.21355296600012, -17.272491627999955], [32.21362896400018, -17.272564633999934], [32.213708962000055, -17.272709645999953], [32.21393795500012, -17.272926662999964], [32.21409095100012, -17.27292466199998], [32.214242947000116, -17.272995667999908], [32.21439994200006, -17.27306767399989], [32.21455193800017, -17.27306367299991], [32.21462893600017, -17.27306367299991], [32.21478093200011, -17.27306167299986], [32.215005925000185, -17.27305867299998], [32.21758085200014, -17.271633559999827], [32.21780984600008, -17.271556553999915], [32.217958842000144, -17.271555553999917], [32.21811183800003, -17.27147854699996], [32.218111837000095, -17.271406541999966], [32.218263833000094, -17.271331535999877], [32.21841282900016, -17.27118352399998], [32.21871782000005, -17.271104517999902], [32.21886681600017, -17.270956505999948], [32.21894281400006, -17.270956505999948], [32.21917180800017, -17.27080749399994], [32.21932480300012, -17.270803493999892], [32.21947279900013, -17.270729487999972], [32.219778790000134, -17.270725487999982], [32.219778790000134, -17.27065048199995], [32.22008378200013, -17.27064748199996], [32.220388773000025, -17.27064348099998], [32.220617767000135, -17.27064148099987], [32.22084276000004, -17.2705654749999], [32.220918758000096, -17.270563474999904], [32.22107175400015, -17.270414462999952], [32.22130074800009, -17.270412462999957], [32.22144874300017, -17.27033645699987], [32.221525741000164, -17.27033645699987], [32.22160173900005, -17.270261450999897], [32.221754735000104, -17.27018544499998], [32.22197972800012, -17.27010943899984], [32.22213172400012, -17.27003443299992], [32.222284720000175, -17.270033432999924], [32.222284720000175, -17.269960426999944], [32.222436715000185, -17.269956425999965], [32.22251371300018, -17.269956425999965], [32.22281870500018, -17.270025431999898], [32.22312369600013, -17.27002143099992], [32.223199694000186, -17.27009443699984], [32.22335269000007, -17.27009243699996], [32.223428688000126, -17.270164442999942], [32.223661681000124, -17.270307453999976], [32.22396667300012, -17.270450464999897], [32.22411966800007, -17.270521470999824], [32.22419966600012, -17.27059347599993], [32.22435166200012, -17.27073848799995], [32.224584655000115, -17.270954504999963], [32.22488964700011, -17.271097515999884], [32.22504664200005, -17.271240526999975], [32.22512264000011, -17.2713125329999], [32.225198638, -17.27138553799989], [32.225431632000095, -17.2716025549999], [32.22880353700015, -17.273096671999895], [32.22895653299997, -17.27316667799994], [32.22903253100009, -17.273164676999954], [32.22910852900014, -17.273164676999954], [32.229261524000094, -17.27323568299994], [32.229494518000024, -17.273378693999973], [32.22972651100014, -17.273595710999814], [32.229879507000135, -17.273666716999912], [32.229879507000135, -17.2737407219999], [32.22995550500008, -17.273738721999905], [32.22995550500008, -17.273813727999823], [32.230031503000134, -17.273883733999924], [32.23019249900011, -17.274248761999957], [32.23026849600012, -17.274467779999952], [32.23034849400017, -17.274612790999925], [32.230424492000054, -17.274759802999938], [32.2305044900001, -17.274904813999967], [32.23058548800003, -17.27512183099998], [32.23058548800003, -17.275196836999953], [32.23058548800003, -17.275268842999935], [32.23058548800003, -17.275343847999864], [32.23059248800007, -17.27570987699994], [32.23059248800007, -17.275928894999936], [32.230520490000174, -17.276147911999942], [32.230524490000164, -17.276222917999917], [32.230524490000164, -17.276294922999966], [32.230524490000164, -17.276441934999923], [32.23045149200016, -17.276735957999847], [32.23037949400003, -17.276956975999838], [32.230306496000026, -17.27710398699992], [32.230306496000026, -17.277250998999932], [32.230306496000026, -17.277323003999925], [32.230310496000186, -17.27747001599994], [32.230237498, -17.27769203299988], [32.230237498, -17.277838044999896], [32.23024149800017, -17.278130067999825], [32.2301695000001, -17.278351084999883], [32.230173500000035, -17.278571102999877], [32.23017650000014, -17.27886512599997], [32.23034449600016, -17.280106222999905], [32.23042449400003, -17.280326240999898], [32.230581489000144, -17.280615262999902], [32.23081348300019, -17.280980291999924], [32.23089448100012, -17.28127231499991], [32.23105047600012, -17.28148933199992], [32.23120647200011, -17.28177935499997], [32.23128347000005, -17.281924365999885], [32.2313634680001, -17.282143382999948], [32.23143946599998, -17.28221638899987], [32.23143946599998, -17.282288394999966], [32.231519463000154, -17.28236140099989], [32.23151946400003, -17.282580417999895], [32.23159946100003, -17.2827994349999], [32.23167945900008, -17.283091457999888], [32.23168345900001, -17.28331147499989], [32.231763457000056, -17.283530492999887], [32.231840455000054, -17.283749509999893], [32.2319204530001, -17.284041532999822], [32.23192445300009, -17.284260549999885], [32.232004450000034, -17.284405560999915], [32.232004450000034, -17.284478566999894], [32.23208044800009, -17.284625578999908], [32.23216044600014, -17.28484259599992], [32.23216444600013, -17.284989606999943], [32.23224044400018, -17.285134618999848], [32.23224444400017, -17.28535363599991], [32.23232044200006, -17.285500646999935], [32.23232444200005, -17.285645658999954], [32.232404440000096, -17.28579266999992], [32.232408440000086, -17.28608469299985], [32.23248843700003, -17.28637671599995], [32.23248843700003, -17.28652372799985], [32.232568435000076, -17.286889756999926], [32.23264843300012, -17.287106773999938], [32.23272843100017, -17.28732679099994], [32.23490337099997, -17.29030002399992], [32.234979368000154, -17.290298023999924], [32.23513236400004, -17.29037102999996], [32.23528436000015, -17.290441034999958], [32.23536135800015, -17.290441034999958], [32.23536135800015, -17.290514040999938], [32.235437356000034, -17.290512040999886], [32.235593351000034, -17.29058404699998], [32.235822344999974, -17.290800063999825], [32.23605533800003, -17.29101708099995], [32.23628433200014, -17.291160091999927], [32.23644032800007, -17.291305102999956], [32.236516325000025, -17.291378108999936], [32.23666932100008, -17.291448113999877], [32.23690231500018, -17.2915911259999], [32.237054310000076, -17.29173613699993], [32.237131308000016, -17.29180914299991], [32.237287304000176, -17.29187914799985], [32.2374403, -17.292024159999926], [32.23759629500006, -17.292169170999955], [32.23782528900017, -17.292312181999876], [32.23790128700006, -17.29238518799997], [32.238134280000054, -17.29260020499993], [32.23821027800011, -17.292673209999975], [32.23828627600005, -17.2927452159999], [32.23829027599999, -17.292818221999937], [32.238367274000154, -17.29289022699993], [32.2385992670001, -17.293108244999928], [32.23882826100004, -17.293323260999955], [32.239061254000035, -17.29346627299998], [32.23913725200009, -17.29353927799997], [32.23913725200009, -17.29361328399989], [32.23921325000015, -17.293611283999894], [32.239290248000145, -17.293611283999894], [32.239294248000135, -17.293684289999817], [32.23944624400008, -17.29375429499993], [32.239522242000135, -17.293827300999908], [32.239675237000085, -17.293972311999937], [32.23975123500003, -17.293970311999942], [32.239831233000075, -17.294042317999924], [32.239908231000186, -17.29411532299997], [32.23998422900007, -17.294187328999953], [32.240060227000185, -17.29418532899996], [32.240213222000136, -17.29425833499988], [32.24036921800007, -17.29432833999988], [32.240598211000076, -17.294399345999977], [32.24075120700013, -17.294470350999916], [32.240827205000016, -17.294470350999916], [32.24090320300013, -17.29446835099992], [32.24098020100007, -17.29446835099992], [32.24159018400019, -17.2944583499999], [32.24174317900014, -17.294456349999905], [32.241819177000025, -17.294456349999905], [32.24189517500014, -17.29445434999991], [32.241971173000024, -17.29445434999991], [32.242048171000135, -17.294452348999926], [32.24212416900008, -17.294452348999926], [32.24227716400003, -17.294450348999874], [32.242353162000086, -17.294449348999876], [32.24250215800015, -17.29444734899988], [32.242578156000036, -17.294445348999886], [32.24265415400009, -17.294445348999886], [32.24273115099999, -17.29444334899989], [32.24273415100009, -17.294517353999822], [32.24273415100009, -17.294590359999972], [32.24273415100009, -17.294662365999898], [32.24273415100009, -17.294737371999815], [32.242738151000026, -17.29480937699998], [32.242738151000026, -17.2948833829999], [32.24266215400007, -17.2948833829999], [32.242586156000186, -17.294958388999873], [32.242589156000065, -17.295032394999964], [32.24251315800018, -17.295105400999887], [32.242361162, -17.295181406999973], [32.242212166000115, -17.295330417999935], [32.242059171000164, -17.295404423999855], [32.24198317300011, -17.295479429999943], [32.24190717500005, -17.29555343599992], [32.241834177000044, -17.295627441999898], [32.24175817900016, -17.29577445399991], [32.24138419000019, -17.296146482999973], [32.239503243000115, -17.298002628999882], [32.239503243000115, -17.298074634999978], [32.239427245, -17.298076634999973], [32.239427245, -17.298149640999952], [32.23927425000005, -17.298225646999867], [32.2390492560001, -17.298374658999933], [32.23874826500014, -17.29859767599993], [32.238595269000086, -17.29874668799988], [32.23844727300013, -17.29896970599998], [32.23822228000006, -17.29919072299998], [32.23799728600011, -17.299341734999928], [32.237768293000045, -17.29956275299992], [32.237543299000095, -17.29978576999997], [32.237318305000144, -17.300008787999957], [32.23724130700015, -17.30008379399993], [32.23724530700014, -17.30015579899998], [32.23716931000018, -17.300230804999956], [32.237092312000186, -17.30023280599994], [32.23701631400013, -17.30037981699985], [32.23702031400006, -17.300451822999946], [32.23694431600018, -17.300525828999923], [32.236871318, -17.300674839999942], [32.23664232500016, -17.300895857999933], [32.23664632400005, -17.300970863999964], [32.236570327000095, -17.301117874999875], [32.236421330999974, -17.301265886999886], [32.23634533300009, -17.301412898999956], [32.23627233500008, -17.301561909999975], [32.236200337000184, -17.30178092799997], [32.23604734200006, -17.302004944999908], [32.23597534400011, -17.302223962999847], [32.235826348000046, -17.302444979999905], [32.23575035000016, -17.30259399199997], [32.23575435000015, -17.302665996999906], [32.23575435000015, -17.30274100299988], [32.23575735000003, -17.3028860149999], [32.23575735000003, -17.3031070319999], [32.23576135000019, -17.30318003799988], [32.233896405000166, -17.312205747999826], [32.233900405000156, -17.312278753999976], [32.23405640100009, -17.312569776999908], [32.23405640100009, -17.31271678899992], [32.23413639800003, -17.31293480599993], [32.23421639600008, -17.313153822999936], [32.234292394000136, -17.313372839999943], [32.234296394000125, -17.313592856999946], [32.234304394000105, -17.314103897999928], [32.23430839400004, -17.314250908999952], [32.23430839400004, -17.31432491499993], [32.23423539600003, -17.314543931999935], [32.23423539600003, -17.314690943999835], [32.234163398000135, -17.31491296099989], [32.23409040000013, -17.315205983999817], [32.23394240500005, -17.315502007999953], [32.23379340900016, -17.315796030999877], [32.23372041100015, -17.315943041999958], [32.23364441300009, -17.31609105399997], [32.233572415000026, -17.316238065999926], [32.23349541700003, -17.31638507699995], [32.23341942000002, -17.316387076999945], [32.23223345400015, -17.31874626299998], [32.23223345400015, -17.318819268999903], [32.23223345400015, -17.318856271999948], [32.23223345400015, -17.31889327499988], [32.23223345400015, -17.318966280999973], [32.23223645400003, -17.31903828599991], [32.23224045400019, -17.31933230899989], [32.23224445300008, -17.319626332999974], [32.232168456000124, -17.31984534999998], [32.23201946, -17.320068366999976], [32.23194646200005, -17.320362390999946], [32.23179846600004, -17.320656413999927], [32.23164947100008, -17.32087743099993], [32.231576473000075, -17.321026442999937], [32.231424477000076, -17.32117445499989], [32.23134847900019, -17.32117445499989], [32.23135147900007, -17.321249459999876], [32.23127548100018, -17.321321465999972], [32.23112248600006, -17.321398471999885], [32.23097049000012, -17.321472477999976], [32.23074549600011, -17.321548483999948], [32.23059250100016, -17.321625489999917], [32.23044050500005, -17.321626489999915], [32.23036350700005, -17.32170149599989], [32.23029150900015, -17.32177550199998], [32.23006251500004, -17.32185250799995], [32.22983352199998, -17.321928513999865], [32.229681526000036, -17.322002519999955], [32.22953253000014, -17.322079525999925], [32.22937953500019, -17.32222553799994], [32.229303537000135, -17.322227537999936], [32.22923053900013, -17.322374548999903], [32.22907854300013, -17.322450554999875], [32.22892954800017, -17.32259956699994], [32.22877655200011, -17.322674572999972], [32.2286285560001, -17.322822584999926], [32.22855155800016, -17.32296959599995], [32.228399563000096, -17.32304660299991], [32.22825056700003, -17.323192613999936], [32.22809757100015, -17.323341625999888], [32.22794957499997, -17.323417631999973], [32.22794957499997, -17.323490637999953], [32.22787257800013, -17.323564642999884], [32.22780058000018, -17.323711654999954], [32.22751858800012, -17.325546798999937], [32.227521588, -17.3259128279999], [32.22752558800016, -17.326132845999837], [32.22752958800015, -17.326353862999895], [32.22753358800014, -17.326498873999924], [32.22753358800014, -17.326719891999915], [32.227537588000075, -17.32686490299983], [32.22754458800017, -17.327596960999927], [32.227548588000104, -17.32781697799993], [32.227552588000094, -17.328037994999818], [32.227556588000084, -17.328330017999974], [32.227560588000074, -17.328549035999913], [32.22748359000008, -17.328698046999875], [32.22748759000007, -17.32891706499987], [32.22749159, -17.32920908699998], [32.22741859200005, -17.329503110999894], [32.227346594000096, -17.32965212199997], [32.227346594000096, -17.329797133999875], [32.227350594000086, -17.330018150999877], [32.22727359600009, -17.330165162999947], [32.22727759600008, -17.33031217399997], [32.22727759600008, -17.330459185999928], [32.22728559600006, -17.331044231999954], [32.227289596, -17.33118924299987], [32.227289596, -17.33133625499994], [32.22729359600015, -17.33163027799992], [32.22729659600003, -17.331849294999927], [32.22730059600019, -17.33199630699994], [32.22730059600019, -17.332215323999947], [32.22730459600018, -17.33243534099995], [32.22731259600016, -17.332801369999856], [32.22731259600016, -17.332948381999927], [32.22731559600004, -17.333167398999933], [32.22627462600008, -17.335231560999944], [32.22627862600001, -17.335378572999844], [32.22627862600001, -17.335524583999927], [32.22628262600017, -17.33567159599994], [32.226205628, -17.335891612999944], [32.22620962800016, -17.336184635999928], [32.22621362800015, -17.336331647999828], [32.226140630000145, -17.336478659999898], [32.226140630000145, -17.336551664999888], [32.226140630000145, -17.33662567099998], [32.226144630000135, -17.33677268299988], [32.226144630000135, -17.33684468799993], [32.226144630000135, -17.336991699999885], [32.226148630000125, -17.33706470599998], [32.226148630000125, -17.33721171699989], [32.22607663200017, -17.337357728999905], [32.22599963400006, -17.33743273499988], [32.22599963400006, -17.33750673999998], [32.226003634, -17.337651751999886], [32.22592763600011, -17.33780076399995], [32.22592763600011, -17.337872768999887], [32.2258546380001, -17.338019780999957], [32.2258546380001, -17.338094786999875], [32.2258546380001, -17.33816679199998], [32.22577864100015, -17.338168792999966], [32.225782640000034, -17.33824079799996], [32.22578264100014, -17.338313803999938], [32.22578264100014, -17.338387809999972], [32.22578264100014, -17.33846081599995], [32.225786640000024, -17.338607826999976], [32.22578664100007, -17.338679832999958], [32.22579064000013, -17.338754838999932], [32.225847639000165, -17.338837844999887]]]]}}, {"type": "Feature", "properties": {"GID_3": "ZWE.5.8.27_2", "GID_0": "ZWE", "COUNTRY": "Zimbabwe", "GID_1": "ZWE.5_1", "NAME_1": "Mashonaland East", "NL_NAME_1": "NA", "GID_2": "ZWE.5.8_2", "NAME_2": "Mutoko", "NL_NAME_2": "NA", "NAME_3": "Ward 7", "VARNAME_3": "NA", "NL_NAME_3": "NA", "TYPE_3": "Ward", "ENGTYPE_3": "Ward", "CC_3": "NA", "HASC_3": "NA", "id": "ZWE.5.8.27_2", "name": "Ward 7"}, "geometry": {"type": "MultiPolygon", "coordinates": [[[[32.29220572700012, -17.172549734999905], [32.292396722000035, -17.172609738999824], [32.29249171900017, -17.17269674599993], [32.29258371700013, -17.172694745999934], [32.29258371700013, -17.172607738999943], [32.29267171400005, -17.172427724999864], [32.292762711000194, -17.172250710999947], [32.292823710000164, -17.172187705999875], [32.292949706000115, -17.17230571499988], [32.29307970200006, -17.172303714999885], [32.293212699000094, -17.172303714999885], [32.29347269100015, -17.172427724999864], [32.293735684000126, -17.172553734999894], [32.29399867700016, -17.17267774399994], [32.294261669000036, -17.17292776399995], [32.295181644000024, -17.17317578299992], [32.29531064000008, -17.17317578299992], [32.29544463600013, -17.1732997929999], [32.29557463300017, -17.1732997929999], [32.29557463300017, -17.17342580299993], [32.29570362900017, -17.17342580299993], [32.29570762900016, -17.17355181299996], [32.29583762500005, -17.17367582299994], [32.29583762500005, -17.173927841999898], [32.29597062200014, -17.17405285199993], [32.296516607000115, -17.177828149999925], [32.296516607000115, -17.17808016999993], [32.296516608, -17.17845819899992], [32.29652060800015, -17.178835228999958], [32.29665360400014, -17.179085248999968], [32.29665360400014, -17.179465278999942], [32.29665360400014, -17.179590288999975], [32.29849655300012, -17.181092406999937], [32.29888954200004, -17.18121641599987], [32.29902253800003, -17.18134042599985], [32.29915253400014, -17.18134042599985], [32.29915253400014, -17.181465435999883], [32.29967852000016, -17.181841464999934], [32.300468497000054, -17.182341504999897], [32.30112447900018, -17.182715533999954], [32.30138747200016, -17.182965553999907], [32.30364241, -17.188242968999873], [32.30364241, -17.188368978999904], [32.303905403000044, -17.18861899899997], [32.304435388000115, -17.189624077999838], [32.304698381000094, -17.189874096999915], [32.30483237699997, -17.190126116999977], [32.30483237699997, -17.190378136999982], [32.30575935100012, -17.19188425599998], [32.305889348000164, -17.192008264999913], [32.306018344000165, -17.192008264999913], [32.30615234000004, -17.192260284999975], [32.30628533700013, -17.192636314999845], [32.306419333, -17.19301334399995], [32.30668232600004, -17.19326336399996], [32.30681632200009, -17.19364139399994], [32.30681632200009, -17.193893413999945], [32.30694931800008, -17.194145432999903], [32.30694931800008, -17.19439645299991], [32.30708331500006, -17.194646472999978], [32.30721631100005, -17.1950245029999], [32.30721631100005, -17.19552754199998], [32.307350308000025, -17.19590557199996], [32.30735330800013, -17.196283601999824], [32.30735330800013, -17.19666063199992], [32.308563275000154, -17.20194304799992], [32.30869227200009, -17.20206905799995], [32.30882626800013, -17.20231907699997], [32.30882626800013, -17.20244408699989], [32.30895926400012, -17.20269610699995], [32.3090932610001, -17.203074136999874], [32.3090932610001, -17.203200146999848], [32.30922625700009, -17.203324155999894], [32.31133619800016, -17.20621038299987], [32.31146619500015, -17.20621038299987], [32.31566907700011, -17.208454558999904], [32.31593307000003, -17.208453558999906], [32.316196062000074, -17.208704578999914], [32.31672204800009, -17.20933062799992], [32.31724903300011, -17.20970665699997], [32.318172007000044, -17.210581725999873], [32.320948931000146, -17.215604120999956], [32.32121192300008, -17.215730130999873], [32.32147491600006, -17.216232169999955], [32.321738909000146, -17.216607199999885], [32.322134898000115, -17.217235248999884], [32.322531887000025, -17.217737288999956], [32.32279887900012, -17.218240327999922], [32.32715475800018, -17.222066628999983], [32.32673177000015, -17.2225156639999], [32.2831650010001, -17.246622573999957], [32.28294800700007, -17.246725581999954], [32.2705733570001, -17.251970997999877], [32.27108834300009, -17.25284106599986], [32.27130933600017, -17.253111087999912], [32.27137833400019, -17.253111087999912], [32.27138233400018, -17.253180092999912], [32.271450332000086, -17.25317809299986], [32.27269029800004, -17.254878225999903], [32.27261830000009, -17.255015236999895], [32.27262530000013, -17.255496274999928], [32.27262530000013, -17.255633285999977], [32.27262930000012, -17.25590830799996], [32.27263330000011, -17.256045317999963], [32.2726373000001, -17.256251334999945], [32.272709298000166, -17.256318339999893], [32.27278229600017, -17.256455350999943], [32.27285429400007, -17.25652235599989], [32.27292729200008, -17.256589360999953], [32.27299529000004, -17.256589360999953], [32.27299929000003, -17.256657365999956], [32.27306828800005, -17.25665536599996], [32.27321328400012, -17.256791376999956], [32.27328528200002, -17.25685938199996], [32.27343027800015, -17.25692638799984], [32.27343027800015, -17.256995392999954], [32.273503276000156, -17.257062397999903], [32.27357527400005, -17.257062397999903], [32.27357527400005, -17.257199408999952], [32.27365227200005, -17.25733441999995], [32.27365227200005, -17.25740342499995], [32.273724270000116, -17.257538435999948], [32.273728270000106, -17.25774445199994], [32.273587274000135, -17.257884462999982], [32.27344227800006, -17.257886462999977], [32.273373280000044, -17.257956468999964], [32.273373280000044, -17.258025473999908], [32.27330128200015, -17.258025473999908], [32.27323228400007, -17.25809547999995], [32.27309128800016, -17.258166484999947], [32.27301829000015, -17.258166484999947], [32.27301829000015, -17.25823549099988], [32.27295029200002, -17.258236490999877], [32.27287729400001, -17.25830549599982], [32.27287729400001, -17.258374501999924], [32.2727362980001, -17.25851351299997], [32.27274029800009, -17.25871952899996], [32.27274429800002, -17.258856539999954], [32.27288929400015, -17.258992549999903], [32.27288929400015, -17.25906055599995], [32.27296129200005, -17.259059555999954], [32.27296129200005, -17.259127560999957], [32.27383526700015, -17.260352656999828], [32.273907265000105, -17.26055667299994], [32.27391126500004, -17.260762688999932], [32.27391126500004, -17.26089969999998], [32.27391926500019, -17.26124272699991], [32.27385026700017, -17.261448743999836], [32.27385026700017, -17.26165475999983], [32.27385426700016, -17.261723764999942], [32.27385426700016, -17.261792770999875], [32.27392626500006, -17.26192778099994], [32.27392626500006, -17.261996786999873], [32.273999263000064, -17.262133796999933], [32.27407126100013, -17.26220080299987], [32.27407526100012, -17.26233781299993], [32.27414725900002, -17.262406818999978], [32.27414725900002, -17.262475823999978], [32.27436925300009, -17.262951861999966], [32.27444125100004, -17.263087871999915], [32.27451424900005, -17.26315687799996], [32.274586247000116, -17.263291887999912], [32.274662245, -17.263428898999962], [32.27473524300018, -17.26349590399991], [32.27480424100003, -17.26349590399991], [32.27480424100003, -17.263564909999957], [32.27487623900015, -17.263630914999908], [32.27494923700016, -17.263630914999908], [32.274952237000036, -17.263768925999955], [32.275025235000044, -17.263835930999903], [32.27509723300011, -17.263901935999968], [32.27523822900008, -17.264037946999906], [32.275387225000145, -17.264241962999904], [32.27545622300016, -17.264241962999904], [32.27639419700017, -17.264846009999815], [32.27639419700017, -17.264915015999918], [32.27646719500012, -17.26505102599998], [32.27647119500011, -17.265119031999916], [32.276543193000066, -17.26532504799991], [32.27661619000014, -17.265323047999914], [32.276616191000016, -17.265529063999907], [32.27661919000019, -17.265667074999897], [32.27669218800003, -17.26580208599995], [32.27669618800019, -17.26593909599984], [32.27661919100012, -17.266071106999902], [32.27613520400013, -17.26690817299982], [32.27614320400005, -17.267252199999973], [32.27614320400005, -17.267320204999976], [32.27614320400005, -17.26752622099997], [32.27607420600003, -17.26766423199996], [32.276005208000186, -17.26780324299989], [32.27593721000011, -17.268009258999882], [32.275868212000034, -17.268079264999926], [32.275868212000034, -17.268215275999978], [32.275795214000084, -17.268217275999973], [32.27551722200013, -17.26870131399994], [32.27552122200012, -17.26883932499993], [32.275448224000115, -17.26883932499993], [32.275452224000105, -17.26904534099998], [32.275452224000105, -17.269250356999976], [32.275456224000095, -17.26931936299991], [32.275902212, -17.270753475999925], [32.27597521000001, -17.270891485999982], [32.27597821000012, -17.270959491999918], [32.275124234000145, -17.271314519999976], [32.27505523600013, -17.27138352499992], [32.27505523600013, -17.271452530999966], [32.274983238, -17.27145353099985], [32.27491424000016, -17.271591541999896], [32.27470124600012, -17.271661546999894], [32.274559250000095, -17.271869563999815], [32.27449125200019, -17.272009574999913], [32.27441825400018, -17.272009574999913], [32.273785272, -17.27270562999996], [32.273644276000084, -17.272775634999903], [32.273503280000114, -17.272915645999944], [32.273434282000096, -17.273052656999823], [32.27336528400008, -17.273121662999927], [32.27336528400008, -17.273258672999816], [32.272316314000136, -17.27491980399992], [32.27224831600006, -17.274990809999963], [32.27146233800005, -17.275137821999976], [32.27132134200008, -17.275276832999907], [32.271180346000165, -17.275346837999905], [32.27103835000014, -17.275486848999947], [32.27097035200018, -17.275556854999877], [32.27089735400017, -17.275625859999934], [32.27089735400017, -17.275694865999924], [32.270829356000036, -17.275831876999916], [32.27055036400009, -17.27624790899995], [32.27055036400009, -17.27638491999994], [32.26979138600012, -17.278180061999876], [32.269722388000105, -17.278317071999936], [32.26965039000004, -17.27838807799992], [32.26958139200019, -17.27845608299998], [32.26950939400007, -17.27859609399991], [32.269368398000154, -17.278735104999953], [32.26922640200013, -17.278805110999883], [32.26922640200013, -17.27887411599994], [32.269158404000166, -17.27887411599994], [32.269158404000166, -17.27894312199993], [32.26816643200016, -17.27964317699997], [32.267956438, -17.279851193999946], [32.2678844400001, -17.27985319399994], [32.267815442000085, -17.279921198999943], [32.26574750000003, -17.280293228999938], [32.26289458100018, -17.280537248999963], [32.26253959100012, -17.280610254999942], [32.26246759300017, -17.280612254999937], [32.26246759300017, -17.280680259999883], [32.26239859500015, -17.280680259999883], [32.26048364900015, -17.281872354999905], [32.26027065500011, -17.281945359999952], [32.26006066100018, -17.282084370999883], [32.25977466900014, -17.282088371999862], [32.25841670700004, -17.28197036299997], [32.25756173100018, -17.282324390999918], [32.257279739000126, -17.282466401999955], [32.25706974500014, -17.282742423999878], [32.256997747000014, -17.282744423999873], [32.25503280300018, -17.28517061599996], [32.25496080500005, -17.285172615999954], [32.25328185300009, -17.288008838999872], [32.253010861, -17.288972914999817], [32.253010861, -17.28910992599998], [32.25083292300013, -17.29174813399993], [32.24825399700006, -17.29707355399995], [32.24802900300011, -17.29714955999998], [32.24772801199998, -17.2974455829999], [32.247652014000096, -17.297594594999964], [32.247655013999974, -17.297739606999983], [32.247655013999974, -17.29788661799995], [32.24758301600008, -17.29796062399987], [32.24758301600008, -17.29803462999996], [32.24758301600008, -17.29810763599994], [32.24758701600007, -17.298254646999965], [32.24758701600007, -17.298326652999947], [32.24759101600006, -17.29862067599987], [32.24751801800005, -17.29876768799994], [32.247442020000165, -17.29884169299993], [32.24736502200017, -17.298988704999942], [32.247293024000044, -17.29906271099992], [32.24721702700009, -17.299209721999944], [32.24714402900008, -17.299358733999895], [32.24714402900008, -17.299431739999932], [32.247068031000026, -17.29943273999993], [32.247068031000026, -17.299579751999886], [32.24699503300019, -17.29965275699982], [32.24699503300019, -17.299726762999967], [32.24691903500013, -17.299726762999967], [32.24692303500012, -17.29987377499998], [32.24692303500012, -17.299947780999958], [32.246847037, -17.30009479199998], [32.246850037000115, -17.30016779799996], [32.246774039, -17.30031680999997], [32.246702041000106, -17.300535826999976], [32.246549046000155, -17.300684838999928], [32.24647704800003, -17.30090585599993], [32.24640405000008, -17.301052867999942], [32.24633205200013, -17.301273884999944], [32.246179056000074, -17.301494902999934], [32.24610705900011, -17.301788925999972], [32.24595806299999, -17.302009942999973], [32.24588506500004, -17.30230596599995], [32.24573706900003, -17.302452977999963], [32.24566007100003, -17.302601989999857], [32.24553407500008, -17.30450713999994], [32.24554207500006, -17.30502017999993], [32.24554607500005, -17.305312202999914], [32.24554607500005, -17.305459214999928], [32.24574407100005, -17.308678467999982], [32.24574807100004, -17.308972490999906], [32.24574807100004, -17.309045496999886], [32.24582406900009, -17.309117501999935], [32.24582806900008, -17.309264513999892], [32.245904066000094, -17.30933651999993], [32.245904066000094, -17.30940952499992], [32.245985064000024, -17.30955453699994], [32.24606106200008, -17.309626541999933], [32.24606106200008, -17.309699547999912], [32.24613705999997, -17.30977155399995], [32.24629405600018, -17.309916564999867], [32.246522049000134, -17.310059575999958], [32.24667904500018, -17.310277592999967], [32.24706403400012, -17.310639621999826], [32.247144032000165, -17.310784632999912], [32.24722003000005, -17.310857638999835], [32.24722403000004, -17.31107665599984], [32.24730102800004, -17.311221666999927], [32.24730402800009, -17.31151569099984], [32.24730802800008, -17.311587695999947], [32.247236030000124, -17.311881718999928], [32.247236030000124, -17.311955724999905], [32.247240030000114, -17.312175742999898], [32.247163032000174, -17.31232175399998], [32.24709103400005, -17.3123967599999], [32.24693803800017, -17.3126177769999], [32.2468660400001, -17.31276478899997], [32.2468660400001, -17.31283879499989], [32.24671704500008, -17.312987806999956], [32.246641047000026, -17.312987806999956], [32.246641047000026, -17.313061811999944], [32.246564049000085, -17.31313681799992], [32.24633905500008, -17.31335783599991], [32.24626705700018, -17.313506847999918], [32.246191059000125, -17.313580852999905], [32.24611406200006, -17.31365585899988], [32.24596506600017, -17.31387687699987], [32.24581307000017, -17.314025887999946], [32.245740072, -17.31409989399998], [32.2456640740001, -17.314246905999937], [32.24551507900014, -17.31432091199997], [32.245210087000146, -17.314471923999918], [32.24498509400007, -17.314622935999978], [32.244909096000185, -17.314696940999966], [32.244909096000185, -17.31476994699989], [32.24370713000019, -17.31603004699997], [32.243558134000125, -17.31625206399997], [32.24341013900005, -17.316547086999947], [32.24333314100005, -17.316694098999847], [32.243261143000154, -17.316843110999912], [32.24318814500015, -17.317062127999918], [32.243036149000034, -17.31728514599996], [32.242963151000026, -17.31743215699987], [32.24289115300007, -17.317579168999885], [32.24273815800012, -17.317800185999943], [32.241849183000056, -17.319570325999962], [32.24170118800015, -17.31979234299996], [32.24162419000015, -17.32001336099995], [32.24147619399997, -17.320309383999927], [32.24140319600019, -17.32060240699991], [32.24125420000013, -17.32089642999989], [32.24118220300011, -17.32119245299998], [32.241186202000165, -17.321337464999885], [32.2411092050001, -17.321338464999883], [32.2411092050001, -17.321411470999976], [32.24103720699998, -17.321485475999964], [32.24103720699998, -17.321632487999977], [32.23773030100011, -17.325266774999932], [32.237428309000165, -17.32556179799991], [32.2373563110001, -17.325710809999975], [32.23736031100009, -17.32592982699998], [32.23736331100014, -17.32614984399993], [32.23736331100014, -17.32636886199998], [32.237443309000184, -17.326513872999897], [32.237447309000174, -17.32680789599982], [32.23745130900011, -17.327173924999897], [32.23745130900011, -17.32724693099982], [32.23737931100004, -17.32732093599998], [32.23737931100004, -17.3273949419999], [32.23730231300004, -17.3273949419999], [32.23730231300004, -17.327467947999878], [32.23722631600009, -17.327469947999873], [32.23715031800003, -17.327543953999964], [32.237073320000036, -17.327543953999964], [32.23700132200014, -17.32761795999994], [32.23677232799997, -17.327768971999944], [32.236543335000135, -17.32777097199994], [32.23639433900007, -17.32784697799991], [32.23624234300013, -17.327995989999977], [32.23616634600012, -17.32807099599995], [32.23609334800011, -17.328143000999887], [32.23609334800011, -17.328290012999958], [32.2360973480001, -17.32843702499997], [32.2360973480001, -17.32858403599994], [32.23610134800009, -17.328656041999977], [32.23610134800009, -17.328803052999945], [32.236181345000034, -17.328948064999963], [32.236181345000034, -17.32916708199997], [32.236185345000024, -17.32931409299988], [32.236185345000024, -17.32938809899997], [32.23618834500007, -17.329608116999964], [32.23618834500007, -17.329680121999957], [32.23611634700018, -17.32982713399997], [32.23611634700018, -17.33004815099997], [32.23596735199999, -17.330195162999928], [32.23589535400009, -17.330417179999927], [32.235818356000095, -17.330563191999943], [32.23574635800003, -17.330712203999838], [32.23567036000014, -17.33085921499992], [32.23552136400008, -17.33093522099989], [32.23536836900007, -17.33101022699998], [32.23536836900007, -17.33108223299996], [32.235292371000185, -17.331084232999956], [32.23461339000005, -17.331460262999826], [32.234460394, -17.331462262999878], [32.23423140100016, -17.331611274999887], [32.234079405000045, -17.331687280999972], [32.23393040900015, -17.33176128699995], [32.233778414000085, -17.33191029799991], [32.233781414000134, -17.332057309999925], [32.23370541600008, -17.332057309999925], [32.23211846100014, -17.33303038699995], [32.23212246100013, -17.333323409999878], [32.23204946300012, -17.333344411999917], [32.23204646300002, -17.333323409999878], [32.23159247600006, -17.333623433999946], [32.23151547800006, -17.33377244499991], [32.231439480000176, -17.33384445099989], [32.23136348200012, -17.333846450999886], [32.23136748200011, -17.33391845699998], [32.23129048400011, -17.333920456999977], [32.231138489000045, -17.33399546299995], [32.231061491000105, -17.333997462999946], [32.231061491000105, -17.33406946899987], [32.230985493, -17.33407146899998], [32.230913495000095, -17.334145474999957], [32.2308364970001, -17.334292485999924], [32.2308364970001, -17.33436549199996], [32.23076449900003, -17.334439497999938], [32.23076449900003, -17.334514503999912], [32.230688501000145, -17.334514503999912], [32.230688501000145, -17.33466051499994], [32.23061150400008, -17.334662515999923], [32.23061550400001, -17.334735520999914], [32.23053950600013, -17.334809526999834], [32.23046650800012, -17.334956538999904], [32.23039051000006, -17.33510554999998], [32.23031451200018, -17.33510554999998], [32.23024151400017, -17.33525256199988], [32.23016551600011, -17.335254561999875], [32.2300895190001, -17.335328567999966], [32.229936523000106, -17.335402573999943], [32.229860525, -17.33547757999986], [32.22986452500015, -17.33555158599995], [32.229787526999985, -17.33555158599995], [32.229787526999985, -17.33562459099994], [32.2297115290001, -17.33569859699992], [32.229562533000035, -17.335847608999927], [32.22948653600008, -17.335996620999822], [32.229490536000014, -17.33606862599993], [32.229413538000074, -17.33606862599993], [32.229413538000074, -17.336142631999905], [32.229413538000074, -17.336215637999885], [32.22933754000019, -17.33621763799988], [32.22933754000019, -17.336289643999976], [32.229265542000064, -17.336364649999894], [32.229188544000124, -17.336511660999975], [32.229036548000124, -17.336587666999947], [32.22888755300016, -17.336736678999955], [32.22888755300016, -17.336881690999974], [32.2287385570001, -17.33702970199994], [32.228662558999986, -17.337104707999913], [32.228666559000146, -17.337178713999947], [32.22851356300009, -17.337325725999904], [32.228441565000026, -17.33747473699998], [32.228441565000026, -17.337546742999905], [32.228288570000075, -17.337623748999874], [32.228288570000075, -17.33769575499997], [32.22821657200012, -17.33776976099989], [32.228063576000125, -17.337844765999876], [32.22791458, -17.33799377799994], [32.22768558700017, -17.338216795999926], [32.22753359100005, -17.33821879599992], [32.22730859800015, -17.338294801999893], [32.227155602000096, -17.33836880799987], [32.22707960400004, -17.33837080799998], [32.22707960400004, -17.33844381399996], [32.22700360600015, -17.338445813999954], [32.22586663800007, -17.33882684399987], [32.225847639000165, -17.338837844999887], [32.22579064000013, -17.338754838999932], [32.22578664100007, -17.338679832999958], [32.225786640000024, -17.338607826999976], [32.22578264100014, -17.33846081599995], [32.22578264100014, -17.338387809999972], [32.22578264100014, -17.338313803999938], [32.225782640000034, -17.33824079799996], [32.22577864100015, -17.338168792999966], [32.2258546380001, -17.33816679199998], [32.2258546380001, -17.338094786999875], [32.2258546380001, -17.338019780999957], [32.22592763600011, -17.337872768999887], [32.22592763600011, -17.33780076399995], [32.226003634, -17.337651751999886], [32.22599963400006, -17.33750673999998], [32.22599963400006, -17.33743273499988], [32.22607663200017, -17.337357728999905], [32.226148630000125, -17.33721171699989], [32.226148630000125, -17.33706470599998], [32.226144630000135, -17.336991699999885], [32.226144630000135, -17.33684468799993], [32.226144630000135, -17.33677268299988], [32.226140630000145, -17.33662567099998], [32.226140630000145, -17.336551664999888], [32.226140630000145, -17.336478659999898], [32.22621362800015, -17.336331647999828], [32.22620962800016, -17.336184635999928], [32.226205628, -17.335891612999944], [32.22628262600017, -17.33567159599994], [32.22627862600001, -17.335524583999927], [32.22627862600001, -17.335378572999844], [32.22627462600008, -17.335231560999944], [32.22731559600004, -17.333167398999933], [32.22731259600016, -17.332948381999927], [32.22731259600016, -17.332801369999856], [32.22730459600018, -17.33243534099995], [32.22730059600019, -17.332215323999947], [32.22730059600019, -17.33199630699994], [32.22729659600003, -17.331849294999927], [32.22729359600015, -17.33163027799992], [32.227289596, -17.33133625499994], [32.227289596, -17.33118924299987], [32.22728559600006, -17.331044231999954], [32.22727759600008, -17.330459185999928], [32.22727759600008, -17.33031217399997], [32.22727359600009, -17.330165162999947], [32.227350594000086, -17.330018150999877], [32.227346594000096, -17.329797133999875], [32.227346594000096, -17.32965212199997], [32.22741859200005, -17.329503110999894], [32.22749159, -17.32920908699998], [32.22748759000007, -17.32891706499987], [32.22748359000008, -17.328698046999875], [32.227560588000074, -17.328549035999913], [32.227556588000084, -17.328330017999974], [32.227552588000094, -17.328037994999818], [32.227548588000104, -17.32781697799993], [32.22754458800017, -17.327596960999927], [32.227537588000075, -17.32686490299983], [32.22753358800014, -17.326719891999915], [32.22753358800014, -17.326498873999924], [32.22752958800015, -17.326353862999895], [32.22752558800016, -17.326132845999837], [32.227521588, -17.3259128279999], [32.22751858800012, -17.325546798999937], [32.22780058000018, -17.323711654999954], [32.22787257800013, -17.323564642999884], [32.22794957499997, -17.323490637999953], [32.22794957499997, -17.323417631999973], [32.22809757100015, -17.323341625999888], [32.22825056700003, -17.323192613999936], [32.228399563000096, -17.32304660299991], [32.22855155800016, -17.32296959599995], [32.2286285560001, -17.322822584999926], [32.22877655200011, -17.322674572999972], [32.22892954800017, -17.32259956699994], [32.22907854300013, -17.322450554999875], [32.22923053900013, -17.322374548999903], [32.229303537000135, -17.322227537999936], [32.22937953500019, -17.32222553799994], [32.22953253000014, -17.322079525999925], [32.229681526000036, -17.322002519999955], [32.22983352199998, -17.321928513999865], [32.23006251500004, -17.32185250799995], [32.23029150900015, -17.32177550199998], [32.23036350700005, -17.32170149599989], [32.23044050500005, -17.321626489999915], [32.23059250100016, -17.321625489999917], [32.23074549600011, -17.321548483999948], [32.23097049000012, -17.321472477999976], [32.23112248600006, -17.321398471999885], [32.23127548100018, -17.321321465999972], [32.23135147900007, -17.321249459999876], [32.23134847900019, -17.32117445499989], [32.231424477000076, -17.32117445499989], [32.231576473000075, -17.321026442999937], [32.23164947100008, -17.32087743099993], [32.23179846600004, -17.320656413999927], [32.23194646200005, -17.320362390999946], [32.23201946, -17.320068366999976], [32.232168456000124, -17.31984534999998], [32.23224445300008, -17.319626332999974], [32.23224045400019, -17.31933230899989], [32.23223645400003, -17.31903828599991], [32.23223345400015, -17.318966280999973], [32.23223345400015, -17.31889327499988], [32.23223345400015, -17.318856271999948], [32.23223345400015, -17.318819268999903], [32.23223345400015, -17.31874626299998], [32.23341942000002, -17.316387076999945], [32.23349541700003, -17.31638507699995], [32.233572415000026, -17.316238065999926], [32.23364441300009, -17.31609105399997], [32.23372041100015, -17.315943041999958], [32.23379340900016, -17.315796030999877], [32.23394240500005, -17.315502007999953], [32.23409040000013, -17.315205983999817], [32.234163398000135, -17.31491296099989], [32.23423539600003, -17.314690943999835], [32.23423539600003, -17.314543931999935], [32.23430839400004, -17.31432491499993], [32.23430839400004, -17.314250908999952], [32.234304394000105, -17.314103897999928], [32.234296394000125, -17.313592856999946], [32.234292394000136, -17.313372839999943], [32.23421639600008, -17.313153822999936], [32.23413639800003, -17.31293480599993], [32.23405640100009, -17.31271678899992], [32.23405640100009, -17.312569776999908], [32.233900405000156, -17.312278753999976], [32.233896405000166, -17.312205747999826], [32.23576135000019, -17.30318003799988], [32.23575735000003, -17.3031070319999], [32.23575735000003, -17.3028860149999], [32.23575435000015, -17.30274100299988], [32.23575435000015, -17.302665996999906], [32.23575035000016, -17.30259399199997], [32.235826348000046, -17.302444979999905], [32.23597534400011, -17.302223962999847], [32.23604734200006, -17.302004944999908], [32.236200337000184, -17.30178092799997], [32.23627233500008, -17.301561909999975], [32.23634533300009, -17.301412898999956], [32.236421330999974, -17.301265886999886], [32.236570327000095, -17.301117874999875], [32.23664632400005, -17.300970863999964], [32.23664232500016, -17.300895857999933], [32.236871318, -17.300674839999942], [32.23694431600018, -17.300525828999923], [32.23702031400006, -17.300451822999946], [32.23701631400013, -17.30037981699985], [32.237092312000186, -17.30023280599994], [32.23716931000018, -17.300230804999956], [32.23724530700014, -17.30015579899998], [32.23724130700015, -17.30008379399993], [32.237318305000144, -17.300008787999957], [32.237543299000095, -17.29978576999997], [32.237768293000045, -17.29956275299992], [32.23799728600011, -17.299341734999928], [32.23822228000006, -17.29919072299998], [32.23844727300013, -17.29896970599998], [32.238595269000086, -17.29874668799988], [32.23874826500014, -17.29859767599993], [32.2390492560001, -17.298374658999933], [32.23927425000005, -17.298225646999867], [32.239427245, -17.298149640999952], [32.239427245, -17.298076634999973], [32.239503243000115, -17.298074634999978], [32.239503243000115, -17.298002628999882], [32.24138419000019, -17.296146482999973], [32.24175817900016, -17.29577445399991], [32.241834177000044, -17.295627441999898], [32.24190717500005, -17.29555343599992], [32.24198317300011, -17.295479429999943], [32.242059171000164, -17.295404423999855], [32.242212166000115, -17.295330417999935], [32.242361162, -17.295181406999973], [32.24251315800018, -17.295105400999887], [32.242589156000065, -17.295032394999964], [32.242586156000186, -17.294958388999873], [32.24266215400007, -17.2948833829999], [32.242738151000026, -17.2948833829999], [32.242738151000026, -17.29480937699998], [32.24273415100009, -17.294737371999815], [32.24273415100009, -17.294662365999898], [32.24273415100009, -17.294590359999972], [32.24273415100009, -17.294517353999822], [32.24273115099999, -17.29444334899989], [32.24265415400009, -17.294445348999886], [32.242578156000036, -17.294445348999886], [32.24250215800015, -17.29444734899988], [32.242353162000086, -17.294449348999876], [32.24227716400003, -17.294450348999874], [32.24212416900008, -17.294452348999926], [32.242048171000135, -17.294452348999926], [32.241971173000024, -17.29445434999991], [32.24189517500014, -17.29445434999991], [32.241819177000025, -17.294456349999905], [32.24174317900014, -17.294456349999905], [32.24159018400019, -17.2944583499999], [32.24098020100007, -17.29446835099992], [32.24090320300013, -17.29446835099992], [32.240827205000016, -17.294470350999916], [32.24075120700013, -17.294470350999916], [32.240598211000076, -17.294399345999977], [32.24036921800007, -17.29432833999988], [32.240213222000136, -17.29425833499988], [32.240060227000185, -17.29418532899996], [32.23998422900007, -17.294187328999953], [32.239908231000186, -17.29411532299997], [32.239831233000075, -17.294042317999924], [32.23975123500003, -17.293970311999942], [32.239675237000085, -17.293972311999937], [32.239522242000135, -17.293827300999908], [32.23944624400008, -17.29375429499993], [32.239294248000135, -17.293684289999817], [32.239290248000145, -17.293611283999894], [32.23921325000015, -17.293611283999894], [32.23913725200009, -17.29361328399989], [32.23913725200009, -17.29353927799997], [32.239061254000035, -17.29346627299998], [32.23882826100004, -17.293323260999955], [32.2385992670001, -17.293108244999928], [32.238367274000154, -17.29289022699993], [32.23829027599999, -17.292818221999937], [32.23828627600005, -17.2927452159999], [32.23821027800011, -17.292673209999975], [32.238134280000054, -17.29260020499993], [32.23790128700006, -17.29238518799997], [32.23782528900017, -17.292312181999876], [32.23759629500006, -17.292169170999955], [32.2374403, -17.292024159999926], [32.237287304000176, -17.29187914799985], [32.237131308000016, -17.29180914299991], [32.237054310000076, -17.29173613699993], [32.23690231500018, -17.2915911259999], [32.23666932100008, -17.291448113999877], [32.236516325000025, -17.291378108999936], [32.23644032800007, -17.291305102999956], [32.23628433200014, -17.291160091999927], [32.23605533800003, -17.29101708099995], [32.235822344999974, -17.290800063999825], [32.235593351000034, -17.29058404699998], [32.235437356000034, -17.290512040999886], [32.23536135800015, -17.290514040999938], [32.23536135800015, -17.290441034999958], [32.23528436000015, -17.290441034999958], [32.23513236400004, -17.29037102999996], [32.234979368000154, -17.290298023999924], [32.23490337099997, -17.29030002399992], [32.23272843100017, -17.28732679099994], [32.23264843300012, -17.287106773999938], [32.232568435000076, -17.286889756999926], [32.23248843700003, -17.28652372799985], [32.23248843700003, -17.28637671599995], [32.232408440000086, -17.28608469299985], [32.232404440000096, -17.28579266999992], [32.23232444200005, -17.285645658999954], [32.23232044200006, -17.285500646999935], [32.23224444400017, -17.28535363599991], [32.23224044400018, -17.285134618999848], [32.23216444600013, -17.284989606999943], [32.23216044600014, -17.28484259599992], [32.23208044800009, -17.284625578999908], [32.232004450000034, -17.284478566999894], [32.232004450000034, -17.284405560999915], [32.23192445300009, -17.284260549999885], [32.2319204530001, -17.284041532999822], [32.231840455000054, -17.283749509999893], [32.231763457000056, -17.283530492999887], [32.23168345900001, -17.28331147499989], [32.23167945900008, -17.283091457999888], [32.23159946100003, -17.2827994349999], [32.23151946400003, -17.282580417999895], [32.231519463000154, -17.28236140099989], [32.23143946599998, -17.282288394999966], [32.23143946599998, -17.28221638899987], [32.2313634680001, -17.282143382999948], [32.23128347000005, -17.281924365999885], [32.23120647200011, -17.28177935499997], [32.23105047600012, -17.28148933199992], [32.23089448100012, -17.28127231499991], [32.23081348300019, -17.280980291999924], [32.230581489000144, -17.280615262999902], [32.23042449400003, -17.280326240999898], [32.23034449600016, -17.280106222999905], [32.23017650000014, -17.27886512599997], [32.230173500000035, -17.278571102999877], [32.2301695000001, -17.278351084999883], [32.23024149800017, -17.278130067999825], [32.230237498, -17.277838044999896], [32.230237498, -17.27769203299988], [32.230310496000186, -17.27747001599994], [32.230306496000026, -17.277323003999925], [32.230306496000026, -17.277250998999932], [32.230306496000026, -17.27710398699992], [32.23037949400003, -17.276956975999838], [32.23045149200016, -17.276735957999847], [32.230524490000164, -17.276441934999923], [32.230524490000164, -17.276294922999966], [32.230524490000164, -17.276222917999917], [32.230520490000174, -17.276147911999942], [32.23059248800007, -17.275928894999936], [32.23059248800007, -17.27570987699994], [32.23058548800003, -17.275343847999864], [32.23058548800003, -17.275268842999935], [32.23058548800003, -17.275196836999953], [32.23058548800003, -17.27512183099998], [32.2305044900001, -17.274904813999967], [32.230424492000054, -17.274759802999938], [32.23034849400017, -17.274612790999925], [32.23026849600012, -17.274467779999952], [32.23019249900011, -17.274248761999957], [32.230031503000134, -17.273883733999924], [32.22995550500008, -17.273813727999823], [32.22995550500008, -17.273738721999905], [32.229879507000135, -17.2737407219999], [32.229879507000135, -17.273666716999912], [32.22972651100014, -17.273595710999814], [32.229494518000024, -17.273378693999973], [32.229261524000094, -17.27323568299994], [32.22910852900014, -17.273164676999954], [32.22903253100009, -17.273164676999954], [32.22895653299997, -17.27316667799994], [32.22880353700015, -17.273096671999895], [32.225431632000095, -17.2716025549999], [32.225198638, -17.27138553799989], [32.22512264000011, -17.2713125329999], [32.22504664200005, -17.271240526999975], [32.22488964700011, -17.271097515999884], [32.224584655000115, -17.270954504999963], [32.22435166200012, -17.27073848799995], [32.22419966600012, -17.27059347599993], [32.22411966800007, -17.270521470999824], [32.22396667300012, -17.270450464999897], [32.223661681000124, -17.270307453999976], [32.223428688000126, -17.270164442999942], [32.22335269000007, -17.27009243699996], [32.223199694000186, -17.27009443699984], [32.22312369600013, -17.27002143099992], [32.22281870500018, -17.270025431999898], [32.22251371300018, -17.269956425999965], [32.222436715000185, -17.269956425999965], [32.222284720000175, -17.269960426999944], [32.222284720000175, -17.270033432999924], [32.22213172400012, -17.27003443299992], [32.22197972800012, -17.27010943899984], [32.221754735000104, -17.27018544499998], [32.22160173900005, -17.270261450999897], [32.221525741000164, -17.27033645699987], [32.22144874300017, -17.27033645699987], [32.22130074800009, -17.270412462999957], [32.22107175400015, -17.270414462999952], [32.220918758000096, -17.270563474999904], [32.22084276000004, -17.2705654749999], [32.220617767000135, -17.27064148099987], [32.220388773000025, -17.27064348099998], [32.22008378200013, -17.27064748199996], [32.219778790000134, -17.27065048199995], [32.219778790000134, -17.270725487999982], [32.21947279900013, -17.270729487999972], [32.21932480300012, -17.270803493999892], [32.21917180800017, -17.27080749399994], [32.21894281400006, -17.270956505999948], [32.21886681600017, -17.270956505999948], [32.21871782000005, -17.271104517999902], [32.21841282900016, -17.27118352399998], [32.218263833000094, -17.271331535999877], [32.218111837000095, -17.271406541999966], [32.21811183800003, -17.27147854699996], [32.217958842000144, -17.271555553999917], [32.21780984600008, -17.271556553999915], [32.21758085200014, -17.271633559999827], [32.215005925000185, -17.27305867299998], [32.21478093200011, -17.27306167299986], [32.21462893600017, -17.27306367299991], [32.21455193800017, -17.27306367299991], [32.21439994200006, -17.27306767399989], [32.214242947000116, -17.272995667999908], [32.21409095100012, -17.27292466199998], [32.21393795500012, -17.272926662999964], [32.213708962000055, -17.272709645999953], [32.21362896400018, -17.272564633999934], [32.21355296600012, -17.272491627999955], [32.21355296600012, -17.27241962299985], [32.21314897700017, -17.270813495999903], [32.21314497700001, -17.270519472999922], [32.21314097700008, -17.270300455999916], [32.21314097700008, -17.270153443999902], [32.21313697700009, -17.27000843299993], [32.21321297500015, -17.26978641599993], [32.2132099750001, -17.26949339199996], [32.213281973000164, -17.269273374999955], [32.21335097100018, -17.26890534599994], [32.21334697100002, -17.268613322999954], [32.21334697100002, -17.268467311999927], [32.21334297100009, -17.26832029999997], [32.213418969000145, -17.268173287999957], [32.213418969000145, -17.268098282999972], [32.213769958000114, -17.265897108999923], [32.213766958000065, -17.26560408599994], [32.213762958000075, -17.265312062999897], [32.21375895800014, -17.265018039999916], [32.21375495800015, -17.26479902299991], [32.21382795600016, -17.26457700499992], [32.21382395600017, -17.264285981999933], [32.21381995600018, -17.263991958999952], [32.21381995600018, -17.263844947999928], [32.21381595600002, -17.263625929999932], [32.214006950000055, -17.26062169399995], [32.214002950000065, -17.26047468199988], [32.214002950000065, -17.260401675999958], [32.21392295200019, -17.260108652999975], [32.21391195200016, -17.259303589999888], [32.21383095400006, -17.25886455499989], [32.213827954000124, -17.25857253199996], [32.21382395400019, -17.258353514999953], [32.21374395700019, -17.258061491999968], [32.21373995700003, -17.257840474999966], [32.2137359570001, -17.257695462999948], [32.2137359570001, -17.25754845199998], [32.21365595900005, -17.257403439999962], [32.21365595900005, -17.25725642899988], [32.213560961000155, -17.25579331399996], [32.213560961000155, -17.255719307999982], [32.213556961, -17.25557229599997], [32.21347696300012, -17.25535427899996], [32.21339696500007, -17.254988249999883], [32.21323597000003, -17.254405204999955], [32.21315597200015, -17.254040175999933], [32.21315197200016, -17.25374715299995], [32.213071974000115, -17.25360214099993], [32.21299597600006, -17.25345712999996], [32.21299197600007, -17.253163106999864], [32.21291597800018, -17.25309010099994], [32.212911979000125, -17.25301809499996], [32.211756011000034, -17.251862004999964], [32.21129502399998, -17.25150197599993], [32.211138028000164, -17.2513569649999], [32.21106203000011, -17.251283958999977], [32.210986032, -17.251285958999972], [32.21090903400005, -17.25121395399998], [32.21083303600017, -17.251140947999943], [32.21067704100011, -17.251070942999945], [32.21060004300011, -17.250997936999966], [32.210368049000124, -17.250780919999954], [32.21029105200006, -17.250707913999918], [32.21021505400017, -17.250562902999945], [32.21027205200011, -17.24924479899994], [32.21042104700007, -17.249021780999954], [32.210494045000075, -17.248727757999973], [32.21057004300013, -17.248727757999973], [32.21061204200015, -17.248725757999978], [32.21060804200016, -17.24854874399989], [32.21076403800009, -17.248006700999895], [32.21084503500015, -17.2480047009999], [32.21084103499999, -17.247928694999928], [32.21084103499999, -17.247852688999956], [32.21084103499999, -17.247697676999906], [32.210837035000054, -17.24761967099994], [32.2109170330001, -17.24754166499997], [32.21091303300011, -17.247388652999916], [32.21099303100016, -17.24731064599996], [32.21107302900003, -17.24723263999988], [32.2110700290001, -17.247077627999943], [32.21114202600012, -17.24638357299989], [32.21114202600012, -17.246305566999922], [32.211218024, -17.2460745489999], [32.211215024000126, -17.24584253099988], [32.21129502200017, -17.245687518999944], [32.21129102200018, -17.2455335059999], [32.21129102200018, -17.245378493999965], [32.21128702200002, -17.24522548199991], [32.21128702200002, -17.245147475999943], [32.211363020000135, -17.24499346399989], [32.211363020000135, -17.244838451999954], [32.211363020000135, -17.24476244599998], [32.21136002000003, -17.244607432999942], [32.21158801300015, -17.243757365999954], [32.21158801300015, -17.243679359999874], [32.21158801300015, -17.243602353999904], [32.21166501100015, -17.243524347999937], [32.21166501100015, -17.243448341999965], [32.21166501100015, -17.243293329999915], [32.21166101100016, -17.243139317999976], [32.21166101100016, -17.24306331199989], [32.211657011, -17.242830292999884], [32.211657011, -17.24275428699997], [32.21157301300019, -17.242677280999942], [32.21157301300019, -17.242601274999913], [32.211493015000144, -17.24252526899994], [32.21148901600009, -17.242370256999834], [32.211329020000164, -17.242296250999914], [32.21124502200013, -17.242143238999972], [32.211165025000184, -17.242143238999972], [32.211165025000184, -17.242067232999887], [32.21108502700014, -17.242067232999887], [32.2110010290001, -17.241838214999973], [32.21084103400011, -17.241762208999944], [32.210757036000075, -17.241609196999832], [32.2105160430001, -17.241380178999975], [32.21051304300005, -17.241304173999822], [32.21043304500017, -17.241306173999874], [32.21043304500017, -17.241151160999948], [32.21042904500018, -17.240997148999895], [32.21042104500009, -17.240457106999884], [32.20992505900006, -17.239309016999925], [32.20992505900006, -17.239154003999886], [32.20984106100002, -17.239077997999914], [32.20984106100002, -17.238923985999975], [32.20976106299997, -17.23884697999989], [32.209677065000164, -17.238694967999947], [32.20959306800006, -17.238463949999982], [32.20943307200014, -17.238312937999922], [32.20926907700016, -17.238160925999978], [32.209109081000065, -17.238007913999922], [32.209105081000075, -17.23793190799995], [32.20902508400013, -17.23785490199998], [32.208941086000095, -17.237702889999923], [32.20878109000017, -17.237473871999953], [32.20869709300007, -17.23731885999996], [32.20869309300008, -17.23716684799996], [32.20861309500003, -17.23716684799996], [32.20861309500003, -17.23701183599985], [32.2086090950001, -17.236859823999964], [32.20852909700005, -17.236704811999914], [32.20852509700006, -17.236550799999975], [32.20844509900019, -17.236321781999948], [32.20836110200008, -17.236168769999892], [32.20761312200017, -17.23425061899991], [32.20737312900013, -17.2342536189999], [32.207129136000106, -17.234026600999925], [32.20696914000018, -17.233950594999953], [32.20672514700016, -17.233799582999893], [32.20664514900011, -17.23364757099995], [32.206564152000055, -17.23364757099995], [32.20648115400013, -17.23341855299998], [32.20615616300017, -17.23311352999997], [32.20607216500014, -17.232884510999952], [32.20599216700009, -17.23288451199994], [32.20599216700009, -17.23280850599997], [32.20598816800003, -17.232731498999897], [32.20590817000016, -17.232655493999914], [32.20590817000016, -17.232577486999958], [32.20582817200011, -17.232579487999942], [32.20582417200012, -17.232424474999902], [32.205744174000074, -17.23234846899993], [32.20549618100006, -17.231812426999966], [32.205576179000104, -17.231657414999916], [32.205573179000055, -17.231503402999977], [32.205569179000065, -17.231272384999954], [32.205569179000065, -17.2311183729999], [32.20556517900013, -17.230963359999976], [32.20556517900013, -17.230809347999923], [32.20556117900014, -17.230654335999873], [32.20556117900014, -17.23050232399993], [32.20555717900015, -17.23026930599991], [32.205473181000116, -17.230195299999934], [32.205473181000116, -17.230040287999884], [32.20539318300007, -17.230040287999884], [32.20539318300007, -17.229964281999912], [32.205313186000126, -17.229964281999912], [32.20522918800009, -17.22981126999997], [32.20514919000004, -17.22965925799997], [32.20514519000011, -17.229582251999943], [32.20506519300011, -17.229582251999943], [32.20506519300011, -17.229506245999914], [32.20498119500013, -17.229351232999818], [32.20490119700008, -17.229277227999887], [32.20312424700012, -17.228299150999874], [32.20312424700012, -17.22822014499991], [32.20312424700012, -17.22806613299997], [32.20312024700013, -17.227913120999915], [32.20311624699997, -17.227681101999906], [32.20311624699997, -17.227604095999936], [32.203112247000035, -17.227450083999884], [32.203112247000035, -17.22737407799991], [32.20303224900016, -17.227297071999942], [32.20303224900016, -17.227219065999975], [32.20302824900017, -17.22714305999989], [32.20302824900017, -17.22706605399992], [32.20286425400019, -17.226914041999976], [32.20286425400019, -17.226759029999982], [32.20278425600014, -17.226761029999977], [32.20278425600014, -17.226683023999954], [32.2027042580001, -17.226685023999835], [32.20270025800011, -17.226607017999868], [32.2022922700001, -17.226072975999898], [32.202212272000054, -17.226074975999893], [32.202212272000054, -17.225997969999923], [32.202212272000054, -17.225919963999957], [32.20204827599997, -17.22569094599993], [32.20196427900004, -17.22553893399993], [32.201884281, -17.22546192799996], [32.201884281, -17.225385921999816], [32.201884281, -17.22530791599985], [32.201720285000135, -17.225154903999965], [32.201720285000135, -17.225002891999907], [32.20164028800019, -17.225002891999907], [32.20163628800003, -17.224925885999937], [32.20163628800003, -17.224771873999885], [32.201556290000156, -17.22477387399988], [32.201552290000166, -17.224695867999912], [32.201552290000166, -17.224540854999873], [32.201552290000166, -17.2244648489999], [32.201548290000176, -17.22438884299993], [32.201548290000176, -17.22423383099988], [32.201720285000135, -17.223806797999885], [32.207446123000125, -17.22034052299989], [32.21319396100017, -17.218414369999948], [32.21319096100012, -17.218107345999954], [32.213510952000036, -17.21810134499998], [32.213506952000046, -17.21779432099987], [32.21414393400016, -17.21747729599997], [32.214460925000026, -17.217164270999888], [32.21477691600012, -17.216852245999917], [32.21509390700015, -17.216539220999948], [32.215089907, -17.216232196999954], [32.21541089800019, -17.216226196999912], [32.2157308890001, -17.216222195999933], [32.215726889000166, -17.215913171999944], [32.21604788000013, -17.215909171999954], [32.21604387999997, -17.21560214699997], [32.21636387100011, -17.215597146999983], [32.219236790000025, -17.214326045999883], [32.21955678100011, -17.214322045999836], [32.219552781000175, -17.214013020999914], [32.21987377200014, -17.214010020999865], [32.22082374500013, -17.21307094699995], [32.22113973600011, -17.212759921999975], [32.22177671800006, -17.212441896999962], [32.22209370900009, -17.212130871999875], [32.22273069100004, -17.211813846999974], [32.223047682000015, -17.21150182199989], [32.22368466400019, -17.211184796999873], [32.22368066400003, -17.210875772999884], [32.22399765500006, -17.210562747999916], [32.224317646000145, -17.210558747999926], [32.224313646000155, -17.210249723999937], [32.22463063700019, -17.209936698999968], [32.2249506280001, -17.20993369799993], [32.22494662800011, -17.209626673999935], [32.225263619000145, -17.209313649999956], [32.22558461000017, -17.209309648999977], [32.22558061000018, -17.209000624999874], [32.22590060100009, -17.208996623999894], [32.226217592000125, -17.208683599999972], [32.226213592000136, -17.20837457499988], [32.22653358300005, -17.208371574999887], [32.229078511000125, -17.20679544999996], [32.22939850200004, -17.20679144999997], [32.22971549300007, -17.206478424999943], [32.23067246600016, -17.206158398999833], [32.23195042999998, -17.205832372999964], [32.23259141200009, -17.205824372999814], [32.2325874120001, -17.205515347999892], [32.232908403000124, -17.20551134799996], [32.23322439400005, -17.205199322999874], [32.23322139400017, -17.204890298999885], [32.23354138500008, -17.204886297999906], [32.233854376000124, -17.204266249999932], [32.234170367000104, -17.203953224999964], [32.234167367, -17.203644199999815], [32.23448735800014, -17.20364019999994], [32.23480034900018, -17.203019150999978], [32.23543733100013, -17.20270212599985], [32.23575432200016, -17.202391100999876], [32.236074313000074, -17.20238510099989], [32.23639130400011, -17.202072075999922], [32.23638730400012, -17.201765051999928], [32.23670729500003, -17.201762050999946], [32.243490106000024, -17.205370333999895], [32.243818096000155, -17.20567435799984], [32.24413808700007, -17.205670357999963], [32.24414208700006, -17.205977381999958], [32.24446607800013, -17.206282405999957], [32.24479106900009, -17.206585428999972], [32.24543505100007, -17.206885452999927], [32.245759042000145, -17.20719047699987], [32.24608803300009, -17.207493500999874], [32.24673601500007, -17.208102548999932], [32.24706000600014, -17.208405571999947], [32.24738799700003, -17.209017619999884], [32.247715988000095, -17.20962966899998], [32.24772398800019, -17.20993869299997], [32.24851396600019, -17.21073475599985], [32.24965793399997, -17.21286492299987], [32.24988292800015, -17.21307693999995], [32.25011592200002, -17.213717989999964], [32.250344915000085, -17.214143023999952], [32.250351915000124, -17.214572056999828], [32.250580909000064, -17.21500009099998], [32.25128689000013, -17.217781309999964], [32.25129089000012, -17.21799432699993], [32.25151588300014, -17.218206342999963], [32.25151988300013, -17.218419359999928], [32.25174487700008, -17.21863137699995], [32.25175187700012, -17.21906041099993], [32.25197387100019, -17.219058409999946], [32.25219886400009, -17.21927042699997], [32.25220986400012, -17.21991347799991], [32.25243485800007, -17.220125493999944], [32.25243885800006, -17.22034051099996], [32.25265985200019, -17.220336510999914], [32.25310283900018, -17.220115492999923], [32.25332783300013, -17.22011349299993], [32.25355682700007, -17.220539526999914], [32.25356082700006, -17.22075454399993], [32.25379282000017, -17.221395593999944], [32.253804820000084, -17.2222536619999], [32.253807820000134, -17.222734699999933], [32.2540528130001, -17.22273269899995], [32.254181810000034, -17.22260468899998], [32.25431180600009, -17.22260468899998], [32.25444580200019, -17.22260468899998], [32.255490773000076, -17.222221658999842], [32.25575376500012, -17.22221965899996], [32.25574976500019, -17.222093648999817], [32.25588376200017, -17.222093648999817], [32.25614275400011, -17.22183962899993], [32.25640574700009, -17.2217136189999], [32.2564017470001, -17.221588608999866], [32.25653574300003, -17.22158660799994], [32.25666574000019, -17.221712617999913], [32.256668740000066, -17.221963637999977], [32.25679873600018, -17.22208964799995], [32.25679873600018, -17.2223416679999], [32.256676740000046, -17.223977796999918], [32.256680740000036, -17.22422981699998], [32.25681073600009, -17.224355826999954], [32.256943733000185, -17.224607845999913], [32.256943733000185, -17.224733855999943], [32.25707772900006, -17.224983875999953], [32.257340722000095, -17.225234895999847], [32.25747071799998, -17.22523389599985], [32.25969765500014, -17.22509788399998], [32.259827652000126, -17.22509588399987], [32.25995764800007, -17.22509588399987], [32.26009064400006, -17.22509588399987], [32.26061363000019, -17.225217893999968], [32.2613996070001, -17.22546791299993], [32.26205958900016, -17.225715931999957], [32.263241556000025, -17.22646599099994], [32.263501549000125, -17.226590000999977], [32.263764541, -17.226716010999894], [32.263897538000094, -17.22684001999994], [32.26415753000009, -17.22684001999994], [32.264290527000185, -17.226838019999946], [32.26494650800004, -17.226836019999894], [32.26507650400015, -17.2268340199999], [32.26520650100014, -17.22670800999998], [32.26533549700014, -17.22670800999998], [32.26572848600006, -17.22658], [32.26599247900015, -17.226451988999827], [32.267296442000145, -17.22569092899994], [32.26755943400002, -17.225688928999944], [32.267689431000065, -17.22556291899997], [32.268082420000155, -17.22543590899994], [32.2683414120001, -17.225307898999915], [32.26860540500019, -17.225053878999972], [32.26886439700007, -17.224801858999967], [32.269257386, -17.224548838999908], [32.26951637900004, -17.224294818999965], [32.26964637500015, -17.22404279899996], [32.26977637200014, -17.2237897789999], [32.27003536400008, -17.22341174899998], [32.27016536000019, -17.22303171899989], [32.27029535700018, -17.222780698999884], [32.27029535700018, -17.222528678999936], [32.27042435300001, -17.22227665899993], [32.27055434900012, -17.222022638999874], [32.27055034900013, -17.22177161899998], [32.27054634899997, -17.22076453999989], [32.27054334900009, -17.22038650999997], [32.27054334900009, -17.21988247099989], [32.2705393490001, -17.219127410999874], [32.27066834500016, -17.218875390999813], [32.270798341000045, -17.218622370999924], [32.27092833800009, -17.218370350999862], [32.271058333999974, -17.21811833199996], [32.27157631900013, -17.217611290999912], [32.27196930800005, -17.217231260999938], [32.27222930100015, -17.21685423199989], [32.27261829000008, -17.216474201999915], [32.272881282000185, -17.21622018199986], [32.273400267000056, -17.215715141999965], [32.27353326400015, -17.21558713099995], [32.273663260000035, -17.215335111999877], [32.27379325600015, -17.215084091999927], [32.27392225300008, -17.214830071999927], [32.27405224900019, -17.214704061999896], [32.27418224500008, -17.214452041999948], [32.274311241000134, -17.214199021999946], [32.274571234000064, -17.213820991999853], [32.27470123000012, -17.213440961999936], [32.27482622700006, -17.213063931999898], [32.274956223000174, -17.212685902999908], [32.275086219000116, -17.212054852999927], [32.275082219000126, -17.211424802999943], [32.27932009500012, -17.195161519999886], [32.27932009500012, -17.195035510999958], [32.279576088000056, -17.194532470999945], [32.27983908100009, -17.19415244099997], [32.27996507700004, -17.193647400999907], [32.28022407000003, -17.19326937099993], [32.282691999000065, -17.18897603199997], [32.28282199500012, -17.188724011999966], [32.282951992000164, -17.18859600199994], [32.283080988000165, -17.18834398199988], [32.28334098, -17.18809096199982], [32.28360397300003, -17.187838941999928], [32.28438595100005, -17.187079881999978], [32.28464494400009, -17.186951871999895], [32.28477493999998, -17.18682586199992], [32.28490493600009, -17.18669785199984], [32.28503493200003, -17.186571841999978], [32.28529792500018, -17.18631882199992], [32.28542792100012, -17.186192811999945], [32.285556918000054, -17.186066801999914], [32.28568691400011, -17.185938791999888], [32.28581691000005, -17.18581278199997], [32.285945907000155, -17.185560761999966], [32.28620989900014, -17.185433751999938], [32.28646889200019, -17.185053721999964], [32.28672788400013, -17.18480170199996], [32.28685788100012, -17.1845486819999], [32.286991877, -17.184422671999982], [32.28698787700006, -17.18429666199995], [32.28711687300006, -17.18404264199995], [32.28724687000005, -17.18379062199989], [32.28750986200015, -17.183537601999944], [32.28958580300008, -17.17987731299985], [32.28958180300009, -17.179625292999958], [32.28971479900008, -17.179497282999932], [32.28971079900009, -17.17924526299987], [32.28984079500003, -17.178868232999946], [32.28997079200019, -17.17861621399993], [32.29010078800013, -17.178236183999957], [32.29022978400013, -17.17798416399995], [32.290359780000074, -17.177733143999887], [32.29048977700006, -17.17735311399997], [32.29061877300006, -17.17710109399991], [32.29203773200015, -17.173064774999887], [32.29220572700012, -17.172549734999905]]]]}}, {"type": "Feature", "properties": {"GID_3": "ZWE.5.8.28_2", "GID_0": "ZWE", "COUNTRY": "Zimbabwe", "GID_1": "ZWE.5_1", "NAME_1": "Mashonaland East", "NL_NAME_1": "NA", "GID_2": "ZWE.5.8_2", "NAME_2": "Mutoko", "NL_NAME_2": "NA", "NAME_3": "Ward 8", "VARNAME_3": "NA", "NL_NAME_3": "NA", "TYPE_3": "Ward", "ENGTYPE_3": "Ward", "CC_3": "NA", "HASC_3": "NA", "id": "ZWE.5.8.28_2", "name": "Ward 8"}, "geometry": {"type": "MultiPolygon", "coordinates": [[[[32.32839074000009, -17.28768279499991], [32.32635379800013, -17.288228837999952], [32.32623980100004, -17.288228837999952], [32.31488712100008, -17.292259157999922], [32.314773125000045, -17.292259157999922], [32.30356244200016, -17.30059281699988], [32.30333344900015, -17.300594816999876], [32.29779460300017, -17.296207472999924], [32.29039780900007, -17.287192765999976], [32.290279812, -17.28708375699989], [32.28470996600015, -17.276294909999933], [32.279404114000045, -17.272125582999934], [32.27661919100012, -17.266071106999902], [32.27669618800019, -17.26593909599984], [32.27669218800003, -17.26580208599995], [32.27661919000019, -17.265667074999897], [32.276616191000016, -17.265529063999907], [32.27661619000014, -17.265323047999914], [32.276543193000066, -17.26532504799991], [32.27647119500011, -17.265119031999916], [32.27646719500012, -17.26505102599998], [32.27639419700017, -17.264915015999918], [32.27639419700017, -17.264846009999815], [32.27545622300016, -17.264241962999904], [32.275387225000145, -17.264241962999904], [32.27523822900008, -17.264037946999906], [32.27509723300011, -17.263901935999968], [32.275025235000044, -17.263835930999903], [32.274952237000036, -17.263768925999955], [32.27494923700016, -17.263630914999908], [32.27487623900015, -17.263630914999908], [32.27480424100003, -17.263564909999957], [32.27480424100003, -17.26349590399991], [32.27473524300018, -17.26349590399991], [32.274662245, -17.263428898999962], [32.274586247000116, -17.263291887999912], [32.27451424900005, -17.26315687799996], [32.27444125100004, -17.263087871999915], [32.27436925300009, -17.262951861999966], [32.27414725900002, -17.262475823999978], [32.27414725900002, -17.262406818999978], [32.27407526100012, -17.26233781299993], [32.27407126100013, -17.26220080299987], [32.273999263000064, -17.262133796999933], [32.27392626500006, -17.261996786999873], [32.27392626500006, -17.26192778099994], [32.27385426700016, -17.261792770999875], [32.27385426700016, -17.261723764999942], [32.27385026700017, -17.26165475999983], [32.27385026700017, -17.261448743999836], [32.27391926500019, -17.26124272699991], [32.27391126500004, -17.26089969999998], [32.27391126500004, -17.260762688999932], [32.273907265000105, -17.26055667299994], [32.27383526700015, -17.260352656999828], [32.27296129200005, -17.259127560999957], [32.27296129200005, -17.259059555999954], [32.27288929400015, -17.25906055599995], [32.27288929400015, -17.258992549999903], [32.27274429800002, -17.258856539999954], [32.27274029800009, -17.25871952899996], [32.2727362980001, -17.25851351299997], [32.27287729400001, -17.258374501999924], [32.27287729400001, -17.25830549599982], [32.27295029200002, -17.258236490999877], [32.27301829000015, -17.25823549099988], [32.27301829000015, -17.258166484999947], [32.27309128800016, -17.258166484999947], [32.27323228400007, -17.25809547999995], [32.27330128200015, -17.258025473999908], [32.273373280000044, -17.258025473999908], [32.273373280000044, -17.257956468999964], [32.27344227800006, -17.257886462999977], [32.273587274000135, -17.257884462999982], [32.273728270000106, -17.25774445199994], [32.273724270000116, -17.257538435999948], [32.27365227200005, -17.25740342499995], [32.27365227200005, -17.25733441999995], [32.27357527400005, -17.257199408999952], [32.27357527400005, -17.257062397999903], [32.273503276000156, -17.257062397999903], [32.27343027800015, -17.256995392999954], [32.27343027800015, -17.25692638799984], [32.27328528200002, -17.25685938199996], [32.27321328400012, -17.256791376999956], [32.27306828800005, -17.25665536599996], [32.27299929000003, -17.256657365999956], [32.27299529000004, -17.256589360999953], [32.27292729200008, -17.256589360999953], [32.27285429400007, -17.25652235599989], [32.27278229600017, -17.256455350999943], [32.272709298000166, -17.256318339999893], [32.2726373000001, -17.256251334999945], [32.27263330000011, -17.256045317999963], [32.27262930000012, -17.25590830799996], [32.27262530000013, -17.255633285999977], [32.27262530000013, -17.255496274999928], [32.27261830000009, -17.255015236999895], [32.27269029800004, -17.254878225999903], [32.271450332000086, -17.25317809299986], [32.27138233400018, -17.253180092999912], [32.27137833400019, -17.253111087999912], [32.27130933600017, -17.253111087999912], [32.27108834300009, -17.25284106599986], [32.2705733570001, -17.251970997999877], [32.28294800700007, -17.246725581999954], [32.2831650010001, -17.246622573999957], [32.32673177000015, -17.2225156639999], [32.32715475800018, -17.222066628999983], [32.32792973600016, -17.222745681999925], [32.32806273200015, -17.222745681999925], [32.328192729000136, -17.222871691999956], [32.32832672500007, -17.222995701999935], [32.32871971400016, -17.22324572099984], [32.32924569900007, -17.22362175099994], [32.33003567700007, -17.223995779999882], [32.33069165900014, -17.22436880899994], [32.33817944900011, -17.228611141999863], [32.34226133600009, -17.23211741699987], [32.34239433200008, -17.232241425999916], [32.34252432800014, -17.23249344599992], [32.34278732100017, -17.232869475999962], [32.34292131700005, -17.233120495999913], [32.34305431400014, -17.233372514999928], [32.34463727000019, -17.235629692999964], [32.344771266000066, -17.235629692999964], [32.344771266000066, -17.23575470299994], [32.344900262000124, -17.235880712999972], [32.345164254999986, -17.236130731999936], [32.34542724800019, -17.236380751999945], [32.3459532330001, -17.236630770999852], [32.34621722600019, -17.23688079099992], [32.350161115000105, -17.239001956999914], [32.35029111200009, -17.238999956999862], [32.350424108000084, -17.239125966999893], [32.35068410100018, -17.239123966999898], [32.350817097000174, -17.23937598599997], [32.35410100500013, -17.24112112299997], [32.35423100100002, -17.24112112299997], [32.354364998, -17.241371142999924], [32.3546279900001, -17.241748171999973], [32.355294972000024, -17.24363332099989], [32.3550509800001, -17.247159597999882], [32.35505498000009, -17.247411617999944], [32.35505498000009, -17.247537627999975], [32.35492498400015, -17.24778964799998], [32.354795987000045, -17.248043667999923], [32.35466599100016, -17.24829468799993], [32.35453599500005, -17.24854670799988], [32.35453999500004, -17.24892473699998], [32.354409998, -17.24917775699987], [32.354409998, -17.249429776999875], [32.354281002000164, -17.249681796999937], [32.354281002000164, -17.249933816999942], [32.35418900500014, -17.25050186199985], [32.35413200700003, -17.25050186199985], [32.35413200700003, -17.250555865999956], [32.353579023000066, -17.252176993999967], [32.35358302200018, -17.2522319979999], [32.35358302200018, -17.252339006999875], [32.353583023000056, -17.2527720409999], [32.353529024000125, -17.252934052999933], [32.353529024000125, -17.253096065999898], [32.353529024000125, -17.253258078999977], [32.353991012000165, -17.2551452269999], [32.35410500900008, -17.255467252999892], [32.35416300700007, -17.25557626099993], [32.35422000500017, -17.255683269999906], [32.35422000500017, -17.25579127799989], [32.35427700400004, -17.25584528199994], [32.354330002000154, -17.255951290999974], [32.354334002000144, -17.256060298999955], [32.354388001000075, -17.25616730799993], [32.35444499900018, -17.256220311999925], [32.35444499900018, -17.25627631599997], [32.354558996000094, -17.256274315999974], [32.354558996000094, -17.256329320999896], [32.35467399300012, -17.256436328999882], [32.354783990000044, -17.256543336999925], [32.35484198800003, -17.2566513459999], [32.354955985000174, -17.256758353999885], [32.354955985000174, -17.25681235799982], [32.355008984, -17.25681235799982], [32.355745963000174, -17.25745640899993], [32.355745963000174, -17.25751041299992], [32.35591295800003, -17.257725429999937], [32.35602795500006, -17.2579394469999], [32.356141952000144, -17.258048454999937], [32.356195951000075, -17.258101459999978], [32.35642094400015, -17.258099458999823], [32.35647794300013, -17.258099458999823], [32.3566459380001, -17.25804445499989], [32.35681393300007, -17.25804445499989], [32.356927930000154, -17.25804445499989], [32.35698492800009, -17.258042454999895], [32.357320919000074, -17.2580404549999], [32.35737791700018, -17.2580404549999], [32.35805389800004, -17.258685504999903], [32.358110897000074, -17.258685504999903], [32.358110897000074, -17.258847517999982], [32.35822489400016, -17.259116538999933], [32.358339891000185, -17.259331555999893], [32.35839688900012, -17.25949356899997], [32.35850688600004, -17.25965458099995], [32.35856488400009, -17.259707585999934], [32.35862188300007, -17.259760589999928], [32.35867888100017, -17.259760589999928], [32.35878987800004, -17.259814593999977], [32.35907187000009, -17.259867597999914], [32.35940786100008, -17.25986559799992], [32.359689853000134, -17.259863597999924], [32.359857848000104, -17.259863597999924], [32.35997184500002, -17.259862596999938], [32.36019683800009, -17.259915601999978], [32.36030783500013, -17.260022609999965], [32.36042183200004, -17.260075613999902], [32.360475830999974, -17.260075613999902], [32.360475830999974, -17.26012961799995], [32.36053282900008, -17.26012961799995], [32.360647826000104, -17.260291630999916], [32.36075782300003, -17.260397638999905], [32.360872820000054, -17.26050464799988], [32.360872820000054, -17.26061365599992], [32.36098681600009, -17.260720664999894], [32.36121181000004, -17.26093568199991], [32.36132680700007, -17.261042689999897], [32.361436804, -17.26114969799994], [32.36279476600009, -17.26286983299991], [32.36285176500013, -17.26297884199994], [32.36302376000003, -17.2631928589999], [32.36313475700007, -17.263407875999917], [32.36330575200009, -17.263569887999836], [32.36336375000013, -17.263676896999982], [32.36341674900012, -17.263676896999982], [32.363530746000094, -17.26378390499997], [32.36364574300006, -17.263945917999933], [32.36375573900011, -17.263999921999982], [32.36381373800003, -17.26405292599992], [32.36387073600014, -17.26405292599992], [32.36398173300017, -17.264212938999947], [32.364209727, -17.264372950999928], [32.36426372500006, -17.26442895599996], [32.365903680000145, -17.266039081999963], [32.36596067800002, -17.266092085999958], [32.36596067800002, -17.26614509099994], [32.36618567200003, -17.266361107999955], [32.366300669, -17.266576123999982], [32.36641166500016, -17.266683132999958], [32.36652566200007, -17.266790140999888], [32.36669365800009, -17.26695215399991], [32.36680765400013, -17.267059161999953], [32.36691865100016, -17.26716617099993], [32.36697564999997, -17.26727417899997], [32.36709064700017, -17.267381187999945], [32.36709064700017, -17.267597204999902], [32.36709064700017, -17.26770621299994], [32.367093647000104, -17.267921229999956], [32.36715164500009, -17.268028238999932], [32.36715164500009, -17.26829925999988], [32.36715164500009, -17.26835226399993], [32.36715164500009, -17.268407267999976], [32.36726564200018, -17.268514276999838], [32.36737663900004, -17.26862128499988], [32.36749063600013, -17.268674288999932], [32.36760163200012, -17.26872829399997], [32.3676586310001, -17.268781297999908], [32.36771562900003, -17.268781297999908], [32.36777262800001, -17.268781297999908], [32.36777262800001, -17.268835301999843], [32.36783062600006, -17.26888830599995], [32.36783062600006, -17.269050318999973], [32.36777262800001, -17.269212331999938], [32.36777662800017, -17.26959036099987], [32.367833626000106, -17.26959036099987], [32.36788762500004, -17.26964336599991], [32.36800162200018, -17.26975237399995], [32.368226615000026, -17.26980437799989], [32.368394610000166, -17.26985738199994], [32.36850960700019, -17.26991038599988], [32.36856660600017, -17.26991038599988], [32.368676603000154, -17.26991038599988], [32.368791599000076, -17.270017394999968], [32.36924158700015, -17.270231410999884], [32.36929458500009, -17.270231410999884], [32.36929858500008, -17.270284415999924], [32.36935258400018, -17.270284415999924], [32.36935258400018, -17.270391423999968], [32.36940958200012, -17.270391423999968], [32.36941358200011, -17.270662444999857], [32.36947058000004, -17.270877461999874], [32.36947058100009, -17.2713094959999], [32.36952757900019, -17.27141550499988], [32.36952757900019, -17.27147150899998], [32.36952757900019, -17.27157751699997], [32.369584577000126, -17.271633521999888], [32.36958457800006, -17.271793533999983], [32.36964257600005, -17.271848538999848], [32.36969957400015, -17.27195554699989], [32.36969957400015, -17.272064555999975], [32.36969957400015, -17.27211755999997], [32.36972257400009, -17.272138560999963], [32.36464171700004, -17.274564753999982], [32.36464171700004, -17.2746757619999], [32.35053911500012, -17.27927512799988], [32.342402345000096, -17.28262839399997], [32.34056339699998, -17.28263739499988], [32.338957442000094, -17.282756404999873], [32.33884344500018, -17.282756404999873], [32.33884344500018, -17.28286641299991], [32.33483355800013, -17.28509458999997], [32.33426157500014, -17.285317606999968], [32.33357559400014, -17.28576364299994], [32.33334660000003, -17.28576364299994], [32.328989723, -17.287442775999864], [32.328875727000025, -17.287553784999886], [32.32839074000009, -17.28768279499991]]]]}}, {"type": "Feature", "properties": {"GID_3": "ZWE.5.8.29_2", "GID_0": "ZWE", "COUNTRY": "Zimbabwe", "GID_1": "ZWE.5_1", "NAME_1": "Mashonaland East", "NL_NAME_1": "NA", "GID_2": "ZWE.5.8_2", "NAME_2": "Mutoko", "NL_NAME_2": "NA", "NAME_3": "Ward 9", "VARNAME_3": "NA", "NL_NAME_3": "NA", "TYPE_3": "Ward", "ENGTYPE_3": "Ward", "CC_3": "NA", "HASC_3": "NA", "id": "ZWE.5.8.29_2", "name": "Ward 9"}, "geometry": {"type": "MultiPolygon", "coordinates": [[[[32.44616240600004, -17.198795766999922], [32.44602141000007, -17.198934777999966], [32.44602541000006, -17.199109791999888], [32.445934412000156, -17.19919979899987], [32.445937412000035, -17.199289805999967], [32.445937412000035, -17.19946681999994], [32.44585041500005, -17.199643833999914], [32.4458534150001, -17.19990985499993], [32.445766417000016, -17.2000888689999], [32.445766417000016, -17.200265882999872], [32.44576941700012, -17.200443896999957], [32.445773417000055, -17.20061891099988], [32.445773417000055, -17.200708917999975], [32.445773417000055, -17.200795924999966], [32.445781417000035, -17.20115095299991], [32.445781417000035, -17.201328966999938], [32.44588041400016, -17.201591986999915], [32.44588041400016, -17.20176900099989], [32.44606740900008, -17.201943014999927], [32.44616240700009, -17.2021200289999], [32.44644539900008, -17.20238104899994], [32.446536396000056, -17.20238004899994], [32.44662839300014, -17.202467055999932], [32.44681538800006, -17.20264106999997], [32.44691038600007, -17.202729076999958], [32.447093380000126, -17.202814082999964], [32.447189378000076, -17.202902089999952], [32.44728037500005, -17.202900089999957], [32.447372373000064, -17.202898089999962], [32.44746736999997, -17.202986096999894], [32.44755936700005, -17.2029840969999], [32.447742361999985, -17.203072103999887], [32.44783736000005, -17.203070102999902], [32.447929357000135, -17.203158109999833], [32.448116352000056, -17.20333112399993], [32.44820734900003, -17.20341913099992], [32.448486341000034, -17.20350313699987], [32.44876833400019, -17.203764157999956], [32.448951329000124, -17.203850164999892], [32.44913832300011, -17.203936170999896], [32.44922932100019, -17.204024177999884], [32.449416315000065, -17.20402217799989], [32.449508313000024, -17.203932170999906], [32.44959631000012, -17.20384316399992], [32.44977930500005, -17.203751156999942], [32.449870303000125, -17.20357214199987], [32.450050297000075, -17.203392127999905], [32.450050297000075, -17.203305120999914], [32.45014129500015, -17.20330312099992], [32.450233292000064, -17.203213113999936], [32.45087727400005, -17.20320411299997], [32.45096927200018, -17.20320411299997], [32.451152266000065, -17.203200112999923], [32.45133926100016, -17.203375126999845], [32.45152625600008, -17.203461132999962], [32.451713251, -17.203635146999943], [32.45180424800003, -17.203722153999934], [32.45199124300012, -17.203896166999982], [32.45208724000014, -17.204073180999956], [32.45208724000014, -17.204161187999944], [32.45209024000002, -17.20433820199986], [32.45209424000018, -17.204426208999962], [32.452003243000036, -17.20460522299993], [32.451911245000076, -17.204695229999913], [32.45172825100019, -17.20478723799988], [32.45163625300006, -17.20478723799988], [32.45154925600002, -17.204966251999963], [32.45136626100009, -17.204968251999958], [32.450999271000114, -17.205151266999962], [32.450633282000126, -17.20533228099987], [32.45054228400005, -17.20533428099992], [32.45157925500013, -17.207081418999906], [32.451671253000086, -17.20707941799992], [32.45176625000005, -17.207255431999897], [32.45195324499997, -17.207430445999933], [32.45214024000012, -17.207604459999914], [32.45232723500004, -17.207779472999846], [32.45251422900003, -17.20795348699994], [32.45251422900003, -17.20804149399993], [32.45251822900019, -17.208130500999914], [32.45251822900019, -17.20830851499983], [32.45261722700002, -17.208660542999894], [32.45262122700018, -17.208836556999927], [32.45262822600017, -17.20936859899996], [32.45262822700005, -17.209545612999932], [32.452632226000105, -17.20972362699996], [32.452636226000095, -17.20989863999995], [32.452636226000095, -17.209988646999932], [32.452640226000085, -17.21007665399992], [32.452640226000085, -17.210253667999837], [32.452647226000124, -17.210696702999883], [32.452647226000124, -17.210783709999816], [32.452651226000114, -17.211050730999943], [32.45265522600005, -17.211138737999875], [32.45265522600005, -17.21131675199996], [32.45265922600004, -17.21140375899995], [32.45265922600004, -17.211493765999933], [32.45275422300017, -17.211668779999968], [32.45285022100012, -17.211932800999932], [32.45294521800008, -17.21210781399992], [32.45304021600015, -17.21237283499994], [32.453231210000126, -17.21263585599985], [32.453323208000086, -17.21281186999994], [32.45342220500004, -17.213164897999945], [32.45351720200017, -17.213427917999923], [32.45352120200016, -17.213604931999896], [32.45394119100018, -17.214384993999886], [32.45437217900013, -17.215188056999978], [32.45437517900018, -17.215276063999966], [32.45437917900017, -17.21554108499987], [32.45438317900016, -17.21589611199994], [32.45439117900008, -17.216249139999945], [32.45439517900007, -17.216516160999902], [32.45439817900012, -17.216869188999908], [32.45440217800018, -17.21704620299988], [32.454314181000086, -17.217491237999866], [32.454322181000066, -17.217933272999915], [32.45433018099999, -17.21828630099992], [32.45433018099999, -17.218463314999894], [32.454333181000095, -17.21864132899998], [32.454333181000095, -17.21872833599997], [32.45442517800012, -17.21872833599997], [32.45452017600019, -17.2189043489999], [32.45471117000017, -17.21916736999998], [32.454990163000105, -17.219341383999904], [32.455177157000094, -17.21951439699984], [32.455550147000054, -17.220041438999942], [32.455741142000136, -17.22030445899992], [32.4558361390001, -17.22047947299984], [32.45602313400019, -17.220653486999936], [32.45602313400019, -17.22083050099991], [32.45611913100004, -17.22091850799984], [32.45611913100004, -17.221006514999942], [32.45611913100004, -17.221095521999928], [32.45612313100003, -17.221183528999916], [32.45612613100013, -17.221361542999887], [32.4560351340001, -17.221628563999957], [32.45603913400009, -17.22180357799988], [32.455951136000124, -17.22207059899995], [32.455772141000125, -17.2223396199999], [32.45568414400003, -17.22260664099997], [32.45568414400003, -17.222783654999887], [32.45568814400019, -17.222959668999977], [32.455783141000154, -17.223047675999965], [32.45606213300016, -17.223398702999873], [32.456344125000044, -17.2236597239999], [32.456531120000136, -17.223833736999893], [32.45662211800004, -17.223920743999827], [32.45671811500006, -17.22400875099993], [32.45690511000015, -17.22409475799992], [32.45699610700012, -17.22418276499991], [32.4571831020001, -17.224355777999847], [32.45737009700002, -17.224441784999954], [32.45746209400005, -17.22452979199994], [32.45764808900009, -17.224615798999935], [32.45774008600017, -17.224702805999982], [32.4580220790001, -17.22496482599996], [32.45830107100011, -17.225225846999876], [32.45839606800007, -17.22540085999998], [32.458678060000125, -17.225751887999877], [32.45886905500004, -17.22610291599989], [32.458961053, -17.226278928999875], [32.45905605000013, -17.226453942999967], [32.45924304500005, -17.226629956999886], [32.45924704500004, -17.226716963999877], [32.45924704500004, -17.226806970999974], [32.45925104500003, -17.22698298499995], [32.45943803900002, -17.22724600499987], [32.45943803900002, -17.22733501199997], [32.459441039000126, -17.227511025999945], [32.459537037000075, -17.227688039999975], [32.45972703100017, -17.228217081999958], [32.45982702900005, -17.228569109999853], [32.459922026000015, -17.228745122999953], [32.46001702300015, -17.228920136999932], [32.460109021000164, -17.22900814399992], [32.460109021000164, -17.22909615099985], [32.46020401800007, -17.229184157999953], [32.46020401800007, -17.229271164999943], [32.46030001600002, -17.22944717899992], [32.46039501299998, -17.229712199999938], [32.460586008000064, -17.230063226999903], [32.460773002999986, -17.230238240999938], [32.46095999700003, -17.230500260999918], [32.46096299700008, -17.230589267999846], [32.461149992, -17.23076328199994], [32.46133698700015, -17.231026302999965], [32.46143298400017, -17.23120231699994], [32.46161997900009, -17.23137732999993], [32.461897970999985, -17.231638350999958], [32.462084966000134, -17.231812364999882], [32.462271961000056, -17.231898370999886], [32.46245895600015, -17.232161391999966], [32.46273694800004, -17.23233540599989], [32.46292394300019, -17.232508418999828], [32.46320293500014, -17.232682432999923], [32.463484927000025, -17.232855445999917], [32.463854917000106, -17.23302745999996], [32.467047828000034, -17.236966768999935], [32.467173824000156, -17.23702577399996], [32.46692583099997, -17.237521812999944], [32.46219596700013, -17.247018561999937], [32.45390620200004, -17.256669323999972], [32.44929033300008, -17.26261279299996], [32.44929433300007, -17.26262379399998], [32.44929433300007, -17.262734802999944], [32.44249352800006, -17.277341953999894], [32.44242053000005, -17.277300950999972], [32.43442875400012, -17.272972611999933], [32.433734773000026, -17.272533577999866], [32.43362077700016, -17.272535577999918], [32.42694896400013, -17.270586425999966], [32.42533900900008, -17.270374408999828], [32.42326806700015, -17.270053384999926], [32.421658112000046, -17.269842367999956], [32.42154311600012, -17.26984436899994], [32.42142911900004, -17.26984436899994], [32.41648925800013, -17.26920931999996], [32.41579827700008, -17.26921231999995], [32.415108296000085, -17.269327328999964], [32.4149943000001, -17.269327328999964], [32.41487930300008, -17.269439337999927], [32.40719651900014, -17.271026464999863], [32.406735532000084, -17.27091845699988], [32.40627754500014, -17.270921456999872], [32.40581555800003, -17.27081344899989], [32.405701561000114, -17.27081344899989], [32.40547256800005, -17.270815448999883], [32.40063970300014, -17.269516347999968], [32.40017771600003, -17.26940933899982], [32.399719729000026, -17.269411339999976], [32.39926274200013, -17.269415339999966], [32.39914374600011, -17.269415339999966], [32.399147745000164, -17.269525348999935], [32.39891575200005, -17.269525348999935], [32.39410488800007, -17.271429499999897], [32.39395289200013, -17.271431499999892], [32.39394889200014, -17.271398496999893], [32.39388389400011, -17.271335492999924], [32.39381489600004, -17.271209482999893], [32.39374989800018, -17.271146477999935], [32.39368190000005, -17.271021467999958], [32.393677900000114, -17.270895457999927], [32.393543903000136, -17.270769447999896], [32.39347590500017, -17.270580432999907], [32.39150696000007, -17.266674125999884], [32.39150396000019, -17.266611120999926], [32.391438961, -17.266548115999967], [32.39143496200012, -17.26642010599994], [32.39136996299999, -17.266359100999864], [32.39130096500014, -17.266233090999833], [32.391232967000064, -17.266105080999978], [32.391232967000064, -17.265916066999978], [32.391228967000075, -17.26585206099992], [32.391228967000075, -17.265726051999877], [32.39115996900006, -17.265592040999877], [32.39115596900007, -17.265409026999862], [32.39115596900007, -17.265283016999888], [32.39115596900007, -17.265155006999976], [32.39115296900019, -17.265092001999903], [32.39115296900019, -17.264964991999875], [32.391217967000046, -17.264836981999963], [32.391213967000056, -17.264582961999963], [32.391209967000066, -17.264456951999932], [32.391209967000066, -17.26439194699998], [32.391274966000026, -17.26426493699995], [32.39127096600009, -17.26407592199996], [32.39133596400012, -17.26388290599988], [32.39140096199998, -17.263754895999966], [32.391396962000044, -17.263691890999894], [32.39146196000007, -17.263564880999866], [32.391525958000045, -17.26343687099984], [32.39165595500003, -17.26318085099996], [32.39172095300012, -17.263115845999835], [32.39171695300013, -17.26305384099993], [32.391785951000145, -17.262988835999977], [32.39185094900017, -17.262925830999905], [32.3919119470001, -17.26279782099988], [32.391979945, -17.262732815999925], [32.39210594200006, -17.262539800999946], [32.392170940000085, -17.262475794999887], [32.39223993800016, -17.262412789999928], [32.39230493600019, -17.262347784999974], [32.392369934000044, -17.262282779999907], [32.39243393200019, -17.26215476999988], [32.39249893100015, -17.262089764999928], [32.392563929, -17.26202675999997], [32.39269392500012, -17.261834744999874], [32.39275492300004, -17.26164372999989], [32.39281992100007, -17.261578724999936], [32.39288492000003, -17.26145071499991], [32.39301391600003, -17.261195693999923], [32.393009916000096, -17.261067683999897], [32.39313991200015, -17.260939673999815], [32.393204910000065, -17.260748658999887], [32.39326990800009, -17.260621648999972], [32.39333490700005, -17.260493638999947], [32.393463903000054, -17.260363628999926], [32.39352890100014, -17.260298623999972], [32.393593899000166, -17.260171613999944], [32.39365889700019, -17.26010860899987], [32.39378889400007, -17.259978597999975], [32.393852891999984, -17.25985058799995], [32.39391789000007, -17.25972257799998], [32.39404788600018, -17.259595567999952], [32.39404788600018, -17.25953056299994], [32.39410888500015, -17.259402552999973], [32.39417388300018, -17.259274542999947], [32.394238881000035, -17.259209537999936], [32.39430387900012, -17.259146532999864], [32.39430387900012, -17.258956517999934], [32.39443287500012, -17.258826507999913], [32.39449787299998, -17.258763502999955], [32.39449787299998, -17.25869849799983], [32.39449387400009, -17.25863549299993], [32.39449387400009, -17.258509482999898], [32.39449387400009, -17.258444477999944], [32.39449087400004, -17.258318467999914], [32.39442187500009, -17.258193457999937], [32.39442187500009, -17.258002442999953], [32.394352877000074, -17.25787643299992], [32.39428487900011, -17.257813427999963], [32.39421988100008, -17.257687417999932], [32.394150883000066, -17.257561407999958], [32.394150883000066, -17.25749840299983], [32.394013887000085, -17.257309387999896], [32.39394488900007, -17.257184377999977], [32.39155295600011, -17.256075291999935], [32.39148795699998, -17.25607729199993], [32.39062598200019, -17.25589827799996], [32.39021799300008, -17.254952203999835], [32.39014899500006, -17.254889198999933], [32.39014899500006, -17.254763188999902], [32.3900809970001, -17.25457417399997], [32.390072997000175, -17.254130138999926], [32.390072997000175, -17.2540021289999], [32.390068997000185, -17.25387611899987], [32.390068997000185, -17.253686103999883], [32.39013399500004, -17.253684103999888], [32.39013399500004, -17.25362109899993], [32.390198993000126, -17.25362109899993], [32.390198993000126, -17.253556093999975], [32.390263991000154, -17.25349308899996], [32.39039398799997, -17.25336307799995], [32.390457986000115, -17.25329807299994], [32.39052298400003, -17.253171062999968], [32.39052298400003, -17.25310805799984], [32.390587982000056, -17.25310805799984], [32.390587982000056, -17.253043052999942], [32.390652980000084, -17.252980047999813], [32.39064898000015, -17.252915042999916], [32.39071797800017, -17.252852037999958], [32.39071397800018, -17.252724027999932], [32.39077897700014, -17.252724027999932], [32.390778976000036, -17.252533012999947], [32.39077497700015, -17.25240600299992], [32.39077497700015, -17.25234299799996], [32.39077097699999, -17.25221698799993], [32.39070597800003, -17.252090977999956], [32.39070297800015, -17.25202597299983], [32.39070297800015, -17.25196296799993], [32.39063798000012, -17.25196296799993], [32.39050398400019, -17.251901962999966], [32.39030599000017, -17.25184095899988], [32.390236992000155, -17.25177995399997], [32.390171993000024, -17.25177995399997], [32.38950501200014, -17.251281914999822], [32.38950501200014, -17.25121890999992], [32.389440014000115, -17.25121890999992], [32.389238019000175, -17.250904884999954], [32.38910002300014, -17.25071786999996], [32.389032025000176, -17.250526854999976], [32.38896702700015, -17.250463849999903], [32.38889802900013, -17.250337840999975], [32.38889802900013, -17.25027483599996], [32.38883003100017, -17.25014882599993], [32.38876103300015, -17.25008582099997], [32.38876103300015, -17.24995981099994], [32.38869603400019, -17.24995981099994], [32.38869203500013, -17.24989780599998], [32.38869203400003, -17.249834800999963], [32.38869203400003, -17.24970679099988], [32.38868803500014, -17.249580780999906], [32.388753033, -17.249515775999953], [32.388753033, -17.249387765999927], [32.388818031000085, -17.2492597559999], [32.388814031000095, -17.24919775099994], [32.388814031000095, -17.249006735999956], [32.388810031000105, -17.2487527159999], [32.388807031000056, -17.24868971099994], [32.388807031000056, -17.248498695999842], [32.38894002700005, -17.2481936719999], [32.38871103300011, -17.246707554999944], [32.38871103300011, -17.246608546999937], [32.388608036, -17.246610546999932], [32.38860403600006, -17.246511538999982], [32.38829204500007, -17.24611850799988], [32.388185048000025, -17.24592249299991], [32.38807805100015, -17.2457234769999], [32.38807805100015, -17.245624469999882], [32.38807405100016, -17.245327445999976], [32.388173048000056, -17.24512642999997], [32.38827604500017, -17.245027421999964], [32.38827304500012, -17.244928414999947], [32.38847903900006, -17.24482540699995], [32.388681033000125, -17.244625390999886], [32.388784031000114, -17.244524382999884], [32.38888702800017, -17.244422374999886], [32.38899002500011, -17.244421374999888], [32.38899002500011, -17.244321366999884], [32.38908902200018, -17.24422035899994], [32.389291016000016, -17.243921334999982], [32.38939401300013, -17.243721318999974], [32.389493010000024, -17.243619310999975], [32.38959600700014, -17.243518302999973], [32.389699005000125, -17.243419294999853], [32.389692005000086, -17.243022263999933], [32.38979500199997, -17.242822247999925], [32.38979100200004, -17.242624232999958], [32.389889999000104, -17.24242421699995], [32.38988599900017, -17.242225200999883], [32.389988996000056, -17.24212419299988], [32.390194990000055, -17.24192217699988], [32.39029398700018, -17.24172416199991], [32.39049998200005, -17.241621153999915], [32.39049698200017, -17.24152114599991], [32.39059997900006, -17.24132112999996], [32.39059597900007, -17.241123113999947], [32.39069897600018, -17.241022105999946], [32.39069497600019, -17.24082309099998], [32.39079397300014, -17.240625074999855], [32.39078997300015, -17.240425058999904], [32.39089297000004, -17.24022604399994], [32.390888970000105, -17.239929019999977], [32.39088597, -17.239730004999956], [32.39088597, -17.23963099699995], [32.39098896700011, -17.239628996999954], [32.39098496700012, -17.239430980999884], [32.391087964, -17.239329972999883], [32.391083964000075, -17.23913095699993], [32.39118296200007, -17.23893094199991], [32.391285959000186, -17.23882993399991], [32.39138495600008, -17.23862991799996], [32.39138495600008, -17.23853090999995], [32.39148495300009, -17.238430901999948], [32.391690947000086, -17.23832789399995], [32.39179394400003, -17.238127877999887], [32.391892941000094, -17.238026869999885], [32.392098936000025, -17.237925861999884], [32.39220193300008, -17.237824853999882], [32.39230493000019, -17.237822853999887], [32.39230093000003, -17.23772384599988], [32.39240392700009, -17.23772384599988], [32.39250692400003, -17.237622837999936], [32.39260992100009, -17.237620837999884], [32.39260992100009, -17.237521829999935], [32.39271291800003, -17.23751982999994], [32.39291891200003, -17.23741882199994], [32.393227904000184, -17.237313813999947], [32.39342989800019, -17.237212805999945], [32.39353289500008, -17.237111797999944], [32.39363589200019, -17.23710979799995], [32.396092823000174, -17.23548766899995], [32.39629881700017, -17.23548466899996], [32.39629881700017, -17.235384660999955], [32.39640181400006, -17.235383660999958], [32.396599808000076, -17.23498462999987], [32.397011797000175, -17.23477861299989], [32.39721379100018, -17.234478589999924], [32.397312788000136, -17.234278573999916], [32.39741278500014, -17.233979549999958], [32.39740878500015, -17.233780534999937], [32.39751178200004, -17.233580518999872], [32.39761078000009, -17.23348151099998], [32.3978127740001, -17.23308047899991], [32.39801476800011, -17.232878462999963], [32.39822076200011, -17.232678447999945], [32.398319759, -17.232478431999937], [32.39841975600007, -17.232277415999874], [32.39862175100012, -17.2318793849999], [32.39872474800006, -17.2317783769999], [32.39872074800007, -17.231678368999894], [32.398823745000186, -17.23157736099995], [32.39892674200007, -17.231476352999948], [32.39902973900013, -17.231375344999947], [32.39912873600008, -17.23127633699994], [32.39933473000008, -17.231074320999937], [32.399433728000076, -17.230874304999872], [32.39953672500019, -17.230772296999874], [32.399636722000025, -17.230574280999917], [32.399632722000035, -17.2303742659999], [32.399632722000035, -17.23027525799995], [32.39973571900015, -17.230175249999945], [32.39983471600004, -17.229975233999937], [32.399830716000054, -17.22977721899997], [32.399929713000176, -17.229577202999963], [32.399925713000016, -17.22927917899989], [32.40002571000002, -17.22898015599992], [32.40002171000009, -17.228583124999943], [32.40012070800009, -17.228482116999942], [32.4001167080001, -17.22818409299998], [32.40021970500004, -17.22808308499998], [32.400322702000096, -17.227984076999917], [32.40042169900005, -17.22778406099991], [32.400524696000105, -17.227782060999914], [32.40062769300005, -17.227681052999912], [32.4007306900001, -17.227679052999918], [32.4007306900001, -17.227580044999968], [32.40083068700011, -17.227480036999964], [32.40103668200004, -17.22727802099996], [32.40103268200005, -17.227179013999944], [32.40113567900016, -17.227078005999942], [32.40123867600005, -17.22697699799994], [32.40123467600006, -17.226777981999874], [32.40133767300017, -17.226678973999867], [32.40133367300018, -17.226579965999917], [32.401436670000066, -17.226577965999923], [32.401436670000066, -17.2263799509999], [32.40153566700019, -17.226278942999897], [32.40153166700003, -17.22588191099993], [32.40152866700015, -17.22578290399997], [32.40152866700015, -17.22558388799996], [32.40162766500015, -17.225482879999845], [32.40162766500015, -17.225383871999895], [32.40173066200009, -17.2253818719999], [32.40173066200009, -17.225282863999894], [32.40183365900015, -17.2252808639999], [32.402039653000145, -17.225179855999897], [32.40224564700014, -17.225175855999908], [32.40244764100015, -17.225074847999906], [32.40255063800004, -17.22507284699992], [32.40275663300014, -17.224969838999925], [32.40306562400002, -17.224767822999922], [32.40326761800003, -17.224666814999978], [32.404091595000125, -17.224355790999937], [32.404087595000135, -17.22425678299993], [32.40398459800002, -17.224258782999982], [32.40398459800002, -17.22406076699997], [32.40398059800009, -17.22386175199989], [32.40398059800009, -17.223762743999885], [32.40397759799998, -17.223663735999878], [32.404080595000096, -17.223562727999933], [32.404080595000096, -17.223463719999927], [32.404179592, -17.22326270399998], [32.404282589000104, -17.223161695999977], [32.404381586000056, -17.22306268899996], [32.404381586000056, -17.222963680999953], [32.404484584000045, -17.22296168099996], [32.404484584000045, -17.222862672999952], [32.4045875810001, -17.222860672999957], [32.40458358100011, -17.22276166499995], [32.40468657800005, -17.222759664999955], [32.40468657800005, -17.222560648999888], [32.40488857200006, -17.222459640999887], [32.40499156900012, -17.22245764099989], [32.40570554900006, -17.221752584999933], [32.40570554900006, -17.22165257699993], [32.40570154900007, -17.221454561999963], [32.40569754900014, -17.221057529999882], [32.40569354900015, -17.22076050699991], [32.40568954900016, -17.220561490999955], [32.40558355200017, -17.220365475999927], [32.405579552, -17.22016745999997], [32.40557155200008, -17.219572412999923], [32.40557155200008, -17.21947240599991], [32.40556755200009, -17.219274389999953], [32.4056675490001, -17.219074373999945], [32.40566354900017, -17.218776350999974], [32.40586154400012, -17.218177302999948], [32.40585754400013, -17.217880279999974], [32.405953541000144, -17.217481248999945], [32.40755949500016, -17.214182987999948], [32.40971043400003, -17.2129608919999], [32.409813431000146, -17.21296089099991], [32.410019425000144, -17.212857882999913], [32.41022542000019, -17.21275687499991], [32.41022142000003, -17.212656866999964], [32.41032441700014, -17.212654866999912], [32.41032441700014, -17.212555858999963], [32.410427414000026, -17.21245485099996], [32.41042441400015, -17.212256835999938], [32.41042041400016, -17.21205781999987], [32.410416414, -17.211760796999897], [32.41051941100011, -17.211659788999896], [32.410622408, -17.2116577889999], [32.41061840800006, -17.211558780999894], [32.41072140500012, -17.211457772999893], [32.410927399000116, -17.21135676499989], [32.411030397000104, -17.21125475699995], [32.41113339399999, -17.211253756999895], [32.41123239100011, -17.211151748999953], [32.41123239100011, -17.211052740999946], [32.41164037900012, -17.210749716999942], [32.41164037900012, -17.21065070899982], [32.411740376000125, -17.21045069299987], [32.41173637600019, -17.21025167799985], [32.41183937400018, -17.2101526699999], [32.41183937400018, -17.210053661999893], [32.411938371000076, -17.209853645999942], [32.411938371000076, -17.20975363799994], [32.41193437100014, -17.209654629999932], [32.41203736800003, -17.20955362199993], [32.41223936200004, -17.20915359099996], [32.41223536200005, -17.208954574999893], [32.41233535900005, -17.208853566999892], [32.41233535900005, -17.208655551999925], [32.412434356000176, -17.20855654399992], [32.412430356000016, -17.20825851999996], [32.412533354, -17.208256519999964], [32.41252935400007, -17.20795949699982], [32.41263235100013, -17.207857488999878], [32.41263235100013, -17.20775848099987], [32.41273534800007, -17.207756480999876], [32.41273134800008, -17.20765747299987], [32.412834345000135, -17.207655472999875], [32.412831345000086, -17.207259441999895], [32.41293434199997, -17.207257440999967], [32.41293434199997, -17.207157432999963], [32.41292634200005, -17.206824406999942], [32.41312433700017, -17.206820406999896], [32.41349132600004, -17.206816405999916], [32.41358232400012, -17.20681440599992], [32.41385731600013, -17.206721398999946], [32.41431830300019, -17.20671539799997], [32.41468529300016, -17.20662239099994], [32.41523827700013, -17.206526382999982], [32.41551226900003, -17.20643337599995], [32.41569526400019, -17.206431375999955], [32.41569526400019, -17.206341368999972], [32.41578726200015, -17.206341368999972], [32.415879259, -17.206251360999886], [32.41606225400017, -17.206160353999906], [32.41624124900011, -17.205981339999937], [32.4164242440001, -17.20580132599997], [32.416516241000124, -17.205712318999872], [32.41669523600012, -17.205531303999976], [32.416786233000096, -17.20535328999989], [32.41687423100012, -17.205174275999923], [32.418141195000146, -17.203474141999948], [32.418137195000156, -17.203387134999957], [32.41822819200013, -17.203385134999962], [32.418503184000144, -17.203116113999897], [32.41868217900014, -17.202847091999956], [32.418865174000075, -17.202668077999874], [32.4189531720001, -17.20249006399996], [32.4191361660001, -17.20239905699998], [32.41922816400012, -17.20230904999994], [32.41931916100009, -17.202219042999957], [32.41940715900006, -17.202130035999858], [32.41949915600014, -17.20204002899993], [32.419682151000075, -17.20194902099996], [32.41986514600006, -17.201857013999927], [32.419956143000036, -17.201767006999944], [32.420048141000166, -17.201767006999944], [32.42014013800008, -17.201676], [32.42023113500005, -17.201676], [32.42032313300018, -17.201674], [32.420601125000076, -17.201760005999972], [32.42096711500017, -17.20175400599993], [32.42124610700017, -17.20183801199994], [32.421341104000135, -17.201926018999927], [32.421433102000094, -17.201924018999932], [32.42152409900007, -17.201924018999932], [32.421616097000026, -17.202010025999982], [32.421620097000186, -17.202099032999968], [32.42171109399999, -17.202097032999973], [32.42189808900014, -17.20227304599996], [32.422177081000086, -17.2023570529999], [32.422364076, -17.202530066999827], [32.422734064999986, -17.202704079999933], [32.422920060000024, -17.202877093999916], [32.423107055000116, -17.20305310799995], [32.423107055000116, -17.203141114999937], [32.42320305200019, -17.20322812099994], [32.42338604700012, -17.20331412799993], [32.423573042000044, -17.20348814199997], [32.423760037000136, -17.203663155999948], [32.423947032000115, -17.203837168999883], [32.42404202900002, -17.20392517599987], [32.42422502400018, -17.20401018299998], [32.42432002100014, -17.2041861969999], [32.42441601800016, -17.204274203999887], [32.424507016000064, -17.204361209999888], [32.424690011, -17.2043572099999], [32.424694011000156, -17.204447216999824], [32.42497300300016, -17.20470823799991], [32.425068000000124, -17.204796244999898], [32.42515999800008, -17.204794243999913], [32.42515999800008, -17.204882250999844], [32.425250995000056, -17.204882250999844], [32.425342993000015, -17.204880250999963], [32.426208968000026, -17.204071186999954], [32.42629996500017, -17.20406918699996], [32.42639196300013, -17.20406918699996], [32.4264829600001, -17.204068186999905], [32.4264829600001, -17.20397817999998], [32.42657495800012, -17.20397817999998], [32.42657095800013, -17.203801165999835], [32.42675395300006, -17.20370915899997], [32.42721594, -17.203703157999882], [32.427764924000144, -17.20351814299994], [32.428130914000064, -17.203513142999896], [32.42840990600007, -17.203509141999916], [32.42850090300004, -17.203509141999916], [32.428775896000104, -17.203505141999926], [32.42896289000015, -17.20350114199988], [32.4292378830001, -17.2034971409999], [32.42932888000007, -17.2034971409999], [32.42951587500016, -17.203583147999893], [32.42960787200002, -17.20358114799984], [32.429881865000084, -17.203577146999862], [32.42997386200011, -17.20357514699998], [32.43006885900007, -17.20366315399997], [32.43025185400006, -17.203661153999974], [32.430255854, -17.203749160999962], [32.430438849000154, -17.203747160999967], [32.430625844000076, -17.20383316699997], [32.431087831000184, -17.204003180999962], [32.43145782000016, -17.20417419399996], [32.43192280699998, -17.20434620799989], [32.43210580200014, -17.20434220699991], [32.43228879700007, -17.204340206999916], [32.43247179200006, -17.204338206999864], [32.43265878700015, -17.204335206999872], [32.432750784, -17.204335205999882], [32.432746784000074, -17.204245198999956], [32.43284178200008, -17.204245198999956], [32.43283878200003, -17.204068184999812], [32.432925779000016, -17.203888170999903], [32.43320077100003, -17.203619149999952], [32.43337976600003, -17.20335212899988], [32.43356276100013, -17.20317111499992], [32.433650758000056, -17.202906093999957], [32.43373875600008, -17.202727079999875], [32.433829753000055, -17.20254906499997], [32.433917751000024, -17.20245805799982], [32.433917751000024, -17.20237005099989], [32.43400974800011, -17.202280043999906], [32.43409774600008, -17.202103029999932], [32.43418874300011, -17.202011022999955], [32.434276741000076, -17.20183400899998], [32.43445973500013, -17.2016549949999], [32.4345477330001, -17.201474980999933], [32.434638730000074, -17.201385973999948], [32.43482172500006, -17.201293965999866], [32.43482172500006, -17.201206959999865], [32.43491372300019, -17.201204958999938], [32.43519171500009, -17.201289965999877], [32.435561704000065, -17.20146197899993], [32.436023691, -17.20163199299992], [32.436393681000084, -17.201715998999873], [32.436580676000176, -17.201713998999878], [32.436763671000165, -17.20170999899983], [32.43685566800019, -17.20170999899983], [32.43703866300018, -17.201705997999852], [32.43712966000015, -17.201705997999852], [32.4372256580001, -17.20170399799997], [32.437316655000075, -17.201701997999976], [32.437408653000034, -17.201701997999976], [32.437404653000044, -17.201612990999877], [32.43749965, -17.201612990999877], [32.43795763700018, -17.201604989999908], [32.4381446320001, -17.201602989999856], [32.43841962400012, -17.20150998299988], [32.43851062100009, -17.20150998299988], [32.43860261900005, -17.201507981999896], [32.43869361600002, -17.201417974999913], [32.43878561400004, -17.201415974999918], [32.43896860900014, -17.201413974999923], [32.439059606000114, -17.201234960999955], [32.43915160300003, -17.201234960999955], [32.43924360100016, -17.20114595399997], [32.439422596000156, -17.201053945999888], [32.43951359300013, -17.200963938999905], [32.43960559100009, -17.20087493199992], [32.43969658800006, -17.200784924999937], [32.439788585000144, -17.200694917999954], [32.439876583000114, -17.20060591099997], [32.43996758000014, -17.200513903999877], [32.4400595780001, -17.20042489699989], [32.4412385440001, -17.199169796999968], [32.44142153900009, -17.19907778999982], [32.44151253600006, -17.198987782999836], [32.441695531000164, -17.198896775999856], [32.44196652400012, -17.19871576199995], [32.44224151600014, -17.198535746999823], [32.44242451100013, -17.19835473299986], [32.44260350600007, -17.198264725999934], [32.44269550300015, -17.19817571899995], [32.442786500000125, -17.198085711999965], [32.442878498000084, -17.197994704999928], [32.44296949500006, -17.197994703999825], [32.44305749300008, -17.197814689999916], [32.443240488000185, -17.19772568299993], [32.4433324850001, -17.197633675999953], [32.44342348200007, -17.197633675999953], [32.444720446000076, -17.197969701999966], [32.445182433000014, -17.198228721999897], [32.445556423000085, -17.19840073599994], [32.4458314150001, -17.19848474199995], [32.44601741000008, -17.19857074899994], [32.44601741000008, -17.19865975599987], [32.446109407000165, -17.198657755999875], [32.446113407000155, -17.198745762999977], [32.44616240600004, -17.198795766999922]]]]}}]}