{"type": "FeatureCollection", "features": [{"type": "Feature", "properties": {"GID_3": "ZWE.4.10.1_2", "GID_0": "ZWE", "COUNTRY": "Zimbabwe", "GID_1": "ZWE.4_1", "NAME_1": "Mashonaland Central", "NL_NAME_1": "NA", "GID_2": "ZWE.4.10_2", "NAME_2": "Shamva", "NL_NAME_2": "NA", "NAME_3": "Ward 1", "VARNAME_3": "NA", "NL_NAME_3": "NA", "TYPE_3": "Ward", "ENGTYPE_3": "Ward", "CC_3": "NA", "HASC_3": "NA", "id": "ZWE.4.10.1_2", "name": "Ward 1"}, "geometry": {"type": "MultiPolygon", "coordinates": [[[[31.38159627100015, -16.93300484999986], [31.382414195000138, -16.929490813999962], [31.388850004000176, -16.901838621999957], [31.401791346000152, -16.846723103999977], [31.40185615600018, -16.846446988999958], [31.403053245000024, -16.840362247999906], [31.449156067000047, -16.845520404999945], [31.449708258000157, -16.84612560799991], [31.45011426399998, -16.84671523299994], [31.450551252000082, -16.847264275999976], [31.450697248000097, -16.8475392979999], [31.450701248000087, -16.847816319999822], [31.450415256000042, -16.847959330999913], [31.450131264000163, -16.848237352999945], [31.44984527200012, -16.848517375999904], [31.44956128000007, -16.848798397999815], [31.449133293000102, -16.84908042099994], [31.448849301000052, -16.849360442999966], [31.448706305000144, -16.849500453999894], [31.448565309000173, -16.84963946499994], [31.448422313000094, -16.849780475999978], [31.448428313000193, -16.850194508999948], [31.448288317000163, -16.850612541999965], [31.448292317000153, -16.851027574999932], [31.448296317000143, -16.851304596999967], [31.448298317000138, -16.851443607999897], [31.44844331300004, -16.851579618999892], [31.448445313000036, -16.851855640999815], [31.44844731300003, -16.851995651999857], [31.448451313000135, -16.85227167399995], [31.448596309000095, -16.852408683999897], [31.44888530100019, -16.85268170599994], [31.449320289000127, -16.852954727999872], [31.44946528500003, -16.853091737999932], [31.449610281000105, -16.853089737999937], [31.449755277000065, -16.853227748999927], [31.449898273000144, -16.853225748999932], [31.45018826500018, -16.853360758999827], [31.450333261000083, -16.85349676999988], [31.450621253000122, -16.853631780999933], [31.451491228000066, -16.85417782399992], [31.45163622400014, -16.854312833999927], [31.451779220000105, -16.854312833999927], [31.457020076000106, -16.86020729899991], [31.457314068000073, -16.860619331999885], [31.457604060000108, -16.860893353999927], [31.45789405100004, -16.86102936399982], [31.458184043000074, -16.861301385999923], [31.458331039000143, -16.861576407999962], [31.458476035000047, -16.86171341799991], [31.458479035000096, -16.861990439999943], [31.45848103500009, -16.86226746199992], [31.45862803099999, -16.862543483999957], [31.458630030999984, -16.862680494999893], [31.45863203100015, -16.862820505999935], [31.458775027000115, -16.862818505999883], [31.45877702700011, -16.862957516999927], [31.458922023000184, -16.862955516999932], [31.459067019000088, -16.86309252699988], [31.459069019000083, -16.86323053799987], [31.459212015, -16.863228537999873], [31.459357011000122, -16.863365548999923], [31.45950000700003, -16.863363548999928], [31.459645003000162, -16.863361547999943], [31.46021898700019, -16.8633565479999], [31.460363983000093, -16.863354547999904], [31.460512978999986, -16.86390759099993], [31.46051497899998, -16.86404460199998], [31.46052197900002, -16.864737656999864], [31.460668975000146, -16.865011678999963], [31.46067697500007, -16.865704733999962], [31.460681975000114, -16.86611976699993], [31.46068397500011, -16.866396788999907], [31.4606879750001, -16.86667381099994], [31.46069197500009, -16.866949831999932], [31.460693975000083, -16.86722885499995], [31.460554979000108, -16.867506876999926], [31.460556979000103, -16.867783898999846], [31.460559979000152, -16.86805991999995], [31.460561979000147, -16.868197930999884], [31.460565979000137, -16.868612963999965], [31.460567979000132, -16.868752974999893], [31.460569979000127, -16.868889985999886], [31.460712975000035, -16.868889985999886], [31.46071497500003, -16.869026996999935], [31.461008967, -16.869578040999954], [31.461298959000032, -16.869851061999896], [31.461442955000052, -16.8698490619999], [31.46201793900019, -16.869844060999867], [31.462883915000077, -16.870111081999937], [31.463315903000137, -16.87024409299994], [31.46360389500012, -16.87024009199996], [31.46360389500012, -16.87038010299989], [31.463750891000018, -16.870517113999938], [31.466638810000177, -16.87159319799997], [31.466781806000085, -16.87159119799992], [31.467069798000125, -16.87158719799993], [31.46750278600007, -16.87186021899987], [31.467935774000182, -16.87199322899994], [31.46837076200012, -16.872264250999933], [31.468660754000098, -16.872399260999885], [31.468803750000063, -16.872398260999887], [31.468948746000137, -16.872535271999936], [31.46909374200004, -16.87267228299993], [31.469387734000065, -16.873084314999915], [31.469821722000063, -16.873494347999895], [31.470113714000092, -16.87390637999988], [31.47026071000016, -16.874044390999927], [31.47026071000016, -16.87418340199997], [31.470405706000065, -16.874181401999977], [31.47040770600006, -16.87431841299997], [31.470550702000025, -16.874316412999974], [31.470697698000095, -16.874593433999962], [31.470844694000164, -16.87486845599983], [31.471134685000095, -16.87514247799993], [31.47142767700018, -16.875692520999962], [31.471721669000146, -16.876104553999937], [31.471868665000045, -16.876378574999876], [31.472013661000176, -16.87651558599987], [31.472156657000085, -16.87651458599987], [31.47215865700008, -16.876653596999915], [31.47230565300015, -16.876927618999957], [31.472597645000178, -16.877339650999943], [31.47274264100008, -16.877477661999876], [31.474769585000104, -16.878699757999925], [31.4747715850001, -16.878839768999967], [31.474786585000118, -16.880223878999914], [31.474649589000137, -16.880778922999923], [31.47465758900006, -16.88147197799998], [31.47451459300015, -16.881473977999974], [31.474515593000035, -16.88175], [31.47437459700012, -16.88188901099994], [31.47423760100014, -16.88244505499995], [31.474098605, -16.882862087999968], [31.47410060500016, -16.883139109999888], [31.473958609000135, -16.883278120999933], [31.47396060900013, -16.883417131999977], [31.47396460900012, -16.883833164999942], [31.473823614000082, -16.884112186999914], [31.473825614000077, -16.884249197999907], [31.473684618000107, -16.884390209999935], [31.47369061800009, -16.88494325299996], [31.47160567800006, -16.891319758999884], [31.47294264200019, -16.895044053999925], [31.472944642000186, -16.89518306499997], [31.47308963800009, -16.895320074999916], [31.473382630000174, -16.895869118999883], [31.473529626000072, -16.89614414099998], [31.473821618000102, -16.89655817299996], [31.47411561000007, -16.897107216999927], [31.474117610000064, -16.89724722799997], [31.474262605999968, -16.89738223799992], [31.474264606000133, -16.897521248999965], [31.474409602000094, -16.897659259999955], [31.47441160200009, -16.89779627099989], [31.47455959800004, -16.898210303999974], [31.47456359800003, -16.898486325999897], [31.47469759500018, -16.89885835499996], [31.474136610000073, -16.899045369999953], [31.47413861000001, -16.89918438099994], [31.473850619000075, -16.899186380999822], [31.473564627000087, -16.899329392999846], [31.47342163100012, -16.899469403999944], [31.473278635000042, -16.89947140399994], [31.473135639000077, -16.899472403999937], [31.47284864700015, -16.899614415999963], [31.47256065500011, -16.899617415999955], [31.465972841000053, -16.901906599999904], [31.465400857000134, -16.90218862199987], [31.46497186900018, -16.902471644999935], [31.464685877000136, -16.902612655999974], [31.46439988500009, -16.902616655999964], [31.464113893000047, -16.90275766799988], [31.463825901, -16.902761667999982], [31.463396913000054, -16.902904679999892], [31.46296392500011, -16.90290867999994], [31.462390941000137, -16.903053691999958], [31.461959954000122, -16.903058691999945], [31.461528966000117, -16.90320170399997], [31.46124297400013, -16.903342714999894], [31.461099978000163, -16.90334471499989], [31.460811986000124, -16.90334871599987], [31.460380998000176, -16.903352715999915], [31.459662018000017, -16.903360716999885], [31.45908803400016, -16.903367717999913], [31.458514050000076, -16.903510728999947], [31.4579380670001, -16.903518729999973], [31.457366083000068, -16.90380075299987], [31.457081091000077, -16.903943763999962], [31.456795099000033, -16.904084774999944], [31.454367168000147, -16.90563389899995], [31.45436916800014, -16.905772909999882], [31.454226172000062, -16.905912920999924], [31.454228172000057, -16.90605193199997], [31.454232172, -16.90632795399989], [31.45394818000011, -16.906608975999973], [31.453806184000086, -16.906886997999948], [31.453522192000037, -16.90716802099996], [31.453093204000083, -16.90744804299993], [31.45281121200003, -16.907868075999943], [31.452382224000075, -16.90814809899996], [31.45195623600017, -16.908570131999966], [31.451813240000035, -16.90870914299984], [31.451817240000025, -16.908985164999933], [31.451821240000186, -16.909401197999898], [31.45196623600009, -16.909539208999945], [31.45197023600008, -16.909815230999982], [31.45197323600013, -16.91009225299996], [31.451830241000152, -16.910231263999833], [31.451832241000147, -16.910370274999877], [31.452721216000043, -16.91271445999996], [31.452727217000074, -16.913267503999975], [31.45272921700007, -16.913407514999903], [31.452731217000064, -16.913544525999953], [31.45287421300003, -16.913542525999958], [31.452876212999968, -16.913681536999945], [31.452878212000087, -16.91381954799988], [31.45288121300007, -16.91423457999997], [31.453026209000143, -16.914232579999975], [31.453028209000138, -16.914372590999903], [31.453173204000166, -16.914509601999953], [31.453175204000104, -16.914646612999945], [31.45317720500003, -16.914923634999923], [31.453322201000105, -16.915060645999915], [31.4533242010001, -16.915200656999957], [31.453326201000095, -16.915337667999836], [31.453330201000085, -16.91561368899994], [31.45333220100008, -16.91575370099997], [31.45333220100008, -16.915892711999902], [31.453190205000055, -16.916031722999946], [31.453049209000085, -16.916310744999976], [31.452765217000035, -16.916590766999946], [31.45248322500015, -16.917008799999905], [31.452342229000067, -16.91728682199988], [31.45205523700008, -16.91742783399991], [31.4517672450001, -16.9174318339999], [31.451481253000054, -16.91757284499994], [31.45133825700009, -16.917574844999933], [31.450331285000118, -16.91758684699994], [31.45034799400014, -16.91973154099992], [31.450435629000026, -16.919742761999885], [31.448649243000034, -16.920390870999938], [31.44505973300005, -16.9186288169999], [31.44273491900003, -16.919602426999916], [31.441705284000193, -16.91959458199989], [31.440675649000184, -16.91958673199997], [31.439897303000123, -16.92032427099997], [31.438865624000073, -16.920564221999825], [31.437323209999988, -16.92030461199994], [31.435766481000087, -16.921779659999913], [31.435243473000128, -16.92276695899983], [31.433694902000184, -16.923250748999976], [31.43060390000005, -16.923474864999946], [31.42750055200014, -16.92518578699992], [31.423633152000093, -16.92589946799984], [31.421575898000015, -16.92563576599997], [31.416423474000055, -16.926091555999903], [31.414092221000146, -16.927808241999855], [31.410994910000113, -16.92877547299986], [31.40712948600003, -16.929241023999907], [31.40147049400008, -16.928701188999923], [31.39889424000006, -16.92892884099996], [31.397868769000013, -16.928425160999893], [31.39632427900017, -16.92841304599989], [31.39504140500003, -16.92790733199996], [31.393486410000094, -16.929134218999877], [31.392973681, -16.928882365999982], [31.388068033000025, -16.930578470999933], [31.385491753000053, -16.93080595099991], [31.38290065500007, -16.93276801999997], [31.38159627100015, -16.93300484999986]]]]}}, {"type": "Feature", "properties": {"GID_3": "ZWE.4.10.2_2", "GID_0": "ZWE", "COUNTRY": "Zimbabwe", "GID_1": "ZWE.4_1", "NAME_1": "Mashonaland Central", "NL_NAME_1": "NA", "GID_2": "ZWE.4.10_2", "NAME_2": "Shamva", "NL_NAME_2": "NA", "NAME_3": "Ward 10", "VARNAME_3": "NA", "NL_NAME_3": "NA", "TYPE_3": "Ward", "ENGTYPE_3": "Ward", "CC_3": "NA", "HASC_3": "NA", "id": "ZWE.4.10.2_2", "name": "Ward 10"}, "geometry": {"type": "MultiPolygon", "coordinates": [[[[31.559943467000096, -17.023180714999967], [31.55794132400007, -17.07128096199989], [31.558351983000193, -17.07183021299994], [31.558276815000056, -17.071822442999917], [31.553945020000185, -17.071374592999916], [31.55347787000005, -17.072690093999938], [31.55028573499999, -17.071788084999923], [31.547073217000104, -17.073523537999904], [31.543407060999982, -17.074816068999894], [31.53973743800003, -17.076548113999934], [31.537200298000073, -17.076529828999867], [31.53719390800012, -17.076464378999958], [31.53718990800013, -17.07610134999993], [31.53608489900006, -17.076082173999964], [31.536108903000127, -17.073005094999928], [31.534737942000106, -17.072995195999965], [31.531085492000045, -17.072529171999975], [31.531982270000185, -17.074733697999932], [31.530611299000157, -17.074723769999935], [31.53015430900018, -17.07472045899982], [31.528783339000086, -17.07471051899995], [31.52741927000011, -17.07382140699997], [31.52605866500005, -17.07249270699998], [31.524691170000153, -17.072043159999964], [31.524237644000095, -17.071600254999908], [31.523306389000084, -17.073791504999974], [31.52162434500019, -17.074228207999965], [31.521494348000147, -17.07399018899997], [31.52124335500008, -17.07375116999998], [31.520989362000137, -17.07351315199992], [31.52086136600019, -17.07339314199993], [31.520735369000136, -17.073275132999868], [31.52060737300002, -17.07315412299988], [31.520356380000123, -17.07303811399987], [31.520230383000126, -17.072918104999815], [31.52010238700018, -17.07280009599998], [31.51997839000012, -17.07280009599998], [31.519850394, -17.072681085999932], [31.519724397000175, -17.072683086999973], [31.519724397000175, -17.072561076999932], [31.51757945700018, -17.071380983999973], [31.517455461, -17.071381984999903], [31.51732546400018, -17.071021955999868], [31.517197468000063, -17.07090194699998], [31.51706947100007, -17.070662927999933], [31.517067471000075, -17.07054091799995], [31.51694347500012, -17.070542918999934], [31.51681647800018, -17.07030489999994], [31.516688482000063, -17.07018488999995], [31.51668648200007, -17.070063880999896], [31.51643448900012, -17.06994587199989], [31.51630649200007, -17.06970585299996], [31.516180496000118, -17.069587842999965], [31.516179496000063, -17.069466833999968], [31.515925503000062, -17.069228814999917], [31.515799506000064, -17.069108805999917], [31.515669510000123, -17.06886978699987], [31.515418517000057, -17.068631767999875], [31.515162524000118, -17.06827273999994], [31.514908531000117, -17.068034720999947], [31.51478253400012, -17.06791471199989], [31.514656538000168, -17.067916711999885], [31.514655538000056, -17.067796701999896], [31.51452954100006, -17.067675692999842], [31.514401545000112, -17.06755768399995], [31.514401545000112, -17.06743767399996], [31.51427354800012, -17.067317664999962], [31.514147552000168, -17.067199654999968], [31.514143552000178, -17.06695663599993], [31.51414055200013, -17.066596607999884], [31.514138552000134, -17.066354588999957], [31.514134552000144, -17.066113569999914], [31.514130552000154, -17.065751540999884], [31.51412855200016, -17.065511521999838], [31.514124552, -17.06526850299997], [31.51412255200006, -17.06514849299998], [31.51412155200012, -17.064908473999935], [31.51411755200013, -17.06454544599984], [31.51411555200019, -17.064425435999965], [31.514109552000036, -17.063943397999935], [31.51410755200004, -17.063823388999936], [31.514105552000046, -17.063580369999897], [31.513977555000054, -17.063462359999903], [31.513976555000113, -17.063220340999976], [31.51385055900016, -17.06310233199997], [31.51372256200017, -17.062981321999928], [31.513468569, -17.062745303999918], [31.513340573000107, -17.062505284999872], [31.513087580000047, -17.06226626599988], [31.512961583000163, -17.062146256999938], [31.512581594000096, -17.06191023799994], [31.512328601000036, -17.061671218999948], [31.51207660800003, -17.061555209999938], [31.511698618000025, -17.06131619199988], [31.51131162900009, -17.06047712499992], [31.51131162900009, -17.060357115999864], [31.511059636000084, -17.060359115999916], [31.510935639000024, -17.0604811259999], [31.51093763900002, -17.06060313599994], [31.510811643000068, -17.06060313599994], [31.510813643000063, -17.06072314499994], [31.51068964600006, -17.06084515499998], [31.510691646, -17.060967163999976], [31.510441654000147, -17.06108917399996], [31.510443654000085, -17.06121118399983], [31.510319657000082, -17.061332192999885], [31.51019366100013, -17.061333192999882], [31.510195661000125, -17.061454202999926], [31.51006966400007, -17.06145620299992], [31.50994366800012, -17.061457202999918], [31.509942668000065, -17.061217183999872], [31.509432682000124, -17.060498127999892], [31.509428682000134, -17.060138098999857], [31.50942768200008, -17.060016089999976], [31.50942368200009, -17.059775070999933], [31.509547678000047, -17.05953305099996], [31.509671675000106, -17.05941104199991], [31.509667675000117, -17.05916902299998], [31.509791671000073, -17.059047012999883], [31.509913668000138, -17.05880399399996], [31.509913667000035, -17.05868398399997], [31.5100356640001, -17.05844196499993], [31.510033664000105, -17.05819994599989], [31.51015766000006, -17.0580799359999], [31.510155660000066, -17.057956926999964], [31.51027765700013, -17.05771490799998], [31.510275657000136, -17.057474888999934], [31.510399653000093, -17.057352878999893], [31.51039565300016, -17.057110859999852], [31.51039065300006, -17.056629821999934], [31.510388653000064, -17.05638780299995], [31.51038465300013, -17.056146783999907], [31.510382653000136, -17.05590476499998], [31.510378653000146, -17.055664745999934], [31.510374653000156, -17.055301716999907], [31.51024765700015, -17.055063697999913], [31.5101196600001, -17.05482367899998], [31.510117660000162, -17.054580659999942], [31.50998766400005, -17.05434264099995], [31.509985664000055, -17.054100621999908], [31.509982664000177, -17.053860602999862], [31.509856667000122, -17.05373959399998], [31.509854667000127, -17.053499574999933], [31.509850666999967, -17.053259555999944], [31.50984866699997, -17.053137545999903], [31.50984466700004, -17.052776517999973], [31.509720671000082, -17.052776517999973], [31.509592674000032, -17.05265850799998], [31.509467678000192, -17.052660508999963], [31.509467678000192, -17.052540498999974], [31.509341681000137, -17.052540498999974], [31.509339681000142, -17.052419489999977], [31.509089688000188, -17.052423489999967], [31.509087688000193, -17.052301479999926], [31.50896169200007, -17.052303480999967], [31.50883769500018, -17.052305480999962], [31.508709699000065, -17.052185470999973], [31.508212712999978, -17.05243349099993], [31.507838723000134, -17.052677509999853], [31.507590730000118, -17.05280151999989], [31.507338738000044, -17.052805520999982], [31.507212741000046, -17.052805520999982], [31.50708874500009, -17.05292752999992], [31.50583978000003, -17.053182550999963], [31.505463790000192, -17.053186551999943], [31.50533779400007, -17.053188551999938], [31.50508780100006, -17.053190551999933], [31.50496180400006, -17.053192551999928], [31.504836808000164, -17.05319455199998], [31.504710811000166, -17.053196552999964], [31.50458681500004, -17.053196552999964], [31.504460818000155, -17.05319855299996], [31.504334822000033, -17.053200552999954], [31.50420682500004, -17.05295953399991], [31.504080829000088, -17.052841524999906], [31.50395283300014, -17.052721514999917], [31.50395283200004, -17.052601505999974], [31.503825836000033, -17.052482495999982], [31.503821836000043, -17.05212046799994], [31.503695838999988, -17.052002458999937], [31.503689840000163, -17.05163942999991], [31.50368983900006, -17.051519419999863], [31.503687839000065, -17.051397410999982], [31.503561843000114, -17.051399410999977], [31.50356084300006, -17.05115939199993], [31.503434846000175, -17.051161391999926], [31.503308850000053, -17.051161391999926], [31.503308850000053, -17.05104038299993], [31.5031828540001, -17.05104238299998], [31.502932861000147, -17.051044382999976], [31.502808864000087, -17.05116639299996], [31.502436875000114, -17.051533421999977], [31.50231087800006, -17.05153442199986], [31.502312878000055, -17.051655431999905], [31.502186882000103, -17.0516574319999], [31.502188882000098, -17.0517774409999], [31.50181289200009, -17.05178044199988], [31.501433903000077, -17.051544422999882], [31.501053913000078, -17.051187394999943], [31.500798920000022, -17.050827366999954], [31.50067292400007, -17.050709357999892], [31.500668924000138, -17.050466337999865], [31.500542927000083, -17.050348328999974], [31.500414931000137, -17.050108309999814], [31.500287934000028, -17.049989300999982], [31.50015993800008, -17.049749281999937], [31.500033941000083, -17.04963127299993], [31.499903945000142, -17.049391253999886], [31.499903945000142, -17.049335248999967], [31.499505956000178, -17.049339249999946], [31.499503956000183, -17.04928224499986], [31.49848698500017, -17.049347250999972], [31.498427986000138, -17.049349250999967], [31.498248991000025, -17.049351250999962], [31.4981879930001, -17.049351250999962], [31.498127995000118, -17.04929324699998], [31.497947000000124, -17.049295246999975], [31.49782900300005, -17.049297246999856], [31.497709007000083, -17.049299246999908], [31.497650008000107, -17.049299246999908], [31.497589010000183, -17.049301246999903], [31.49740901500013, -17.049303247999887], [31.49723002000013, -17.04924624299997], [31.496990027000095, -17.049249242999963], [31.49681003200004, -17.049251243999947], [31.496690035000142, -17.049253243999942], [31.496511039999973, -17.049255243999937], [31.496391044000177, -17.049255243999937], [31.49633204500003, -17.049257243999932], [31.496273047000102, -17.049314248999906], [31.49615205000015, -17.0493162489999], [31.49609305200005, -17.0493162489999], [31.49603205400018, -17.049318248999896], [31.49591405700005, -17.049318248999896], [31.495733062000113, -17.049263244999963], [31.495492069000136, -17.049150235999946], [31.495313074000023, -17.0490952319999], [31.49519107700013, -17.049040227999967], [31.49501208200013, -17.048984222999877], [31.494771088999983, -17.048872213999857], [31.494590094000046, -17.048757204999845], [31.494531096000117, -17.048759205999943], [31.49452909600012, -17.048700200999917], [31.494470097000146, -17.048702200999912], [31.494409099000052, -17.048645196999814], [31.494228104000115, -17.048532187999967], [31.494108107000045, -17.048418178999952], [31.49392711200005, -17.048305169999935], [31.493747117, -17.04825016599989], [31.493745117, -17.048191160999977], [31.493507124000132, -17.048195160999967], [31.49320713200018, -17.048139156999866], [31.492847143000176, -17.04808615299993], [31.492668148000178, -17.048031148999883], [31.491172190000043, -17.048105154999973], [31.490932196000074, -17.048109155999953], [31.490571206000027, -17.047996146999935], [31.490392211000085, -17.04799814699993], [31.490213216000086, -17.047943142999884], [31.48997322300005, -17.047947142999874], [31.489614233000168, -17.047951143999853], [31.48949423700003, -17.047951143999853], [31.48937424000013, -17.04795214399985], [31.489255243000173, -17.047954143999902], [31.48919424500008, -17.047954143999902], [31.489076248000174, -17.048013148999928], [31.488956252000037, -17.04801514899998], [31.48865726000014, -17.048017148999975], [31.488597262000155, -17.04801914899997], [31.48853626400006, -17.04801914899997], [31.488416267, -17.047964144999867], [31.488235272000054, -17.047849135999854], [31.488115275000155, -17.04773712699989], [31.487995279000188, -17.047680122999964], [31.48781328400014, -17.047624117999874], [31.48763428900014, -17.047512109999957], [31.48757329000017, -17.047512109999957], [31.48751429200007, -17.047512109999957], [31.487394295000172, -17.04745710499992], [31.48703530500012, -17.047460105999903], [31.48691330900016, -17.04740510099998], [31.486795312000083, -17.04740510099998], [31.486734314000046, -17.04734809699994], [31.486675316000117, -17.047350096999935], [31.486494321000123, -17.047294092999948], [31.4862533270001, -17.047182083999814], [31.486013334000063, -17.047127079999882], [31.485773341000026, -17.04701407099992], [31.485652344000187, -17.046957065999948], [31.485593346000144, -17.046959066999932], [31.48559134600015, -17.046901061999904], [31.48433138100006, -17.046512031999953], [31.484149386000183, -17.046457026999974], [31.484029389000113, -17.046400022999933], [31.48385039400017, -17.046345018999943], [31.483671399000173, -17.046346018999827], [31.48349040500011, -17.046291014999895], [31.48331041000006, -17.046236009999973], [31.48307041600009, -17.046238010999957], [31.48289142100009, -17.046182005999924], [31.48259143000007, -17.046186006999903], [31.482532431000095, -17.046186006999903], [31.479280522000067, -17.04443686999997], [31.479158525000173, -17.04432486099995], [31.47897753000018, -17.044152846999907], [31.478796535000072, -17.04392382899988], [31.478614540000024, -17.043753815999935], [31.478431546000138, -17.043524797999964], [31.478248551000036, -17.043238774999963], [31.47812655400014, -17.043010756999934], [31.47806555500017, -17.042781738999963], [31.477941558999987, -17.04249571699995], [31.477878561000125, -17.042264697999826], [31.477817562000155, -17.042092684999886], [31.47775656400006, -17.04197867599987], [31.477634567, -17.041749657999844], [31.477451572000064, -17.041463634999957], [31.47726857700013, -17.041177612999945], [31.477085582000143, -17.040833585999962], [31.477024584000105, -17.040662571999974], [31.47702258400011, -17.040604567999935], [31.47575761900015, -17.03981350499987], [31.47563762200008, -17.039756500999943], [31.475273633000086, -17.039414473999898], [31.475152636000075, -17.039302464999935], [31.475091638000038, -17.039244460999953], [31.47503063900001, -17.039130451999938], [31.474910643000044, -17.03901644299998], [31.474729648000107, -17.038903433999963], [31.474607651000042, -17.038789424999948], [31.474607651000042, -17.038731419999976], [31.474546653000118, -17.038674415999935], [31.474487654000143, -17.038674415999935], [31.47264870400005, -17.03483711299998], [31.472467709000057, -17.034610094999948], [31.4723437130001, -17.034323072999882], [31.47210172000007, -17.033980045999954], [31.472099720000074, -17.033923040999923], [31.467887837000035, -17.03195488699987], [31.476890581000077, -17.02361822499995], [31.477069576000076, -17.023616224999955], [31.4953270580001, -17.00826900499993], [31.499402942000188, -17.00379064999987], [31.499506939000185, -17.003690641999924], [31.499632935000136, -17.003690641999924], [31.499754931999973, -17.0034466219999], [31.50567632200017, -17.000374594999926], [31.50735371700017, -16.99950430799987], [31.510630625000033, -17.00115443699997], [31.51069762400016, -17.00118643999997], [31.51088261800004, -17.001272445999973], [31.51138760400005, -17.001628473999858], [31.512019587000054, -17.001983501999916], [31.51252257300007, -17.002218520999918], [31.512900562000027, -17.002334529999928], [31.513026559000025, -17.002452538999933], [31.51327755200009, -17.002451538999935], [31.51365554100005, -17.002567547999945], [31.51415752700018, -17.00268155699996], [31.514660513000024, -17.002796565999972], [31.515160499000046, -17.002790564999884], [31.51528649500017, -17.002790564999884], [31.515664485000173, -17.002906573999894], [31.516165471000022, -17.002901572999917], [31.51641746400003, -17.00301758299986], [31.51666745700004, -17.003015581999875], [31.516917450000165, -17.003011581999885], [31.51716844300006, -17.00300958199989], [31.517416436000076, -17.00288557199997], [31.517542432000027, -17.00288557199997], [31.518040418, -17.002637551999953], [31.51816641400012, -17.002636551999956], [31.51841640700013, -17.002513541999974], [31.518664400000148, -17.00226952299994], [31.518912393000107, -17.002145512999903], [31.519036390000167, -17.001903493999976], [31.51928238300019, -17.00165947399995], [31.51953237600003, -17.00153546399997], [31.519656372000156, -17.00141345499992], [31.520028362000176, -17.00104742499991], [31.520152358000132, -17.00092541599986], [31.520401351000032, -17.000923415999978], [31.520651344000044, -17.000799405999828], [31.520777340000166, -17.000799405999828], [31.521025333000182, -17.000675395999963], [31.52127732600013, -17.00067139499987], [31.52165331599997, -17.000667394999937], [31.522030304999987, -17.00078440399983], [31.52228029800017, -17.00078240399995], [31.522406295000053, -17.000780403999954], [31.52278228400013, -17.000776402999975], [31.52303227700014, -17.000772402999814], [31.523158273999968, -17.000770401999887], [31.523282270000095, -17.000770401999887], [31.52365726000005, -17.00076440199996], [31.523659260000045, -17.000887411999827], [31.523785256000167, -17.0008854109999], [31.52554220700017, -17.0011064279999], [31.525666203000128, -17.000984418999963], [31.525916196000082, -17.00098041799987], [31.526041193000026, -17.00098041799987], [31.526415182000164, -17.000854407999952], [31.526539179000054, -17.00073239799997], [31.526791172000173, -17.000730397999973], [31.527167161000136, -17.000724396999942], [31.52741715400009, -17.000722396999947], [31.527918140000168, -17.00071739699996], [31.528420126000128, -17.00071139599993], [31.52892211200009, -17.000825404999944], [31.52942509800016, -17.000940413999956], [31.530177077000133, -17.000932412999816], [31.530804059000104, -17.001045421999947], [31.531182049000165, -17.001161430999957], [31.53118004900017, -17.001041420999968], [31.53130604500012, -17.001039420999973], [31.53143004100008, -17.00091741099982], [31.53155403800008, -17.000795401999937], [31.531678034000038, -17.000795400999948], [31.531802031000097, -17.000673391999953], [31.53192802700005, -17.00067139199996], [31.53217702000012, -17.000669390999974], [31.53230501700017, -17.000787400999968], [31.532555010000124, -17.00078439999993], [31.53280700300013, -17.00090240999998], [31.533182992000036, -17.000898408999944], [31.5334339850001, -17.00101641799995], [31.534061968000117, -17.001009417999967], [31.53418796400007, -17.001007416999983], [31.534185964000073, -17.000887407999926], [31.534309961000133, -17.00088540799993], [31.53443395700009, -17.00064238799996], [31.53455795400015, -17.000640387999965], [31.53480594700011, -17.000396368999873], [31.53493194300006, -17.000396368999873], [31.535180936000188, -17.000272358999894], [31.535304932000145, -17.000270358999842], [31.535428929000147, -17.00014834899997], [31.535930915000108, -17.00014334799988], [31.536054911000065, -17.000021338999943], [31.536428901000136, -16.999897328999964], [31.5369288870001, -16.99964930899995], [31.537177880000172, -16.999647308999954], [31.537427873000183, -16.999523298999918], [31.537677865999967, -16.999521298999923], [31.53792785900015, -16.999397288999887], [31.538051855000106, -16.999395288999892], [31.538303848000112, -16.999393287999908], [31.53867983700019, -16.99938728799998], [31.53892883000009, -16.999385286999882], [31.539054827000143, -16.999384286999884], [31.539180823000095, -16.99938228699989], [31.539430816000106, -16.999380286999894], [31.53993480200006, -16.99961430499991], [31.540311792000125, -16.999731313999916], [31.54081577800008, -16.999967332999972], [31.541570757000102, -17.00020035099982], [31.542200739, -17.000433368999893], [31.542449732000136, -17.00043136899984], [31.542451732000075, -17.000551377999898], [31.542701725000086, -17.000547377999908], [31.542953718000092, -17.000665386999913], [31.54320571100004, -17.000784396999904], [31.543331707000164, -17.00078239599992], [31.543456704000107, -17.000780395999925], [31.543580700000064, -17.000780395999925], [31.543834693000065, -17.000896404999935], [31.544086686000185, -17.00101441399994], [31.54446467600019, -17.001251432999936], [31.54484366500003, -17.00148745199982], [31.54534565100016, -17.001604460999886], [31.545724641000106, -17.001840478999895], [31.54647861900014, -17.001951487999918], [31.546981604999985, -17.002187505999927], [31.54710760200004, -17.002306515999976], [31.54710760200004, -17.002185505999933], [31.547483591000173, -17.00218250599994], [31.547733584000127, -17.00217850499996], [31.547859581000182, -17.00217850499996], [31.54810757399997, -17.002054494999925], [31.54823257000004, -17.00205249499993], [31.5483565670001, -17.00193048499989], [31.548606560000053, -17.001806475999842], [31.54885455300007, -17.001684465999972], [31.54898054900019, -17.001682465999977], [31.54910454600008, -17.001560455999822], [31.54935253900004, -17.001316435999968], [31.549600532000056, -17.00119242699992], [31.54985252400013, -17.001190425999937], [31.54997652100019, -17.001068416999942], [31.55022451399998, -17.000944406999906], [31.550476507000155, -17.00094240699991], [31.55072350000006, -17.000818396999875], [31.551725472000044, -17.00056437599983], [31.55210146100012, -17.000560375999953], [31.55222545800018, -17.00043836599997], [31.552223458000185, -17.00031835699997], [31.552472451000085, -17.000314355999933], [31.552846440000053, -17.000190345999954], [31.553098433, -17.00018734599996], [31.553348426000184, -17.000064335999923], [31.553594419000035, -16.999820316999887], [31.553846411999984, -16.999817315999906], [31.55397040800017, -16.99969430699997], [31.554346398000177, -16.999691305999875], [31.55509337700005, -16.99944128599998], [31.55559336300007, -16.999315275999948], [31.555843356000025, -16.99919126599997], [31.55621934500016, -16.99918726599992], [31.55659233500012, -16.99906125599989], [31.55697032400019, -16.99905725499991], [31.55722031700003, -16.999055254999917], [31.557596306000107, -16.99905025399994], [31.557973296000057, -16.99916626299995], [31.55835128500013, -16.99928227299995], [31.558853271000146, -16.999397280999972], [31.560607222000044, -16.999378278999927], [31.56133220200013, -16.99948528799996], [31.561357316000112, -16.999552186999836], [31.560024247, -17.021475025999905], [31.559995248000178, -17.02193606299994], [31.559943467000096, -17.023180714999967]]]]}}, {"type": "Feature", "properties": {"GID_3": "ZWE.4.10.3_2", "GID_0": "ZWE", "COUNTRY": "Zimbabwe", "GID_1": "ZWE.4_1", "NAME_1": "Mashonaland Central", "NL_NAME_1": "NA", "GID_2": "ZWE.4.10_2", "NAME_2": "Shamva", "NL_NAME_2": "NA", "NAME_3": "Ward 11", "VARNAME_3": "NA", "NL_NAME_3": "NA", "TYPE_3": "Ward", "ENGTYPE_3": "Ward", "CC_3": "NA", "HASC_3": "NA", "id": "ZWE.4.10.3_2", "name": "Ward 11"}, "geometry": {"type": "MultiPolygon", "coordinates": [[[[31.5826516730001, -17.18584799399997], [31.58149270500013, -17.18663705699987], [31.566018139000164, -17.182715752999968], [31.558013363999976, -17.184737914999914], [31.55788936800002, -17.184738915999844], [31.55713838900016, -17.18486692599987], [31.534455027000035, -17.186572067999975], [31.53397604000014, -17.186590069999966], [31.53375704400014, -17.18031957599993], [31.533629048000194, -17.180199565999942], [31.539213432000054, -17.1129579279999], [31.607480982000084, -17.115167228999894], [31.607662875000074, -17.115173083999935], [31.608082034000063, -17.11621142099989], [31.608630917000085, -17.117110562999926], [31.60875691400014, -17.117110562999926], [31.608758914000077, -17.117230572999915], [31.608886910000024, -17.117469591999907], [31.60888891000019, -17.11759160099996], [31.608890910000184, -17.117711610999947], [31.608897910000053, -17.118434667999907], [31.60877491399998, -17.118556676999958], [31.60877591400009, -17.118676686999947], [31.608777914000086, -17.11879869699993], [31.60865191700003, -17.11879869699993], [31.608653917000026, -17.11892070599987], [31.608527921000075, -17.11892070599987], [31.60852992100007, -17.119042715999967], [31.60840592400001, -17.119164725999894], [31.608281928000054, -17.11928573499989], [31.607909938000034, -17.11965176399997], [31.607787942000073, -17.119895782999834], [31.607539949000056, -17.12013980299986], [31.607417952000162, -17.1203818219999], [31.607293956000035, -17.12050383199994], [31.60716996000008, -17.12074685099998], [31.607047963000184, -17.120988869999962], [31.606923967000057, -17.12111087999989], [31.605844998000066, -17.125223204999884], [31.60572100200011, -17.12534521399988], [31.605599005000045, -17.125589233999904], [31.605603005000034, -17.125830252999947], [31.60535501300012, -17.126074271999983], [31.605357013000116, -17.126314290999858], [31.6051090200001, -17.12655830999995], [31.604987023000035, -17.12680132899993], [31.60486302700008, -17.126923338999973], [31.60473903000019, -17.127045348999957], [31.604617034000057, -17.12728936799988], [31.604367041000046, -17.127411377999863], [31.603995051000027, -17.12777740699994], [31.603869055000075, -17.127779406999935], [31.603745058000015, -17.127901416999975], [31.60362106200006, -17.12802342599997], [31.6033730690001, -17.128147435999836], [31.603123076000088, -17.12827144599987], [31.60299908000013, -17.128393455999912], [31.603001080000126, -17.128513464999912], [31.602877083000067, -17.128635474999953], [31.60275308700011, -17.128758484999935], [31.602755087000105, -17.128878493999935], [31.60262909000005, -17.12888049399993], [31.602631090000045, -17.129000503999976], [31.602505094000094, -17.12900250399997], [31.60250709400009, -17.12912251299997], [31.60238309700003, -17.129244522999898], [31.602257101000134, -17.129246522999892], [31.602259101000072, -17.12936653299988], [31.602259101000072, -17.12948654199994], [31.602261101000067, -17.129606551999927], [31.60238709700019, -17.129606551999927], [31.602513094000074, -17.129604550999943], [31.602513094000074, -17.12972556099993], [31.60276408700014, -17.12972156099994], [31.60464703400004, -17.129820567999957], [31.60477103, -17.129818567999905], [31.60502302300017, -17.129816566999978], [31.60514902, -17.129814566999926], [31.605273016000183, -17.12969255699994], [31.605397013000186, -17.129690556999947], [31.60564800600008, -17.129688556999895], [31.605774002000032, -17.1296865569999], [31.60602599500004, -17.12992557599995], [31.606279988000153, -17.130163593999953], [31.606532981000043, -17.130402612999887], [31.606662977000155, -17.13064063199988], [31.606662977000155, -17.130760640999938], [31.60679097400015, -17.130880650999927], [31.606792974000143, -17.13112166999997], [31.606794974000138, -17.131243678999965], [31.60692097000009, -17.13124167899997], [31.606921969999973, -17.13136168899996], [31.60729796000004, -17.13135768799998], [31.608554925000192, -17.131582704999914], [31.608930914000098, -17.13157970499998], [31.60918090700011, -17.13157770499987], [31.609432900000115, -17.13157370399989], [31.60943090000012, -17.131453694999834], [31.609556896000072, -17.131451694999953], [31.609681893000186, -17.131449694999958], [31.609805889000143, -17.131327684999974], [31.610055882000097, -17.13132568499998], [31.610179879000157, -17.131203674999938], [31.610431872000163, -17.131199674999948], [31.61055586800012, -17.131077664999964], [31.610679865000122, -17.131075664999912], [31.610805861000074, -17.131075664999912], [31.61080386100008, -17.130953654999928], [31.610929858000134, -17.130953654999928], [31.61105385400009, -17.130831644999944], [31.611179851000145, -17.130829644999892], [31.6113038470001, -17.130827644999897], [31.6113038470001, -17.130707634999908], [31.611678837, -17.13070363499986], [31.61180483300012, -17.13070163499998], [31.612054826000133, -17.130697633999887], [31.61218282200008, -17.130817643999876], [31.612436815000024, -17.131056662999924], [31.612436815000024, -17.13117667199998], [31.612565812000128, -17.13141669099997], [31.612565812000128, -17.131537700999957], [31.61269180800008, -17.131535699999972], [31.61269580800007, -17.13189772899989], [31.612697808000064, -17.132017737999945], [31.612701808, -17.132378766999977], [31.61257781200004, -17.13250077699996], [31.612453815000038, -17.132502776999956], [31.61232981900008, -17.132624785999894], [31.61220382300013, -17.132626786999822], [31.612077826000075, -17.132628786999874], [31.61208382600006, -17.13298881499992], [31.612211823000052, -17.133228833999965], [31.61234081900011, -17.13358986299994], [31.612342819000048, -17.133709871999883], [31.612468816000103, -17.133829880999883], [31.612472816000093, -17.134070899999926], [31.61222282300008, -17.134193909999965], [31.611846833000072, -17.134317919999944], [31.611598840000056, -17.13444192999998], [31.61134784700016, -17.13444592999997], [31.6113488470001, -17.13456593999996], [31.611223851000034, -17.134567939999954], [31.611226851000083, -17.134928968999873], [31.611228851000078, -17.13504897799993], [31.611232851000068, -17.13541100699996], [31.61136284700018, -17.135652025999946], [31.611490844000173, -17.135890043999893], [31.61161984, -17.136251072999926], [31.611747837000053, -17.136371081999982], [31.611747837000053, -17.13649109199997], [31.611753837000037, -17.136851119999847], [31.61162984000015, -17.136974129999885], [31.61150584400019, -17.137096138999937], [31.611381847000132, -17.13734015899996], [31.611257851000175, -17.137462167999956], [31.611133854000116, -17.13758417799994], [31.61113585400011, -17.137704187999816], [31.61100985799999, -17.13770618799998], [31.61101385800015, -17.137946206999857], [31.610891861000084, -17.138188225999897], [31.610767865000128, -17.138311235999936], [31.610769865000123, -17.138553254999977], [31.61064786900016, -17.13879527399996], [31.61065086900004, -17.139156301999947], [31.61065486900003, -17.13939832099993], [31.610656869000024, -17.139518330999977], [31.610660869000185, -17.139880358999903], [31.61066286900018, -17.14012137799989], [31.610668869000108, -17.140483406999977], [31.610671869000043, -17.14084443499985], [31.61043587600011, -17.142053530999874], [31.610437876000105, -17.14217353999993], [31.610313879000046, -17.142295549999915], [31.610313879000046, -17.142417559999956], [31.610065886000086, -17.14253956899995], [31.60981789300007, -17.142783588999976], [31.609569900000054, -17.143027607999898], [31.609321907000037, -17.14327262699993], [31.609073914000078, -17.143516646999956], [31.60895191800006, -17.14375866599994], [31.6087039250001, -17.14400268499986], [31.608579929000143, -17.144124694999903], [31.608455932000084, -17.144366713999943], [31.608331936000127, -17.144488723999928], [31.608335936000117, -17.144731742999966], [31.608211939000057, -17.14485375299995], [31.608089943000095, -17.145095771999877], [31.607843950000074, -17.1454598009999], [31.607723953000175, -17.14594483899998], [31.607477960000153, -17.146308867999892], [31.607354964000137, -17.146670895999932], [31.607234967000068, -17.147035924999898], [31.607238967, -17.147397953999928], [31.607114971000044, -17.147517962999927], [31.607118971000034, -17.147880991999955], [31.607122971000024, -17.148123010999882], [31.605885006000165, -17.149464116999923], [31.605759010000043, -17.149464116999923], [31.605633012999988, -17.149466116999918], [31.605635012999983, -17.149586126999964], [31.605511017000026, -17.14970813599996], [31.605387020000023, -17.149830145999942], [31.605263024000067, -17.14995215599987], [31.605265024, -17.15019417499991], [31.605141027000172, -17.150316184999895], [31.605143027000167, -17.15043719399995], [31.6051470270001, -17.15079922299998], [31.605149027000095, -17.15091923199998], [31.605276024000034, -17.15103724099987], [31.60527802400003, -17.151280260999897], [31.605284024000184, -17.151640288999943], [31.60515802700013, -17.151642288999938], [31.605036031000168, -17.15188430799998], [31.60478803799998, -17.152249336999887], [31.604540045000192, -17.152493356999912], [31.604415804000098, -17.152653493999935], [31.60416805600005, -17.152859385999932], [31.604170056000044, -17.15298139499987], [31.604046059000154, -17.153101404999973], [31.603798066000138, -17.153345423999895], [31.603802066000128, -17.153588442999933], [31.602192112000125, -17.15529557799988], [31.601944119000166, -17.155539597999905], [31.601694126000154, -17.15566360799994], [31.601570130000027, -17.155785616999935], [31.601446133000138, -17.155907626999976], [31.601323137000122, -17.156027635999976], [31.601075144000106, -17.156271655999888], [31.600951147000046, -17.15639366499994], [31.600701155000138, -17.156517674999918], [31.60032916500012, -17.156883703999938], [31.600205169000162, -17.15700571399998], [31.600081172000102, -17.15712872399996], [31.59983117900009, -17.157252733999883], [31.599707183000135, -17.157374742999934], [31.599459190000175, -17.157498752999913], [31.599085200000104, -17.15774277199995], [31.59883520700015, -17.157866781999815], [31.598837207000145, -17.157986791999974], [31.598711211000193, -17.15798879199997], [31.598587214000133, -17.157990791999964], [31.598463218000177, -17.15811280199989], [31.59821522500016, -17.158356820999927], [31.598091229000033, -17.15847883099991], [31.598091229000033, -17.158598839999968], [31.597967231999974, -17.158600840999952], [31.597967231999974, -17.158720849999952], [31.59796923200014, -17.15884085899995], [31.597845236000182, -17.158962868999822], [31.597849236000172, -17.159203887999865], [31.597851236000167, -17.159445906999906], [31.597855236000157, -17.159685925999952], [31.597983232000047, -17.15992694499994], [31.597985232000042, -17.160046954999814], [31.59811222899998, -17.160286972999927], [31.598368222000147, -17.160646001999908], [31.59849821800003, -17.161006029999953], [31.59862621500008, -17.161245048999888], [31.598753211000087, -17.161485067999877], [31.598757211000077, -17.161727086999917], [31.59863321500012, -17.16184909599997], [31.598635215000115, -17.16209011499984], [31.59851321800005, -17.162332134999872], [31.598265225000034, -17.162576153999908], [31.598017232000018, -17.162820172999943], [31.59776923900006, -17.16306419299997], [31.597519246000047, -17.1631882019999], [31.59727125300003, -17.16343222199987], [31.59689726400012, -17.163556231999905], [31.596648271, -17.16368024199994], [31.596396278000043, -17.16368424199993], [31.596272282000086, -17.163806251999972], [31.596148285000027, -17.163806251999972], [31.595898292000072, -17.16393026199995], [31.595650299000056, -17.164174280999873], [31.595276310000088, -17.164420299999904], [31.59515231300003, -17.164542309999945], [31.593424363000054, -17.166852492999965], [31.59342636300005, -17.16697450199996], [31.59330636599998, -17.16745754099992], [31.593184370000188, -17.16769955999996], [31.593062373000123, -17.16806358799988], [31.59294037700016, -17.168306607999853], [31.59294437700015, -17.16866863599995], [31.592821380000032, -17.168910654999934], [31.59269938400007, -17.169152674999964], [31.59269938400007, -17.169273683999847], [31.592579388000047, -17.16963771299993], [31.592581388000042, -17.16975772199993], [31.592457390999982, -17.16987973199997], [31.592333395000026, -17.170121750999954], [31.59233539500002, -17.170242760999827], [31.592211398000188, -17.17036476999988], [31.592089402, -17.17060678899992], [31.59184140900004, -17.170850808999944], [31.59146741899997, -17.171096827999975], [31.59096943300017, -17.171464856999933], [31.590597444000025, -17.171830885999952], [31.590351451, -17.172195914999975], [31.590229455000042, -17.172437933999902], [31.590103458000044, -17.172439934999886], [31.590105457999982, -17.172559943999943], [31.58998346200002, -17.172801962999927], [31.58985946500019, -17.173043981999967], [31.589861465000183, -17.173166991999835], [31.589737469, -17.173289001999876], [31.58974146900016, -17.173529020999922], [31.58974146900016, -17.173649029999922], [31.589617472000157, -17.173771039999963], [31.589495475999968, -17.174013058999947], [31.58937547900007, -17.174378087999855], [31.5892554830001, -17.174860125999942], [31.58900949000008, -17.175347163999902], [31.58876149700012, -17.175591183999927], [31.588637501000164, -17.175713192999922], [31.588639501000102, -17.175833202999968], [31.5885155040001, -17.175955211999963], [31.588391508000143, -17.176077221999947], [31.588267511000083, -17.176199231999817], [31.588019518000067, -17.17644325099991], [31.58777152500005, -17.176687269999945], [31.587521532000096, -17.17668927099993], [31.58739753600014, -17.17681127999998], [31.58727353900008, -17.176934289999963], [31.58714754300013, -17.17693528999996], [31.58702154600013, -17.176937289999955], [31.58677155300012, -17.17693929099994], [31.586645557000168, -17.176941290999935], [31.586520561000157, -17.17694329099993], [31.586394564000102, -17.17694529099998], [31.58614457100009, -17.176947290999976], [31.58589257800014, -17.176951291999956], [31.58551658900018, -17.176955291999946], [31.585266596000054, -17.176956291999943], [31.585141599000053, -17.176958292999927], [31.58501560300016, -17.17696029299998], [31.58218068400015, -17.181214628999896], [31.582182684000145, -17.181334638999886], [31.582188684000073, -17.181816676999972], [31.582192684000063, -17.18217970499984], [31.582199684000102, -17.182781752999915], [31.582199684000102, -17.18290276199997], [31.58232768100015, -17.183020771999963], [31.582329681000147, -17.183140780999963], [31.582331681000085, -17.18338279999989], [31.58245967700003, -17.183623818999934], [31.582465677000187, -17.18410385699997], [31.582600674000048, -17.184946922999927], [31.582606674000033, -17.18530995199984], [31.582610674000193, -17.185669979999943], [31.582735670000034, -17.185789989999932], [31.5826516730001, -17.18584799399997]]]]}}, {"type": "Feature", "properties": {"GID_3": "ZWE.4.10.4_2", "GID_0": "ZWE", "COUNTRY": "Zimbabwe", "GID_1": "ZWE.4_1", "NAME_1": "Mashonaland Central", "NL_NAME_1": "NA", "GID_2": "ZWE.4.10_2", "NAME_2": "Shamva", "NL_NAME_2": "NA", "NAME_3": "Ward 12", "VARNAME_3": "NA", "NL_NAME_3": "NA", "TYPE_3": "Ward", "ENGTYPE_3": "Ward", "CC_3": "NA", "HASC_3": "NA", "id": "ZWE.4.10.4_2", "name": "Ward 12"}, "geometry": {"type": "MultiPolygon", "coordinates": [[[[31.5826516730001, -17.18584799399997], [31.582735670000034, -17.185789989999932], [31.582610674000193, -17.185669979999943], [31.582606674000033, -17.18530995199984], [31.582600674000048, -17.184946922999927], [31.582465677000187, -17.18410385699997], [31.58245967700003, -17.183623818999934], [31.582331681000085, -17.18338279999989], [31.582329681000147, -17.183140780999963], [31.58232768100015, -17.183020771999963], [31.582199684000102, -17.18290276199997], [31.582199684000102, -17.182781752999915], [31.582192684000063, -17.18217970499984], [31.582188684000073, -17.181816676999972], [31.582182684000145, -17.181334638999886], [31.58218068400015, -17.181214628999896], [31.58501560300016, -17.17696029299998], [31.585141599000053, -17.176958292999927], [31.585266596000054, -17.176956291999943], [31.58551658900018, -17.176955291999946], [31.58589257800014, -17.176951291999956], [31.58614457100009, -17.176947290999976], [31.586394564000102, -17.17694529099998], [31.586520561000157, -17.17694329099993], [31.586645557000168, -17.176941290999935], [31.58677155300012, -17.17693929099994], [31.58702154600013, -17.176937289999955], [31.58714754300013, -17.17693528999996], [31.58727353900008, -17.176934289999963], [31.58739753600014, -17.17681127999998], [31.587521532000096, -17.17668927099993], [31.58777152500005, -17.176687269999945], [31.588019518000067, -17.17644325099991], [31.588267511000083, -17.176199231999817], [31.588391508000143, -17.176077221999947], [31.5885155040001, -17.175955211999963], [31.588639501000102, -17.175833202999968], [31.588637501000164, -17.175713192999922], [31.58876149700012, -17.175591183999927], [31.58900949000008, -17.175347163999902], [31.5892554830001, -17.174860125999942], [31.58937547900007, -17.174378087999855], [31.589495475999968, -17.174013058999947], [31.589617472000157, -17.173771039999963], [31.58974146900016, -17.173649029999922], [31.58974146900016, -17.173529020999922], [31.589737469, -17.173289001999876], [31.589861465000183, -17.173166991999835], [31.58985946500019, -17.173043981999967], [31.58998346200002, -17.172801962999927], [31.590105457999982, -17.172559943999943], [31.590103458000044, -17.172439934999886], [31.590229455000042, -17.172437933999902], [31.590351451, -17.172195914999975], [31.590597444000025, -17.171830885999952], [31.59096943300017, -17.171464856999933], [31.59146741899997, -17.171096827999975], [31.59184140900004, -17.170850808999944], [31.592089402, -17.17060678899992], [31.592211398000188, -17.17036476999988], [31.59233539500002, -17.170242760999827], [31.592333395000026, -17.170121750999954], [31.592457390999982, -17.16987973199997], [31.592581388000042, -17.16975772199993], [31.592579388000047, -17.16963771299993], [31.59269938400007, -17.169273683999847], [31.59269938400007, -17.169152674999964], [31.592821380000032, -17.168910654999934], [31.59294437700015, -17.16866863599995], [31.59294037700016, -17.168306607999853], [31.593062373000123, -17.16806358799988], [31.593184370000188, -17.16769955999996], [31.59330636599998, -17.16745754099992], [31.59342636300005, -17.16697450199996], [31.593424363000054, -17.166852492999965], [31.59515231300003, -17.164542309999945], [31.595276310000088, -17.164420299999904], [31.595650299000056, -17.164174280999873], [31.595898292000072, -17.16393026199995], [31.596148285000027, -17.163806251999972], [31.596272282000086, -17.163806251999972], [31.596396278000043, -17.16368424199993], [31.596648271, -17.16368024199994], [31.59689726400012, -17.163556231999905], [31.59727125300003, -17.16343222199987], [31.597519246000047, -17.1631882019999], [31.59776923900006, -17.16306419299997], [31.598017232000018, -17.162820172999943], [31.598265225000034, -17.162576153999908], [31.59851321800005, -17.162332134999872], [31.598635215000115, -17.16209011499984], [31.59863321500012, -17.16184909599997], [31.598757211000077, -17.161727086999917], [31.598753211000087, -17.161485067999877], [31.59862621500008, -17.161245048999888], [31.59849821800003, -17.161006029999953], [31.598368222000147, -17.160646001999908], [31.59811222899998, -17.160286972999927], [31.597985232000042, -17.160046954999814], [31.597983232000047, -17.15992694499994], [31.597855236000157, -17.159685925999952], [31.597851236000167, -17.159445906999906], [31.597849236000172, -17.159203887999865], [31.597845236000182, -17.158962868999822], [31.59796923200014, -17.15884085899995], [31.597967231999974, -17.158720849999952], [31.597967231999974, -17.158600840999952], [31.598091229000033, -17.158598839999968], [31.598091229000033, -17.15847883099991], [31.59821522500016, -17.158356820999927], [31.598463218000177, -17.15811280199989], [31.598587214000133, -17.157990791999964], [31.598711211000193, -17.15798879199997], [31.598837207000145, -17.157986791999974], [31.59883520700015, -17.157866781999815], [31.599085200000104, -17.15774277199995], [31.599459190000175, -17.157498752999913], [31.599707183000135, -17.157374742999934], [31.59983117900009, -17.157252733999883], [31.600081172000102, -17.15712872399996], [31.600205169000162, -17.15700571399998], [31.60032916500012, -17.156883703999938], [31.600701155000138, -17.156517674999918], [31.600951147000046, -17.15639366499994], [31.601075144000106, -17.156271655999888], [31.601323137000122, -17.156027635999976], [31.601446133000138, -17.155907626999976], [31.601570130000027, -17.155785616999935], [31.601694126000154, -17.15566360799994], [31.601944119000166, -17.155539597999905], [31.602192112000125, -17.15529557799988], [31.603802066000128, -17.153588442999933], [31.603798066000138, -17.153345423999895], [31.604046059000154, -17.153101404999973], [31.604170056000044, -17.15298139499987], [31.60416805600005, -17.152859385999932], [31.604415804000098, -17.152653493999935], [31.604540045000192, -17.152493356999912], [31.60478803799998, -17.152249336999887], [31.605036031000168, -17.15188430799998], [31.60515802700013, -17.151642288999938], [31.605284024000184, -17.151640288999943], [31.60527802400003, -17.151280260999897], [31.605276024000034, -17.15103724099987], [31.605149027000095, -17.15091923199998], [31.6051470270001, -17.15079922299998], [31.605143027000167, -17.15043719399995], [31.605141027000172, -17.150316184999895], [31.605265024, -17.15019417499991], [31.605263024000067, -17.14995215599987], [31.605387020000023, -17.149830145999942], [31.605511017000026, -17.14970813599996], [31.605635012999983, -17.149586126999964], [31.605633012999988, -17.149466116999918], [31.605759010000043, -17.149464116999923], [31.605885006000165, -17.149464116999923], [31.607122971000024, -17.148123010999882], [31.607118971000034, -17.147880991999955], [31.607114971000044, -17.147517962999927], [31.607238967, -17.147397953999928], [31.607234967000068, -17.147035924999898], [31.607354964000137, -17.146670895999932], [31.607477960000153, -17.146308867999892], [31.607723953000175, -17.14594483899998], [31.607843950000074, -17.1454598009999], [31.608089943000095, -17.145095771999877], [31.608211939000057, -17.14485375299995], [31.608335936000117, -17.144731742999966], [31.608331936000127, -17.144488723999928], [31.608455932000084, -17.144366713999943], [31.608579929000143, -17.144124694999903], [31.6087039250001, -17.14400268499986], [31.60895191800006, -17.14375866599994], [31.609073914000078, -17.143516646999956], [31.609321907000037, -17.14327262699993], [31.609569900000054, -17.143027607999898], [31.60981789300007, -17.142783588999976], [31.610065886000086, -17.14253956899995], [31.610313879000046, -17.142417559999956], [31.610313879000046, -17.142295549999915], [31.610437876000105, -17.14217353999993], [31.61043587600011, -17.142053530999874], [31.610671869000043, -17.14084443499985], [31.610668869000108, -17.140483406999977], [31.61066286900018, -17.14012137799989], [31.610660869000185, -17.139880358999903], [31.610656869000024, -17.139518330999977], [31.61065486900003, -17.13939832099993], [31.61065086900004, -17.139156301999947], [31.61064786900016, -17.13879527399996], [31.610769865000123, -17.138553254999977], [31.610767865000128, -17.138311235999936], [31.610891861000084, -17.138188225999897], [31.61101385800015, -17.137946206999857], [31.61100985799999, -17.13770618799998], [31.61113585400011, -17.137704187999816], [31.611133854000116, -17.13758417799994], [31.611257851000175, -17.137462167999956], [31.611381847000132, -17.13734015899996], [31.61150584400019, -17.137096138999937], [31.61162984000015, -17.136974129999885], [31.611753837000037, -17.136851119999847], [31.611747837000053, -17.13649109199997], [31.611747837000053, -17.136371081999982], [31.61161984, -17.136251072999926], [31.611490844000173, -17.135890043999893], [31.61136284700018, -17.135652025999946], [31.611232851000068, -17.13541100699996], [31.611228851000078, -17.13504897799993], [31.611226851000083, -17.134928968999873], [31.611223851000034, -17.134567939999954], [31.6113488470001, -17.13456593999996], [31.61134784700016, -17.13444592999997], [31.611598840000056, -17.13444192999998], [31.611846833000072, -17.134317919999944], [31.61222282300008, -17.134193909999965], [31.612472816000093, -17.134070899999926], [31.612468816000103, -17.133829880999883], [31.612342819000048, -17.133709871999883], [31.61234081900011, -17.13358986299994], [31.612211823000052, -17.133228833999965], [31.61208382600006, -17.13298881499992], [31.612077826000075, -17.132628786999874], [31.61220382300013, -17.132626786999822], [31.61232981900008, -17.132624785999894], [31.612453815000038, -17.132502776999956], [31.61257781200004, -17.13250077699996], [31.612701808, -17.132378766999977], [31.612697808000064, -17.132017737999945], [31.61269580800007, -17.13189772899989], [31.61269180800008, -17.131535699999972], [31.612565812000128, -17.131537700999957], [31.612565812000128, -17.13141669099997], [31.612436815000024, -17.13117667199998], [31.612436815000024, -17.131056662999924], [31.61218282200008, -17.130817643999876], [31.612054826000133, -17.130697633999887], [31.61180483300012, -17.13070163499998], [31.611678837, -17.13070363499986], [31.6113038470001, -17.130707634999908], [31.6113038470001, -17.130827644999897], [31.611179851000145, -17.130829644999892], [31.61105385400009, -17.130831644999944], [31.610929858000134, -17.130953654999928], [31.61080386100008, -17.130953654999928], [31.610805861000074, -17.131075664999912], [31.610679865000122, -17.131075664999912], [31.61055586800012, -17.131077664999964], [31.610431872000163, -17.131199674999948], [31.610179879000157, -17.131203674999938], [31.610055882000097, -17.13132568499998], [31.609805889000143, -17.131327684999974], [31.609681893000186, -17.131449694999958], [31.609556896000072, -17.131451694999953], [31.60943090000012, -17.131453694999834], [31.609432900000115, -17.13157370399989], [31.60918090700011, -17.13157770499987], [31.608930914000098, -17.13157970499998], [31.608554925000192, -17.131582704999914], [31.60729796000004, -17.13135768799998], [31.606921969999973, -17.13136168899996], [31.60692097000009, -17.13124167899997], [31.606794974000138, -17.131243678999965], [31.606792974000143, -17.13112166999997], [31.60679097400015, -17.130880650999927], [31.606662977000155, -17.130760640999938], [31.606662977000155, -17.13064063199988], [31.606532981000043, -17.130402612999887], [31.606279988000153, -17.130163593999953], [31.60602599500004, -17.12992557599995], [31.605774002000032, -17.1296865569999], [31.60564800600008, -17.129688556999895], [31.605397013000186, -17.129690556999947], [31.605273016000183, -17.12969255699994], [31.60514902, -17.129814566999926], [31.60502302300017, -17.129816566999978], [31.60477103, -17.129818567999905], [31.60464703400004, -17.129820567999957], [31.60276408700014, -17.12972156099994], [31.602513094000074, -17.12972556099993], [31.602513094000074, -17.129604550999943], [31.60238709700019, -17.129606551999927], [31.602261101000067, -17.129606551999927], [31.602259101000072, -17.12948654199994], [31.602259101000072, -17.12936653299988], [31.602257101000134, -17.129246522999892], [31.60238309700003, -17.129244522999898], [31.60250709400009, -17.12912251299997], [31.602505094000094, -17.12900250399997], [31.602631090000045, -17.129000503999976], [31.60262909000005, -17.12888049399993], [31.602755087000105, -17.128878493999935], [31.60275308700011, -17.128758484999935], [31.602877083000067, -17.128635474999953], [31.603001080000126, -17.128513464999912], [31.60299908000013, -17.128393455999912], [31.603123076000088, -17.12827144599987], [31.6033730690001, -17.128147435999836], [31.60362106200006, -17.12802342599997], [31.603745058000015, -17.127901416999975], [31.603869055000075, -17.127779406999935], [31.603995051000027, -17.12777740699994], [31.604367041000046, -17.127411377999863], [31.604617034000057, -17.12728936799988], [31.60473903000019, -17.127045348999957], [31.60486302700008, -17.126923338999973], [31.604987023000035, -17.12680132899993], [31.6051090200001, -17.12655830999995], [31.605357013000116, -17.126314290999858], [31.60535501300012, -17.126074271999983], [31.605603005000034, -17.125830252999947], [31.605599005000045, -17.125589233999904], [31.60572100200011, -17.12534521399988], [31.605844998000066, -17.125223204999884], [31.606923967000057, -17.12111087999989], [31.607047963000184, -17.120988869999962], [31.60716996000008, -17.12074685099998], [31.607293956000035, -17.12050383199994], [31.607417952000162, -17.1203818219999], [31.607539949000056, -17.12013980299986], [31.607787942000073, -17.119895782999834], [31.607909938000034, -17.11965176399997], [31.608281928000054, -17.11928573499989], [31.60840592400001, -17.119164725999894], [31.60852992100007, -17.119042715999967], [31.608527921000075, -17.11892070599987], [31.608653917000026, -17.11892070599987], [31.60865191700003, -17.11879869699993], [31.608777914000086, -17.11879869699993], [31.60877591400009, -17.118676686999947], [31.60877491399998, -17.118556676999958], [31.608897910000053, -17.118434667999907], [31.608890910000184, -17.117711610999947], [31.60888891000019, -17.11759160099996], [31.608886910000024, -17.117469591999907], [31.608758914000077, -17.117230572999915], [31.60875691400014, -17.117110562999926], [31.608630917000085, -17.117110562999926], [31.608082034000063, -17.11621142099989], [31.607662875000074, -17.115173083999935], [31.658486520000167, -17.116802859999893], [31.652317704000097, -17.155184552999913], [31.649161799000012, -17.17414304899995], [31.645621906000144, -17.192516498999964], [31.645457911000165, -17.19458566199995], [31.645270916000072, -17.19457266099994], [31.64514492000012, -17.19457466099982], [31.638616103, -17.194047621999914], [31.636297166000077, -17.189012224999942], [31.62052960900013, -17.18883421699985], [31.616630722000025, -17.19852898199997], [31.616504726000073, -17.198530982999955], [31.60027318100009, -17.194377660999862], [31.602232124000068, -17.19037634499989], [31.58286566700008, -17.18613901699996], [31.5826516730001, -17.18584799399997]]]]}}, {"type": "Feature", "properties": {"GID_3": "ZWE.4.10.5_2", "GID_0": "ZWE", "COUNTRY": "Zimbabwe", "GID_1": "ZWE.4_1", "NAME_1": "Mashonaland Central", "NL_NAME_1": "NA", "GID_2": "ZWE.4.10_2", "NAME_2": "Shamva", "NL_NAME_2": "NA", "NAME_3": "Ward 13", "VARNAME_3": "NA", "NL_NAME_3": "NA", "TYPE_3": "Ward", "ENGTYPE_3": "Ward", "CC_3": "NA", "HASC_3": "NA", "id": "ZWE.4.10.5_2", "name": "Ward 13"}, "geometry": {"type": "MultiPolygon", "coordinates": [[[[31.53397604000014, -17.186590069999966], [31.534455027000035, -17.186572067999975], [31.55713838900016, -17.18486692599987], [31.55788936800002, -17.184738915999844], [31.558013363999976, -17.184737914999914], [31.566018139000164, -17.182715752999968], [31.58149270500013, -17.18663705699987], [31.5826516730001, -17.18584799399997], [31.58286566700008, -17.18613901699996], [31.602232124000068, -17.19037634499989], [31.60027318100009, -17.194377660999862], [31.616504726000073, -17.198530982999955], [31.616630722000025, -17.19852898199997], [31.62052960900013, -17.18883421699985], [31.636297166000077, -17.189012224999942], [31.638616103, -17.194047621999914], [31.64514492000012, -17.19457466099982], [31.645270916000072, -17.19457266099994], [31.645457911000165, -17.19458566199995], [31.644314948000044, -17.208931792999977], [31.64436994700003, -17.209132808999982], [31.644570134000162, -17.20874463599995], [31.644949408000116, -17.211430701999973], [31.64477831199997, -17.212041024999905], [31.60719941000019, -17.22308097599995], [31.587132063000126, -17.215467759999967], [31.535026442000174, -17.2111390149999], [31.53584899700013, -17.209467872999937], [31.534502031000045, -17.201523246999898], [31.53397604000014, -17.186590069999966]]]]}}, {"type": "Feature", "properties": {"GID_3": "ZWE.4.10.6_2", "GID_0": "ZWE", "COUNTRY": "Zimbabwe", "GID_1": "ZWE.4_1", "NAME_1": "Mashonaland Central", "NL_NAME_1": "NA", "GID_2": "ZWE.4.10_2", "NAME_2": "Shamva", "NL_NAME_2": "NA", "NAME_3": "Ward 14", "VARNAME_3": "NA", "NL_NAME_3": "NA", "TYPE_3": "Ward", "ENGTYPE_3": "Ward", "CC_3": "NA", "HASC_3": "NA", "id": "ZWE.4.10.6_2", "name": "Ward 14"}, "geometry": {"type": "MultiPolygon", "coordinates": [[[[31.593067293000047, -16.908705686999895], [31.620000653000034, -16.922905431999936], [31.642396673000178, -16.912917770999968], [31.642699886000173, -16.912064342999884], [31.63886161500011, -16.94490203999993], [31.67904244700003, -16.948595259999934], [31.679191678000052, -17.000036005999902], [31.679818695000165, -17.001324775999933], [31.679215754000097, -17.011994177999895], [31.671499282000013, -17.02480956699992], [31.671612906, -17.02512930699993], [31.67125794100008, -17.024918621999973], [31.670961363, -17.024084038999945], [31.66935682900015, -17.025607022999907], [31.649908208000056, -17.01512792199992], [31.607709214000124, -17.010626538999873], [31.60716947800006, -17.009626656999956], [31.607019393000144, -17.01067914299989], [31.59399781000019, -17.0413629009999], [31.559943467000096, -17.023180714999967], [31.559995248000178, -17.02193606299994], [31.560024247, -17.021475025999905], [31.561357316000112, -16.999552186999836], [31.5621175820001, -17.001577361999978], [31.563975867000124, -16.978882988999942], [31.572829324000168, -16.957225894999908], [31.592728584000156, -16.908527078999953], [31.593067293000047, -16.908705686999895]]]]}}, {"type": "Feature", "properties": {"GID_3": "ZWE.4.10.7_2", "GID_0": "ZWE", "COUNTRY": "Zimbabwe", "GID_1": "ZWE.4_1", "NAME_1": "Mashonaland Central", "NL_NAME_1": "NA", "GID_2": "ZWE.4.10_2", "NAME_2": "Shamva", "NL_NAME_2": "NA", "NAME_3": "Ward 15", "VARNAME_3": "NA", "NL_NAME_3": "NA", "TYPE_3": "Ward", "ENGTYPE_3": "Ward", "CC_3": "NA", "HASC_3": "NA", "id": "ZWE.4.10.7_2", "name": "Ward 15"}, "geometry": {"type": "MultiPolygon", "coordinates": [[[[31.495367848000114, -17.20537252899993], [31.49537413200005, -17.204670508999982], [31.495262135000132, -17.204665508999938], [31.495202316000075, -17.204662948999896], [31.473477087000106, -17.203732182999886], [31.47447989900013, -17.17669823799997], [31.421825439000145, -17.177443560999905], [31.439314590000095, -17.136934718999896], [31.409513864000132, -17.12443242699993], [31.434395801000164, -17.093097728999965], [31.434466799000177, -17.093028723999964], [31.43453779700019, -17.09302672399997], [31.434960785000044, -17.09308972799994], [31.436368746000085, -17.09307472699993], [31.437419716000193, -17.092589687999862], [31.437630710000064, -17.09251968299992], [31.437769705999983, -17.092517681999936], [31.437840704, -17.092448676999936], [31.437981700000137, -17.09244667699994], [31.438544684000192, -17.092441675999964], [31.438614683000026, -17.092441675999964], [31.438685681000038, -17.09243967599997], [31.43889967500013, -17.092641691999972], [31.439042671000095, -17.092774701999872], [31.439183667, -17.092908712999872], [31.439255665000132, -17.093043722999937], [31.439255665000132, -17.093110728999875], [31.439257665000127, -17.093179733999932], [31.439400661000036, -17.093381749999935], [31.439473659000043, -17.093583765999938], [31.439616655000123, -17.09378378199989], [31.439759651000088, -17.093985796999903], [31.439972645000125, -17.09418681299985], [31.440045643000133, -17.094321823999906], [31.44018863900004, -17.09452383999991], [31.440615627, -17.095059881999873], [31.440758623000136, -17.095195892999925], [31.440758623000136, -17.095262897999874], [31.440829621000148, -17.095262897999874], [31.44182859400013, -17.096469992999914], [31.441830594000123, -17.09653899799997], [31.441901592000136, -17.096536997999976], [31.441901592000136, -17.096605003999912], [31.441971590000037, -17.09660500299998], [31.442254582000032, -17.096737013999928], [31.44246757600007, -17.096870023999884], [31.44261057200015, -17.097004034999884], [31.442679570000166, -17.097004034999884], [31.44268157000016, -17.097071039999946], [31.443173556000033, -17.097065038999972], [31.443314552000118, -17.096996033999915], [31.4435265460001, -17.096994033999863], [31.443734540000094, -17.09685702299987], [31.443944535000128, -17.09671801199994], [31.444224527000188, -17.09658000099995], [31.444293525000035, -17.0964429899999], [31.444363523000163, -17.096373983999968], [31.444434521000176, -17.096305978999965], [31.444502519000082, -17.09616996799997], [31.444571517000156, -17.096034957999905], [31.444640515000174, -17.095897946999855], [31.44470851300008, -17.095761935999974], [31.44470851300008, -17.095693930999914], [31.444777511000098, -17.09562492499998], [31.444846509000172, -17.09548891399993], [31.444914507000078, -17.09535190299988], [31.44498550500009, -17.095282897999937], [31.445124501000066, -17.095214892999934], [31.44519549900008, -17.095145886999887], [31.44526549699998, -17.095145886999887], [31.445334495, -17.095076881999944], [31.44540549300001, -17.095076881999944], [31.445828481000035, -17.095071880999967], [31.44604047500019, -17.09513688599992], [31.44611047300009, -17.09513688599992], [31.446181471000102, -17.09520289099987], [31.446322467000073, -17.09520089099982], [31.446606459000122, -17.095334901999877], [31.447594432000074, -17.09552791599998], [31.452101304999985, -17.095477910999932], [31.452172303, -17.095475910999937], [31.452382297000156, -17.095473909999953], [31.452593291000028, -17.095471909999958], [31.452876283000023, -17.095468909999965], [31.45308527700007, -17.09539990399992], [31.453297271, -17.095395903999872], [31.453721259000076, -17.095391902999893], [31.453930254000056, -17.095321897999952], [31.45413824800005, -17.09511588099997], [31.45413524800017, -17.094777854999904], [31.45413524800017, -17.094642843999907], [31.454133248000176, -17.094573838999963], [31.454133248000176, -17.09450683299997], [31.454062250000163, -17.094439827999906], [31.454058250000173, -17.09423581199991], [31.454058250000173, -17.094169806999957], [31.45405625000018, -17.09396579099996], [31.454054249000137, -17.093762774999846], [31.454052250000018, -17.093694768999967], [31.454123247000155, -17.093625763999967], [31.45426424400017, -17.09362376399997], [31.454403240000147, -17.09362376399997], [31.454615234000073, -17.09355375799987], [31.454756230000044, -17.093551757999876], [31.45517821800013, -17.093547756999897], [31.455601206000154, -17.09361076199997], [31.45595419600005, -17.09360676199998], [31.458430127000156, -17.094527833999905], [31.45856912300013, -17.09452583299992], [31.45856912300013, -17.094457827999975], [31.458710119000045, -17.09445582799998], [31.45892211300003, -17.094453826999825], [31.45913210700013, -17.094382821999886], [31.4592731030001, -17.094382821999886], [31.459412099000076, -17.094312815999956], [31.459551095000165, -17.094176804999904], [31.45969309100019, -17.094106799999963], [31.45983408700016, -17.09410479999997], [31.459902085000067, -17.09403579399998], [31.45997108300014, -17.09390078299998], [31.460112079000055, -17.09383177799998], [31.460181077000072, -17.093694766999818], [31.460320073000048, -17.09355675599994], [31.460459068999967, -17.093421744999944], [31.4605990660001, -17.093284734999884], [31.46074006200007, -17.0932827339999], [31.460808059999977, -17.09314672399995], [31.461089052000148, -17.093007712999963], [31.461299046000136, -17.09293670699998], [31.46144004200005, -17.09286870099993], [31.461859030000085, -17.09272768999989], [31.462071024000068, -17.09272568999984], [31.462283018000164, -17.092790694999962], [31.462424014000135, -17.092790694999962], [31.462494012000036, -17.09272168899986], [31.462634008000066, -17.09265068399992], [31.462704006000024, -17.09265068399992], [31.462775004000036, -17.092582677999815], [31.462984998000024, -17.092511672999876], [31.463195992000067, -17.092509671999892], [31.46347698400001, -17.092505671999902], [31.463829974000078, -17.092502671999966], [31.464111967000065, -17.09256667699998], [31.464252963000035, -17.092565675999936], [31.464323961000048, -17.092633681999928], [31.46439395900012, -17.092631681999876], [31.46453495500009, -17.092698686999825], [31.46474894900018, -17.092832696999892], [31.464891945000147, -17.09296570799995], [31.46496294300016, -17.0930327129999], [31.465103939000073, -17.093099717999962], [31.465244935000044, -17.09316372299992], [31.465314933000116, -17.09316372299992], [31.465387931000123, -17.09323072899997], [31.46559792500011, -17.093228727999872], [31.465669923000178, -17.093295733999923], [31.46581091900015, -17.093362738999872], [31.466022913000074, -17.093358737999893], [31.466234907000057, -17.093425743999944], [31.46735987600016, -17.09334573699988], [31.46749887200008, -17.093207725999946], [31.46763986800005, -17.093139720999886], [31.467708866000066, -17.093001709999953], [31.467847861999985, -17.092933703999904], [31.46791686000006, -17.092729687999963], [31.46805585600015, -17.09252367199997], [31.468193852000013, -17.092318655999975], [31.46833284800016, -17.092181644999926], [31.46833284800016, -17.092114638999817], [31.468400846000122, -17.09204663399987], [31.468400846000122, -17.091977628999928], [31.468471844000135, -17.091977628999928], [31.468471844000135, -17.091908622999824], [31.468542842000147, -17.091908622999824], [31.468681838000066, -17.09184061799988], [31.46875083600014, -17.09170260699983], [31.46882083400004, -17.09170260699983], [31.468959830000188, -17.091634600999953], [31.4691008260001, -17.091563595999958], [31.469804806000127, -17.09155659499993], [31.470228794000036, -17.09155259399995], [31.470228794000036, -17.09161859999989], [31.470512787000132, -17.091819614999906], [31.47072678100011, -17.092019630999857], [31.470937775000152, -17.092153641999914], [31.47101077300016, -17.09228865199998], [31.47108077100006, -17.092355656999928], [31.471082771000056, -17.092421662999982], [31.471155769000063, -17.092557672999874], [31.47122776700013, -17.092759688999877], [31.472166741000024, -17.0948508539999], [31.47237973500006, -17.09505086999991], [31.472522731000026, -17.095183879999922], [31.472806724000122, -17.095384895999928], [31.473018718000105, -17.09551790599994], [31.47323071200003, -17.095582910999894], [31.473583702000155, -17.095578910999905], [31.47372469800007, -17.095645915999967], [31.474006690000124, -17.095641915999977], [31.474147686000094, -17.095708920999925], [31.474218684000107, -17.095708920999925], [31.47428868200018, -17.095775925999874], [31.474432678000028, -17.095839930999944], [31.474502676000156, -17.09590693699988], [31.47464367200007, -17.095973941999944], [31.474714670000083, -17.09604094699995], [31.47478466800004, -17.09604094699995], [31.475210656000115, -17.096169956999972], [31.475280654000187, -17.09623696199992], [31.47535165200003, -17.09623696199992], [31.475490648000175, -17.096167956999977], [31.475629645000026, -17.096030945999928], [31.47562964400015, -17.095962940999982], [31.475698642000168, -17.09582692999993], [31.475696642000173, -17.095691918999933], [31.475694642000178, -17.095487902999935], [31.475763640000025, -17.09528288699994], [31.47590263600017, -17.09507887099994], [31.475971635000064, -17.095010864999892], [31.476041633000193, -17.09494185999995], [31.476112631000035, -17.09494185999995], [31.47611063100004, -17.09487285399996], [31.476181629000052, -17.09487285399996], [31.47625162700018, -17.0948048489999], [31.476532619000125, -17.094800848999853], [31.476888609000127, -17.095136874999923], [31.47710260300005, -17.095336890999874], [31.47710260300005, -17.095405895999818], [31.477172601000177, -17.095403895999937], [31.477174601000172, -17.095538906999877], [31.47731759700008, -17.095673916999942], [31.477319597000076, -17.095876932999886], [31.477392595000083, -17.09601194399994], [31.47746459300015, -17.096213959999886], [31.477537591000157, -17.09641597599989], [31.478742558000135, -17.09714903299988], [31.478797378000024, -17.095882046999975], [31.481539565000162, -17.09590261799997], [31.48934099900015, -17.092004549999956], [31.501265814000135, -17.08681788499996], [31.504471922, -17.085962362999965], [31.505399959000158, -17.08421079999988], [31.505417473000193, -17.082012918999965], [31.507241986000054, -17.082465962999947], [31.509070003000033, -17.08247941499991], [31.51045148900016, -17.081170760999896], [31.512286468000184, -17.08030502699995], [31.514124914000035, -17.07899969699986], [31.515966811000112, -17.07725476899998], [31.517794784000102, -17.07726813799985], [31.51916576500014, -17.07727815399994], [31.519629696000038, -17.076402331999873], [31.51781214500005, -17.07507024299997], [31.514908531000117, -17.068034720999947], [31.515162524000118, -17.06827273999994], [31.515418517000057, -17.068631767999875], [31.515669510000123, -17.06886978699987], [31.515799506000064, -17.069108805999917], [31.515925503000062, -17.069228814999917], [31.516179496000063, -17.069466833999968], [31.516180496000118, -17.069587842999965], [31.51630649200007, -17.06970585299996], [31.51643448900012, -17.06994587199989], [31.51668648200007, -17.070063880999896], [31.516688482000063, -17.07018488999995], [31.51681647800018, -17.07030489999994], [31.51694347500012, -17.070542918999934], [31.517067471000075, -17.07054091799995], [31.51706947100007, -17.070662927999933], [31.517197468000063, -17.07090194699998], [31.51732546400018, -17.071021955999868], [31.517455461, -17.071381984999903], [31.51757945700018, -17.071380983999973], [31.519724397000175, -17.072561076999932], [31.519724397000175, -17.072683086999973], [31.519850394, -17.072681085999932], [31.51997839000012, -17.07280009599998], [31.52010238700018, -17.07280009599998], [31.520230383000126, -17.072918104999815], [31.520356380000123, -17.07303811399987], [31.52060737300002, -17.07315412299988], [31.520735369000136, -17.073275132999868], [31.52086136600019, -17.07339314199993], [31.520989362000137, -17.07351315199992], [31.52124335500008, -17.07375116999998], [31.521494348000147, -17.07399018899997], [31.52162434500019, -17.074228207999965], [31.523306389000084, -17.073791504999974], [31.524237644000095, -17.071600254999908], [31.524691170000153, -17.072043159999964], [31.52605866500005, -17.07249270699998], [31.52741927000011, -17.07382140699997], [31.528783339000086, -17.07471051899995], [31.53015430900018, -17.07472045899982], [31.530611299000157, -17.074723769999935], [31.531982270000185, -17.074733697999932], [31.531085492000045, -17.072529171999975], [31.534737942000106, -17.072995195999965], [31.536108903000127, -17.073005094999928], [31.53608489900006, -17.076082173999964], [31.53718990800013, -17.07610134999993], [31.53719390800012, -17.076464378999958], [31.537200298000073, -17.076529828999867], [31.53861687400007, -17.091039529999932], [31.538618874000065, -17.091279547999818], [31.538621874000114, -17.091521567999962], [31.53862387400011, -17.09176258699989], [31.5386278740001, -17.092004605999932], [31.538751870000056, -17.092002605999937], [31.539340861000028, -17.110923098999933], [31.53935286100011, -17.111278126999935], [31.539219538000168, -17.11288436899997], [31.539213432000054, -17.1129579279999], [31.533629048000194, -17.180199565999942], [31.53375704400014, -17.18031957599993], [31.53397604000014, -17.186590069999966], [31.534502031000045, -17.201523246999898], [31.53584899700013, -17.209467872999937], [31.535026442000174, -17.2111390149999], [31.496005626999988, -17.205427442999905], [31.495367848000114, -17.20537252899993]]]]}}, {"type": "Feature", "properties": {"GID_3": "ZWE.4.10.8_2", "GID_0": "ZWE", "COUNTRY": "Zimbabwe", "GID_1": "ZWE.4_1", "NAME_1": "Mashonaland Central", "NL_NAME_1": "NA", "GID_2": "ZWE.4.10_2", "NAME_2": "Shamva", "NL_NAME_2": "NA", "NAME_3": "Ward 16", "VARNAME_3": "NA", "NL_NAME_3": "NA", "TYPE_3": "Ward", "ENGTYPE_3": "Ward", "CC_3": "NA", "HASC_3": "NA", "id": "ZWE.4.10.8_2", "name": "Ward 16"}, "geometry": {"type": "MultiPolygon", "coordinates": [[[[31.642699886000173, -16.912064342999884], [31.642929880000167, -16.911831323999877], [31.64304487600009, -16.91171531499998], [31.643042876000095, -16.911602305999963], [31.643156873, -16.911486296999954], [31.643391867000105, -16.91136828799995], [31.643387867000115, -16.911253278999936], [31.64350386300015, -16.911137268999937], [31.643622860000107, -16.911135268999942], [31.64373685700008, -16.911019259999932], [31.64385485300005, -16.911017259999937], [31.643973850000066, -16.911015258999953], [31.644325840000192, -16.911007258999916], [31.644562834000112, -16.911001257999942], [31.64468283000008, -16.911112266999965], [31.64491982400017, -16.911108266999918], [31.645159817000035, -16.911330283999973], [31.6452818140001, -16.911555301999954], [31.64552380700013, -16.911776318999955], [31.64576480000005, -16.91199933699994], [31.645766800000047, -16.912112345999958], [31.64588479700012, -16.912110345999963], [31.646240787000124, -16.912216353999952], [31.646944767000093, -16.91208734299994], [31.647652747000052, -16.91207334199993], [31.647770744000127, -16.912070341999936], [31.64812173400003, -16.91194933199995], [31.648474724000096, -16.91194233099992], [31.648829713999987, -16.911934330999884], [31.649065707999966, -16.91192832999991], [31.65174963200019, -16.910624225999925], [31.651863629000104, -16.910507216999918], [31.651982625000187, -16.91050621599993], [31.6520966220001, -16.910389206999923], [31.652212619000068, -16.910273197999913], [31.65232761500016, -16.910156188999906], [31.652445612000065, -16.91015518899991], [31.652678605000062, -16.91003617899986], [31.652796602000137, -16.91003417899998], [31.65291459900004, -16.910031178999873], [31.653033596, -16.91002917799989], [31.65326758900011, -16.9100251779999], [31.653385586000184, -16.910021177999965], [31.65362257900017, -16.910017176999872], [31.653860572000042, -16.910126185999843], [31.65398056900011, -16.91023719499998], [31.654219562000094, -16.91034520299985], [31.654459556000063, -16.910567220999894], [31.654698549000045, -16.910675228999878], [31.65470054900004, -16.910788237999896], [31.654818546000115, -16.9107862379999], [31.65493854200008, -16.910897245999934], [31.655056539000157, -16.910895245999882], [31.655173536000177, -16.910778236999874], [31.65529153200015, -16.91077623699988], [31.65540752900006, -16.910774236999885], [31.655405529000063, -16.91066022799987], [31.65552052600009, -16.91054421799987], [31.655518526000094, -16.910431208999967], [31.655634523, -16.910315199999957], [31.655749519000096, -16.91019819099995], [31.65574751900016, -16.91008618199993], [31.655859516000078, -16.909855163999964], [31.655854516000034, -16.909628145999932], [31.655850516000044, -16.909401127999956], [31.655846516000054, -16.909289118999936], [31.65584451600006, -16.909174109999924], [31.655842516000064, -16.909062100999904], [31.65583851600013, -16.90894709199989], [31.65583451600014, -16.908720073999916], [31.65583151600009, -16.908608064999896], [31.65606751000007, -16.908602063999922], [31.656185507000146, -16.90860006399987], [31.656426500000066, -16.90882108199986], [31.656908487000067, -16.909266116999902], [31.657383473000152, -16.909483133999913], [31.659289420000164, -16.91023919299994], [31.659407417000068, -16.91023519299989], [31.6595234130001, -16.910233191999907], [31.659640410000065, -16.9101161829999], [31.659874404000107, -16.910113182999908], [31.65999240000008, -16.91010918199993], [31.6601093970001, -16.909994172999916], [31.660227394000174, -16.909991172999867], [31.66034339000015, -16.90998917299987], [31.660462387000166, -16.909987172999877], [31.66058038400007, -16.909983171999897], [31.660698380000042, -16.909981171999902], [31.660816377000117, -16.90997917199985], [31.660933374000138, -16.90997517099987], [31.660931374000143, -16.90986316299984], [31.661049371000047, -16.909861161999856], [31.66116436700014, -16.909745152999847], [31.66128036400005, -16.909628143999953], [31.661278364000054, -16.909514134999938], [31.66127436400012, -16.909401125999977], [31.661272364000126, -16.909287116999963], [31.66127036400013, -16.909174107999945], [31.661267364000082, -16.90906009899993], [31.661263364000092, -16.908833080999955], [31.661257364000107, -16.908606062999922], [31.661255364000112, -16.908493053999962], [31.66113336800015, -16.908383044999937], [31.661129368, -16.908156026999904], [31.661125368000057, -16.908041017999892], [31.661124368000117, -16.90792900899993], [31.66112236800012, -16.907814], [31.66111836800019, -16.907701990999897], [31.661236365000093, -16.907697990999907], [31.661234365000098, -16.90758498199989], [31.66135236100007, -16.907582981999894], [31.66146935800009, -16.907579981999845], [31.661587355000165, -16.90757798099986], [31.661705351000137, -16.90757598099998], [31.661946345, -16.90779699899997], [31.66206834100018, -16.90790800699989], [31.662190338000016, -16.908133024999927], [31.66219233800001, -16.90824503399989], [31.66231233500008, -16.908358042999907], [31.662318334000133, -16.90858506099994], [31.662327334000167, -16.909039096999948], [31.662333334000152, -16.90926611499998], [31.662335334000147, -16.909378123999943], [31.66234033400019, -16.909605141999975], [31.66246433100008, -16.909830158999966], [31.662588327000037, -16.910168185999964], [31.662949317000027, -16.910387202999857], [31.663189311000167, -16.9106102209999], [31.663307307000025, -16.910607220999964], [31.66342830400015, -16.91071922999987], [31.666146228000173, -16.91100125099996], [31.66638222100005, -16.910998250999967], [31.66661921500014, -16.910992249999936], [31.666971205000095, -16.910984248999966], [31.667208198000083, -16.91097924899998], [31.66756118800015, -16.910971247999953], [31.66779418200008, -16.910853238999948], [31.66791217800005, -16.910851238999953], [31.668030175000126, -16.91084923799997], [31.66826316800018, -16.910731228999964], [31.66849916200016, -16.910725227999933], [31.668736155000147, -16.910719227999948], [31.668968149000136, -16.910601217999954], [31.66908714500005, -16.910599217999902], [31.66908314500006, -16.91048620899994], [31.669201142000134, -16.910483208999892], [31.669317139000043, -16.910366199999885], [31.669314139000164, -16.910254190999865], [31.66943013499997, -16.91013718199997], [31.66954313200017, -16.909909162999895], [31.669541132, -16.909794153999883], [31.669653129000153, -16.90956513599997], [31.669647129000168, -16.909338117999937], [31.669646129000114, -16.90922410899998], [31.66964012900013, -16.908997090999947], [31.669638129000134, -16.90888408199993], [31.66963212899998, -16.908657063999954], [31.66962612900005, -16.90843004599992], [31.66962512900011, -16.908316036999906], [31.669619129000182, -16.90808901899993], [31.669611130000135, -16.90774899199988], [31.669607130000145, -16.907521973999906], [31.669604130000096, -16.90740796499989], [31.6696021300001, -16.907294955999873], [31.669600130000106, -16.907180946999972], [31.669714126000144, -16.907064937999962], [31.66983212300005, -16.907062937999967], [31.669947120000018, -16.90694592899996], [31.67018311300012, -16.906942927999978], [31.67030211000008, -16.90693892799993], [31.670536103000188, -16.90693492799994], [31.670658100000082, -16.907045935999975], [31.670775097000046, -16.90704393599998], [31.671013090000145, -16.907151944999953], [31.671137086999977, -16.907375961999946], [31.67125708300017, -16.90748597099997], [31.67137608000013, -16.907483970999976], [31.671498077000024, -16.907708988999957], [31.671618073, -16.907819996999876], [31.67186206700012, -16.90815602399988], [31.672102060000157, -16.90837704099988], [31.672344053000018, -16.90860005899998], [31.672585047000098, -16.908821075999924], [31.67294303700004, -16.90904109399986], [31.67761090500005, -16.90678391299997], [31.677724902000193, -16.906669903999955], [31.677842898000165, -16.906665903999965], [31.67807789200009, -16.90654789399997], [31.67819188800007, -16.906430884999963], [31.67854287800003, -16.906310875999907], [31.67901286500006, -16.906186865999928], [31.67936285500008, -16.90606685599988], [31.67971784500014, -16.90605985499991], [31.680068836000146, -16.90593684499987], [31.680301829000143, -16.90581883599998], [31.68053782200002, -16.905814835999877], [31.68065481900004, -16.905811834999895], [31.680890812000143, -16.905807834999962], [31.681009809000102, -16.905803834999972], [31.681123806000016, -16.90568882499997], [31.68124180300009, -16.905685824999978], [31.68135979900012, -16.905683824999812], [31.68159879300015, -16.905791832999967], [31.68183378600014, -16.90578683299998], [31.682069779000074, -16.905782832999932], [31.68207177900007, -16.905894840999963], [31.682309773000043, -16.90600384999982], [31.682430769000064, -16.906114858999956], [31.68255276600013, -16.906224866999878], [31.682672763000028, -16.90633787599984], [31.682792759, -16.906448884999975], [31.68279475900016, -16.90656089399988], [31.68279875900015, -16.906675902999893], [31.682800759000145, -16.906787911999857], [31.682920756000044, -16.90689892099988], [31.68292275600004, -16.907012929999894], [31.68292575600009, -16.907127938999906], [31.682927756000083, -16.90723994799987], [31.682929756000078, -16.907354956999882], [31.682933756000068, -16.9074669659999], [31.682817759000102, -16.90758297499991], [31.682821759000092, -16.90769598399993], [31.682822759000032, -16.907809992999944], [31.682704762000128, -16.90781199299994], [31.68270876200006, -16.90792700199995], [31.682594765000147, -16.90815601999998], [31.682597765000025, -16.908270028999937], [31.68248576900004, -16.908499047999953], [31.682367772000134, -16.90850104799995], [31.682250775000114, -16.908617056999958], [31.682254775000104, -16.908730065999976], [31.68213677800003, -16.908734065999965], [31.682138777999967, -16.90884607499987], [31.68201978200011, -16.90885007499986], [31.68190578499997, -16.90896408499998], [31.68178978800006, -16.909081093999873], [31.681792788000166, -16.909195102999888], [31.681674792000138, -16.909197102999883], [31.681676792000133, -16.909312111999895], [31.681560795000053, -16.909313111999893], [31.681562795000048, -16.90942612099991], [31.681564795000043, -16.909540129999925], [31.681567795000092, -16.909653138999943], [31.681569795000087, -16.909767147999958], [31.68157179500008, -16.909880156999918], [31.681689791000053, -16.909878156999923], [31.68169579100004, -16.910105174999956], [31.681815788000108, -16.91021618399992], [31.68193678500006, -16.91032819299994], [31.682174778000103, -16.910435200999927], [31.682414771000026, -16.91065821799998], [31.682534768000096, -16.910769226999946], [31.682771761000026, -16.91076322699996], [31.682891758000096, -16.91087623599998], [31.683250748000148, -16.911095252999928], [31.68348874100002, -16.911204260999966], [31.68360873800009, -16.911314269999934], [31.686082669000086, -16.911148255999933], [31.686198665000063, -16.911032246999923], [31.68631366200009, -16.910916237999913], [31.686429659, -16.910799227999917], [31.686895646000096, -16.910563209999964], [31.68712763900004, -16.910444199999972], [31.68724463600006, -16.910328190999962], [31.68747462900012, -16.910095171999956], [31.687589626000147, -16.90998116299994], [31.687705623000056, -16.90986515399993], [31.687818618999984, -16.909634135999966], [31.68805061300003, -16.90951612599997], [31.68804961300009, -16.909403116999954], [31.68816361000006, -16.909287107999944], [31.688161610000066, -16.909174098999927], [31.688274606000164, -16.908943080999904], [31.688388603000078, -16.908827071999895], [31.688503600000104, -16.908598052999878], [31.688499600000114, -16.90848604499996], [31.688615597000023, -16.90836903499985], [31.688728593000178, -16.908139016999826], [31.688842590000093, -16.908024007999813], [31.688958587000172, -16.907907998999974], [31.689077583000085, -16.907903997999938], [31.689073583000095, -16.907790988999977], [31.68918958, -16.907674979999967], [31.6894245740001, -16.907668979999926], [31.689422574000105, -16.907556970999963], [31.689540570000133, -16.90755496999998], [31.689655567000102, -16.90743896099997], [31.689773564, -16.907436960999917], [31.68988956000004, -16.90731995199991], [31.690004557000066, -16.9072039429999], [31.690236551000055, -16.907085932999905], [31.690471544000047, -16.906966923999903], [31.690705537000156, -16.90696192299987], [31.690936531000034, -16.906728904999966], [31.691053528000054, -16.90661489599995], [31.691167524000093, -16.90649788599984], [31.691283521000173, -16.906381876999944], [31.69151651400017, -16.90626386799994], [31.691747508000105, -16.906030848999933], [31.691743508000116, -16.905917839999972], [31.691978501000108, -16.905797830999916], [31.69197250100018, -16.90557081299994], [31.692203495000058, -16.90533979399993], [31.69231749200003, -16.90522378499992], [31.69231349200004, -16.904996766999886], [31.692428488000132, -16.904880757999877], [31.692420487999982, -16.904540730999884], [31.692413489000046, -16.90419970399995], [31.69240748900006, -16.903972685999975], [31.692403489000128, -16.903745667999942], [31.692397489000143, -16.903518649999967], [31.69215149500002, -16.903070614999933], [31.692029499000057, -16.902845596999896], [31.691907502, -16.90273458799993], [31.691667509000126, -16.902511569999945], [31.691428515999974, -16.902402561999907], [31.69131051900007, -16.902406561999896], [31.691070525000157, -16.9021835449999], [31.690948528999968, -16.901960526999915], [31.69082953200018, -16.90196252699991], [31.69059153900014, -16.90185351899987], [31.69047154200007, -16.901742509999906], [31.69022954899998, -16.901521491999915], [31.690108552000027, -16.90140848399983], [31.689870559000155, -16.90130047499997], [31.68963056600012, -16.901078457999972], [31.689511569000103, -16.901080457999967], [31.68951056900005, -16.900968448999834], [31.68950656900006, -16.90085343999982], [31.689384572000165, -16.90063042199995], [31.689262576000033, -16.90040540399997], [31.689244576000135, -16.89972434999993], [31.689243576000024, -16.89961034099997], [31.689237576000096, -16.899383322999938], [31.6892355760001, -16.89927031499991], [31.689233576000106, -16.899156305999895], [31.689229576000116, -16.899043296999878], [31.68922757600012, -16.898929287999977], [31.689225576000183, -16.898816278999846], [31.689340573000152, -16.898700268999903], [31.68945657000006, -16.898584259999893], [31.68957356599998, -16.89858225999984], [31.689691563000054, -16.89858025999996], [31.690166550000015, -16.898683267999957], [31.69064353600004, -16.898900284999968], [31.691240520000065, -16.89922831099983], [31.691716506000034, -16.89944432799996], [31.69219349300016, -16.89966134499997], [31.695852390000084, -16.899810354999943], [31.695850391000192, -16.899697345999982], [31.696311377000143, -16.89923430899995], [31.696544371000073, -16.899114299999894], [31.696542371000078, -16.899001290999877], [31.696656368, -16.898885281999867], [31.696775364000075, -16.898883280999883], [31.69700735800012, -16.898765271999878], [31.697126353999977, -16.898761271999888], [31.697242351000114, -16.898647262999873], [31.697477344000106, -16.898641261999842], [31.69759534100018, -16.89863926199996], [31.69783133500016, -16.898633260999873], [31.69807232800008, -16.898854278999977], [31.698430318000078, -16.89907429599998], [31.698671311, -16.899297313999853], [31.698909304999972, -16.89940632199989], [31.69902730100017, -16.8994023219999], [31.69914729800007, -16.899514330999978], [31.699502288000133, -16.899507329999892], [31.6999752750001, -16.89961033799989], [31.70009327100007, -16.899608337999894], [31.700212268000087, -16.899604336999857], [31.70033026500016, -16.899602336999976], [31.700565258000154, -16.899596336999878], [31.700799252000138, -16.899478326999883], [31.70103424500013, -16.89947432699995], [31.70115024200004, -16.89935831799994], [31.701385235000032, -16.899352316999966], [31.701501232000112, -16.899236307999956], [31.701736225000104, -16.899232306999977], [31.701854222, -16.89922830699993], [31.702087215, -16.899110297999925], [31.702441205000184, -16.899102296999956], [31.702560201999972, -16.89910029699996], [31.70267619900011, -16.899099296999964], [31.702913192000096, -16.899093295999933], [31.7029111920001, -16.89897828699992], [31.703029189000176, -16.898977286999923], [31.703145186000086, -16.898975286999928], [31.70314318600009, -16.898860277999916], [31.70325618200019, -16.8986312589999], [31.70348917600012, -16.898513249999894], [31.703601173000038, -16.89828423199998], [31.7035991730001, -16.898170222999966], [31.703712169000028, -16.897941204999825], [31.703704169000048, -16.89759917699996], [31.703700169000058, -16.897372159999975], [31.703691170000127, -16.897033132999923], [31.703569173000062, -16.896808114999942], [31.703563173000134, -16.89658109699991], [31.70343717600008, -16.89624306999991], [31.703313180000123, -16.895904042999916], [31.703189183000063, -16.895681025999977], [31.703069187000096, -16.895570016999898], [31.702829193000127, -16.895346998999855], [31.70270519700017, -16.895123981999973], [31.702464203000147, -16.894900963999874], [31.702462203000152, -16.89478795499997], [31.70234020700019, -16.894674945999952], [31.702338207000025, -16.89456293699982], [31.702218210000126, -16.894451928999956], [31.70221321000008, -16.89422491099998], [31.702207210000097, -16.89399789299995], [31.702203210000107, -16.893770874999916], [31.702192210000078, -16.893316838999908], [31.70230620700005, -16.893086820999883], [31.70253520100016, -16.892855801999872], [31.70264919699997, -16.892624783999963], [31.70287819100008, -16.89239376599994], [31.703227181000045, -16.892159746999937], [31.703695168000138, -16.891920727999945], [31.70404215800005, -16.89168670899994], [31.704391148000127, -16.89145168999994], [31.704622141000186, -16.891220671999918], [31.704734138000106, -16.89098965399984], [31.704850135000186, -16.89087564499988], [31.704963132000046, -16.890644625999983], [31.705077128000084, -16.890530616999968], [31.70507412800015, -16.89030159899994], [31.70518812500012, -16.890186589999928], [31.705301122000094, -16.88995657199996], [31.705295122000166, -16.889729553999928], [31.70529312200017, -16.88961654499991], [31.705287122000186, -16.889389526999935], [31.705404119000036, -16.889273517999925], [31.70539811900005, -16.889046499999893], [31.705396119000056, -16.88893148999989], [31.70539011900013, -16.888704471999915], [31.70550311600016, -16.888476453999886], [31.705501116000164, -16.88836344499998], [31.70561511300008, -16.888247435999972], [31.705728109000177, -16.88801641799995], [31.705844106000086, -16.887901408999937], [31.70595910300011, -16.887785399999927], [31.70618909600006, -16.88755238099992], [31.706306093000023, -16.88743637199991], [31.706538086000137, -16.887318361999917], [31.706653083000162, -16.88720135299991], [31.707120070000144, -16.88696533399991], [31.70723806700005, -16.886963333999915], [31.70735706300013, -16.886959333999982], [31.707591057000116, -16.88695533299989], [31.707828050000103, -16.886950332999845], [31.70818104, -16.886942331999876], [31.70889402000006, -16.887154348999957], [31.709129014000098, -16.887150347999977], [31.709247010000126, -16.887146347999874], [31.7094850040001, -16.887255355999855], [31.709841994000158, -16.88736236499983], [31.710432977000096, -16.887463372999946], [31.71073496800011, -16.886662308999973], [31.710968962000095, -16.886656307999942], [31.711205955000082, -16.886650307999957], [31.71144194900006, -16.88664630799991], [31.711676942000054, -16.886641306999934], [31.711912935000157, -16.886635306999892], [31.71215392900018, -16.886858323999945], [31.71239192200011, -16.886967332999916], [31.71274891200011, -16.887072340999964], [31.71298890500003, -16.88729535799996], [31.71334589500003, -16.88740036699994], [31.71370388500003, -16.887619383999947], [31.714062875000025, -16.88783940099995], [31.714420865000193, -16.888058417999957], [31.71466385900004, -16.888281435999943], [31.714899852000087, -16.88839044499997], [31.715021849000152, -16.88850045299995], [31.715260842000134, -16.888609461999977], [31.715376839000044, -16.88860546099994], [31.715494835000072, -16.888603460999946], [31.715498835, -16.888716469999963], [31.7157338290001, -16.888712469999973], [31.715851825000072, -16.888710469999978], [31.715853825000067, -16.88882347899994], [31.715971821999972, -16.888821477999954], [31.716089819000047, -16.888817477999964], [31.716204816000072, -16.88870346899995], [31.716316812000116, -16.888472450999927], [31.716669802000183, -16.888352440999938], [31.717020793000188, -16.888230430999954], [31.71725178600019, -16.887999412999932], [31.717484779000188, -16.887879402999886], [31.71747877900009, -16.88765238499991], [31.71770377300004, -16.88719434899997], [31.717701773000044, -16.887079339999957], [31.71781677000007, -16.886963330999947], [31.717814770000075, -16.886851321999927], [31.71792876700016, -16.88673431199993], [31.717926767000165, -16.886622303999957], [31.71815776, -16.88638928499995], [31.718388753000056, -16.886156265999944], [31.718500750000146, -16.885927247999916], [31.718733744000076, -16.88580923899991], [31.718849740000053, -16.8856932299999], [31.719082734000153, -16.88557421999991], [31.71931972700014, -16.88556921999998], [31.72332661500002, -16.88548321199994], [31.723562608000123, -16.88547921099996], [31.723797601000115, -16.88547321099992], [31.72391559800019, -16.885471209999935], [31.724034594999978, -16.885468209999942], [31.72426658800009, -16.885349200999883], [31.72450358200018, -16.885344199999906], [31.724617578000164, -16.885229190999894], [31.7248485720001, -16.884997172999874], [31.725081565000096, -16.884878162999883], [31.725197562, -16.884762153999873], [31.72543055500006, -16.88464414399988], [31.725544552000144, -16.88452713499987], [31.72578154500013, -16.88452213499994], [31.725895542000046, -16.884407125999928], [31.72613053600014, -16.88428711599994], [31.726244532000123, -16.88417310699998], [31.726481526000043, -16.88416710599995], [31.726595522000082, -16.88405109699994], [31.726713519000157, -16.884049096999945], [31.726828516000126, -16.883932087999938], [31.72694651300003, -16.883930086999953], [31.72706450900006, -16.88392708699996], [31.727179506000084, -16.883810077999897], [31.72729750300016, -16.883808077999902], [31.72741549900013, -16.883806076999917], [31.727413499000136, -16.883692067999903], [31.72753249600015, -16.883690067999908], [31.727766489000032, -16.883684067999866], [31.728121480000027, -16.883677066999894], [31.7284724700001, -16.883557056999905], [31.72870746300009, -16.883551056999977], [31.728825460000166, -16.883549056999982], [31.72882346000017, -16.88343404699998], [31.728939456000035, -16.883433046999983], [31.729174450000073, -16.88331403799998], [31.729288447000044, -16.88319802899997], [31.72928644700005, -16.883085019999953], [31.729401443000143, -16.882969009999954], [31.729399443000148, -16.88285500099994], [31.729511440000067, -16.88262598299997], [31.729506440000193, -16.882398964999936], [31.729502440000033, -16.88217194699996], [31.729496440000105, -16.88194492899993], [31.729492440000115, -16.881829919999916], [31.729489440000066, -16.881602901999884], [31.729485440000076, -16.88149089299992], [31.72948144100019, -16.88126387499989], [31.729475441000034, -16.881036856999856], [31.729590437000127, -16.88092084799996], [31.72958843700013, -16.880805838999947], [31.729704434000098, -16.88069182999982], [31.729818431000183, -16.880574820999982], [31.729817431000072, -16.880460811999967], [31.729933428000038, -16.880458810999983], [31.73016842100003, -16.880340801999978], [31.730282418000115, -16.88022379299997], [31.730515411000113, -16.880105782999976], [31.730633408000188, -16.88010178299993], [31.73075140399999, -16.880099782999935], [31.73098439800009, -16.87998177299994], [31.731220391000193, -16.8799757729999], [31.73145538500006, -16.879972771999917], [31.73157338100009, -16.879968771999927], [31.731692378000048, -16.879966771999932], [31.73169337800016, -16.88008078099989], [31.73206236800013, -16.880639824999946], [31.73230436100016, -16.88097585199995], [31.73254835500012, -16.881311877999963], [31.73267035100008, -16.881536895999943], [31.73267435100007, -16.881648904999963], [31.73279434800014, -16.88175991399993], [31.732914344000108, -16.881869921999964], [31.732916344000103, -16.881984930999977], [31.733154338000077, -16.882093939999834], [31.733160338, -16.88232095799998], [31.733278334000033, -16.882316957999876], [31.733397331000162, -16.882314956999892], [31.733399331000157, -16.882428965999907], [31.73363532400009, -16.882423965999976], [31.733988314000158, -16.882415964999836], [31.734343305000095, -16.88240796399998], [31.73445930100013, -16.882405963999872], [31.734577298000033, -16.882402963999823], [31.73457929800003, -16.88251697299995], [31.734697295000103, -16.882514972999957], [31.73505428500016, -16.882619980999948], [31.735293278000086, -16.882728989999976], [31.735413274999985, -16.88283899799984], [31.73553327100018, -16.882950006999977], [31.735651268000083, -16.88294800699998], [31.73601425800007, -16.883282032999887], [31.736252251000167, -16.883389041999976], [31.736372248, -16.883501049999893], [31.73649024500014, -16.883497049999846], [31.736607241, -16.883495049999965], [31.737080227999968, -16.883486048999885], [31.73719422500011, -16.883370039999818], [31.737309222000135, -16.883253029999878], [31.737423218000117, -16.883024011999964], [31.737538215000143, -16.882908002999955], [31.737652212000057, -16.882791993999945], [31.737765209000088, -16.882562975999917], [31.737991202000046, -16.882102938999935], [31.738100199000087, -16.881759911999893], [31.738213196000117, -16.88153089399998], [31.738211196000123, -16.881415884999967], [31.738323192000166, -16.881187866999937], [31.738320192000117, -16.880960848999962], [31.738316193, -16.88084583899996], [31.738548186000116, -16.880727829999955], [31.74010514300005, -16.88171790799987], [31.74022313900008, -16.881713907999938], [31.740458133000175, -16.88170990699996], [31.74080712300008, -16.881475888999944], [31.740925120000156, -16.881471887999965], [31.741039115999968, -16.881354878999957], [31.74115611300016, -16.881240869999942], [31.741152113, -16.881126860999927], [31.741268110000135, -16.88100985099993], [31.741383106000058, -16.88089384199992], [31.74138110700011, -16.880780832999903], [31.741495103000148, -16.880664823999894], [31.74148810300011, -16.880323796999903], [31.741486103000113, -16.880210787999886], [31.74148410300012, -16.88009677899987], [31.74148010300013, -16.879983769999853], [31.741476103000025, -16.879756751999878], [31.741472104000138, -16.879642742999977], [31.741470104000143, -16.87952973399996], [31.741585100000066, -16.87941372499995], [31.74158310000007, -16.879300715999932], [31.741577100000086, -16.879073697999956], [31.74157510000009, -16.87895968899994], [31.741573100000096, -16.87884667999998], [31.741686097000127, -16.878615661999902], [31.741682096999966, -16.87850365299994], [31.741680097000028, -16.878389643999924], [31.74191309100007, -16.878270633999932], [31.742029087000105, -16.878154624999922], [31.74214408400013, -16.878038615999913], [31.742262081000035, -16.87803661599986], [31.74238007800011, -16.878034614999876], [31.742497074000028, -16.878030614999886], [31.742495074000033, -16.877917605999983], [31.742613071000108, -16.877914605999877], [31.742846064000105, -16.877795595999885], [31.743082058000084, -16.877792595999836], [31.744496018, -16.877761592999946], [31.744726012000058, -16.87752857499993], [31.744843008000146, -16.87741256499993], [31.744839008000156, -16.87729955599997], [31.74495700500006, -16.877296555999976], [31.74507300200014, -16.877181546999964], [31.745189998000058, -16.877177546999917], [31.745305994999967, -16.877061536999918], [31.745423992000042, -16.877059536999923], [31.745656985000096, -16.876941527999918], [31.74577498200017, -16.876939527999923], [31.74588997899997, -16.876823517999924], [31.746125972000073, -16.876817517999882], [31.746242969000036, -16.876815517999887], [31.74647896200014, -16.876809516999913], [31.746596959000044, -16.87680751699986], [31.746715955000127, -16.87680351699987], [31.746831952000036, -16.876802515999884], [31.7469539490001, -16.87691252499991], [31.74706994600018, -16.876910524999857], [31.747188942000093, -16.876908524999976], [31.747426936000068, -16.877015532999906], [31.747430936000057, -16.877130541999918], [31.747546932000034, -16.877128541999866], [31.747666929000104, -16.87723855099989], [31.74778592600012, -16.87723554999991], [31.747905922000086, -16.877347558999872], [31.747909922000076, -16.87746056799989], [31.74802791900015, -16.877458567999895], [31.74814391600006, -16.8774565679999], [31.74814791600005, -16.877568576999863], [31.748265912000193, -16.877566576999982], [31.748382909000043, -16.877563575999886], [31.748386908999976, -16.8776775849999], [31.74850490600005, -16.877675584999906], [31.748506906000046, -16.877788593999924], [31.74862690200007, -16.877898602999892], [31.748628902, -16.878013611999904], [31.74874689900014, -16.878009610999925], [31.748864896000043, -16.87800761099993], [31.74898389200007, -16.878005610999935], [31.749568876000183, -16.877879600999904], [31.750320855000155, -16.877801593999948], [31.750442851000116, -16.877797593999958], [31.75056484800018, -16.877795593999906], [31.750808841000037, -16.87779059299993], [31.75117483100007, -16.877782592999893], [31.75153882000012, -16.87765658299986], [31.753734759000167, -16.87749256899997], [31.753730759000177, -16.877374559999964], [31.75385275500014, -16.87737255899998], [31.753974752000033, -16.877368558999933], [31.754216745000065, -16.87724654899995], [31.754212745000075, -16.877128539999944], [31.754336742000135, -16.87712653999995], [31.754453738000052, -16.8768875209999], [31.754449738000062, -16.87677151199989], [31.75444773900017, -16.876653501999897], [31.754563735000033, -16.87641448299985], [31.754562735000093, -16.876298473999952], [31.754558735000103, -16.876180464999948], [31.754552735000175, -16.875945445999946], [31.754548735000185, -16.875709426999947], [31.75453973500015, -16.87535639899994], [31.754537735000156, -16.875239389999876], [31.754535736000093, -16.87512138099987], [31.75440973900004, -16.87500737199997], [31.75440373900011, -16.87477235299997], [31.75428174300015, -16.874774352999964], [31.7541537460001, -16.874541334999947], [31.75402974900004, -16.874427325999932], [31.75378075600014, -16.874196307999966], [31.753656760000183, -16.87408229899995], [31.753652760000023, -16.87396328899996], [31.75352876300019, -16.873849279999945], [31.753406767, -16.87385128099993], [31.75340276700007, -16.87373527099993], [31.753280770000174, -16.873736270999927], [31.753032777000158, -16.873508253999887], [31.75278478399997, -16.87339524499987], [31.752782783999976, -16.873277234999875], [31.75265678800008, -16.873162225999977], [31.752410794000127, -16.873050216999843], [31.75228279800018, -16.87281719899994], [31.752158801000178, -16.87270318999998], [31.752032805000056, -16.872586180999974], [31.751905808000117, -16.87235616299995], [31.751903808000122, -16.872237152999958], [31.751775812000176, -16.87200513499988], [31.75176981200019, -16.87177011599988], [31.751641815000028, -16.871537097999976], [31.751639815000033, -16.871419087999982], [31.751638815000092, -16.871301078999977], [31.75163281600004, -16.871066059999976], [31.751628816000107, -16.870950050999966], [31.751622816000122, -16.8707130329999], [31.751615816000083, -16.870360004999895], [31.75173581200005, -16.87023999499985], [31.75173181200006, -16.870123985999953], [31.75185180900013, -16.870003975999964], [31.75184980900019, -16.86988596699996], [31.754243740999982, -16.867716793999875], [31.754483734000075, -16.867592783999953], [31.754603731000145, -16.867472774999953], [31.75472072800011, -16.867235755999957], [31.75496272100014, -16.86711174599992], [31.75508071700017, -16.86699173699992], [31.755197714000133, -16.86675371799987], [31.755317711000032, -16.86663370799988], [31.755437707, -16.866512698999827], [31.755433707000066, -16.866396688999885], [31.75543170700007, -16.866278679999937], [31.755548704000034, -16.866039660999945], [31.755668701000104, -16.865919650999956], [31.75566470100017, -16.865803641999946], [31.755784697000138, -16.86568363299989], [31.755780697000148, -16.865564622999898], [31.755900694000047, -16.865444613999898], [31.755895694000174, -16.865210594999894], [31.75588969400019, -16.864973575999954], [31.755763698000067, -16.864742557999932], [31.755759698000134, -16.864624548999927], [31.755635701000074, -16.86451053999997], [31.755632700999968, -16.864391529999978], [31.75562670100004, -16.864157511999906], [31.755504705000078, -16.8641595119999], [31.75538070800019, -16.86404450299989], [31.755252712000072, -16.863812484999983], [31.755006718000175, -16.86369947599985], [31.75475872500016, -16.86358646699989], [31.754386736000185, -16.86336044899997], [31.754140743000164, -16.863247439999952], [31.75389674900009, -16.86325344099987], [31.753772753000135, -16.86313843199997], [31.75364675600008, -16.86302242299996], [31.75352476000012, -16.86302642299995], [31.753402763000054, -16.863028422999946], [31.75340076300006, -16.862909413999944], [31.753278767000097, -16.862913413999934], [31.753152770000042, -16.862799404999976], [31.75303077400008, -16.86280140499997], [31.752908777000016, -16.862803404999966], [31.75290677700002, -16.862686395999958], [31.75056884200012, -16.861912335999932], [31.750564842000188, -16.861795325999935], [31.750440846, -16.861679316999926], [31.75043684600007, -16.861563307999916], [31.75031284900018, -16.86144629899985], [31.750310849000186, -16.861330289999955], [31.750306849000026, -16.86121227999996], [31.750301849000152, -16.86097726199995], [31.7502958500001, -16.860743242999945], [31.750293850000105, -16.860624233999943], [31.75029185000011, -16.86050622399995], [31.750287850000177, -16.86039021499994], [31.750407846000144, -16.860270205999882], [31.750524843000164, -16.86003118699989], [31.75100682900006, -16.859785166999814], [31.75112682600013, -16.859665156999938], [31.751245822000044, -16.85954514799994], [31.751243823000095, -16.859427137999944], [31.75135981900013, -16.859190119999937], [31.751357819000134, -16.859072109999943], [31.751596812000116, -16.8588310909999], [31.75159081200013, -16.858597072999828], [31.75171080900003, -16.858477062999953], [31.751828806000105, -16.858357052999963], [31.75194780200019, -16.858118033999972], [31.752065799000093, -16.857998024999915], [31.752307792000124, -16.85787601499993], [31.752545785, -16.857635995999885], [31.75266878200017, -16.857631995999895], [31.752666782000176, -16.8575149859999], [31.75278477900008, -16.857394976999842], [31.753022772000122, -16.857152957999972], [31.753142768000146, -16.857032947999926], [31.753141768000035, -16.856915938999975], [31.75325976500011, -16.85679592899993], [31.753257765000114, -16.856677919999925], [31.75337976200018, -16.85667591999993], [31.75337576200002, -16.856557909999935], [31.753495758000042, -16.85643790099988], [31.753493758000047, -16.856318890999887], [31.753612755000177, -16.856198881999887], [31.75361075500001, -16.856082872999878], [31.753606755000078, -16.855964862999883], [31.753726752000148, -16.85584485399994], [31.753724752000153, -16.85572584399995], [31.753720752000163, -16.85560983499994], [31.75383774800008, -16.855371815999945], [31.753835748000085, -16.855252806999943], [31.75383374800009, -16.855136797999876], [31.75441784100019, -16.85485756499986], [31.754711758999974, -16.854683465999926], [31.75492658500019, -16.854621735999956], [31.75510385700011, -16.854570795999848], [31.75528975900005, -16.854571923999856], [31.755675502000088, -16.85457426399995], [31.75567793099998, -16.854202774999862], [31.756063673000142, -16.854205113999967], [31.756449415000077, -16.854207452999958], [31.756451843000093, -16.85383596399987], [31.75645427100011, -16.853464474999953], [31.756456698000022, -16.85309298599998], [31.756459126000095, -16.852721496999948], [31.755571699000086, -16.853332653999814], [31.75729365000018, -16.851531510999905], [31.757411647000083, -16.851411500999916], [31.757531643000107, -16.85129149199986], [31.757653640000115, -16.851289491999978], [31.75777263700013, -16.851169481999875], [31.758136626000123, -16.851043471999958], [31.758502616000044, -16.851035470999875], [31.75862461300011, -16.851033470999823], [31.758868606000135, -16.851027469999963], [31.75911259900016, -16.851022469999975], [31.75935759200007, -16.851016468999944], [31.759479589000136, -16.85101446899995], [31.759601585000098, -16.851012468999954], [31.759849578000114, -16.851123477999977], [31.760095571000136, -16.85123548699994], [31.760219567999968, -16.851352495999947], [31.760467561000155, -16.85146250399987], [31.760717554000166, -16.85169352299988], [31.760966547000066, -16.851922540999908], [31.761090544000126, -16.852038549999918], [31.761218540000073, -16.852271567999935], [31.761342537000075, -16.852386576999947], [31.761468533000027, -16.852500585999962], [31.761596530000077, -16.85273360499997], [31.761722526000028, -16.852965622999818], [31.761848523000026, -16.85308063199983], [31.76197551900009, -16.853313650999837], [31.762221513000156, -16.853425658999868], [31.762347509000108, -16.853539667999883], [31.762471506000168, -16.85365667799988], [31.762721499000122, -16.853885695999907], [31.763089488000105, -16.853995703999942], [31.76346147800018, -16.854222721999918], [31.76383346800003, -16.85444973999995], [31.764201457000013, -16.85455874899992], [31.764327454000068, -16.85467475799993], [31.76444945000003, -16.85467175699995], [31.764571447000094, -16.854669756999954], [31.764695444000154, -16.85478376599997], [31.76493943700018, -16.854777765999927], [31.76518742999997, -16.854890774999944], [31.765559419000112, -16.855117791999874], [31.765927409000028, -16.855227800999955], [31.766053406000026, -16.855342809999968], [31.766177401999983, -16.855456818999983], [31.766299399000047, -16.855454818999874], [31.766423395, -16.855569827999886], [31.766667389000133, -16.855565827999953], [31.76691538200015, -16.855676835999873], [31.767039378000106, -16.855792844999883], [31.767287371000123, -16.8559058539999], [31.767411368000126, -16.856019862999915], [31.767533364000087, -16.856015862999868], [31.767537364000077, -16.85613387199993], [31.767659361000142, -16.856132871999932], [31.76790335400017, -16.85612687199989], [31.768027351000057, -16.856240880999906], [31.76814934700019, -16.85623887999992], [31.768272344000138, -16.85623587999993], [31.768392340000105, -16.856114870999875], [31.768510337, -16.855994860999886], [31.76862833400014, -16.85575884199983], [31.768746330000113, -16.855638832999944], [31.768867327000066, -16.855517822999957], [31.76886132700014, -16.855281803999958], [31.768977324000048, -16.855044785999894], [31.768975324000053, -16.8549267759999], [31.769094320000136, -16.8548067669999], [31.769210317000045, -16.854568747999963], [31.76920831700005, -16.854451738999956], [31.76932431400013, -16.85421371999996], [31.769563307000112, -16.85397269999993], [31.76968330300008, -16.85385269099993], [31.76979929999999, -16.85361467199988], [31.77003829300014, -16.85337465299989], [31.77015829000004, -16.853253642999846], [31.770278286, -16.85313363399996], [31.77039628300014, -16.85301362399997], [31.77051627999998, -16.85289361499997], [31.770639276000054, -16.85289161399993], [31.77087926900009, -16.85276760499994], [31.771001266000155, -16.852765603999956], [31.77124525900018, -16.852759603999914], [31.771489252000038, -16.852754602999937], [31.771854242000018, -16.8526305929999], [31.77222023200011, -16.852620591999937], [31.772464225000135, -16.85261659199989], [31.772584222000035, -16.85249658299989], [31.772706218, -16.85249258199991], [31.77282421500007, -16.85237257299997], [31.773069208000038, -16.85236657199988], [31.773189204000175, -16.852246562999937], [31.773433198000134, -16.852242561999958], [31.77343119800014, -16.852124552999953], [31.773797187000127, -16.85211755199998], [31.774163177000048, -16.852109550999955], [31.774407170000075, -16.85210355099997], [31.77465416300015, -16.85221655999993], [31.774898156000177, -16.852210558999957], [31.77502015300007, -16.852208558999962], [31.775268146000087, -16.852319567999928], [31.775390143000152, -16.852317566999943], [31.77551413900011, -16.852431575999958], [31.775758132000135, -16.852427575999968], [31.775880128999972, -16.852424575999976], [31.77612812200016, -16.85253658499994], [31.776250119000053, -16.852534583999955], [31.776496112000075, -16.852645592999977], [31.776618108000037, -16.852643592999982], [31.77686410200016, -16.852756601999943], [31.776990098000056, -16.852870610999958], [31.77711209500012, -16.852868610999963], [31.777114095000115, -16.852984619999972], [31.777236091000077, -16.852983619999975], [31.77736208800013, -16.85309762899982], [31.777484084000093, -16.853095627999892], [31.777608081000153, -16.85321063799995], [31.777612081000143, -16.8533286469999], [31.777492084000073, -16.853448655999898], [31.77737208800005, -16.853568665999887], [31.77725309100009, -16.853688675999933], [31.77701109800006, -16.853810684999928], [31.776771105000194, -16.853934694999964], [31.77652811100012, -16.854056704999948], [31.776286118000087, -16.854180714999814], [31.77617012200011, -16.85441773399998], [31.77593012800014, -16.854541743999846], [31.775809132000063, -16.854661752999903], [31.775689135000164, -16.85478176299989], [31.775693135000154, -16.8548987719999], [31.775573139000187, -16.85502078199994], [31.775577138000074, -16.85513679099995], [31.77545814200016, -16.855374809999944], [31.77546214200015, -16.855493818999946], [31.77546814200008, -16.855727837999837], [31.775474142000064, -16.855962855999906], [31.775863131000165, -16.857013938999955], [31.77598512800006, -16.857009938999965], [31.77598912800005, -16.85712794799997], [31.776113124000176, -16.857242957999972], [31.776239121, -16.857358966999982], [31.776366117000066, -16.85758998499989], [31.77674010700008, -16.857935011999928], [31.77699010000009, -16.85816602999995], [31.776992100000086, -16.85828203999995], [31.777240093000046, -16.858395047999977], [31.777488086000062, -16.858625066999934], [31.777738079000073, -16.85885408499996], [31.777866076000066, -16.85908710299998], [31.777991072000134, -16.85920111199988], [31.778115068999966, -16.859318120999887], [31.778117069000132, -16.859434130999887], [31.778243065000083, -16.859551139999894], [31.778367062000143, -16.85966514899991], [31.778371062000133, -16.859783157999914], [31.778493058000095, -16.859779157999924], [31.77849505800009, -16.859898166999926], [31.778621055000087, -16.86001217599994], [31.778623055000082, -16.860130185999935], [31.77874705100004, -16.860245194999948], [31.77875105100003, -16.860363203999952], [31.778873048000094, -16.860359203999963], [31.77899704400005, -16.86047621299997], [31.7790000440001, -16.86059222199998], [31.779122041000164, -16.86059022199987], [31.77924603700012, -16.86070423099983], [31.77936903400007, -16.86070323099983], [31.779372034000176, -16.86081923999984], [31.779496030000132, -16.86093524899991], [31.779618027000026, -16.860931248999975], [31.779744024000024, -16.861046257999874], [31.779866019999986, -16.86104425799988], [31.779990017000046, -16.861158266999894], [31.780112013000178, -16.861157265999907], [31.780234010000072, -16.861155265999912], [31.780357006000145, -16.861151265999865], [31.780601, -16.86114526499989], [31.780722996, -16.861143264999896], [31.780844993000073, -16.8611412649999], [31.78084299300008, -16.861023255999953], [31.780958989000112, -16.86078523699996], [31.78119798299997, -16.860544217999973], [31.781317979000164, -16.860424207999927], [31.781433976000073, -16.860186188999933], [31.78167396900011, -16.86006417899989], [31.781792966000125, -16.8598251599999], [31.781908962000102, -16.859589141999948], [31.782023959000128, -16.859232112999962], [31.782139956000037, -16.858995093999965], [31.78580985100018, -16.853972694999925], [31.785807851000186, -16.853856685999915], [31.78580585100002, -16.85373867699991], [31.785923848000095, -16.85361866699992], [31.785921848000157, -16.853499657999862], [31.786038844000018, -16.853263638999977], [31.786158841000088, -16.853143629999977], [31.786396834000186, -16.852902609999944], [31.786758824000117, -16.852777599999968], [31.787243810000064, -16.852530580999883], [31.787361806999968, -16.852410570999893], [31.78772779700006, -16.85240356999992], [31.787726797000175, -16.852284560999976], [31.787848793000137, -16.85228356099998], [31.78796679000004, -16.85216255099988], [31.788086786, -16.852042541999936], [31.788206783000078, -16.851922531999946], [31.7883237800001, -16.851684512999952], [31.788439776000075, -16.85144549399996], [31.788433776000147, -16.85121147599989], [31.788431776000152, -16.851092465999898], [31.78842277700005, -16.850739437999835], [31.788538773000028, -16.85050341999994], [31.788534773000038, -16.850266400999942], [31.788656770000102, -16.850265400999945], [31.788651770000058, -16.850030381999943], [31.78864777000007, -16.84991237299988], [31.78864377000008, -16.84967735399988], [31.788761766999983, -16.84955734499988], [31.78887876300007, -16.849319325999943], [31.78899875999997, -16.849198315999956], [31.78923675300007, -16.848958296999967], [31.789475746, -16.84871827799992], [31.78971774000013, -16.848594267999886], [31.789835736000157, -16.848474257999897], [31.789955733000056, -16.848353248999842], [31.790197726000088, -16.848231238999972], [31.790564716000063, -16.848224237999887], [31.79093070500005, -16.84821423699998], [31.79154068800017, -16.84820323599996], [31.791662685000063, -16.84819923599997], [31.791784681000024, -16.848197235999976], [31.792030675000092, -16.848310244999936], [31.79276965400004, -16.848529261999943], [31.793016647000172, -16.84863926999998], [31.793263640000077, -16.848752278999882], [31.793387637000137, -16.848868287999892], [31.793634630000042, -16.848979296999858], [31.793884623000054, -16.84921031499988], [31.794134616, -16.849439332999907], [31.794258612000135, -16.849555342999906], [31.794506606000084, -16.849668351999924], [31.7947545990001, -16.849896369999954], [31.794880595, -16.850011378999966], [31.794882595, -16.85012938799997], [31.795004592000055, -16.850127387999976], [31.795126588000016, -16.85012338699994], [31.79525258500007, -16.850238395999952], [31.795496578000098, -16.850234395999962], [31.795618575000162, -16.850230395999972], [31.795740571000124, -16.850228395999977], [31.79586256800019, -16.85022539499994], [31.79598456400015, -16.850223394999944], [31.79610356100011, -16.850102384999957], [31.79634555399997, -16.849980375999905], [31.79646555100004, -16.849860365999916], [31.796461551000107, -16.84974235699991], [31.796581547000073, -16.849622346999865], [31.796698544000094, -16.849383327999874], [31.796694544000104, -16.849267318999978], [31.796690544000114, -16.84903129999998], [31.796686544000124, -16.84891429099997], [31.79668154400008, -16.848678271999972], [31.79667754400009, -16.848443253999903], [31.796551547999968, -16.84832924499989], [31.796423551000146, -16.848096225999882], [31.796293555000034, -16.847745198999974], [31.79604256200014, -16.847398170999952], [31.79591656500014, -16.84728316199994], [31.79566657200013, -16.847053143999915], [31.795538576000183, -16.84682012499991], [31.795414579000123, -16.846705115999896], [31.795412579000185, -16.846589106999886], [31.79528458300007, -16.846356088999983], [31.795279582999967, -16.84612006999987], [31.79515358600014, -16.84600506099997], [31.795151586000145, -16.845887051999966], [31.795145586, -16.845653032999962], [31.79513958600006, -16.84541801399996], [31.795134586000188, -16.84518299599989], [31.79512658700014, -16.844830967999883], [31.795246583000107, -16.84470995799984], [31.795240583000123, -16.844473939999943], [31.795361580000133, -16.844353929999954], [31.795599573000175, -16.84411291099991], [31.79583956600004, -16.843990900999927], [31.796204556000077, -16.843864890999896], [31.798912480000126, -16.844746959999952], [31.79891448000012, -16.844864968999957], [31.799158473000148, -16.844858968999915], [31.79928647000014, -16.845091986999932], [31.799532463000162, -16.845203995999952], [31.799780456000178, -16.84531700499997], [31.800030449000133, -16.845546022999827], [31.800276442000154, -16.84565803199996], [31.80039843900005, -16.845656031999965], [31.800520436000113, -16.84565303099987], [31.80076442900014, -16.845649030999823], [31.801012422000156, -16.845761039999957], [31.80125841500012, -16.84587204899998], [31.80138041100014, -16.84587004799988], [31.801378411000144, -16.84575203899982], [31.801497408000102, -16.845632028999944], [31.801617405000172, -16.845511019999947], [31.801611405000017, -16.845277000999943], [31.801729401000046, -16.845156991999943], [31.801849398000115, -16.845036981999897], [31.80197139500018, -16.845032981999907], [31.802214388000095, -16.844910971999866], [31.802332384000124, -16.84478996199988], [31.802576378000026, -16.844784961999892], [31.802696374, -16.844664951999846], [31.80281537100018, -16.844543942999962], [31.802813371000184, -16.844425932999968], [31.802929367000047, -16.84418991499996], [31.802927367000052, -16.844070904999967], [31.80292136800017, -16.843836886999895], [31.803040364000083, -16.843716876999906], [31.803036364000093, -16.84347985799991], [31.803030364000108, -16.843245839999952], [31.80302436400018, -16.84301082099995], [31.802898368000058, -16.842895811999938], [31.802895368000122, -16.84265979299994], [31.80289136800019, -16.84254378399993], [31.802885368000034, -16.842306764999933], [31.80287936800005, -16.842071746999977], [31.802877368000054, -16.841953737999972], [31.80287236800018, -16.84171971899997], [31.802870368000185, -16.84160270999996], [31.80298836500009, -16.841480699999977], [31.80323035800012, -16.841358689999936], [31.80335135500013, -16.841238680999936], [31.80371734400012, -16.84123067999991], [31.80395733800009, -16.84110666999993], [31.80407933400005, -16.84110466999988], [31.804321327000082, -16.840982659999895], [31.804443324000147, -16.840979659999903], [31.80456532100004, -16.84097765999985], [31.804812314000117, -16.84108966799988], [31.805056307000143, -16.841083667999897], [31.80530430000016, -16.841196676999914], [31.805548293000186, -16.841190675999883], [31.80579228600004, -16.841185675999895], [31.805914283000106, -16.841183675999844], [31.806036279000068, -16.841179674999864], [31.806158276000133, -16.84117767499987], [31.80628227200009, -16.841291683999884], [31.80665426200011, -16.841518701999917], [31.80690025500013, -16.841631710999877], [31.80690425500012, -16.84174971999994], [31.80715024800014, -16.841862728999956], [31.80727224499998, -16.84185872899991], [31.80727624500014, -16.841976737999914], [31.8073982410001, -16.841972737999924], [31.807400241000096, -16.842091746999927], [31.80752623800015, -16.84220575599994], [31.807528238000145, -16.842323764999946], [31.807650234000107, -16.84232176499995], [31.807777231000046, -16.842554783999958], [31.807901227000173, -16.842668792999973], [31.808146221000186, -16.842663791999826], [31.808149221000065, -16.84278180199982], [31.808395214000086, -16.842892809999967], [31.80851821000016, -16.84289080999997], [31.808640207000053, -16.842888809999977], [31.808765203000064, -16.843002818999878], [31.808888200000013, -16.843000818999826], [31.80912619300011, -16.842758798999967], [31.80924219000019, -16.842522780999957], [31.809237190000147, -16.842285761999904], [31.809227190000172, -16.841816724999887], [31.809221190000073, -16.841581705999886], [31.809216189999972, -16.841345686999944], [31.809210190000044, -16.84111066899993], [31.80920819000005, -16.840992658999937], [31.809202190000065, -16.840757640999925], [31.80932118700008, -16.840637630999936], [31.809319187000085, -16.840519621999874], [31.809315187000095, -16.840403612999978], [31.809549180000033, -16.839926574999936], [31.809544180000103, -16.839691555999934], [31.80978417400007, -16.83956954599995], [31.810265160000085, -16.839205516999925], [31.811216133000187, -16.838125431999913], [31.815777004000154, -16.834614151999915], [31.81577500400016, -16.83449614199992], [31.815893001000063, -16.83437513299998], [31.816014997000025, -16.834373132999872], [31.81601299700003, -16.834255122999878], [31.816251990000183, -16.834015103999945], [31.816367987000092, -16.833776084999954], [31.816482984000118, -16.83342205699995], [31.816722976999984, -16.83330004699991], [31.81671897700005, -16.833063028999845], [31.816836974000125, -16.83294301899997], [31.816953970000043, -16.832706], [31.817069967000123, -16.83246798099998], [31.817189964000193, -16.832347971999923], [31.81742295700019, -16.831872933999875], [31.817542953000157, -16.83175092399989], [31.817658950000066, -16.831513904999895], [31.817897943000048, -16.831273885999963], [31.81813993600008, -16.831149875999927], [31.81825593299999, -16.830913857999917], [31.818496926000137, -16.830789847999938], [31.81861492300004, -16.83055082899989], [31.818732920000116, -16.8304308189999], [31.818852916000083, -16.830310809999958], [31.818969913000103, -16.83007379099996], [31.819207905999974, -16.82983177199992], [31.819327903000044, -16.82971176199993], [31.819446899000127, -16.82959175299993], [31.819562896000036, -16.829354733999878], [31.8196848930001, -16.8293507329999], [31.819804889000068, -16.8292307239999], [31.819922885999972, -16.829110713999853], [31.82004388200005, -16.828990704999967], [31.82016387900012, -16.828870694999978], [31.820285876000185, -16.828868694999812], [31.820523869000056, -16.828628675999937], [31.820764862000033, -16.828504665999958], [31.820886859000098, -16.828502665999906], [31.821006855000064, -16.82838165599992], [31.821126852000134, -16.82826164699992], [31.82136684500017, -16.828137636999884], [31.82148384200019, -16.827899617999833], [31.821603838000158, -16.827779607999958], [31.821721835000062, -16.827659598999958], [31.82184183100003, -16.82753858899997], [31.822080825000114, -16.827298569999925], [31.82207882500012, -16.827182560999915], [31.82220082100008, -16.827178559999936], [31.822318818000156, -16.82705855099988], [31.82243881400018, -16.82693854099989], [31.822560811000017, -16.826936540999895], [31.822557811000138, -16.826817531999893], [31.822801804000164, -16.82681253099986], [31.822921801000064, -16.826692521999973], [31.82316579400009, -16.82668652099983], [31.823287791000155, -16.826684520999947], [31.823409787000116, -16.826682520999952], [31.823529784000186, -16.826562510999963], [31.823651780000148, -16.826558510999973], [31.823895773000174, -16.826552509999942], [31.82425876299999, -16.826426499999968], [31.824380760000054, -16.82642549999997], [31.824502756000015, -16.826423499999976], [31.82462475300008, -16.82641949899994], [31.824872746000096, -16.82653150799996], [31.82487474600009, -16.82665051799995], [31.825002743000084, -16.82688253599997], [31.82512673900004, -16.82699754499987], [31.825131739000142, -16.827231563999874], [31.825385732000086, -16.827578590999906], [31.82538773200008, -16.827697600999898], [31.82551172900014, -16.827811609999912], [31.825517728000193, -16.828048627999976], [31.825645725000186, -16.828278646999934], [31.825648725000065, -16.828397655999936], [31.825902718000066, -16.82886269299985], [31.826028714000188, -16.82897770199986], [31.826283707000073, -16.829442738999944], [31.826531701000135, -16.829671756999915], [31.826657697000087, -16.82978776599998], [31.826659697000082, -16.82990477499993], [31.82678569400008, -16.83002078399994], [31.826787694000075, -16.83013679299995], [31.826909690000036, -16.830134792999957], [31.827037687000086, -16.830367811999963], [31.827161683000043, -16.830481820999978], [31.827287680000097, -16.830596829999877], [31.827411676000054, -16.83071083899989], [31.827659669000013, -16.83082384799991], [31.827909662000025, -16.83105486599993], [31.828158655000095, -16.83128388399996], [31.828527645000065, -16.831393892999927], [31.828773638000087, -16.83150490099996], [31.829021631000103, -16.83161690999998], [31.829022630999987, -16.83173591999997], [31.82914462800005, -16.83173391899993], [31.829392621000068, -16.831843927999955], [31.83001060400011, -16.832183954999948], [31.834325482999986, -16.833855085999915], [31.83456747700012, -16.833731075999935], [31.834689473000083, -16.833729075999884], [31.834811470000147, -16.83372707599989], [31.835055463000174, -16.833721074999914], [31.83530045600014, -16.833715074999873], [31.835546449000105, -16.8338280829999], [31.83566844600017, -16.83382408299991], [31.835790442000132, -16.833822082999916], [31.836034434999988, -16.833816081999885], [31.836522422000144, -16.833807080999918], [31.836644418000105, -16.83380308099987], [31.83676641500017, -16.833801080999876], [31.83689241100012, -16.83391608999989], [31.837014408000186, -16.833914089999894], [31.837258401000042, -16.833908088999863], [31.837382398000045, -16.834022097999878], [31.83762639100007, -16.83401709799989], [31.83799638000005, -16.83412710599987], [31.83836337000008, -16.834118105999835], [31.83848536700009, -16.834116104999907], [31.838729360000116, -16.83411010499998], [31.838725360000183, -16.83399409599997], [31.83884735700002, -16.833990094999876], [31.838845357000082, -16.83387408599998], [31.838964353000108, -16.83375207599994], [31.83896235300017, -16.833635066999932], [31.83895835300018, -16.833517057999927], [31.838828357000068, -16.83316802999991], [31.838822357000083, -16.832931010999914], [31.838567364000085, -16.832467974999815], [31.83856536400009, -16.83234996499982], [31.83844136700003, -16.83223495599998], [31.83843136800016, -16.831881927999973], [31.838429368, -16.83176391899991], [31.83842036800013, -16.831410890999905], [31.83841836800019, -16.831292881999843], [31.838416368000026, -16.8311768719999], [31.838534364000168, -16.831056862999958], [31.83865136100019, -16.830817843999966], [31.838771358000088, -16.830697833999977], [31.83889335400005, -16.830695833999982], [31.839011351000124, -16.830575824999926], [31.839133347000086, -16.830571823999946], [31.839377341000045, -16.830565823999905], [31.839499337000177, -16.830563822999977], [31.839744330000087, -16.830558822999933], [31.839866327000152, -16.830556822999938], [31.84011032000018, -16.830550821999907], [31.840358313000024, -16.830663830999924], [31.840604306000046, -16.830775839999944], [31.840726303000054, -16.830771839999898], [31.841092293000145, -16.830764838999926], [31.841825272000165, -16.830747836999933], [31.84206926500019, -16.830743836999886], [31.842311258000052, -16.830619826999907], [31.842793245000053, -16.830373806999887], [31.84291024100014, -16.830136788999937], [31.84303023800004, -16.830014778999953], [31.843152234000172, -16.830012778999958], [31.843396228000074, -16.83000777799998], [31.843881214000078, -16.829879767999955], [31.844125207000104, -16.829873766999924], [31.844367200000136, -16.829751757999873], [31.84473119000006, -16.82962574699991], [31.845094180000103, -16.829499736999878], [31.845582166000156, -16.829488735999973], [31.845826159000183, -16.829482735999818], [31.845946156000025, -16.829362725999943], [31.846068152000043, -16.829360725999948], [31.846309146000067, -16.829238715999963], [31.846675135000055, -16.829228714999942], [31.84703912500015, -16.82910270499997], [31.847281118000183, -16.828980695999917], [31.84752611100015, -16.82897569499994], [31.847644108000054, -16.828854684999897], [31.847766105000062, -16.8288536849999], [31.84800809800015, -16.82872967499992], [31.848252091000177, -16.82872367499988], [31.848493084000097, -16.828601664999837], [31.848737077000123, -16.828595664999966], [31.84910106700005, -16.828469654999935], [31.849345060000076, -16.82846365399996], [31.849708050000118, -16.828339643999982], [31.84995004300015, -16.828216633999943], [31.850316033000013, -16.828208632999974], [31.85068002300011, -16.828082622999943], [31.851043012000048, -16.827956612999913], [31.85152899900004, -16.827828602999887], [31.85323395100005, -16.827672589999963], [31.853842934000113, -16.827542579999943], [31.85408692700014, -16.82753657899997], [31.854084927000144, -16.827418569999907], [31.854206923999982, -16.827416568999922], [31.85444491700008, -16.827176549999933], [31.85468591, -16.827052539999897], [31.855045900000164, -16.82681052099997], [31.855532886000105, -16.82668051099995], [31.85577287899997, -16.826558500999965], [31.85589287600004, -16.826438490999976], [31.856014873000106, -16.82643449099993], [31.85601287300011, -16.82631848199992], [31.85625386600009, -16.826194471999884], [31.85649585900012, -16.8260724619999], [31.856613856000024, -16.825951452999846], [31.856855849000056, -16.825828442999978], [31.857218839000097, -16.825702432999947], [31.85734083500006, -16.825700431999962], [31.857704825000155, -16.82557442199993], [31.858192811000038, -16.825562420999972], [31.85880379400004, -16.82554941999996], [31.85960677100013, -16.823367246999965], [31.859604771000136, -16.823251237999898], [31.859724767000102, -16.82313122799991], [31.85972076700017, -16.823012218999907], [31.859592771000052, -16.822780199999897], [31.85946377400012, -16.822431172999813], [31.859337778000167, -16.822314162999874], [31.859211781000113, -16.82208114499997], [31.859085785, -16.821967135999955], [31.858963788000153, -16.821971135999945], [31.858835792000036, -16.821738117999928], [31.858713795000142, -16.821740117999923], [31.858711795000147, -16.821622108999918], [31.858585799000025, -16.821507099999906], [31.85858379900003, -16.821391089999906], [31.858458802000087, -16.821275080999897], [31.85845680200009, -16.82115807199989], [31.858454802000097, -16.821040062999884], [31.858572799, -16.82092005299984], [31.85869279600007, -16.820800043999952], [31.8588107920001, -16.820680033999963], [31.858932789000164, -16.820676033999973], [31.859053785000185, -16.820556023999927], [31.85917578200008, -16.820554023999932], [31.859297779000144, -16.820552023999937], [31.859419775000106, -16.820548022999958], [31.860029758000053, -16.820535021999945], [31.8606457410001, -16.820756039999935], [31.86101373000008, -16.82086704799997], [31.861258724000095, -16.820861047999927], [31.864201641000193, -16.821383087999948], [31.864449634000152, -16.821496096999965], [31.864571631000047, -16.82149409699997], [31.86469362700018, -16.821490095999934], [31.864817624000068, -16.821605105999936], [31.865061617000094, -16.821601104999957], [31.86518761400015, -16.82171511399997], [31.865433607000114, -16.821828122999932], [31.865683600000125, -16.82205714099996], [31.865808596000193, -16.822171149999974], [31.865932593000025, -16.82228715899987], [31.86605459000009, -16.822284158999878], [31.866060589000142, -16.822518177999882], [31.86618858600019, -16.8227511959999], [31.86619058600013, -16.822869204999904], [31.866318582000076, -16.82310222399991], [31.86632358200012, -16.82333724199998], [31.86645157900017, -16.823569260999932], [31.86657757500012, -16.823684269999944], [31.86670157200018, -16.823800278999954], [31.866825568000138, -16.82391428799997], [31.867075562000025, -16.824143305999883], [31.86732355500004, -16.8242563149999], [31.867695544000128, -16.824483332999876], [31.86794553700014, -16.824714350999898], [31.868313527000055, -16.824822359999928], [31.868439524000053, -16.82493736899994], [31.86868351700008, -16.82493136799991], [31.868807513000036, -16.82504737699992], [31.869051506000062, -16.82504237699993], [31.869783486000074, -16.82502537499994], [31.87015047600005, -16.825017373999913], [31.870394469000075, -16.82501137399987], [31.8706384620001, -16.825005372999897], [31.871004452000193, -16.824998372999858], [31.87124844500005, -16.824992371999883], [31.871492438000075, -16.82498637199984], [31.871614434000037, -16.824984370999857], [31.871613434000153, -16.824866361999966], [31.871731431000057, -16.824746352999966], [31.871729431000063, -16.824630342999967], [31.87196242400006, -16.824153304999925], [31.871958425000173, -16.824037295999915], [31.871950425000023, -16.82368426799991], [31.871944425000095, -16.82344724899997], [31.871939425, -16.823213230999954], [31.87181542800016, -16.823098221999942], [31.871687432000044, -16.822865202999935], [31.871559435, -16.822633184999916], [31.871435439000038, -16.822518175999903], [31.871431439000105, -16.8224001669999], [31.87130944200004, -16.82240416699989], [31.871307442000045, -16.822286157999883], [31.871181446000094, -16.82217114899987], [31.871054449000155, -16.821938129999978], [31.870930453000028, -16.821824120999963], [31.870924453000043, -16.821587101999967], [31.87092245300005, -16.821471092999957], [31.87091645300012, -16.821235073999958], [31.870913453000014, -16.82111806499995], [31.870907453000086, -16.82088204599995], [31.870899453000106, -16.82052901799989], [31.871016450000127, -16.820292], [31.871010450000142, -16.82005598099994], [31.871008449999977, -16.81993997199993], [31.871004450000044, -16.819820961999937], [31.871120447000123, -16.819582942999943], [31.871119447000012, -16.819466933999934], [31.87111544700008, -16.819347924999875], [31.87111144700009, -16.81911390599987], [31.87122944300006, -16.818992896999873], [31.87134944000013, -16.818872886999827], [31.871471437000025, -16.81886988699995], [31.871590433000108, -16.818748876999962], [31.871954423000034, -16.81862286699993], [31.87219841600006, -16.818617866999944], [31.872320413000125, -16.81861586599996], [31.872442409000087, -16.818613865999964], [31.872686402000113, -16.818607865999923], [31.8737853720001, -16.818582862999904], [31.87669629000004, -16.819223912999917], [31.877075280000156, -16.819803958999955], [31.87707728000015, -16.81992196799996], [31.877199276000113, -16.819919967999965], [31.87744326900014, -16.819914967999978], [31.877691262000155, -16.820024975999956], [31.878063252000175, -16.82025399399987], [31.87843124200009, -16.82036300299984], [31.87867923500005, -16.820475011999974], [31.878801231000068, -16.820472011999982], [31.878923228000076, -16.820470010999884], [31.87904522500014, -16.820466010999837], [31.879290218000108, -16.82046201099996], [31.87941221400007, -16.82045800999998], [31.879534211000134, -16.820456009999873], [31.879656207000096, -16.820453009999937], [31.87977820400016, -16.820451009999942], [31.880022197000187, -16.820445008999968], [31.880024197000182, -16.820563017999973], [31.88015019400018, -16.82067802699987], [31.880274190000137, -16.820792035999887], [31.880278190000126, -16.82091004599988], [31.880402187000186, -16.821025054999893], [31.88040718700006, -16.821259072999908], [31.880535183000177, -16.821492091999914], [31.880537183000172, -16.821610100999976], [31.8805431830001, -16.821845119999978], [31.88054718300009, -16.821963128999982], [31.880426186000136, -16.82208313899997], [31.880432186000064, -16.82231815699987], [31.880312190000097, -16.82243816699986], [31.880318190000082, -16.822675185999913], [31.88020119300006, -16.82291120399998], [31.880085196000152, -16.82315022299997], [31.87996920000012, -16.823388241999965], [31.879852203000155, -16.823625260999847], [31.879858203000083, -16.823861279999903], [31.879663209000114, -16.825982447999934], [31.87966520900011, -16.82610045699994], [31.879671209000094, -16.826335475999826], [31.87967720900002, -16.826571494999882], [31.879686209000056, -16.826922522999894], [31.879694209000036, -16.827275550999957], [31.879818205000163, -16.827392559999964], [31.879827205000026, -16.827744587999973], [31.879951202000086, -16.827859596999872], [31.880077198000038, -16.82797360599983], [31.880079197999976, -16.82809261499989], [31.880327191000163, -16.82820462399991], [31.880451188000052, -16.82831963299992], [31.880577184000174, -16.82843364199988], [31.880701181000063, -16.828547650999894], [31.880823177000025, -16.8285456509999], [31.88082517700019, -16.828662659999907], [31.880951174000188, -16.828778668999917], [31.88107316999998, -16.828774668999927], [31.881075170000145, -16.82889367799993], [31.88119716700004, -16.82888967799994], [31.881441160000065, -16.82888567799995], [31.88156315700013, -16.828881676999913], [31.88168515300009, -16.828879676999918], [31.881807150000157, -16.828875676999928], [31.881929146000118, -16.82887467699993], [31.882051143000183, -16.82887267699988], [31.88217414000013, -16.8288686759999], [31.882172140000137, -16.828750666999895], [31.882294136000098, -16.8287486669999], [31.88229213600016, -16.828629656999908], [31.882410133000064, -16.828509647999965], [31.8827761230001, -16.82850264699988], [31.883020116000125, -16.82849664599985], [31.883142112000144, -16.828494645999967], [31.883141112000033, -16.828376636999963], [31.883259109000107, -16.828256626999973], [31.88383309200009, -16.826714504999927], [31.883831092000094, -16.826596495999922], [31.883827092000104, -16.826478485999928], [31.883825092000166, -16.82636247699992], [31.883820092000065, -16.82612545799992], [31.883940089000134, -16.82600544899998], [31.883934089000036, -16.825770429999977], [31.883930089000046, -16.825652420999972], [31.883919089000187, -16.825183383999956], [31.883917089000192, -16.825065373999962], [31.883915089000027, -16.824946364999903], [31.883909090000145, -16.8247123459999], [31.883903090000047, -16.824477327999887], [31.884026086000063, -16.82447332699985], [31.884144083000137, -16.824353317999964], [31.88426407900016, -16.824233307999975], [31.884386076, -16.82423130799998], [31.88475206600009, -16.824223306999954], [31.884996059000116, -16.824218306999967], [31.885241052000083, -16.824212305999936], [31.885981031000085, -16.82454833299994], [31.886230024000156, -16.824778350999964], [31.886478018000105, -16.82489135999998], [31.8864800180001, -16.825007368999877], [31.88747599000004, -16.825808431999917], [31.887597986, -16.82580743199992], [31.88808597300016, -16.825795430999904], [31.888451962000147, -16.825787429999934], [31.888455962000137, -16.825906438999937], [31.88857795900003, -16.825902438999947], [31.888822952000112, -16.825896438999905], [31.88906694500014, -16.825892437999926], [31.889188942000033, -16.825889437999933], [31.889184942000043, -16.82577042799994], [31.88942893500007, -16.825766427999895], [31.889426935000074, -16.82564841899989], [31.88954293200004, -16.825410399999953], [31.88966392800006, -16.825290389999964], [31.88965992800013, -16.82517138099996], [31.889657928000133, -16.82505537199995], [31.889901922000035, -16.825049370999977], [31.890267911000024, -16.82504236999995], [31.89038990800009, -16.82503836999996], [31.89051190400005, -16.825036369999964], [31.890634901000055, -16.825032369999917], [31.89075689800012, -16.825030368999933], [31.890878894000082, -16.825028368999938], [31.891000891000147, -16.825025368999945], [31.891002891000085, -16.82514337799995], [31.891377880000164, -16.825488404999817], [31.891631873000108, -16.825951441999848], [31.891885866000052, -16.826299469999867], [31.891887866000047, -16.82641747899993], [31.892014863000156, -16.826650496999946], [31.892140859000108, -16.82676450599996], [31.892270856000152, -16.827115533999972], [31.892520849000107, -16.82734455199983], [31.892648845000053, -16.827577570999836], [31.893020835000073, -16.82780458899998], [31.893147831000135, -16.828036606999888], [31.89326982800003, -16.828032606999898], [31.89339282500015, -16.82803160599991], [31.89351482100011, -16.828029605999916], [31.893636818000175, -16.82802560599987], [31.893758814000137, -16.828023605999874], [31.894002807000163, -16.8280176049999], [31.894248801000117, -16.828130613999917], [31.894492794000143, -16.828124613999876], [31.894614790000105, -16.828120612999896], [31.89473678700017, -16.8281186129999], [31.89498077999997, -16.82811361299997], [31.895224773, -16.828107611999883], [31.895469766000133, -16.828101610999852], [31.89571375900016, -16.828097610999976], [31.895955753000123, -16.827973600999826], [31.89631774200012, -16.827847590999966], [31.89656073600014, -16.82772558099998], [31.896804729000166, -16.827720580999937], [31.89692472500019, -16.82759957099995], [31.897042722000094, -16.827479561999894], [31.899318658000084, -16.825545407999982], [31.899436654000056, -16.825425397999936], [31.899434654000117, -16.82530738899993], [31.899550651000027, -16.825070369999935], [31.899671647000048, -16.824950359999946], [31.899787644000185, -16.824712340999895], [31.89990564100009, -16.82459233199984], [31.899903641000094, -16.824473321999847], [31.900021637000066, -16.82435331299996], [31.900142634000076, -16.82423330299997], [31.900380627000118, -16.823993283999982], [31.900624620000144, -16.82398728399994], [31.90062262000015, -16.823869273999946], [31.900744617000043, -16.82386727399995], [31.90086661400011, -16.8238652739999], [31.90098861000007, -16.82386127399991], [31.90111160700019, -16.823859272999925], [31.901359600000035, -16.824088291999942], [31.901608593000105, -16.824319309999964], [31.901858586000117, -16.824548327999935], [31.90210857900007, -16.82477834599996], [31.902234576000126, -16.824893354999972], [31.90223657600012, -16.825009363999982], [31.902358572000082, -16.825007363999873], [31.902486569000075, -16.82524038299988], [31.902739562000136, -16.825587409999912], [31.902863558000092, -16.825702418999924], [31.902991555000142, -16.825934436999944], [31.9031155510001, -16.826049445999956], [31.90311955100009, -16.82616745599995], [31.903375544000028, -16.826632492999977], [31.903634537000073, -16.8273325479999], [31.903762534000066, -16.827565565999976], [31.903766533000123, -16.827681575999975], [31.903888530000188, -16.82768057599992], [31.90389353000006, -16.827914593999935], [31.903899530000047, -16.828149612999823], [31.90402952600016, -16.828500639999902], [31.90415752300015, -16.82873265899991], [31.904281519000108, -16.828847667999923], [31.904284518999987, -16.82896567699993], [31.90440651600005, -16.82896167699994], [31.90453051200018, -16.82907668599995], [31.90490050200009, -16.82918669499992], [31.90539148800019, -16.829293702999962], [31.90563548200015, -16.82928770199993], [31.905999471000143, -16.829162691999954], [31.906365461000064, -16.829154691999918], [31.906604454000046, -16.828914672999872], [31.906848447000073, -16.828908671999898], [31.906968444000142, -16.82878866199985], [31.907086441000047, -16.82866665299997], [31.907206437000184, -16.828545642999927], [31.907445430000166, -16.82830562399994], [31.90756342700007, -16.82818561399995], [31.90768342400014, -16.828065604999892], [31.90780242, -16.827945594999903], [31.90792441700006, -16.82794359499991], [31.908042414000136, -16.82770457599986], [31.90900738600004, -16.82721253699998], [31.909245380000016, -16.826972517999934], [31.909367376000034, -16.826968516999955], [31.909850361999986, -16.82672249799998], [31.910216352000077, -16.826714496999898], [31.910701339000184, -16.82658748699987], [31.911191325, -16.826575485999967], [31.911553315000106, -16.826449475999937], [31.911920304000034, -16.826442474999965], [31.912286294000126, -16.826432473999944], [31.91265028400005, -16.826306463999913], [31.91313327, -16.826060443999893], [31.913251267000135, -16.825940434999893], [31.913373263000096, -16.825938434999898], [31.91349526000016, -16.825934433999862], [31.913617257, -16.82593243399998], [31.913861250000025, -16.82592743399988], [31.91410524300005, -16.82592143299985], [31.914472233000083, -16.82591343199988], [31.914960219000136, -16.825902430999975], [31.915204212000162, -16.825896430999933], [31.915326209, -16.825894430999938], [31.91544820500019, -16.825892429999953], [31.91569619800015, -16.826003438999976], [31.916434178000145, -16.826222455999982], [31.91668017100011, -16.826335464999886], [31.916802167000128, -16.826331464999953], [31.91704616100003, -16.826327463999974], [31.917294154000047, -16.826438472999882], [31.91766614300019, -16.82666549099997], [31.91803413300005, -16.826775499999883], [31.91815712900012, -16.8267724989999], [31.918160129, -16.826890508999895], [31.91828412600006, -16.82700451799991], [31.918540119, -16.827470554999934], [31.918546119000155, -16.82770457299995], [31.918675115000156, -16.82805560099996], [31.918679115000145, -16.828172609999967], [31.91868111500014, -16.82829061999996], [31.918803112000035, -16.828288618999977], [31.918807111999968, -16.828404628999976], [31.91893110800015, -16.828519637999875], [31.91905710500015, -16.828635646999885], [31.919301098000176, -16.82862964599991], [31.919539091000047, -16.82838962699998], [31.919774085000142, -16.828031598999928], [31.91989208100017, -16.827792579999937], [31.920009078000135, -16.827554560999886], [31.92000307799998, -16.827319541999884], [31.920485064000104, -16.827073522999967], [31.920604061000063, -16.826953512999978], [31.920726057000024, -16.82694951299993], [31.92096805100016, -16.826827502999947], [31.92109004700012, -16.826825502999952], [31.921208044000025, -16.826703492999968], [31.92145203700005, -16.82669949299992], [31.92169703000019, -16.826693491999947], [31.921941023000045, -16.826688491999903], [31.922433010000134, -16.826795499999946], [31.92292299600018, -16.826901507999935], [31.92341698200005, -16.827125525999975], [31.92391096800003, -16.827350542999966], [31.924404954000067, -16.82757356099995], [31.92465294800013, -16.82768556999997], [31.925018937000175, -16.827678568999943], [31.925020937000113, -16.827796577999834], [31.925142934000178, -16.827792577999958], [31.925386927000034, -16.827786577999973], [31.925636920000045, -16.828017595999825], [31.92588491300006, -16.82812860499996], [31.926008910000064, -16.82824461399997], [31.926130906000026, -16.828240612999878], [31.92625290300009, -16.828238612999883], [31.926502896000102, -16.82846763099991], [31.926752889000113, -16.828698648999932], [31.927000882000073, -16.828809657999898], [31.927124879000132, -16.828925666999908], [31.92749486800011, -16.829034675999935], [31.92761886500017, -16.82914868499995], [31.927742861000127, -16.829263693999962], [31.927990854000086, -16.829375702999926], [31.92811285100015, -16.82937370299993], [31.92823684800004, -16.829488711999943], [31.928358844000172, -16.82948671099996], [31.928480841000066, -16.82948271099997], [31.928724834000093, -16.829476710999927], [31.929090824000184, -16.829469709999955], [31.929336817000035, -16.829463708999924], [31.929581810000116, -16.82945770899994], [31.929703806000077, -16.829455708999888], [31.929821803000152, -16.8293356989999], [31.929943800000046, -16.82933169899991], [31.930187793000073, -16.829326697999875], [31.93055178300017, -16.8292006879999], [31.93615362500003, -16.82848662999993], [31.936397618000058, -16.828481628999953], [31.936642611000025, -16.828475628999968], [31.936886605000097, -16.828469627999937], [31.937252594000086, -16.828462627999954], [31.93774058100007, -16.82845062699994], [31.937984574000097, -16.82844662599996], [31.93834756400014, -16.828320615999928], [31.938591557000166, -16.828315615999884], [31.938835550000192, -16.82830961499991], [31.939079543, -16.828303614999868], [31.939323536000018, -16.82829861399989], [31.93969052600005, -16.828290612999922], [31.939934519000076, -16.82828461299988], [31.94066649900003, -16.828267610999887], [31.940910492000057, -16.82826161099996], [31.94103248800002, -16.828259610999964], [31.94139847800011, -16.828252609999822], [31.941887464000104, -16.828240608999977], [31.942257454000128, -16.828349616999958], [31.94250344700015, -16.828462625999975], [31.942625444000043, -16.828458625999815], [31.942995433000192, -16.828568633999964], [31.943245425999976, -16.82879765299998], [31.943491419, -16.828910660999895], [31.943613416000062, -16.8289086609999], [31.943739413000117, -16.829022669999915], [31.943985406000138, -16.829135678999876], [31.944233399000098, -16.8292456879999], [31.944357395000054, -16.829362696999908], [31.94448339200011, -16.829476705999923], [31.944607388000065, -16.829591714999935], [31.944857381000077, -16.829820732999963], [31.945104375000085, -16.829932741999926], [31.94522837100004, -16.830047750999938], [31.945476364, -16.830159759999958], [31.945722357000022, -16.830272768999976], [31.946211344000062, -16.83026076799996], [31.94658133300004, -16.83036977599994], [31.946825326000067, -16.83036577599995], [31.947191316000158, -16.830356774999927], [31.947559306000073, -16.830466783999952], [31.947925296000165, -16.83045778299993], [31.9484142820001, -16.830447781999908], [31.948780272000192, -16.83043878099994], [31.94915026100017, -16.83054878999991], [31.949272258000065, -16.83054478899993], [31.949760244000117, -16.83053378799991], [31.950004237000144, -16.830527787999927], [31.95025023000011, -16.830640796999887], [31.95049522400018, -16.830634795999913], [31.950861213000167, -16.830626794999887], [31.95123120300019, -16.830735803999914], [31.95159719300011, -16.83072780299989], [31.951599193000106, -16.83084681299988], [31.951843186000133, -16.830840811999906], [31.952457169000013, -16.830943819999902], [31.952829158000156, -16.831170837999935], [31.953197148000072, -16.831279845999916], [31.953323144000024, -16.831395855999915], [31.95344514100009, -16.831391854999936], [31.953695134000043, -16.831622872999958], [31.954191120000075, -16.83196389999995], [31.954563110000095, -16.83219091799998], [31.95493510000017, -16.832417935999956], [31.955183093000187, -16.832530944999974], [31.95543308600014, -16.832759962999887], [31.955679079000163, -16.832871971999907], [31.95592707200018, -16.832982980999873], [31.95604906800014, -16.83298097999989], [31.956171065000035, -16.832978979999893], [31.956295062000038, -16.833093988999906], [31.957033041000102, -16.833311005999917], [31.95727703400013, -16.83330700599987], [31.957399031000193, -16.83330300599988], [31.958498, -16.83327900299986], [31.958863990000168, -16.833271002999822], [31.959107983000024, -16.833265001999962], [31.959349976000055, -16.833140991999812], [31.959594969000136, -16.83313599199994], [31.959838962, -16.83313199099996], [31.96008295500002, -16.833125990999974], [31.960326949000148, -16.833119989999943], [31.96081493500003, -16.83310898899998], [31.961058928000057, -16.83310298899994], [31.961303920999967, -16.833096987999966], [31.961547914, -16.83309198799992], [31.961669911000058, -16.833089986999937], [31.96179190700002, -16.833085986999947], [31.96203590100015, -16.8330819869999], [31.962279894000176, -16.833075985999926], [31.96252388700003, -16.833070985999882], [31.962649883000154, -16.833184994999897], [31.962771880000048, -16.833182993999912], [31.96326586600003, -16.833406011999955], [31.963883849000126, -16.833746038999948], [31.964009845000078, -16.833860047999963], [31.964131842000086, -16.833858047999968], [31.96413384200008, -16.833975056999975], [31.964259838000032, -16.834089065999933], [31.964261838000027, -16.834207074999824], [31.964387835000082, -16.834322083999837], [31.964539831000025, -16.83560218599996], [31.96466182800009, -16.835600185999965], [31.96478382400005, -16.83559618499993], [31.965033817000062, -16.83582720299995], [31.96552980400014, -16.836168229999885], [31.96614578600014, -16.836390247999873], [31.966639773000054, -16.83661326499987], [31.967009762000032, -16.836723273999894], [31.967131759000097, -16.836719273999847], [31.967255755000053, -16.83683628299991], [31.967500748000134, -16.83683028199988], [31.96774874100015, -16.836941290999903], [31.9678717380001, -16.837057299999913], [31.96861571700009, -16.83751133599992], [31.96910970400006, -16.837734352999973], [31.969603690000042, -16.837959370999954], [31.96997367900019, -16.83806837999998], [31.970345669000096, -16.838295397999957], [31.970958652000093, -16.838398405999953], [31.971450638000135, -16.83850541399994], [31.9716966310001, -16.83861742299996], [31.971818628000165, -16.83861342199998], [31.971940624000126, -16.838612421999812], [31.97206262100019, -16.838608421999936], [31.972306614000047, -16.838604420999957], [31.97242861100011, -16.838600420999967], [31.972550607000073, -16.838598420999972], [31.972672604000138, -16.838594420999925], [31.972792600000105, -16.838474410999936], [31.973037594000118, -16.83846941099995], [31.97327958699998, -16.83834640099991], [31.973517580000077, -16.83810438099988], [31.973758573, -16.837982371999885], [31.974116563000166, -16.837622342999964], [31.97423456000007, -16.837501332999977], [31.974356556000032, -16.837498332999928], [31.974477552999986, -16.83737832399993], [31.974715546000084, -16.837137303999953], [31.97495553900012, -16.837013294999906], [31.975076536000074, -16.83689328499986], [31.975316529000168, -16.836771274999876], [31.97555452200004, -16.83652925599995], [31.975797516000057, -16.836407245999965], [31.97603950900009, -16.83628323599993], [31.976277502000187, -16.836042216999942], [31.976518495000107, -16.83592020799989], [31.976638492000177, -16.835798197999907], [31.97735347100013, -16.835077139999953], [31.97783545800013, -16.834831120999922], [31.97807645100005, -16.834707110999886], [31.97819644800012, -16.834587100999897], [31.978436440999985, -16.83446509199996], [31.978801431000193, -16.83433908199993], [31.97928341700009, -16.83409106199997], [31.97964940700018, -16.834084060999942], [31.979892400000097, -16.83396105099996], [31.980868373000135, -16.833939048999923], [31.981234362000123, -16.833931047999897], [31.98147935500009, -16.833925047999912], [31.98184734500012, -16.834034055999894], [31.98221333500004, -16.834026055999857], [31.982705321000083, -16.834131063999905], [31.98319530700013, -16.83423807199989], [31.98368729400005, -16.83434508099998], [31.984055283000032, -16.834454088999905], [31.98429927600006, -16.83445008899986], [31.984422273, -16.83444608799988], [31.984792263000088, -16.834555096999907], [31.98577423500018, -16.83476811399987], [31.986386218000064, -16.83487112199998], [31.98700420100016, -16.835093138999923], [31.98737019000015, -16.835085137999897], [31.987864177000063, -16.835310155999878], [31.988602156000127, -16.83552717299989], [31.990317108000056, -16.835724187999915], [31.992028060000052, -16.835802193999882], [31.994470991000128, -16.83574718899996], [31.994716985000025, -16.835859196999934], [31.994838981000044, -16.83585719699994], [31.994961978000163, -16.835854196999946], [31.995455963999973, -16.836079214999927], [31.99606994700008, -16.83618222299998], [31.996437936000063, -16.836290230999964], [31.996441936000053, -16.836409240999956], [31.99668793000012, -16.836521248999873], [31.996935923000137, -16.836632257999952], [31.99730391200012, -16.836742266999977], [31.99755390500013, -16.83697128499989], [31.997923894999985, -16.83708029299987], [31.998047892000045, -16.83719630299987], [31.998050892000094, -16.83731331199988], [31.99805889100014, -16.83766633999994], [31.998064891000126, -16.837900357999956], [32.00020283100008, -16.836794269999928], [32.00061082000019, -16.836927279999827], [32.00061482000018, -16.837065290999874], [32.00061881900007, -16.837202301999923], [32.0028427580001, -16.84046055999994], [32.003128750000144, -16.840452558999914], [32.00341474200019, -16.840446558999872], [32.00355973800009, -16.84058056899994], [32.00384573000014, -16.840574568999955], [32.00399472600003, -16.84071057899996], [32.00399472600003, -16.840847589999896], [32.004143722000094, -16.8409806009999], [32.004287718000114, -16.84111661099996], [32.00443671400018, -16.841249621999964], [32.004585709000025, -16.841522643999895], [32.004875701000174, -16.84165465399991], [32.007049641000094, -16.842844747999948], [32.007190637000065, -16.84284074699997], [32.00733563300014, -16.842838746999917], [32.00762562500017, -16.842970756999932], [32.00752262800006, -16.843246778999912], [32.007404630999986, -16.843248779999897], [32.007408631000146, -16.84336378899991], [32.007408631000146, -16.843477797999924], [32.00729063400007, -16.84347979799992], [32.00729063400007, -16.84359480699993], [32.00717163800016, -16.84359580699993], [32.007175637000046, -16.84371081599994], [32.007053641000084, -16.84371081599994], [32.007057641000074, -16.843824824999956], [32.00693964400017, -16.84382682499995], [32.00693964400017, -16.843941834999953], [32.006820646999984, -16.843943834999948], [32.00682064800009, -16.844057843999963], [32.00670265100018, -16.844059843999958], [32.00670665100017, -16.844173852999972], [32.0065886540001, -16.844175852999967], [32.0065886540001, -16.84429086199998], [32.00647065700019, -16.844292862999964], [32.00647065700019, -16.84440687199998], [32.00635166100011, -16.84440687199998], [32.006233664000035, -16.84452288099982], [32.00623766399997, -16.84463788999983], [32.006119667000064, -16.844639889999883], [32.006119667000064, -16.844753898999898], [32.00600067100004, -16.844870908999837], [32.00588667400007, -16.844986917999904], [32.00576867700016, -16.845217935999926], [32.00565368100007, -16.84533194499994], [32.00565768100006, -16.84556096299991], [32.00542068699997, -16.845678972999906], [32.00530269100017, -16.84579598199997], [32.00518869400008, -16.846026], [32.004951701000095, -16.84625701899995], [32.00483770400018, -16.846488036999972], [32.00448271400012, -16.846723055999973], [32.00424972000019, -16.84683906499987], [32.004017727000075, -16.84718609299989], [32.00378073400009, -16.847304101999896], [32.00354474000011, -16.847535119999918], [32.00347574200009, -16.84760412599985], [32.00337674500014, -16.84781914299998], [32.00331174700011, -16.84788214799994], [32.00232377700007, -16.853618602999916], [32.002208780000046, -16.85384862099994], [32.00209478300013, -16.854077638999968], [32.001629796000145, -16.854772693999962], [32.00139280300016, -16.85488870399996], [32.00127480600008, -16.85511972199987], [32.00115981000016, -16.85523573099988], [32.00104181300003, -16.85535173999989], [32.000927816000114, -16.8555827589999], [32.00080882000003, -16.85581177699993], [32.00069482300012, -16.85604279499995], [32.00069882300011, -16.856271812999978], [32.00069882300011, -16.856385821999936], [32.0007028230001, -16.856614840999953], [32.000705823000146, -16.85684385899998], [32.000709823000136, -16.856957867999824], [32.00083181999997, -16.85718488599997], [32.00095381600016, -16.8575269129999], [32.00131680600015, -16.857865939999897], [32.001560799000174, -16.858319975999905], [32.00167879600008, -16.858432983999933], [32.00168279600007, -16.858546992999948], [32.00180079300014, -16.858660001999965], [32.001922789000105, -16.85888701999994], [32.00204478600017, -16.85899902899996], [32.00228977900008, -16.85945306499997], [32.002407775999984, -16.85956807399998], [32.002411776000145, -16.859682082999882], [32.002411776000145, -16.859797091999894], [32.00253377300004, -16.860024109999927], [32.00253777300003, -16.8602521279999], [32.00265976900016, -16.860594154999944], [32.00266276900004, -16.86082317399996], [32.002788766000094, -16.86139321899998], [32.002918762000036, -16.862078272999895], [32.00304475900003, -16.862648317999913], [32.003052759000184, -16.863220362999982], [32.00306375900004, -16.86379140899993], [32.00318975600004, -16.864363453999886], [32.00319675600008, -16.865048507999916], [32.00332275200003, -16.865503543999978], [32.00333475200017, -16.86619059899982], [32.00334575199997, -16.86699166199992], [32.00334975200013, -16.867220679999946], [32.00323175500006, -16.867336688999956], [32.00323175500006, -16.867451698999957], [32.003116759000136, -16.86768271699998], [32.003059760000156, -16.867792725999948], [32.00313975900008, -16.86965687299994], [32.003151758000115, -16.869930894999925], [32.003162758000144, -16.87020791699996], [32.003185758000086, -16.87075896099998], [32.00305576100004, -16.87103898299995], [32.00306776100018, -16.871314004999874], [32.00307176100017, -16.87145301599992], [32.00307876100004, -16.871591025999976], [32.00308276099997, -16.87172803699997], [32.00309376100017, -16.872005058999946], [32.003086762000066, -16.875178310999956], [32.00310576100014, -16.875592342999937], [32.003265757, -16.87599937599998], [32.00358674800003, -16.876815439999973], [32.00359774800006, -16.8770904619999], [32.003750744000115, -16.877359482999964], [32.003761744000144, -16.877635504999887], [32.003773743000124, -16.877910526999926], [32.003780743, -16.87804953799997], [32.004146733000084, -16.879966689999947], [32.00430772900012, -16.880372721999947], [32.004604721000135, -16.880637742999966], [32.004909712000085, -16.881038773999933], [32.00506670800007, -16.881309795999982], [32.00521470400008, -16.881440805999887], [32.005363700000146, -16.88157281699995], [32.00551269600004, -16.881703826999967], [32.0056616920001, -16.88183583699987], [32.005665691, -16.881974847999913], [32.00835061700013, -16.884487045999947], [32.008499613000026, -16.884619056999952], [32.008510613000055, -16.884895078999875], [32.00866760800017, -16.88516409999994], [32.00882760400003, -16.885573131999934], [32.00898759900008, -16.88598116499992], [32.009155595000095, -16.886524207999912], [32.0094345870001, -16.887129254999877], [32.009575583000014, -16.88738827599991], [32.00969758000008, -16.8877303029999], [32.00970458000012, -16.88807332999994], [32.00982657700018, -16.888300347999973], [32.00982657700018, -16.888529365999943], [32.00983057700017, -16.88864337499996], [32.00983057700017, -16.888727381999956], [32.00983057700017, -16.88875838399997], [32.00971658000009, -16.88887439399997], [32.00971658000009, -16.888989402999982], [32.00951758600013, -16.891852629999903], [32.00916659600006, -16.89220165699993], [32.00905260000019, -16.892546684999957], [32.008705610000106, -16.893007720999833], [32.008308621000026, -16.893593767999903], [32.00824062300006, -16.89370077599989], [32.008171625000045, -16.893831786999897], [32.008175625000035, -16.89387978999997], [32.008178625000085, -16.894016800999907], [32.00658467000011, -16.896981035999943], [32.00630967800009, -16.897268058999884], [32.00617268200011, -16.897411070999908], [32.00618368200014, -16.897687091999956], [32.006042686, -16.897693092999816], [32.00604668600016, -16.89783010399998], [32.00590569000008, -16.897836103999907], [32.005687696000166, -16.898181131999934], [32.00565369700007, -16.898231135999936], [32.005569699000034, -16.898364145999892], [32.00375375100009, -16.901235373999896], [32.003765751000174, -16.90151139599982], [32.004070742000124, -16.901912427999946], [32.00422673800006, -16.902183448999892], [32.004528730000175, -16.902583480999965], [32.0045397290001, -16.902860502999886], [32.00454772900008, -16.902997512999946], [32.00469972500002, -16.903266534999887], [32.00471172500011, -16.903543556999978], [32.004722725000136, -16.903817577999916], [32.004757724000115, -16.90464564399997], [32.004772724000134, -16.904920665999896], [32.00478372300006, -16.905196687999933], [32.00464672700008, -16.90533969899991], [32.003315187000055, -16.906817329999967], [32.00217879700017, -16.908061914999905], [32.00204880100006, -16.90834293699993], [32.001926805000096, -16.90889998199998], [32.00193480400014, -16.909038992999967], [32.00165981200013, -16.90932501499998], [32.001385820000166, -16.909613037999918], [32.001392820000035, -16.909750048999967], [32.00124782400013, -16.909756048999952], [32.001106828, -16.909762049999927], [31.99956587100013, -16.91065212099994], [31.9992968790001, -16.911078154999927], [31.99920688200018, -16.911268169999914], [31.997335935000024, -16.91237525799994], [31.997177939000096, -16.91237925799993], [31.996713952000164, -16.91284229499996], [31.992472071000122, -16.913525349999873], [31.985146278000173, -16.91775368699996], [31.984990283000116, -16.917755686999953], [31.98080140100012, -16.921170958999937], [31.979171447000056, -16.921479983999916], [31.977880603000187, -16.921726245999935], [31.976403525000023, -16.92200802699989], [31.97561554700019, -16.922021027999904], [31.97341260899998, -16.922212043999934], [31.97055368900004, -16.92104795199998], [31.97054968900011, -16.920897939999975], [31.97039369300012, -16.92089994099996], [31.9699147070001, -16.920605916999875], [31.967698769000094, -16.920189884999957], [31.966107813000065, -16.918774773999928], [31.962142924000034, -16.916508594999982], [31.961980928000116, -16.916510595999966], [31.961657937000155, -16.9163615839999], [31.96117595100003, -16.916212571999836], [31.96069096400015, -16.916065560999925], [31.960210978000077, -16.916071560999967], [31.959885987000064, -16.915920548999907], [31.95972599099997, -16.91592254999989], [31.95796604100019, -16.9162565769999], [31.957003068, -16.91627057799991], [31.95652408100011, -16.916430590999937], [31.956047095000088, -16.916746615999955], [31.955244117000063, -16.916756616999976], [31.954765131000045, -16.916918629999884], [31.954286144000093, -16.91707864299991], [31.95428814400009, -16.91723365499996], [31.9541281490001, -16.917235654999843], [31.95413614900002, -16.91785370399998], [31.953976153000156, -16.917855703999976], [31.95397715300004, -16.91800971699996], [31.953979153000034, -16.918164728999955], [31.95398115300003, -16.91831874099995], [31.953825158000143, -16.91862976599998], [31.95350816700011, -16.918944790999944], [31.95335017100001, -16.91910080299988], [31.95319417600018, -16.919411827999966], [31.952881184000034, -16.919878864999873], [31.95256419300017, -16.920191889999842], [31.952085207000152, -16.92050891499997], [31.95160722000014, -16.92066892799994], [31.951290229000108, -16.920983952999904], [31.949970268000072, -16.92472024899996], [31.94967327600017, -16.925365299999953], [31.949518281000053, -16.925519311999892], [31.949522281000043, -16.925672323999947], [31.949367285000164, -16.925826336999933], [31.94921528900005, -16.92613236099993], [31.94728534500007, -16.93223584499998], [31.947286345000123, -16.932325851999963], [31.94619437700004, -16.93542309699984], [31.946035382000105, -16.935580109999933], [31.9460373820001, -16.935734121999815], [31.946039382000095, -16.935889133999922], [31.946041382000033, -16.936043145999975], [31.94572839099999, -16.93666519599992], [31.945259404000183, -16.937443256999927], [31.94462442200006, -16.938071306999916], [31.94415343500009, -16.938694356999974], [31.94416443500012, -16.93962142999993], [31.944725421000157, -16.94533288199989], [31.944727421000152, -16.94548689399994], [31.944731421000142, -16.94579591799993], [31.944736421000187, -16.94610494299991], [31.944582426000125, -16.946570979999933], [31.944427430000076, -16.94703601699996], [31.944115439000143, -16.947658065999974], [31.943800448000104, -16.948125102999825], [31.943325462000075, -16.948596139999893], [31.943170466000026, -16.949062176999973], [31.943016471000135, -16.94937320199989], [31.942860475000032, -16.949684226999864], [31.94270348000009, -16.94999425099985], [31.94270748000008, -16.950303275999943], [31.94255148400015, -16.950614299999813], [31.942392489000042, -16.950771312999905], [31.94223649300011, -16.95108233699989], [31.942238493000104, -16.95123634999993], [31.94207949800017, -16.951394361999974], [31.94192550200006, -16.951860398999884], [31.941450515999975, -16.952329435999957], [31.941294520000042, -16.95264046099993], [31.9411375250001, -16.952951485999904], [31.94098552900016, -16.95341652199994], [31.942621484000085, -16.955713703999947], [31.94262348400008, -16.955867715999887], [31.94262548400002, -16.956022727999937], [31.942627484000013, -16.956176739999876], [31.942469488000086, -16.95633375299991], [31.942472488000192, -16.9566427769999], [31.942156497000042, -16.95695480199987], [31.941519515000095, -16.95727382699988], [31.94104252900007, -16.957588852999947], [31.940723538000043, -16.957748864999928], [31.940565542000115, -16.957904877999965], [31.94040354700013, -16.95790687799996], [31.94040754700012, -16.958061889999897], [31.94024855100008, -16.958217902999934], [31.93992856000017, -16.958375914999863], [31.939426574000038, -16.958698940999852], [31.93852659999999, -16.96031406899982], [31.93837060500016, -16.960316068999873], [31.938372605000154, -16.96046908099993], [31.93821560900011, -16.960471080999923], [31.938061613000173, -16.960625093999965], [31.93758862700014, -16.960633093999945], [31.936960644000123, -16.960797107999895], [31.93533169000017, -16.961327149999875], [31.93181279000015, -16.963585329999944], [31.93181679000014, -16.96374034199988], [31.931654794000053, -16.963742341999875], [31.931335803000024, -16.963900354999964], [31.930698821000078, -16.964217379999923], [31.93021683500018, -16.96422438099995], [31.929897844000152, -16.964383392999878], [31.92621294700018, -16.964896434999957], [31.925892956000098, -16.96489943499995], [31.925733961000162, -16.96505644799987], [31.92525197400016, -16.965064448999954], [31.924770988000148, -16.965069448999884], [31.924515995000093, -16.965123452999933], [31.92147208100016, -16.966986601999906], [31.921315085000117, -16.966990601999953], [31.921157090000122, -16.966992601999948], [31.920998094000083, -16.966996602999927], [31.92068810300009, -16.967152614999975], [31.920371112000055, -16.967158615999836], [31.920056121000016, -16.967164615999877], [31.915681244000154, -16.969212779999964], [31.915524249000043, -16.969216779999954], [31.915366253000116, -16.96921877999995], [31.915212257000178, -16.969372791999888], [31.914584275000095, -16.96953680599995], [31.914117288000114, -16.969847829999935], [31.91169635700004, -16.97159696899996], [31.911698357000034, -16.97173497999995], [31.911536361000174, -16.97173597999995], [31.911540361000107, -16.971890992999874], [31.911378366000122, -16.97189299299987], [31.91124837000001, -16.972023002999947], [31.911162372000035, -16.972024002999945], [31.91116437200003, -16.972049004999974], [31.911059375000093, -16.97205100499997], [31.911061375000088, -16.972206017999838], [31.910741384000175, -16.972209017999887], [31.91074338400017, -16.972364029999937], [31.910582388000194, -16.972366030999922], [31.910422392999976, -16.97237003099991], [31.910102402000064, -16.97237303099996], [31.90994240600014, -16.972530043999825], [31.909781411000097, -16.972532043999877], [31.909783411000035, -16.97268605599993], [31.90962341500017, -16.972688055999924], [31.909625415000107, -16.972843068999964], [31.909627415000102, -16.972997080999903], [31.909631415000092, -16.973152092999953], [31.909633415000087, -16.973306104999892], [31.909635415000082, -16.973461116999943], [31.90979741100017, -16.973613128999887], [31.909799411000165, -16.973768141999926], [31.909959406000155, -16.973766140999942], [31.91012340200001, -16.973918152999943], [31.910283397000057, -16.973917152999945], [31.91044339300015, -16.973913152999955], [31.910605388000135, -16.9740651649999], [31.910766384000112, -16.974063164999848], [31.910794383000052, -16.97407916599991], [31.91073338500013, -16.974308183999938], [31.910737385000118, -16.97446019599994], [31.910895380000113, -16.97445619599995], [31.911055376000036, -16.97460520699991], [31.91137236700007, -16.974752218999924], [31.91137636700006, -16.97490323099987], [31.911696358000142, -16.975202254999942], [31.911857354000176, -16.975351265999905], [31.913611305000074, -16.976381346999972], [31.91377030000018, -16.976379346999977], [31.913926296000113, -16.976377346999982], [31.913930296000046, -16.97652835899987], [31.914090291000093, -16.97667636999995], [31.914094291000026, -16.97682938199995], [31.91409629100002, -16.976980393999895], [31.914260287000104, -16.977281417999848], [31.914420282000094, -16.977430429999913], [31.914580278000187, -16.97757944199998], [31.91490126900004, -16.97787646499995], [31.91490526900003, -16.978029476999836], [31.914910269000075, -16.978332500999954], [31.914914269000064, -16.9784835129999], [31.914916269, -16.97863552499996], [31.914920269000163, -16.978786536999962], [31.914344286000016, -16.981353739999975], [31.91440128400012, -16.981571756999926], [31.91440528400011, -16.981880781999905], [31.91424828900017, -16.98219180699988], [31.914092293000067, -16.982502830999863], [31.91393729800012, -16.982967867999946], [31.913783302000184, -16.983432904999972], [31.913627307000127, -16.98374592999994], [31.913312316000088, -16.984212966999962], [31.9131553200001, -16.984523990999946], [31.91316132000003, -16.984833015999925], [31.91300532500003, -16.985144039999966], [31.91301132400008, -16.985608076999938], [31.912694333000047, -16.985920101999966], [31.912698333000037, -16.986229125999955], [31.912541338000096, -16.98654015099993], [31.912244347000126, -16.988244285999826], [31.91224934700017, -16.988707321999925], [31.912414342000034, -16.98886033399998], [31.912415342000145, -16.989014346999966], [31.912581338, -16.989476382999896], [31.912593338000136, -16.990248443999917], [31.91259733800007, -16.990557468999896], [31.912600338000175, -16.990866492999885], [31.912604338000165, -16.991175516999874], [31.912606338000103, -16.991330529999914], [31.912618338000073, -16.992102590999934], [31.912623338000117, -16.992566626999974], [31.912627338000107, -16.992875651999952], [31.912471342000174, -16.993186676999926], [31.912478342000043, -16.993649712999968], [31.912478342000043, -16.993727718999935], [31.9123753450001, -16.994158752999965], [31.912370345000056, -16.99426976199993], [31.912326346000043, -16.99426976199993], [31.912328346000038, -16.99442377399987], [31.912331346000087, -16.994732798999962], [31.912337346000072, -16.99504182299995], [31.912339346000067, -16.995196835999877], [31.912341346000062, -16.99535084799993], [31.912343346000057, -16.99550585999998], [31.912345346000052, -16.99565987199992], [31.91235134600015, -16.996123908999948], [31.91235234600009, -16.996277920999887], [31.912192351000044, -16.996279920999882], [31.91219435100004, -16.996434932999932], [31.912196351000034, -16.996588945999974], [31.91203635500011, -16.99659094599997], [31.912038355000107, -16.996745957999906], [31.9120403550001, -16.99689996999996], [31.912040356000034, -16.997497016999944], [31.91220235100019, -16.9977970409999], [31.913249322000013, -16.99973619399998], [31.913121326000123, -16.999990213999922], [31.913123326000118, -17.000116223999953], [31.91299533000017, -17.000370243999953], [31.912869333000117, -17.00074927399993], [31.912740337000116, -17.000751274999914], [31.91274233700011, -17.001001293999934], [31.91261234100017, -17.001003294999975], [31.91222335200007, -17.001260314999968], [31.911572370000044, -17.001522335999937], [31.909482429000036, -17.00180035799997], [31.90922343600016, -17.00193036899998], [31.90896344300006, -17.002060378999886], [31.908832447000066, -17.002061378999883], [31.90857045400014, -17.00206537999992], [31.90817746500005, -17.00206937999991], [31.90765548000013, -17.002077380999935], [31.907391488000144, -17.001955370999895], [31.907130495000104, -17.001958371999876], [31.906997499000113, -17.001833361999843], [31.90673550600019, -17.001836361999892], [31.906625509000094, -17.001838361999887], [31.906493513000157, -17.001918368999952], [31.906329517000074, -17.001916368999957], [31.906165522000094, -17.001991374999932], [31.90608352400011, -17.001989373999947], [31.906001527000114, -17.001987373999953], [31.904532568000036, -17.00172035399993], [31.90428857500018, -17.001636346999874], [31.904124579000097, -17.001632346999884], [31.903800588000024, -17.00146633399993], [31.90355659500017, -17.001463333999936], [31.903394600000183, -17.001381326999933], [31.9032306040001, -17.001377326999943], [31.903068609000115, -17.001295319999826], [31.902905613000144, -17.001211313999875], [31.90257762200008, -17.0012053129999], [31.902333629000054, -17.00112130699989], [31.902091636000193, -17.00103729999995], [31.901765645000125, -17.000951293999947], [31.901439654000058, -17.00086628699995], [31.901277659000073, -17.000782279999896], [31.901196661000142, -17.000702273999934], [31.901032666000162, -17.000698273999888], [31.900628677000043, -17.000532260999933], [31.900302686000146, -17.000446253999826], [31.90005869300012, -17.000362247999874], [31.899894697000036, -17.000358246999895], [31.899730702000056, -17.00035424699996], [31.89948670900003, -17.00035124699997], [31.897359769000104, -17.000146230999974], [31.897277771000063, -17.000145230999976], [31.897113776000083, -17.00022123699995], [31.89694778, -17.000295242999925], [31.89686378300007, -17.000372248999895], [31.89669778700005, -17.00044825499998], [31.896613790000117, -17.000524260999953], [31.896611790000122, -17.000585265999973], [31.89625380000018, -17.000591266999834], [31.895991807000087, -17.00059526699988], [31.89546782200017, -17.00060026799997], [31.89533782600006, -17.000602267999966], [31.89507683300002, -17.0006062679999], [31.895078833000184, -17.00073227799993], [31.894946837000134, -17.000734278999857], [31.89481684000009, -17.00086228899994], [31.894818840000084, -17.000988298999914], [31.894690843999967, -17.001241318999973], [31.894694844000128, -17.001493338999865], [31.894568848000176, -17.001873368999952], [31.894572847000063, -17.00212438899996], [31.894576847000053, -17.00237640799992], [31.894580847000043, -17.002754437999954], [31.894587847000082, -17.003257477999966], [31.89472184400006, -17.003507497999976], [31.894727844000045, -17.0038855279999], [31.894860840000035, -17.004135546999976], [31.89499883600007, -17.00451057699985], [31.895131833000164, -17.004760596999915], [31.89513383300016, -17.004886606999946], [31.89526682900015, -17.005136625999967], [31.89540282500019, -17.00538664599992], [31.895673818000148, -17.0061377049999], [31.89581081400013, -17.006513734999942], [31.895944810000174, -17.00676375499995], [31.895949810000047, -17.00714178499993], [31.89608580700019, -17.00751681399987], [31.89608980700018, -17.007894843999907], [31.89622680300016, -17.008270873999948], [31.89623080300015, -17.008648903999926], [31.896235803000025, -17.009025933999965], [31.896239803000185, -17.00927795399997], [31.896113807000063, -17.009657983999944], [31.896117807, -17.009909002999848], [31.896121807000156, -17.01028703299994], [31.89612780700014, -17.010665062999976], [31.89599981000009, -17.010918082999922], [31.89587381399997, -17.011298112999953], [31.895749818000013, -17.01167714299993], [31.895623821000186, -17.01205717299996], [31.895364829000073, -17.012313193999887], [31.89510683600014, -17.012566213999946], [31.89471784699998, -17.012824233999936], [31.894460854000158, -17.01307925499998], [31.8942028620001, -17.01346128499995], [31.89381387300017, -17.013716304999832], [31.89355688000012, -17.01397232499994], [31.89329688700019, -17.01422834599998], [31.893039895000072, -17.01448336599998], [31.892781902000138, -17.014863395999953], [31.892392913000037, -17.015120416999935], [31.892135920000158, -17.015376436999873], [31.891745931000116, -17.01563345699998], [31.89164893399999, -17.01577846899994], [31.891570936000107, -17.016734543999974], [31.89164893399999, -17.016894556999887], [31.891642935000107, -17.017131575999883], [31.891641935000052, -17.01720958199985], [31.891721932000166, -17.017289587999812], [31.891797930000052, -17.017527606999977], [31.891873928000166, -17.01776662599991], [31.891951926000047, -17.01792663899994], [31.891951926000047, -17.018004644999905], [31.89194892600011, -17.018162656999948], [31.89194092700012, -17.01847768199997], [31.892018925000173, -17.018635694999887], [31.89209692200012, -17.01879670699998], [31.892417913000145, -17.01911873299997], [31.89249791100019, -17.019198738999933], [31.892657907000114, -17.019360751999955], [31.892817902000104, -17.019520763999935], [31.892816902, -17.0195997699999], [31.892898900000034, -17.019601770999884], [31.89289690000004, -17.01968177699996], [31.89394387100009, -17.020411833999958], [31.894267862000163, -17.020577846999913], [31.894431857000143, -17.020579846999908], [31.89451185500019, -17.020661853999854], [31.89483984600008, -17.020667853999896], [31.89491984400013, -17.020749860999956], [31.895001841000067, -17.02075186099995], [31.895043840000085, -17.02075186099995], [31.895163837000155, -17.020753860999832], [31.895244835000085, -17.02083586699996], [31.895408830000065, -17.020836866999957], [31.89548882800011, -17.020919873999958], [31.897933759000182, -17.021443914999907], [31.89875373600006, -17.021460915999967], [31.898919732000138, -17.021386909999876], [31.89916572500016, -17.0213119039999], [31.899411718000124, -17.021317903999943], [31.900153697000178, -17.021098886999937], [31.900319692000153, -17.021021880999967], [31.900567685000112, -17.02094987499987], [31.90060968400013, -17.020930872999884], [31.900977674000046, -17.020924872999956], [31.901238666000154, -17.020920871999976], [31.90156365700011, -17.020812863999936], [31.902289637000138, -17.020827864999887], [31.903928591000067, -17.020863866999946], [31.904090586000052, -17.020945873999892], [31.904117586000154, -17.020945872999903], [31.90503856000015, -17.02137490699988], [31.90517155600014, -17.021498916999917], [31.905225555000072, -17.021548920999976], [31.905545546000155, -17.021765937999817], [31.905869537000058, -17.021929950999947], [31.90619052800008, -17.022252975999947], [31.906270526000128, -17.02233298199991], [31.90635052300007, -17.022412988999974], [31.906348523000077, -17.022492994999936], [31.90634652300008, -17.022571000999903], [31.90634452400019, -17.02264900699987], [31.906342524000024, -17.022730013999933], [31.90642352100008, -17.02281001999995], [31.909860427000012, -17.030136597999956], [31.910016423000172, -17.030454622999912], [31.91017041900011, -17.03085165499988], [31.91032541500016, -17.03124868599997], [31.910634406000042, -17.032043748999968], [31.9107104040001, -17.03236077399987], [31.91070340400006, -17.032676798999944], [31.910779402000117, -17.032913816999894], [31.910773403000064, -17.033149835999893], [31.910766403000025, -17.03346686099991], [31.910758403000102, -17.033781885999872], [31.910754403000112, -17.033937897999976], [31.910376415000087, -17.036137071999974], [31.910289417000172, -17.036372090999976], [31.91028541700001, -17.03660810899993], [31.910115422000104, -17.036841127999935], [31.91010942300005, -17.03707814699993], [31.910022425000136, -17.037312164999946], [31.910014425000156, -17.03762918999996], [31.909924428000068, -17.038020220999897], [31.909919428000023, -17.038256239999896], [31.90974743300012, -17.038569264999865], [31.909657436000032, -17.03896029499998], [31.90957243800011, -17.039117307999902], [31.90948444100019, -17.039351325999974], [31.909398442999986, -17.03950833899995], [31.909396443, -17.039586344999975], [31.90931044600012, -17.03974235699991], [31.90922444800009, -17.03989736999995], [31.909058453000114, -17.040051381999945], [31.908973455000194, -17.040208393999933], [31.908887458000095, -17.040362405999815], [31.908801460000063, -17.040519418999907], [31.908715463000135, -17.040675430999954], [31.90871346299997, -17.04075343699992], [31.908549468, -17.040829442999893], [31.908463470000186, -17.040984455999933], [31.90837947200015, -17.0410624619999], [31.908128479000084, -17.041293479999922], [31.90795848400012, -17.04152649899993], [31.907792488999974, -17.04168051099998], [31.907626494000056, -17.04175451699996], [31.907376501000044, -17.041907528999957], [31.907128508000028, -17.041981534999934], [31.906882515, -17.042054540999914], [31.906716519000156, -17.04213054699983], [31.906632522000052, -17.04220755299997], [31.905314559000146, -17.04391268799992], [31.904775575000144, -17.044610742999964], [31.904521581999973, -17.044921767999938], [31.904189591000147, -17.045150785999965], [31.904019596000182, -17.045382804999974], [31.903684606000184, -17.045691828999963], [31.898063765000074, -17.051395280999884], [31.897893770000167, -17.05162829999989], [31.897643777000155, -17.051861317999908], [31.89739178500008, -17.052091336999922], [31.89722178900007, -17.05232435499994], [31.89705679400015, -17.052479366999876], [31.89688679900007, -17.052711385999885], [31.896802801000035, -17.052788391999968], [31.896634806000066, -17.052942403999907], [31.896382813000116, -17.05317342199993], [31.896050823000166, -17.053402440999946], [31.89588182700004, -17.053634458999966], [31.895547837000095, -17.05386547699993], [31.89529984400008, -17.054016488999878], [31.895049851000124, -17.054168500999936], [31.89488385600015, -17.054245507999894], [31.894799858000113, -17.05432151399998], [31.894633863000138, -17.054397519999952], [31.894135877000167, -17.054701543999897], [31.893968882000138, -17.05485555599995], [31.89380288600006, -17.054930561999925], [31.893554893000044, -17.055082573999982], [31.893386898000074, -17.05523758599992], [31.89313690500012, -17.055389597999977], [31.892886912000108, -17.055542610999964], [31.892636919000154, -17.055773628999873], [31.892468924000184, -17.055927640999982], [31.89230292900004, -17.056001646999903], [31.892135933000077, -17.056156658999953], [31.892051936000144, -17.056232664999925], [31.89188794000006, -17.056309670999894], [31.89063297600012, -17.057384756999966], [31.890464981000036, -17.057539768999902], [31.89013499000015, -17.057689780999965], [31.889631004000194, -17.05815181799983], [31.889299014000073, -17.058380835999856], [31.88913001900005, -17.05861385399993], [31.888962022999976, -17.058767866999972], [31.88879202800007, -17.059000884999932], [31.8886240330001, -17.059233902999893], [31.88845203799997, -17.059545927999977], [31.886524093000105, -17.061396074999948], [31.886196102000042, -17.061467080999932], [31.885532121000097, -17.061768104999885], [31.885204130000034, -17.061841109999875], [31.885118132000173, -17.061997122999912], [31.88503513500018, -17.062074128999882], [31.884869139000102, -17.062148134999973], [31.88478514200017, -17.06222614099994], [31.882622202999983, -17.063678255999946], [31.88220821500005, -17.063826267999843], [31.881382238000185, -17.064124291999974], [31.881214243000045, -17.06427730399986], [31.881050247000132, -17.064273303999983], [31.88096625000003, -17.06435130999995], [31.880884252000158, -17.064349309999955], [31.87644037800004, -17.068745657999898], [31.876270383000076, -17.068978676999905], [31.875935393000077, -17.069287700999894], [31.87568340000007, -17.069596725999872], [31.875433407000116, -17.069749737999928], [31.875265412000147, -17.06990374999998], [31.87526341200015, -17.069981755999947], [31.87518141400011, -17.06998075599995], [31.874691428000062, -17.06997075599992], [31.874365437, -17.069884748999925], [31.87411944400003, -17.06987874899994], [31.87403744600016, -17.069877748999943], [31.873957448000112, -17.069796741999937], [31.873875451000174, -17.069794741999942], [31.873630458000036, -17.069711735999817], [31.873306467000134, -17.06954572299992], [31.872984476000056, -17.06938170999996], [31.872822479999968, -17.0692997029999], [31.872578487000112, -17.06921569699989], [31.872417491000135, -17.069053683999982], [31.872253496000155, -17.069049683999935], [31.87200950300013, -17.06896567699988], [31.871517517000086, -17.068955676999963], [31.871435519000045, -17.06895367599998], [31.87135352100006, -17.068951675999813], [31.87127352400006, -17.06895067599993], [31.871109528000034, -17.06894667599994], [31.87094353300006, -17.06902268199991], [31.870779537000146, -17.06901868199992], [31.870695540000042, -17.06909568799989], [31.87061354200017, -17.06909368799984], [31.870529545000068, -17.069171693999976], [31.870363549, -17.069245699999897], [31.870035558000154, -17.069318705999876], [31.869785566000076, -17.06946871799994], [31.869621570000163, -17.069466716999955], [31.869537572000127, -17.06954372399997], [31.869520573000102, -17.069558724999922], [31.869348578000142, -17.069560724999917], [31.868957589000047, -17.069692734999933], [31.868566600000122, -17.06982374599994], [31.86804861400003, -17.070081766999976], [31.86778662200004, -17.070210776999886], [31.86752762900005, -17.070340786999907], [31.867138640000064, -17.07059680699996], [31.866877648000184, -17.07072581799997], [31.866487659000143, -17.070983837999904], [31.866360662000034, -17.07111184799993], [31.866098669999985, -17.071240858999943], [31.865972673000158, -17.071492878999948], [31.865843677000157, -17.071620888999973], [31.858717879000096, -17.077127325999925], [31.85820089400005, -17.077639365999914], [31.857813905000114, -17.078020396999932], [31.85742691600018, -17.0784034269999], [31.857037927000192, -17.078661446999945], [31.856518941000104, -17.0790444779999], [31.856129952000117, -17.079302497999947], [31.85587396000011, -17.07968152799998], [31.85561696700006, -17.08006355899994], [31.855228978000184, -17.08044658899985], [31.854971985000134, -17.08082861899993], [31.85458499600003, -17.081209648999902], [31.853812018000042, -17.08222872999994], [31.853688022000085, -17.082731769999896], [31.853562026000134, -17.083111799999926], [31.85356402600013, -17.08317280499989], [31.853484028000082, -17.08330581499996], [31.853396030000056, -17.08354083399996], [31.85338903100012, -17.083855858999925], [31.853301033000093, -17.08408987699994], [31.85329503400004, -17.084326895999936], [31.85321003600012, -17.084560913999894], [31.85320603600013, -17.084719926999924], [31.853198037000084, -17.08503395199989], [31.853196037000146, -17.085112957999854], [31.85319403700015, -17.085192963999873], [31.85327103500009, -17.08543098299998], [31.853267035000158, -17.08558699499997], [31.853343033000044, -17.085826013999963], [31.85334103300005, -17.08590401999993], [31.853339033000054, -17.08598402699988], [31.853421031000096, -17.085986026999876], [31.8534190310001, -17.086064032999957], [31.853417031000106, -17.08614203899998], [31.853498029000036, -17.08622304599993], [31.853578026000037, -17.086305051999886], [31.853658024000083, -17.086385057999962], [31.85373802200013, -17.08646506499997], [31.853896017000125, -17.08670508399996], [31.854058013000042, -17.086787089999973], [31.854136011000094, -17.086947102999886], [31.854297006000024, -17.087108114999978], [31.854375004000076, -17.08726812799989], [31.854455002000122, -17.087348133999967], [31.85453500000017, -17.08742813999993], [31.854533000000174, -17.08750814699988], [31.854610998000055, -17.08766615899998], [31.85469199500011, -17.08774716599993], [31.854851990999975, -17.087909177999904], [31.855007987000135, -17.088227202999974], [31.85516598200013, -17.088468221999904], [31.855162983000127, -17.08862423499994], [31.85514898300005, -17.08917527799997], [31.855146983000054, -17.089255284999922], [31.855143983000175, -17.08949230299993], [31.855057986000077, -17.089646314999868], [31.854971988000045, -17.08980332799996], [31.854885991000174, -17.089959339999893], [31.854717996000034, -17.09011235199995], [31.85455000000013, -17.090266364999934], [31.854465003000143, -17.090423376999922], [31.85413301200009, -17.090651394999895], [31.853963017000183, -17.09088441299997], [31.853795022000043, -17.091039425999952], [31.85370902400018, -17.091195437999943], [31.85342303300007, -17.09292357499993], [31.85341903300008, -17.093080586999974], [31.853410033000046, -17.093553623999924], [31.853324036000117, -17.09370963699996], [31.853236038000148, -17.093944654999973], [31.853148041000054, -17.094178673999977], [31.852973046000045, -17.09464771099988], [31.85272305300009, -17.094878728999902], [31.851691083000105, -17.096906889999843], [31.85152208800008, -17.09713890799992], [31.85143609000005, -17.09737392699992], [31.85135009300018, -17.097527938999974], [31.85134609300019, -17.09763494699996], [31.850499117000084, -17.09875103599984], [31.85050111700008, -17.099001054999917], [31.85050511700007, -17.09925307499998], [31.850379121000117, -17.0996321049999], [31.850255124000057, -17.10013814499996], [31.8501311280001, -17.100643184999967], [31.8497481390001, -17.10140424499997], [31.84962414299997, -17.101910284999917], [31.849370150000027, -17.10241532499998], [31.849244154000075, -17.102795354999955], [31.84911815700002, -17.103174384999875], [31.84899016100013, -17.10342840499993], [31.84886316500007, -17.10368242499993], [31.848605172000134, -17.104061454999908], [31.848479176000183, -17.10444148499994], [31.847966190000193, -17.105204545999925], [31.847709198000075, -17.105585575999896], [31.84745120500014, -17.105839595999953], [31.847323209000024, -17.106092615999955], [31.847066215999973, -17.106474645999924], [31.84694022000008, -17.106853675999957], [31.846684227000083, -17.107235706999916], [31.84642723400009, -17.10761473699995], [31.846040245000097, -17.107998766999913], [31.845782253000095, -17.10837979699994], [31.845395264000103, -17.10876182699991], [31.84526726700011, -17.10901484699997], [31.84513827100011, -17.109142857999927], [31.845010275000163, -17.10927086799984], [31.844882278000114, -17.109524887999896], [31.844623286, -17.10977990799995], [31.844365293000067, -17.110033927999893], [31.844239297000115, -17.11041395799998], [31.843854308000175, -17.11092299799992], [31.84359631500007, -17.11130402899994], [31.843211326000073, -17.11181206899994], [31.84295633300019, -17.112319108999884], [31.842698341000187, -17.11270013899997], [31.841926363000084, -17.113717219999955], [31.841538374000038, -17.11410024999992], [31.841283381000153, -17.11460628999987], [31.841027388000043, -17.114987319999955], [31.840770396000096, -17.115369349999924], [31.84051240300016, -17.11562336999998], [31.840253410000116, -17.115878390999967], [31.840127414000165, -17.11625842099994], [31.839871421000055, -17.11663945099997], [31.839744425, -17.116893470999912], [31.839618429000097, -17.117272500999945], [31.839490432000048, -17.117524520999893], [31.839232440000046, -17.117906550999976], [31.83897744700016, -17.11828758099989], [31.838588458, -17.11867061199996], [31.83820146900007, -17.119052641999872], [31.838073473000122, -17.11930666199993], [31.837815480000188, -17.119561681999983], [31.837556488000075, -17.11981770199992], [31.83729849500014, -17.12007072199998], [31.83704150200009, -17.12045275299988], [31.83665251300016, -17.12070977299993], [31.836392521000164, -17.12096379299993], [31.836003532, -17.121221813999966], [31.83561254300008, -17.121352823999928], [31.83535555000003, -17.121606843999928], [31.8349665610001, -17.121863864999966], [31.834706568000172, -17.122119884999904], [31.834449576000054, -17.12237390499996], [31.834060587000124, -17.122630924999896], [31.83379859400003, -17.122760935999906], [31.83354160100015, -17.12301595599996], [31.833411605000038, -17.123141965999935], [31.833417605000193, -17.123519995999914], [31.833419605000188, -17.12377201599992], [31.83342860500005, -17.124527074999946], [31.833434605000036, -17.124905104999982], [31.83356860100008, -17.125155124999935], [31.83357160100013, -17.125406144999943], [31.833707598000103, -17.125784173999875], [31.833714597999972, -17.126288213999942], [31.835095560000013, -17.1301105149999], [31.83509456000013, -17.130198521999887], [31.835082561000092, -17.13067155999994], [31.835076561000164, -17.130985583999916], [31.83506756100013, -17.131350612999938], [31.834962564000023, -17.131558629999972], [31.834834568000133, -17.131811649999975], [31.834706572000186, -17.132065669999918], [31.834579575000078, -17.132319689999974], [31.834323583000184, -17.13270071999989], [31.83419558600019, -17.13295273999995], [31.834067590000075, -17.133205759999953], [31.83380859700003, -17.13333576999986], [31.83368060100014, -17.133589789999917], [31.833421608000094, -17.13384481099996], [31.833163616000036, -17.134224840999877], [31.832906623000042, -17.13448086099993], [31.832648630000108, -17.1348618909999], [31.83252063400016, -17.135115910999957], [31.83253063400008, -17.135744960999887], [31.832536634000064, -17.13624899999985], [31.83267163000005, -17.136499019999917], [31.832805627000027, -17.13674803999993], [31.83293862300019, -17.136998058999836], [31.833074619000058, -17.137248078999903], [31.833205616000157, -17.13737208899994], [31.833735601000058, -17.137870127999975], [31.833999594000147, -17.137992137999902], [31.834264586000188, -17.138240156999927], [31.834399582000174, -17.138490176999937], [31.834929568000177, -17.138988215999916], [31.835061564000057, -17.139112225999952], [31.83532655700003, -17.139360244999978], [31.83572354600011, -17.139606263999895], [31.83624953100002, -17.139852283999915], [31.836778516000038, -17.14022231299998], [31.837043509000182, -17.140470331999893], [31.837438498000097, -17.140592341999934], [31.837571494000088, -17.140842360999955], [31.837834487000066, -17.140964370999825], [31.838231476000146, -17.141210389999912], [31.838496468000073, -17.141460409999922], [31.838893457000154, -17.141706428999953], [31.839286446000074, -17.141826437999896], [31.839684435000038, -17.142200467999942], [31.839837431000092, -17.142270472999883], [31.83989442899997, -17.14228547399989], [31.839973427000132, -17.14234547899997], [31.84021342000017, -17.14257049699995], [31.840476413000033, -17.14269250599989], [31.84053741100007, -17.14269250599989], [31.840722406, -17.142816515999925], [31.840739406000182, -17.142816515999925], [31.84087140200012, -17.142814515999873], [31.841002398000114, -17.14281251599988], [31.841002398000114, -17.14293852599991], [31.841136395000092, -17.143062534999956], [31.841270391000137, -17.143312554999966], [31.841403387000128, -17.14343656499983], [31.841670380000096, -17.143809593999947], [31.84193737300012, -17.144183623999822], [31.842202365000162, -17.14455965299993], [31.842204365000157, -17.14468566299996], [31.842910346000053, -17.14539471899991], [31.843930317000172, -17.146424799999977], [31.84446030300012, -17.146920838999904], [31.844724295000105, -17.14704484799995], [31.84512028400013, -17.14729086799997], [31.845647269000096, -17.147534886999892], [31.84630925100015, -17.148030925999933], [31.84683923600005, -17.148526964999917], [31.84736722200006, -17.14889899399998], [31.8476322140001, -17.14914701299989], [31.847768211000073, -17.14952304299993], [31.847901207000064, -17.149773062999884], [31.8480392030001, -17.15027410199997], [31.848042203000034, -17.150526121999974], [31.84804420300003, -17.15065213199989], [31.8480461420001, -17.15077426099998], [31.848050203000128, -17.151030161999927], [31.847919207000132, -17.15103216199998], [31.847659214000032, -17.15116117199983], [31.847661214000027, -17.151287181999976], [31.847398222000095, -17.15129118199991], [31.84740022200009, -17.15141719199994], [31.84714022900016, -17.1515452029999], [31.846881236000172, -17.151800222999952], [31.84675124000006, -17.151802222999947], [31.84649024700002, -17.151932232999968], [31.84623225500019, -17.152188253999896], [31.846103258000085, -17.15231326299994], [31.845843266000088, -17.15256928399998], [31.845584273000043, -17.152699293999888], [31.84532528, -17.152954313999942], [31.84506528800017, -17.153084324999952], [31.844804295000188, -17.153086324999947], [31.844806295000126, -17.153212334999978], [31.844674299000076, -17.153214334999973], [31.84454430200003, -17.15334134499983], [31.84428331000015, -17.153345344999877], [31.844153313000106, -17.153473355999893], [31.844024317000105, -17.153475355999888], [31.84376232400018, -17.153603365999913], [31.843501332000073, -17.153607365999903], [31.84285135000016, -17.153866386999937], [31.842404363000185, -17.15395839399997], [31.842324365000138, -17.15400539799998], [31.841992374000142, -17.154156409999928], [31.841498388000105, -17.15430342199994], [31.840346421000106, -17.15443443299995], [31.840096428000095, -17.15466545099997], [31.839931432000128, -17.154741456999943], [31.839765437000153, -17.154816462999918], [31.83959944200018, -17.154892468999833], [31.839349449, -17.155043480999893], [31.83918345400008, -17.15511948699998], [31.834731580000096, -17.157938710999815], [31.834729580000158, -17.158016716999953], [31.834647582000116, -17.158014716999958], [31.834565584000075, -17.15801371699996], [31.834319591000053, -17.15800971599998], [31.834071598000037, -17.158081721999906], [31.833825605000015, -17.158156727999824], [31.83349761400018, -17.158148727999958], [31.83316562400006, -17.158299739999904], [31.83275363500013, -17.158367744999964], [31.832425645, -17.158362744999977], [31.83217765200004, -17.158434750999902], [31.83193165900019, -17.15850875699988], [31.831601668000133, -17.15857976199993], [31.831351675000178, -17.158732773999873], [31.831101682000167, -17.15888478599993], [31.830935687000192, -17.158959791999905], [31.830688694000116, -17.159033797999825], [31.8304407010001, -17.159184809999886], [31.830356703000064, -17.159262816999956], [31.828195764000043, -17.16047591299997], [31.828031769000063, -17.16047191299998], [31.827865773000042, -17.160547918999953], [31.827371787000175, -17.160694929999977], [31.82704179700005, -17.16076593599996], [31.826709806000054, -17.16091694799985], [31.826461813000037, -17.160990953999942], [31.826211820000026, -17.161143965999884], [31.82615082200016, -17.161255974999904], [31.826062824000132, -17.16129597799994], [31.82596182700007, -17.161293977999946], [31.82231493, -17.163028115999907], [31.82190094200007, -17.163177127999973], [31.82156995100013, -17.16332713999998], [31.821155963000137, -17.16347615199993], [31.820661977000157, -17.163623162999954], [31.82024998900016, -17.163692168999944], [31.820081993000088, -17.16384618099994], [31.81999999600015, -17.163844180999945], [31.819915998000113, -17.163921186999914], [31.819834000000128, -17.16391918699992], [31.813194188000125, -17.167321456999957], [31.812782200000186, -17.167470468999966], [31.812370211000086, -17.167539474999955], [31.81204022100013, -17.16761148099988], [31.81179122800006, -17.167764492999936], [31.811625231999983, -17.167838498999913], [31.811459237000065, -17.167913504999945], [31.81129324200009, -17.167989510999973], [31.811127246000183, -17.16814352299997], [31.804058446000113, -17.17231585399992], [31.803976449000174, -17.172313853999924], [31.803892451000138, -17.17239185999989], [31.803724456000168, -17.172544871999946], [31.803556461000028, -17.17269888399983], [31.803389465000066, -17.172931902999835], [31.803305468000133, -17.173007908999978], [31.80321947000016, -17.17316492099991], [31.80305147500019, -17.17331893399995], [31.802801482000177, -17.17347194599995], [31.802631487000042, -17.173703963999856], [31.802382494000142, -17.173854975999916], [31.802212499000063, -17.174087993999933], [31.801535518000094, -17.174824052999895], [31.80148952000019, -17.174917059999927], [31.801363523000134, -17.175295089999963], [31.801235527000188, -17.17554910999985], [31.800978533999967, -17.175930139999934], [31.800850538000077, -17.176184159999877], [31.80059154500003, -17.17644017999993], [31.80033355300003, -17.17669319999993], [31.799946564000038, -17.177077230999885], [31.799555575000113, -17.177334250999934], [31.79851560400016, -17.177849291999905], [31.798124615, -17.17798130299991], [31.797731626000086, -17.17811231299993], [31.79276376600012, -17.178553349999902], [31.792631770000185, -17.178553349999902], [31.79197778800011, -17.178562349999936], [31.79145180300003, -17.178442340999936], [31.790796821000185, -17.1784523419999], [31.790535829000078, -17.178454341999952], [31.790012843000113, -17.178587352999955], [31.78936086200008, -17.178721363999955], [31.789099869000097, -17.17885037399998], [31.788706880000177, -17.178854374999958], [31.788445887000137, -17.178858374999834], [31.788183895000145, -17.17886237499988], [31.78805489800004, -17.178990384999906], [31.787924902000157, -17.179116394999937], [31.787794906000045, -17.179243404999966], [31.787664909, -17.17924540599995], [31.787537913000165, -17.17949942599995], [31.787407917000053, -17.179627435999976], [31.78714992400012, -17.180008465999947], [31.786894931000063, -17.180388495999978], [31.786635939000178, -17.18064351599992], [31.786638939000056, -17.18089553599998], [31.78637994600018, -17.181151555999918], [31.78638394600017, -17.181402575999925], [31.786123954000175, -17.181656595999982], [31.78586896100012, -17.18203862599995], [31.785481972000127, -17.18254766699988], [31.785353976000067, -17.182799686999886], [31.785095983000076, -17.18318071699997], [31.784967987000186, -17.183434736999914], [31.784840990000077, -17.183687756999916], [31.78471299400013, -17.183941776999973], [31.784584998000184, -17.184069786999885], [31.78419400900009, -17.184325806999937], [31.783675023000114, -17.18471083799983], [31.783156038000072, -17.184967857999936], [31.782636053000147, -17.185225878999972], [31.78224506400005, -17.18535688899982], [31.781983071000127, -17.18548689999983], [31.781592081999975, -17.185616909999908], [31.781331090000094, -17.185620909999898], [31.781200093000166, -17.185622910999882], [31.78110409600015, -17.185532902999967], [31.780950100000155, -17.185601908999843], [31.78086610300005, -17.18567991499998], [31.780782105000014, -17.185755920999952], [31.780618110000034, -17.185751920999905], [31.780456114000174, -17.185747920999916], [31.780208121000157, -17.185822926999833], [31.779962128000136, -17.185816925999973], [31.779878131000032, -17.185892931999945], [31.77979613300016, -17.18589093199995], [31.77971413500012, -17.185889931999952], [31.77955014000014, -17.185885931999962], [31.778394172000105, -17.185530903999904], [31.777009211000177, -17.185547905999897], [31.776485226000034, -17.185555906999923], [31.776092237000114, -17.185559906999913], [31.775960241000064, -17.185435896999934], [31.77569724800003, -17.185438897999916], [31.77490727000003, -17.185070868999958], [31.774510281000175, -17.184824849999927], [31.7739822960001, -17.18445282099998], [31.773852299000055, -17.184454820999974], [31.773326314000144, -17.18433681199997], [31.772672333000116, -17.18434481299994], [31.772018351000042, -17.184351812999978], [31.76979441400016, -17.184632835999935], [31.76940342400013, -17.184635836999917], [31.769010436000087, -17.184767846999932], [31.768750442999988, -17.184897856999953], [31.768361454000058, -17.185152877999883], [31.767839469000137, -17.18528688799995], [31.767318483000167, -17.185543908999932], [31.766667502000075, -17.18580392899986], [31.76614551600005, -17.18593693999992], [31.765754528000173, -17.18606695099993], [31.765363539000077, -17.186198960999945], [31.765102546000094, -17.186325970999974], [31.764842553000165, -17.18645598099988], [31.76458356100005, -17.186712001999922], [31.764453564000178, -17.18683901199995], [31.76419657200006, -17.18709303199995], [31.763934579000136, -17.187223041999857], [31.763677586000142, -17.18747806199991], [31.76341759400009, -17.187732082999958], [31.763030605000154, -17.188115112999924], [31.76277161200011, -17.188371132999976], [31.762513620000107, -17.188751162999893], [31.762387623000052, -17.189130192999983], [31.762130631000105, -17.189512222999895], [31.76213663100009, -17.189889252999933], [31.762010634000035, -17.190269282999907], [31.762014634000025, -17.19052130299991], [31.762017634000074, -17.19089833299995], [31.762025634000054, -17.191528381999944], [31.762160631000086, -17.19190341199993], [31.762164631000076, -17.192155431999936], [31.762170630000128, -17.192533460999925], [31.762174631, -17.192910490999964], [31.762178630000108, -17.19316251099997], [31.762181630000157, -17.193414530999917], [31.762183631000028, -17.19366655099998], [31.76218963000008, -17.194043579999914], [31.762191630000075, -17.194169589999944], [31.76219363000007, -17.194419609999954], [31.76219763000006, -17.19467162999996], [31.762069634000113, -17.194925649999902], [31.762071634000108, -17.195051659999933], [31.76194363800016, -17.195304679999936], [31.761813642000106, -17.195432689999848], [31.761685645000057, -17.195686709999904], [31.76142865300011, -17.19594172999996], [31.761298656000122, -17.196067739999876], [31.761170660000175, -17.196321759999933], [31.761041664000174, -17.19644976999996], [31.76091166700013, -17.19657678099992], [31.760913667000125, -17.19670278999996], [31.760781671000075, -17.196704790999945], [31.760654675000183, -17.19683280099997], [31.760392682000088, -17.196960810999883], [31.75805074800013, -17.198123902999953], [31.757791756000188, -17.198251913999968], [31.75726877000011, -17.198385923999865], [31.75517482900011, -17.198535936999917], [31.75308088800017, -17.19856293999993], [31.751248940000096, -17.19871195199994], [31.75085695100006, -17.198715951999816], [31.750465962000135, -17.19884696299988], [31.74981098000012, -17.19898097399988], [31.749692983000045, -17.19885296399997], [31.74969098300005, -17.19873295399998], [31.7495649870001, -17.19861294499998], [31.74931199400004, -17.198375925999926], [31.749058001000094, -17.19825791699992], [31.749058001000094, -17.198137906999932], [31.748802008000155, -17.197898888999873], [31.748299022000083, -17.197664869999983], [31.747540043000072, -17.19719183299992], [31.747286050000127, -17.19695281499986], [31.747160054000176, -17.196954814999913], [31.74703405700012, -17.19683680599985], [31.74690606100006, -17.196716795999976], [31.74665306800017, -17.196477776999814], [31.746273079000048, -17.196241758999975], [31.74589408900016, -17.19600473999992], [31.74551610000003, -17.195890730999906], [31.74538810300004, -17.195770721999907], [31.745136110000033, -17.195653712999842], [31.744885117000138, -17.19553570399995], [31.744507128000066, -17.19541969499994], [31.74375414900004, -17.195428695999965], [31.740240248000134, -17.195352690999982], [31.73999025500018, -17.195474699999863], [31.739491269000098, -17.19560271099988], [31.738989283000137, -17.195607710999923], [31.738613294000174, -17.195613711999897], [31.738363301, -17.195735721999938], [31.73823930400016, -17.195857730999933], [31.73799031100009, -17.195861731999912], [31.73799031100009, -17.19598174099997], [31.73774031800008, -17.19598574099996], [31.737488325000072, -17.195989741999938], [31.737240332000113, -17.19611175199998], [31.73711433600016, -17.196113751999974], [31.736988339000106, -17.19611575199997], [31.73686434300015, -17.196237761999953], [31.736614349999968, -17.196241761999886], [31.736363357000073, -17.19624376199988], [31.736239361000116, -17.19636577199998], [31.73611336400012, -17.19636777199986], [31.73573937500015, -17.19649378199989], [31.73511339200013, -17.19662079199992], [31.73449041000009, -17.19687081199993], [31.734240417000137, -17.19699282199997], [31.73374043100017, -17.19724084199987], [31.733492438000155, -17.197364851999907], [31.733366442000033, -17.197366851999902], [31.733116449000192, -17.19749086199988], [31.732868456, -17.197734880999974], [31.732496466000157, -17.197978899999953], [31.732247473000086, -17.198102909999875], [31.732124477000184, -17.198345928999913], [31.73175348700005, -17.198713957999928], [31.73175448700016, -17.198833967999974], [31.728527579000115, -17.20164719099995], [31.728279586000156, -17.201891209999815], [31.72803159300014, -17.202135228999907], [31.72803559300013, -17.20237624799995], [31.727911597000173, -17.202498257999935], [31.72766560400015, -17.20298429599984], [31.727421611000125, -17.20346933499991], [31.727301614000055, -17.20395337299982], [31.727179618000093, -17.20419539199986], [31.72705762100003, -17.204438410999956], [31.727062621000073, -17.20480043999993], [31.727064621000068, -17.205040458999974], [31.726942625000106, -17.205284477999896], [31.72694662500004, -17.20564550599994], [31.72682462800003, -17.205889525999964], [31.726828628000135, -17.20612954499984], [31.726832628000125, -17.206492572999935], [31.726710632000163, -17.206734591999975], [31.726713632000042, -17.206974610999964], [31.726715632000037, -17.20721762999989], [31.72671763200003, -17.207337639999878], [31.72606700600005, -17.208560848999923], [31.726006753000092, -17.208642437999913], [31.72540817100014, -17.208486027999925], [31.69602749200004, -17.2008351369999], [31.69539951000013, -17.20084213799987], [31.68651799200012, -17.201221865999855], [31.68608655000014, -17.192715793999923], [31.73221053600014, -17.161625769999944], [31.719731770000067, -17.121824984999932], [31.720771735000028, -17.11888918099993], [31.71415965200015, -17.11639529699994], [31.70763596000006, -17.11628066299994], [31.706609367000112, -17.117254894999974], [31.706099456000118, -17.117251635999878], [31.70456972400018, -17.11724184999997], [31.70405981400006, -17.11723858599987], [31.702540280000107, -17.1157576679999], [31.697957953000127, -17.11474745499993], [31.693875316000117, -17.115211544999966], [31.69083647700012, -17.112249557999917], [31.690326583000058, -17.112246259999893], [31.68930679500005, -17.112239659999886], [31.685747868000192, -17.110745410999982], [31.68475564200014, -17.106815834999907], [31.679656868000166, -17.106782652999925], [31.677104021000048, -17.107256381999946], [31.673534881000137, -17.107233031999897], [31.673531408000144, -17.10772339999994], [31.673527935000095, -17.10821376699994], [31.673018055, -17.108210425999914], [31.673014581000075, -17.10870079299991], [31.671994819000076, -17.108694106999906], [31.668945994000183, -17.107202919999963], [31.6633408670001, -17.10667560899998], [31.661322402000167, -17.103719947999934], [31.65873445400007, -17.109097086999952], [31.656698457000118, -17.108593201999895], [31.65261944500014, -17.108566098999972], [31.650587008000116, -17.10757179199993], [31.651111007, -17.10561373899992], [31.650105407000126, -17.103645492999874], [31.647549017000188, -17.10460920999998], [31.646030057000075, -17.10312790399996], [31.6455201980001, -17.10312449399993], [31.6440119130001, -17.100172090999934], [31.63585787600016, -17.09962695799993], [31.632816677000164, -17.09715453699988], [31.630278225000097, -17.095666241999936], [31.62670218800008, -17.096622798999874], [31.62619953900014, -17.09563862699997], [31.625689704000138, -17.095635168999934], [31.62569330000008, -17.095144810999955], [31.624680828000123, -17.094157176999886], [31.6246844260001, -17.093666818999964], [31.620139274000053, -17.08775133799992], [31.61048555600013, -17.083271965999927], [31.6084645520001, -17.08080620499993], [31.604896017000158, -17.08078168299994], [31.601855549000106, -17.07830884499998], [31.595243066000023, -17.07630163399989], [31.59118326800018, -17.07382158699994], [31.58506235900012, -17.07426935599989], [31.580001780000146, -17.06933023499994], [31.575923754000087, -17.06930165099982], [31.57541400100007, -17.06929807199998], [31.57490424800011, -17.069294491999926], [31.574394496000025, -17.069290910999882], [31.570807566000042, -17.071717543999966], [31.567760243000066, -17.070224930999927], [31.56518524000012, -17.07363934599988], [31.558727843000042, -17.072157628999946], [31.55856964000003, -17.072121324999955], [31.558351983000193, -17.07183021299994], [31.55794132400007, -17.07128096199989], [31.559943467000096, -17.023180714999967], [31.59399781000019, -17.0413629009999], [31.607019393000144, -17.01067914299989], [31.60716947800006, -17.009626656999956], [31.607709214000124, -17.010626538999873], [31.649908208000056, -17.01512792199992], [31.66935682900015, -17.025607022999907], [31.670961363, -17.024084038999945], [31.67125794100008, -17.024918621999973], [31.671612906, -17.02512930699993], [31.671499282000013, -17.02480956699992], [31.679215754000097, -17.011994177999895], [31.679818695000165, -17.001324775999933], [31.679191678000052, -17.000036005999902], [31.67904244700003, -16.948595259999934], [31.63886161500011, -16.94490203999993], [31.642699886000173, -16.912064342999884]]]]}}, {"type": "Feature", "properties": {"GID_3": "ZWE.4.10.9_2", "GID_0": "ZWE", "COUNTRY": "Zimbabwe", "GID_1": "ZWE.4_1", "NAME_1": "Mashonaland Central", "NL_NAME_1": "NA", "GID_2": "ZWE.4.10_2", "NAME_2": "Shamva", "NL_NAME_2": "NA", "NAME_3": "Ward 17", "VARNAME_3": "NA", "NL_NAME_3": "NA", "TYPE_3": "Ward", "ENGTYPE_3": "Ward", "CC_3": "NA", "HASC_3": "NA", "id": "ZWE.4.10.9_2", "name": "Ward 17"}, "geometry": {"type": "MultiPolygon", "coordinates": [[[[31.49507791100018, -17.270660278999856], [31.495079165999982, -17.270492693999927], [31.495080166000093, -17.27022567299997], [31.495084166000083, -17.269823641999892], [31.49508816500014, -17.269422609999936], [31.495090165000136, -17.269289598999933], [31.495090165000136, -17.26915558899998], [31.494611175000102, -17.260594914999956], [31.494613175000097, -17.2604609039999], [31.494613175000097, -17.260327893999886], [31.49447817900011, -17.260058872999934], [31.49448217800017, -17.259524830999965], [31.494483178000053, -17.259255809999843], [31.494348182000124, -17.258988788999943], [31.494352182000057, -17.25858675699982], [31.494354182000052, -17.25831873599992], [31.49435818100011, -17.257784693999895], [31.494361181000045, -17.257384661999936], [31.49422618500006, -17.25711564099987], [31.494228185000054, -17.25684861999997], [31.49423218400011, -17.25631257799995], [31.494249183000193, -17.25444143099992], [31.494253183000126, -17.254040398999962], [31.49425518300012, -17.25377337799989], [31.494258182000124, -17.253371345999938], [31.49440017800015, -17.253106324999976], [31.494403178000027, -17.2527032939999], [31.494407178000188, -17.25230326199994], [31.494411177000075, -17.251902230999974], [31.494554172999983, -17.2515021989999], [31.494558173000144, -17.250968156999875], [31.49456017300014, -17.250834145999875], [31.494562173000133, -17.250701135999975], [31.49456417300013, -17.250432114999853], [31.494705169000042, -17.25030010399996], [31.494705169000042, -17.25016609399995], [31.49470716800016, -17.25003308299995], [31.49470716800016, -17.24989907299988], [31.4947091680001, -17.24976606199988], [31.49471416800003, -17.24923001999997], [31.494716167999968, -17.248962998999957], [31.494859164000104, -17.248561966999944], [31.49486316300016, -17.248027924999974], [31.494865163000156, -17.24789491499996], [31.494865163000156, -17.247760903999904], [31.49486716300015, -17.24762789399989], [31.49513215500002, -17.246864833999837], [31.49513215500002, -17.246732822999945], [31.494997159000036, -17.24673082299995], [31.495367848000114, -17.20537252899993], [31.496005626999988, -17.205427442999905], [31.535026442000174, -17.2111390149999], [31.587132063000126, -17.215467759999967], [31.60719941000019, -17.22308097599995], [31.64477831199997, -17.212041024999905], [31.668619769000088, -17.205032455999913], [31.68601721200008, -17.202508915999942], [31.686036374000082, -17.201542444999973], [31.686042326, -17.20124219099995], [31.68651799200012, -17.201221865999855], [31.69539951000013, -17.20084213799987], [31.69602749200004, -17.2008351369999], [31.72540817100014, -17.208486027999925], [31.726006753000092, -17.208642437999913], [31.726084650000075, -17.20869974699997], [31.72413370600009, -17.211346956999876], [31.724009710000132, -17.211468965999927], [31.724011710000127, -17.211588975999916], [31.723889713000062, -17.211830994999957], [31.723765717000106, -17.21195400499994], [31.723642720000157, -17.21219802399986], [31.723520724000025, -17.2124400429999], [31.72327273100018, -17.212684061999937], [31.723150734000114, -17.213046090999967], [31.723028738000153, -17.213291109999886], [31.723032738000143, -17.21365113899992], [31.722910741000078, -17.213893157999962], [31.722916741000063, -17.214376195999876], [31.722918741000058, -17.214496204999932], [31.722920741000053, -17.214618214999916], [31.722923741000102, -17.21497924299996], [31.722925741000097, -17.215101252999887], [31.722927741000092, -17.215221261999886], [31.72280174500014, -17.21522326199988], [31.72267774800008, -17.215345271999922], [31.72261468500011, -17.215476682999963], [31.722603719000062, -17.21562049399995], [31.72297117700009, -17.21590642399991], [31.722731179000164, -17.216032593999955], [31.718839690000152, -17.218078328999923], [31.716104532000145, -17.216742018999867], [31.711972956000068, -17.218913775999965], [31.708771313000113, -17.218893268999977], [31.70601481800003, -17.220634081999947], [31.703730978000067, -17.220179762999976], [31.701895324000077, -17.221047188999933], [31.70096520700008, -17.223239322999916], [31.702794754000024, -17.22325112199991], [31.70506638200004, -17.225463883999964], [31.705511531000013, -17.22722525599994], [31.703675812000085, -17.22809269399994], [31.701830866000023, -17.230278933999898], [31.70182165500006, -17.23159775399995], [31.701806301000033, -17.233795786999963], [31.70179401600018, -17.235554211999954], [31.701781729000174, -17.237312637999935], [31.699031046000187, -17.238174117999904], [31.69536549200012, -17.239029625999933], [31.687094580000064, -17.244251293999923], [31.687091472000134, -17.244690897999817], [31.68570982800003, -17.24600074199992], [31.683876954000084, -17.24642837599987], [31.68250463300018, -17.246419387999936], [31.68021118400003, -17.247283591999917], [31.67836890000018, -17.249029978999943], [31.675624227000185, -17.249011915999915], [31.673778744000174, -17.251197856999966], [31.67603150300016, -17.256048546999864], [31.676018957000167, -17.257806950999964], [31.674176524000018, -17.25955328799995], [31.671876583000085, -17.261296580999954], [31.667752998000026, -17.262148519999982], [31.665008143000023, -17.26213029799993], [31.662708089000148, -17.26387347799988], [31.661332478000134, -17.264303934999816], [31.65904507800002, -17.264288677999957], [31.65721515900009, -17.264276453999855], [31.655375681000123, -17.26558300399995], [31.653545752000127, -17.26557074599998], [31.651712629000087, -17.26599806699994], [31.649876299000027, -17.266864965999957], [31.649535434000143, -17.267981699999893], [31.650314585000046, -17.269505615999947], [31.649847491000116, -17.270821326999965], [31.649838128000113, -17.272107054999935], [31.648712514000067, -17.273984784999925], [31.648676896000154, -17.27404420199997], [31.648445697000113, -17.27402043099994], [31.64708007100012, -17.273880017999886], [31.643887212000152, -17.272539628999937], [31.639292882000177, -17.275146238999923], [31.63699243800005, -17.2768890939999], [31.63516241200017, -17.276876659999857], [31.632881366000106, -17.27598190999987], [31.632433593000087, -17.274660017999963], [31.631074078000097, -17.272892295999952], [31.63108057000011, -17.272013111999968], [31.629730832000178, -17.268926605999923], [31.62836813000007, -17.26759846199991], [31.626998939000032, -17.267149492999977], [31.621973189000187, -17.26623584699996], [31.621064771000192, -17.265350385999966], [31.62090198300001, -17.26519814799991], [31.61924972600019, -17.26615958799988], [31.614656843000034, -17.265745904999847], [31.610539573000096, -17.265717464999966], [31.607781529000135, -17.26745681099993], [31.60595161900011, -17.26744411699991], [31.60366423300019, -17.267428226999925], [31.600478483000188, -17.26520800399993], [31.597286163000035, -17.263866907999898], [31.59455135600018, -17.262528964999944], [31.590891654000018, -17.26250332799998], [31.58677114799997, -17.262913990999834], [31.5840095960001, -17.265092580999976], [31.582620396000095, -17.267280816999914], [31.57940798800007, -17.268576939999946], [31.5775780890001, -17.26856398799987], [31.57421137400013, -17.268540112999915], [31.573003348000043, -17.26853153299993], [31.572545874000184, -17.26852828199992], [31.570261897000137, -17.26807242999996], [31.568360562000123, -17.268069834999835], [31.565229488, -17.268065521999915], [31.563846861000115, -17.269374450999976], [31.561999920000176, -17.271559251999975], [31.558343510000157, -17.271093429999894], [31.556056126000044, -17.271076994999873], [31.553775603000076, -17.270181377999904], [31.551935409000066, -17.27148692199995], [31.549641148000035, -17.272349566999935], [31.547821566000152, -17.271017610999934], [31.545558331, -17.267924024999957], [31.54281698800014, -17.26746455199992], [31.539139956000156, -17.269635838999932], [31.539133029000027, -17.27051498799989], [31.53912263800015, -17.271833711999932], [31.53683179500007, -17.272256630999948], [31.535001894000118, -17.272243287999913], [31.53408694400008, -17.27223660999988], [31.532257045000108, -17.27222324199994], [31.530427148000115, -17.272209856999893], [31.528122328, -17.274390963999963], [31.52629241300002, -17.274377539999932], [31.52445550100009, -17.275243242999977], [31.52446249900015, -17.274364098999968], [31.52355104500009, -17.273917800999982], [31.522643098000174, -17.273031927999966], [31.52081670800004, -17.27257888399987], [31.51944077900015, -17.273008339999876], [31.51852231900017, -17.27344116099988], [31.518976281000107, -17.273884106999958], [31.515770433000057, -17.274300027999914], [31.515316478000045, -17.273857075999956], [31.515323520000095, -17.27297793599996], [31.514876611000147, -17.271655842999962], [31.51214238000017, -17.270316814999944], [31.51031251800009, -17.27030324899988], [31.507103185, -17.271158602999947], [31.503443456000184, -17.271131359999913], [31.501156128000105, -17.27111429899992], [31.49932626800006, -17.271100631999957], [31.49507791100018, -17.270660278999856]]]]}}, {"type": "Feature", "properties": {"GID_3": "ZWE.4.10.10_2", "GID_0": "ZWE", "COUNTRY": "Zimbabwe", "GID_1": "ZWE.4_1", "NAME_1": "Mashonaland Central", "NL_NAME_1": "NA", "GID_2": "ZWE.4.10_2", "NAME_2": "Shamva", "NL_NAME_2": "NA", "NAME_3": "Ward 18", "VARNAME_3": "NA", "NL_NAME_3": "NA", "TYPE_3": "Ward", "ENGTYPE_3": "Ward", "CC_3": "NA", "HASC_3": "NA", "id": "ZWE.4.10.10_2", "name": "Ward 18"}, "geometry": {"type": "MultiPolygon", "coordinates": [[[[31.47099055700005, -17.27228009199996], [31.470618774000116, -17.272634977999815], [31.47469012, -17.274137413999938], [31.475710993000177, -17.274145166999972], [31.478773615000136, -17.274168396999926], [31.480815365000126, -17.27418385699997], [31.48336755600019, -17.274203152999974], [31.484902881000096, -17.27372425599998], [31.486956643000042, -17.272268272999952], [31.49055763700011, -17.268861936999826], [31.492607315000043, -17.267896349999944], [31.494142568000143, -17.267417374999923], [31.493600268000193, -17.271337243999824], [31.495067167000173, -17.271829798999875], [31.495069167000167, -17.271560777999923], [31.495071167000162, -17.271427767999853], [31.49507516600005, -17.270893725999883], [31.495077166000044, -17.270759714999883], [31.49507791100018, -17.270660278999856], [31.49932626800006, -17.271100631999957], [31.501156128000105, -17.27111429899992], [31.503443456000184, -17.271131359999913], [31.507103185, -17.271158602999947], [31.51031251800009, -17.27030324899988], [31.51214238000017, -17.270316814999944], [31.514876611000147, -17.271655842999962], [31.515323520000095, -17.27297793599996], [31.515316478000045, -17.273857075999956], [31.515770433000057, -17.274300027999914], [31.518976281000107, -17.273884106999958], [31.51852231900017, -17.27344116099988], [31.51944077900015, -17.273008339999876], [31.52081670800004, -17.27257888399987], [31.522643098000174, -17.273031927999966], [31.52355104500009, -17.273917800999982], [31.52446249900015, -17.274364098999968], [31.52445550100009, -17.275243242999977], [31.52629241300002, -17.274377539999932], [31.528122328, -17.274390963999963], [31.530427148000115, -17.272209856999893], [31.532257045000108, -17.27222324199994], [31.53408694400008, -17.27223660999988], [31.535001894000118, -17.272243287999913], [31.53683179500007, -17.272256630999948], [31.53912263800015, -17.271833711999932], [31.539133029000027, -17.27051498799989], [31.539139956000156, -17.269635838999932], [31.54281698800014, -17.26746455199992], [31.545558331, -17.267924024999957], [31.547821566000152, -17.271017610999934], [31.549641148000035, -17.272349566999935], [31.551935409000066, -17.27148692199995], [31.553775603000076, -17.270181377999904], [31.556056126000044, -17.271076994999873], [31.558343510000157, -17.271093429999894], [31.561999920000176, -17.271559251999975], [31.563846861000115, -17.269374450999976], [31.565229488, -17.268065521999915], [31.568360562000123, -17.268069834999835], [31.56593995000003, -17.271528986999954], [31.56656791600011, -17.272471121999956], [31.56517165200006, -17.275538376999975], [31.56697781700018, -17.27862850599996], [31.566520319000176, -17.27862523899995], [31.564669901000173, -17.281249636999917], [31.55824776000003, -17.28340161699998], [31.55550271800007, -17.283381875999964], [31.552750811000067, -17.2842412519999], [31.551832358000183, -17.284674226999925], [31.55001264400005, -17.283342282999968], [31.54772511800013, -17.283325740999942], [31.546345704000032, -17.284194953999815], [31.54449840700005, -17.2863795639999], [31.544027073000166, -17.288134543999888], [31.542197009000063, -17.288121254999965], [31.540366947000166, -17.288107948999937], [31.54036348300008, -17.288547522999977], [31.5385334180001, -17.288534199999845], [31.53533080800014, -17.288510843999973], [31.534405341000024, -17.289822879999974], [31.53392346000004, -17.292896545999895], [31.534817638000106, -17.295540668999934], [31.537064504000057, -17.300080878999893], [31.5370609900001, -17.300525379999897], [31.53729232700016, -17.300527066999962], [31.536596558000042, -17.30074425299989], [31.53568749300007, -17.301261797999814], [31.53840499800009, -17.304798413999947], [31.53655043300006, -17.307862067999963], [31.533805054000027, -17.307842003999895], [31.531059679000123, -17.307821900999897], [31.529229432000136, -17.30780847899996], [31.526931122000065, -17.309110388999954], [31.5246397950001, -17.30953312999992], [31.525107875000117, -17.30821778699982], [31.5232916650001, -17.30644603099995], [31.521461437000028, -17.306432537999967], [31.51962769300019, -17.306858598999952], [31.515956658000107, -17.308150234999914], [31.51320070000014, -17.309448590999978], [31.510909350000077, -17.30987117199993], [31.507231109000145, -17.31204177199993], [31.50445370700004, -17.31597739299997], [31.503059621000148, -17.318604532999927], [31.50162985300011, -17.325627307999923], [31.49927043200006, -17.33440145599991], [31.49880843900013, -17.335357798999894], [31.498767367000085, -17.3354428209999], [31.49812015000009, -17.33547464199995], [31.49736412700014, -17.335511809999957], [31.497261130000084, -17.33551380999984], [31.496952138999973, -17.335517810999818], [31.496440153000094, -17.335523810999973], [31.49582417, -17.335528811999836], [31.495414182, -17.335532811999883], [31.49520818800005, -17.335536812999976], [31.495004193000113, -17.335637820999978], [31.493728840000188, -17.3362200439999], [31.4934323170001, -17.33635540999984], [31.492351269000153, -17.336848916999884], [31.492248271000165, -17.336947924999947], [31.491844283000148, -17.337346955999976], [31.491537292000032, -17.337546971999927], [31.490726315000188, -17.338344034999977], [31.49031832600008, -17.338646058999927], [31.49001533500018, -17.338945082999885], [31.489912338000067, -17.339044089999902], [31.48991333800018, -17.339144097999906], [31.489810341000066, -17.339144097999906], [31.489711344000114, -17.339342113999976], [31.489608347000058, -17.339441121999982], [31.489509350000105, -17.339640136999947], [31.489307355, -17.339937160999966], [31.48910736100015, -17.340334191999887], [31.489007364000145, -17.340631215999963], [31.48769340200016, -17.342518364999933], [31.48759440500004, -17.3427163799999], [31.487495408000086, -17.343014403999973], [31.48749740800008, -17.34330942699995], [31.487499408000076, -17.34340743499996], [31.48750140800007, -17.343506441999978], [31.48750140800007, -17.343605449999927], [31.48750840800011, -17.34429450399989], [31.4875124080001, -17.344589526999982], [31.487514408000095, -17.344788542999936], [31.487619405000146, -17.344982557999913], [31.48762140500014, -17.34508156599992], [31.48762140500014, -17.34518057399987], [31.487623405000136, -17.345377588999895], [31.487627405000126, -17.345673612999974], [31.48752740800012, -17.345970635999947], [31.487426411000172, -17.346168651999903], [31.48732741400005, -17.346367666999924], [31.487226416000055, -17.346563682999886], [31.487127419000103, -17.346762698999953], [31.4869234250001, -17.346863706999955], [31.4869234250001, -17.34696271399997], [31.486820428000044, -17.34696271399997], [31.486719431000097, -17.346964714999956], [31.48661643400004, -17.347063721999973], [31.486515437000094, -17.347065722999957], [31.486412440000038, -17.347065722999957], [31.486206445000107, -17.347069722999947], [31.48610344800005, -17.347069722999947], [31.48600145100005, -17.347071722999942], [31.486000451000166, -17.34697171499994], [31.485794457000168, -17.346876707999968], [31.484249500000146, -17.346399670999915], [31.484249500000146, -17.34630266299996], [31.48414450300004, -17.346105647999934], [31.482467549000035, -17.343069409999885], [31.48225955500004, -17.34287439399992], [31.482053560000168, -17.342777386999956], [31.481845566000175, -17.34258337199998], [31.48174256900012, -17.34248536399997], [31.48153657500012, -17.342487363999965], [31.481435578000173, -17.34248936499995], [31.481330581000122, -17.342392356999937], [31.481126586000187, -17.34239435699982], [31.48092059200019, -17.34239635699987], [31.480817595000133, -17.34239835799997], [31.48071459800002, -17.34239835799997], [31.480304609000143, -17.34240135799996], [31.477245696000068, -17.344112493999944], [31.477247696000063, -17.344210500999964], [31.47704370200006, -17.344311508999965], [31.47694270500017, -17.344410516999915], [31.476839708000057, -17.34441251699991], [31.47663671300006, -17.344610532999866], [31.47643271900006, -17.34471154099998], [31.476329722000116, -17.344810548999874], [31.476228725000055, -17.344911556999875], [31.476127728000108, -17.345011564999936], [31.475822737000044, -17.34531058799996], [31.47561874200011, -17.345312588999946], [31.475517745, -17.345411595999963], [31.475313750999987, -17.345512603999964], [31.4750067600001, -17.345613612999898], [31.474699768000107, -17.3458166289999], [31.47429078, -17.345919636999895], [31.474086785999987, -17.346018644999845], [31.4739837890001, -17.346020644999896], [31.473882791999984, -17.34611965299996], [31.473779794, -17.34612165299984], [31.473678797000105, -17.34622066099996], [31.473472803000107, -17.346222660999956], [31.47285882, -17.34622966199987], [31.472345835000112, -17.346235661999856], [31.469390919000034, -17.348139812999932], [31.46928792200015, -17.348141812999927], [31.468978930000162, -17.348144813999966], [31.468465945000105, -17.34815081399995], [31.46826195000017, -17.348152814999935], [31.468158953000056, -17.34815481499993], [31.46816095300005, -17.34825182299994], [31.468057956000166, -17.348253822999936], [31.46795695900005, -17.3484528379999], [31.467550971000037, -17.34885086999998], [31.46735097600009, -17.34914889299995], [31.467145982000034, -17.34924990099995], [31.466943988000025, -17.349546924999913], [31.466739994000193, -17.349745940999867], [31.46664099700007, -17.34994395599989], [31.466642997000065, -17.35014197199996], [31.466542000000118, -17.35034098699998], [31.466546000000108, -17.35073401799997], [31.46718598200016, -17.352895187999934], [31.467500974000075, -17.353484233999893], [31.467914962000066, -17.353873264999947], [31.468225954000047, -17.354165286999944], [31.468330951000098, -17.354262294999955], [31.468433947999984, -17.354360302999908], [31.468433947999984, -17.354459310999914], [31.468536945000096, -17.35445730999993], [31.46853894500009, -17.35455631799988], [31.468641942000147, -17.354554317999884], [31.468643942000142, -17.35475233299985], [31.468746939000084, -17.354850340999974], [31.468748939000022, -17.355046356999935], [31.468750939000017, -17.355145363999952], [31.468753939000123, -17.35553839499994], [31.468761939000046, -17.356229449999944], [31.46876793900003, -17.356624480999926], [31.468771940000067, -17.35701751199997], [31.468774940000174, -17.357411542999955], [31.468778940000107, -17.357806573999937], [31.469915908000075, -17.358373617999973], [31.469652592000102, -17.360241465999877], [31.465567213000043, -17.360210146999975], [31.46301385600009, -17.360190529999954], [31.461485936000145, -17.359688293999966], [31.45894488800019, -17.35819727699993], [31.45690223000014, -17.358181520999892], [31.454353023000124, -17.35767134699995], [31.452821037000035, -17.357659496999872], [31.44976119300003, -17.357145312999933], [31.446705500000064, -17.356140637999943], [31.4436415670001, -17.356116809999946], [31.442105459000175, -17.356595324999944], [31.441092439000045, -17.355606471999977], [31.43905397800006, -17.35510009099994], [31.438040983000178, -17.354111224999826], [31.438049289000162, -17.353130334999946], [31.43601918300004, -17.35164303499988], [31.43346181600009, -17.352113494999912], [31.43141925100008, -17.35209748299991], [31.431410909000135, -17.353078369999878], [31.43139839700018, -17.35454970099994], [31.429862279000076, -17.35502811999993], [31.427819684999974, -17.35501206899994], [31.427309037000043, -17.35500805299995], [31.427304854000113, -17.35549849499995], [31.42525807000004, -17.35597285999995], [31.425245506000067, -17.357444184999906], [31.427608098000178, -17.35876326399989], [31.427790416000164, -17.358445165999967], [31.428453073000185, -17.357495563999976], [31.42873006600007, -17.35763157499997], [31.428869062000047, -17.357766584999922], [31.429144054000062, -17.358035605999817], [31.42928105100009, -17.35830462699994], [31.42941804700007, -17.358439637999936], [31.429416047000075, -17.358706658999893], [31.429554043000167, -17.358840668999903], [31.42955204300017, -17.358975679999958], [31.429550043000177, -17.359242700999857], [31.42954804300018, -17.359376710999925], [31.42954204400013, -17.360177773999965], [31.42953804400014, -17.360579805999976], [31.42939504800006, -17.360845826999878], [31.42925405200009, -17.361112847999948], [31.429252053000027, -17.36137986899996], [31.429111057000057, -17.361510878999923], [31.428970061000143, -17.361777899999936], [31.428827065, -17.362042920999897], [31.428686069000094, -17.362309941999968], [31.4286840690001, -17.362576962999867], [31.42854107300019, -17.362977994999937], [31.428539073000024, -17.363245015999894], [31.428535074000138, -17.363646047999964], [31.428533074000143, -17.36377905799992], [31.428531074000148, -17.36391306899992], [31.428529074000153, -17.364182089999872], [31.428527074000158, -17.364315099999885], [31.428667070000188, -17.364449110999942], [31.428663070000027, -17.364716131999955], [31.428802067000106, -17.364717131999953], [31.428941063000025, -17.364719131999834], [31.429218055000035, -17.364988152999956], [31.429910036000024, -17.365261173999897], [31.43060101599997, -17.365936226999906], [31.430599017000077, -17.366203247999977], [31.430734013000063, -17.366472268999928], [31.430730013000073, -17.366873299999895], [31.430730013000073, -17.367006310999955], [31.43072901300019, -17.367140320999965], [31.430727014000126, -17.367409342999906], [31.43072501400013, -17.36754235299992], [31.430584018, -17.367674362999935], [31.430442022000136, -17.36794138399989], [31.430441022000082, -17.368074394999894], [31.430299026000057, -17.368340415999967], [31.43016003000008, -17.368473425999866], [31.430017034000173, -17.36873844699994], [31.430017034000173, -17.36887245799994], [31.429737042000113, -17.369003467999846], [31.429735042000118, -17.369137478999903], [31.429454050000118, -17.36940249999998], [31.429174058000058, -17.369534509999824], [31.428896066000164, -17.369665520999888], [31.428615074000163, -17.369930541999906], [31.428335082000103, -17.37006255199998], [31.42833308200011, -17.37019556199988], [31.428194086000133, -17.370193561999884], [31.428194086000133, -17.370327572999884], [31.428054090000103, -17.370327572999884], [31.424827182000115, -17.372972781999977], [31.424686186000145, -17.37323880299988], [31.42454519000006, -17.37337181399988], [31.424543190000065, -17.37363883499995], [31.4244001940001, -17.373905855999908], [31.42439819400016, -17.374172876999978], [31.424396194000167, -17.374306886999875], [31.424396194000167, -17.374439897999878], [31.423944209000126, -17.378045180999948], [31.423938209000028, -17.37858122299997], [31.423935209000092, -17.378982254999926], [31.42392921000004, -17.379649306999966], [31.42406620600019, -17.379918327999917], [31.42406220600003, -17.38018534899993], [31.42420220200006, -17.380321359999982], [31.424200202000122, -17.38045436999988], [31.42433719900015, -17.380723390999947], [31.424472195000135, -17.380992412999888], [31.424472195000135, -17.381125422999958], [31.424608191000175, -17.381394443999966], [31.424745188000088, -17.381661464999922], [31.424743188000093, -17.381930485999874], [31.424741188000098, -17.382064496999874], [31.424879184000133, -17.382197506999944], [31.424879184000133, -17.382331517999944], [31.424875183999973, -17.382600538999895], [31.424875183999973, -17.382733548999965], [31.42487118400004, -17.38300056999998], [31.424871185000086, -17.383134580999865], [31.424867185000153, -17.383401601999935], [31.424728189000177, -17.383401601999935], [31.424728189000177, -17.383534611999835], [31.424587193000036, -17.383666622999897], [31.424448197000117, -17.383664622999845], [31.424450197000112, -17.383531611999956], [31.42431020000015, -17.383531611999956], [31.424171204000174, -17.38339560199995], [31.423894212000164, -17.383260590999896], [31.423755216000075, -17.3832585909999], [31.42347922400012, -17.38312257999985], [31.42333922800009, -17.38312157999985], [31.422922239000115, -17.383117579999976], [31.422643247000167, -17.38311557999998], [31.422365255000045, -17.383113579999815], [31.42236325500005, -17.383246590999875], [31.422361255000112, -17.383513611999945], [31.422496252000144, -17.38378263299984], [31.422496252000144, -17.383916642999907], [31.422634248, -17.38405165399996], [31.42262824800008, -17.38458569599993], [31.42262824800008, -17.38471970599994], [31.422626248000086, -17.384986726999898], [31.422485252000115, -17.385119737999958], [31.422483253000053, -17.38525374799997], [31.422205260000055, -17.38524974799998], [31.42206726400019, -17.38511673799991], [31.421928268000045, -17.385114737999913], [31.421651276000034, -17.38497872699986], [31.42137328400014, -17.384841715999983], [31.421236287000113, -17.384707705999972], [31.421096291000026, -17.384706705999974], [31.42109829100002, -17.384572694999918], [31.420822299000122, -17.384303673999966], [31.42054530700011, -17.384166663999906], [31.420408310000084, -17.38389764199985], [31.419994322000093, -17.383493610999892], [31.419717330000083, -17.38335759999984], [31.419580333000056, -17.383088578999946], [31.41944133700008, -17.38308657899995], [31.419443337000075, -17.38295356899988], [31.4193043410001, -17.38295356899988], [31.41902734900009, -17.382815557999947], [31.418750356000032, -17.382546536999882], [31.418335368000157, -17.38240952599989], [31.417917380000176, -17.382272515999944], [31.417778384000087, -17.38227051599995], [31.417638388, -17.38227051599995], [31.41749939200008, -17.382268514999964], [31.416664415000184, -17.382260514999928], [31.416246427000033, -17.382257514999935], [31.415969435000022, -17.38225551499994], [31.41582843900011, -17.382388525999943], [31.415687442999968, -17.38252053599996], [31.415548446000116, -17.382518535999964], [31.41540745100008, -17.38278555699992], [31.415266455000165, -17.38291656699994], [31.414987462000056, -17.383048577999944], [31.414846467000018, -17.38318258799984], [31.414844467000023, -17.3833155989999], [31.414705471000104, -17.383447608999916], [31.414701471000114, -17.383714629999872], [31.414701471000114, -17.383847640999875], [31.414697471000125, -17.38411666199994], [31.41469547100013, -17.384383682999896], [31.41469347100019, -17.384517692999907], [31.41469347100019, -17.384650703999966], [31.413997491000146, -17.384645703999922], [31.41385849500017, -17.384643703999927], [31.413580503000105, -17.384507692999875], [31.413164514000073, -17.384503692999886], [31.413025518000097, -17.384502692999888], [31.413023518000102, -17.3846357029999], [31.413021518000107, -17.384769713999958], [31.412881522000077, -17.384769713999958], [31.412742526000102, -17.384767713999963], [31.412603530000183, -17.384767713999963], [31.412466534000032, -17.38463170299991], [31.412468534000027, -17.38449869299984], [31.41246953400008, -17.38423167199994], [31.412471534000076, -17.38409766099994], [31.412471534000076, -17.383962650999877], [31.4126135300001, -17.383830639999815], [31.41261452900011, -17.383563618999915], [31.4126185290001, -17.38329659799996], [31.4126185290001, -17.383163587999945], [31.412761525000178, -17.382896566999875], [31.412767525000163, -17.382228513999962], [31.412769524000055, -17.381959492999954], [31.41277152400005, -17.381825481999897], [31.41263452800007, -17.381692471999827], [31.41263452800007, -17.38155846099994], [31.412496532000034, -17.381423450999932], [31.41235753600006, -17.381421450999937], [31.412220540000078, -17.381286439999883], [31.412080544000048, -17.381286439999883], [31.411941547000026, -17.381284439999888], [31.41180255100005, -17.381284439999888], [31.411663555000132, -17.381282439999893], [31.41152255900016, -17.3814144509999], [31.411243566999985, -17.381412450999903], [31.411104571000067, -17.38141044999992], [31.41096557500009, -17.38141044999992], [31.41082557900006, -17.381408449999924], [31.410547587000167, -17.381406449999872], [31.41040859100019, -17.381404449999877], [31.41026859500016, -17.381404449999877], [31.41012959800014, -17.381402449999882], [31.409990602000164, -17.381400449999887], [31.40985160600019, -17.381400449999887], [31.409433618000094, -17.381396449999954], [31.409155625999972, -17.38139444999996], [31.40887863400019, -17.381257438999967], [31.40873963700011, -17.381257438999967], [31.408741637000105, -17.3809884179999], [31.430313603000116, -17.331124282999895], [31.432078959000137, -17.327042167999934], [31.460639155000138, -17.323940912999944], [31.469223898000166, -17.28324870799986], [31.469223898000166, -17.28311269699998], [31.469224897000174, -17.28284567599991], [31.47057585500005, -17.272295844999974], [31.47099055700005, -17.27228009199996]]]]}}, {"type": "Feature", "properties": {"GID_3": "ZWE.4.10.11_2", "GID_0": "ZWE", "COUNTRY": "Zimbabwe", "GID_1": "ZWE.4_1", "NAME_1": "Mashonaland Central", "NL_NAME_1": "NA", "GID_2": "ZWE.4.10_2", "NAME_2": "Shamva", "NL_NAME_2": "NA", "NAME_3": "Ward 19", "VARNAME_3": "NA", "NL_NAME_3": "NA", "TYPE_3": "Ward", "ENGTYPE_3": "Ward", "CC_3": "NA", "HASC_3": "NA", "id": "ZWE.4.10.11_2", "name": "Ward 19"}, "geometry": {"type": "MultiPolygon", "coordinates": [[[[31.648712514000067, -17.273984784999925], [31.649838128000113, -17.272107054999935], [31.649847491000116, -17.270821326999965], [31.650314585000046, -17.269505615999947], [31.649535434000143, -17.267981699999893], [31.649876299000027, -17.266864965999957], [31.651712629000087, -17.26599806699994], [31.653545752000127, -17.26557074599998], [31.655375681000123, -17.26558300399995], [31.65721515900009, -17.264276453999855], [31.65904507800002, -17.264288677999957], [31.661332478000134, -17.264303934999816], [31.662708089000148, -17.26387347799988], [31.665008143000023, -17.26213029799993], [31.667752998000026, -17.262148519999982], [31.671876583000085, -17.261296580999954], [31.674176524000018, -17.25955328799995], [31.676018957000167, -17.257806950999964], [31.67603150300016, -17.256048546999864], [31.673778744000174, -17.251197856999966], [31.675624227000185, -17.249011915999915], [31.67836890000018, -17.249029978999943], [31.68021118400003, -17.247283591999917], [31.68250463300018, -17.246419387999936], [31.683876954000084, -17.24642837599987], [31.68570982800003, -17.24600074199992], [31.687091472000134, -17.244690897999817], [31.687094580000064, -17.244251293999923], [31.69536549200012, -17.239029625999933], [31.699031046000187, -17.238174117999904], [31.701781729000174, -17.237312637999935], [31.70179401600018, -17.235554211999954], [31.701806301000033, -17.233795786999963], [31.70182165500006, -17.23159775399995], [31.701830866000023, -17.230278933999898], [31.703675812000085, -17.22809269399994], [31.705511531000013, -17.22722525599994], [31.70506638200004, -17.225463883999964], [31.702794754000024, -17.22325112199991], [31.70096520700008, -17.223239322999916], [31.701895324000077, -17.221047188999933], [31.703730978000067, -17.220179762999976], [31.70601481800003, -17.220634081999947], [31.708771313000113, -17.218893268999977], [31.711972956000068, -17.218913775999965], [31.716104532000145, -17.216742018999867], [31.718839690000152, -17.218078328999923], [31.722731179000164, -17.216032593999955], [31.72285174400008, -17.216257343999928], [31.728508587000135, -17.222009794999963], [31.728508587000135, -17.222129804999952], [31.73260147400015, -17.227906258999894], [31.733507449000058, -17.22918435899993], [31.734257428000035, -17.229901414999972], [31.734257428000035, -17.230019424999966], [31.735361397000133, -17.230910493999943], [31.73567438900011, -17.231106509999904], [31.736178375000065, -17.231341527999916], [31.736811357000022, -17.23169455599998], [31.73744233900004, -17.23204858299988], [31.737820329000044, -17.232165591999888], [31.73794832500016, -17.23240361099994], [31.738073322000105, -17.23240361099994], [31.7380753220001, -17.232523620999928], [31.73845731100016, -17.23288064899998], [31.738964297000166, -17.23335768599992], [31.739220290000162, -17.233716713999968], [31.739346286000057, -17.233834722999973], [31.73934828600005, -17.233954732999962], [31.739601279000112, -17.2341927519999], [31.739983269000106, -17.234549779999952], [31.740124265000077, -17.234753795999893], [31.740622251000048, -17.23515482699986], [31.74087224400006, -17.235514854999963], [31.740997241000173, -17.235753873999954], [31.741123237000124, -17.23611190199989], [31.741247234000184, -17.236351920999937], [31.74137323000008, -17.23647092999994], [31.742880190000108, -17.241497325999887], [31.74376516700005, -17.24748079699998], [31.74376516700005, -17.24760080599998], [31.743984161000014, -17.24765280999992], [31.743923163000147, -17.24788882899992], [31.74400716000008, -17.248041840999974], [31.74400716000008, -17.24811984699994], [31.744089158000122, -17.248117846999946], [31.744179156000087, -17.248268858999893], [31.74427015300006, -17.24826685899984], [31.74427415300005, -17.248353864999956], [31.744560145000094, -17.248695891999887], [31.746115102000033, -17.25110308099994], [31.746302097000182, -17.251185087999886], [31.74630409700012, -17.251273094999874], [31.746493092000037, -17.251441107999938], [31.746685086000127, -17.251698127999873], [31.747070076, -17.25221316799997], [31.747736058000044, -17.25426232999996], [31.748003051000012, -17.255080393999947], [31.748017050000044, -17.25543142199996], [31.74802205000009, -17.255606434999947], [31.748030050000068, -17.25578244899998], [31.74812704699997, -17.255955462999964], [31.748232045000123, -17.256302489999825], [31.74941101200011, -17.25846065999997], [31.749415012000043, -17.25854766699996], [31.749417012000038, -17.258635672999958], [31.749420012000144, -17.258723679999946], [31.74943401200005, -17.259074707999957], [31.749396013000023, -17.26048081899995], [31.749321016000124, -17.260922853999944], [31.748663035000106, -17.262878007999973], [31.74857503700008, -17.26297001499995], [31.748491039999976, -17.26314902899992], [31.748402042000066, -17.263239035999902], [31.748318045000133, -17.26341804999987], [31.748230047000163, -17.263509057999954], [31.74814205000007, -17.263599064999937], [31.748148050000054, -17.263775078999913], [31.747883058000127, -17.26642028699996], [31.747887058000117, -17.266508293999948], [31.747889058000112, -17.26659530099994], [31.747893058000102, -17.26668330799987], [31.74790005800014, -17.26685932099997], [31.747910057000126, -17.267122341999936], [31.748169051000104, -17.269134500999883], [31.748270048000165, -17.269394520999924], [31.748459043000082, -17.26956353399987], [31.748465043000067, -17.26973954799996], [31.74856004000003, -17.269825554999954], [31.748657037000157, -17.269996567999897], [31.748753035000107, -17.27008057499995], [31.74875703500004, -17.27016858199994], [31.748850032, -17.270254587999943], [31.74894902900013, -17.270425601999875], [31.749043027000084, -17.270509607999884], [31.74923302100018, -17.270679621999932], [31.74951601400005, -17.27093364199993], [31.75036799000003, -17.271696701999872], [31.750459987000113, -17.271692700999836], [31.750463987000103, -17.271780707999937], [31.75055498500012, -17.271776707999948], [31.75065198200008, -17.27194972099994], [31.75074997900009, -17.27212173499987], [31.750844977000156, -17.272205740999937], [31.75093997400012, -17.27229174799993], [31.750941974000114, -17.272379754999918], [31.75103797100013, -17.272462761999975], [31.751132969000025, -17.27254876799998], [31.75113496900019, -17.272636774999967], [31.751138969000124, -17.272724781999955], [31.751229966000153, -17.272720781999965], [31.75146895900008, -17.273195818999966], [31.752360935000183, -17.275026962999846], [31.75242593300004, -17.275264981999896], [31.752441933000114, -17.27530698499993], [31.752532930000086, -17.275390991999927], [31.75258492900008, -17.275488998999947], [31.75268992600013, -17.275633010999968], [31.752999917000125, -17.276118048999876], [31.753102915000113, -17.276360067999917], [31.753207912000164, -17.27655508299989], [31.75326191000005, -17.27674909799987], [31.7533669070001, -17.276992116999907], [31.753471905000083, -17.277234135999947], [31.75357490199997, -17.277428151999914], [31.75362790000014, -17.277623166999888], [31.754254883000044, -17.27903027799988], [31.754254883000044, -17.2791282849999], [31.75425688300004, -17.279273296999975], [31.754258883000034, -17.279372304999924], [31.754260882999972, -17.279517315999954], [31.754262882999967, -17.27966432699992], [31.754268883000123, -17.280102361999923], [31.754220885000052, -17.28029937799988], [31.754172886000106, -17.280543396999917], [31.754073889000153, -17.280837419999898], [31.753976892000026, -17.28108343899993], [31.753825896000137, -17.28127945499989], [31.75372689900007, -17.28147646999986], [31.75362790200012, -17.28162348199993], [31.753528905000167, -17.28177149399994], [31.753427907000173, -17.28186950099996], [31.753377909000108, -17.281968508999967], [31.75327891200004, -17.282067516999916], [31.753228913000044, -17.282164524999928], [31.753127916000153, -17.282313535999947], [31.75308091700009, -17.282460547999904], [31.752929922000078, -17.282607559999917], [31.752830925000183, -17.28275657099988], [31.752780926000185, -17.282902582999895], [31.752679929000124, -17.2830025909999], [31.75263193000012, -17.283196605999876], [31.752582932000166, -17.28329561399994], [31.752532933, -17.28339362199995], [31.752534933, -17.28349062899997], [31.752484935000155, -17.283589636999977], [31.752488935000088, -17.283930663999968], [31.75243993600003, -17.284077674999878], [31.752441936000025, -17.28422468699995], [31.75239393700008, -17.284371698999962], [31.752343939000184, -17.28451870999993], [31.752294940000127, -17.284615717999884], [31.752246942000056, -17.284812732999967], [31.752196943000115, -17.284959744999924], [31.752149945000156, -17.28510575699994], [31.752048947000105, -17.28525276799985], [31.7519489500001, -17.28544978399998], [31.75194195000006, -17.28547378599984], [31.751790955000104, -17.285773808999977], [31.751752956000075, -17.28589181899997], [31.7517429560001, -17.285903818999884], [31.75171895699998, -17.28597982499997], [31.751659959000108, -17.28609983499996], [31.75159896000008, -17.286158839999928], [31.75159896000008, -17.286217843999964], [31.75125097100016, -17.287829970999837], [31.751252971000156, -17.28794798099983], [31.751252971000156, -17.28800698499998], [31.751315969000075, -17.28800698499998], [31.751353968000103, -17.288094991999913], [31.74817905800012, -17.291191236999964], [31.74765007300016, -17.29173627999984], [31.74711608900003, -17.292106308999905], [31.744984149000175, -17.29376043999997], [31.744988149000164, -17.29384844699996], [31.744719157000077, -17.294033461999902], [31.744543162000184, -17.29421447599998], [31.744185172000073, -17.29440349099997], [31.74383018200018, -17.29467751299984], [31.743473192000124, -17.29495453399994], [31.74302720500009, -17.295232556999906], [31.740572274999977, -17.298040777999915], [31.740484277000178, -17.298132785999826], [31.740397280000025, -17.298223792999977], [31.74021928500008, -17.29840480699994], [31.74004829000006, -17.29867382799989], [31.7396913, -17.298950849999926], [31.737621359000116, -17.302272111999912], [31.737534362000076, -17.302363118999892], [31.737446364000107, -17.302455126999973], [31.737358367000184, -17.30254413399996], [31.737179372000185, -17.302640140999927], [31.736822382000128, -17.30291416299991], [31.73655538900016, -17.303099177999968], [31.736200399000097, -17.303376199999946], [31.732649500000036, -17.306220424999935], [31.732565503000103, -17.306399438999904], [31.73238450800011, -17.306493445999877], [31.73229651000014, -17.306584452999857], [31.732208513000046, -17.30667445999984], [31.73212151500013, -17.30676546799998], [31.732088516000147, -17.30678846899997], [31.731854523000095, -17.306950481999934], [31.73158753000007, -17.307135496999877], [31.73132153800009, -17.30740851799993], [31.725748697000085, -17.31243091499988], [31.725573702000077, -17.312611929999946], [31.725308709000103, -17.312884950999887], [31.725132714000154, -17.31306796599995], [31.724957718999974, -17.31324897999997], [31.72369075500012, -17.313644011999884], [31.72333276500018, -17.313831025999832], [31.723156770000116, -17.31401404099995], [31.72289177800019, -17.31428706199989], [31.72262478500005, -17.314470076999953], [31.72226979500016, -17.31474709899993], [31.721007831, -17.31522913699996], [31.718117913000185, -17.318666408999945], [31.71802991600009, -17.318758415999923], [31.717941918000122, -17.31884742299991], [31.717856921000077, -17.319027436999818], [31.717768923000108, -17.31911844399997], [31.717594928000153, -17.31938746499992], [31.71751093100005, -17.319567479999932], [31.717337936000035, -17.319835500999886], [31.717165941000133, -17.32010452199995], [31.716904948000092, -17.32046554999988], [31.716376963000187, -17.32101059399986], [31.716206968000108, -17.32136762199991], [31.716213968000147, -17.321543635999888], [31.71612697000006, -17.32163464299998], [31.716040973000133, -17.321811656999955], [31.715952975000107, -17.321903663999933], [31.715956975000097, -17.32199167099992], [31.71586697800018, -17.3220826779999], [31.715687983000066, -17.322176684999874], [31.715506988000072, -17.32218268599985], [31.711084114000073, -17.326190002999965], [31.710992116000057, -17.326194002999898], [31.710996116000047, -17.326281009999946], [31.710639126, -17.326558031999923], [31.710197139000115, -17.326924060999943], [31.70983614900007, -17.327111075999937], [31.70842518900008, -17.328477183999894], [31.708337192000158, -17.328568190999874], [31.708245195000075, -17.328572190999978], [31.708249194000132, -17.328660197999966], [31.70815819700016, -17.32866219799996], [31.7079802020001, -17.328845212999965], [31.706350248000035, -17.32925124499991], [31.70580826300005, -17.329446260999873], [31.704536299000154, -17.32966527799988], [31.703994315000102, -17.329858293999962], [31.70363932500004, -17.330134314999896], [31.703551327000184, -17.33022432299998], [31.703462330000036, -17.330315329999962], [31.703466330000026, -17.33040333699995], [31.70337833200017, -17.330495343999928], [31.703384332000155, -17.330670357999907], [31.703208337000092, -17.33085137199987], [31.703035342000078, -17.331120392999935], [31.702777349000087, -17.331569428999956], [31.702518356999974, -17.33192945699983], [31.702165367000077, -17.332293485999912], [31.70092740300015, -17.33584976599991], [31.700929403000146, -17.335936772999844], [31.700753408000082, -17.33612078699997], [31.70048841500011, -17.336392808999904], [31.700139425000145, -17.336842843999932], [31.699609440000074, -17.33730087999993], [31.699260450000168, -17.337750915999948], [31.698816463000128, -17.338118944999906], [31.698642468, -17.33838796599997], [31.69846647300011, -17.33856998099992], [31.698383475000185, -17.33874899499989], [31.69688551800016, -17.340294116999928], [31.69679852100012, -17.340383123999914], [31.69670652300016, -17.340387123999903], [31.696529528000156, -17.34056813799998], [31.696349533000102, -17.340662145999943], [31.695991544000094, -17.340851160999932], [31.695720551000136, -17.340948168999887], [31.695544556000016, -17.34112918299985], [31.695453559000043, -17.341133182999897], [31.6952745640001, -17.341226190999976], [31.695003571000143, -17.341324197999825], [31.693731607000018, -17.341543215999934], [31.69273163600019, -17.341751232999968], [31.69255264100019, -17.34184623999994], [31.69255664100018, -17.341934246999926], [31.692558640000073, -17.342022253999914], [31.69247064300015, -17.342111260999843], [31.69093168699999, -17.343746389999865], [31.690934687000095, -17.343834396999966], [31.69093668700009, -17.343922403999954], [31.69076869200012, -17.344278431999896], [31.690686694000078, -17.344545452999967], [31.690608696000027, -17.344898480999973], [31.690555698000082, -17.345161501999883], [31.69036870300016, -17.345343515999957], [31.690128710000124, -17.345701543999894], [31.689761721000025, -17.34606057299993], [31.689521727000056, -17.346416600999817], [31.68940173100009, -17.34665561999998], [31.689162738000107, -17.34736667599998], [31.689044741000032, -17.347721702999877], [31.68892674500006, -17.34807873199992], [31.688939745000027, -17.349140814999885], [31.688943745000188, -17.349495842999943], [31.688947745000178, -17.349731861999942], [31.688953745000163, -17.35020489899989], [31.688831748000098, -17.350323907999893], [31.688832748000152, -17.3504419169999], [31.68849575800016, -17.350988960999928], [31.688214765999987, -17.351442995999946], [31.687412789000177, -17.35274409899995], [31.687133797000172, -17.353196134999962], [31.68693854200012, -17.35351286699995], [31.653066230000036, -17.31265102899988], [31.653541165000036, -17.312491672999954], [31.641818823000165, -17.29552494899997], [31.65372810800011, -17.286794269999916], [31.651459639999985, -17.283474920999936], [31.65148101600016, -17.280538071999842], [31.65225851400004, -17.278707673999918], [31.65074627100006, -17.276494769999942], [31.649236738000127, -17.273914749999904], [31.648712514000067, -17.273984784999925]]]]}}, {"type": "Feature", "properties": {"GID_3": "ZWE.4.10.12_2", "GID_0": "ZWE", "COUNTRY": "Zimbabwe", "GID_1": "ZWE.4_1", "NAME_1": "Mashonaland Central", "NL_NAME_1": "NA", "GID_2": "ZWE.4.10_2", "NAME_2": "Shamva", "NL_NAME_2": "NA", "NAME_3": "Ward 2", "VARNAME_3": "NA", "NL_NAME_3": "NA", "TYPE_3": "Ward", "ENGTYPE_3": "Ward", "CC_3": "NA", "HASC_3": "NA", "id": "ZWE.4.10.12_2", "name": "Ward 2"}, "geometry": {"type": "MultiPolygon", "coordinates": [[[[31.449156067000047, -16.845520404999945], [31.498793616000057, -16.85106225999988], [31.50114176600016, -16.849728639999967], [31.500658847000068, -16.848351343999923], [31.52252224700004, -16.883436116999974], [31.52727211500013, -16.88493023299992], [31.533712937000132, -16.89315488299991], [31.533523942000045, -16.89329089299997], [31.530827017999968, -16.892582837999953], [31.53034603100008, -16.892494831999954], [31.529963042000077, -16.892500831999882], [31.52958005300013, -16.892504832999975], [31.529290061000097, -16.89241482599988], [31.52890607200004, -16.89241882599987], [31.528426085000035, -16.8924248269999], [31.52794509800009, -16.892429826999887], [31.524106206000056, -16.892382824999913], [31.52276124399998, -16.89239782599998], [31.52141828200007, -16.892412827999976], [31.520840298000053, -16.89232782199997], [31.520071319000124, -16.892334821999953], [31.51988132500003, -16.892338822999932], [31.519688330000122, -16.892340822999813], [31.511725554000122, -16.892800861999945], [31.511439562000078, -16.892988876999937], [31.511153570000033, -16.893084884999894], [31.51105957200008, -16.89326989999995], [31.510964575000116, -16.893362906999982], [31.510676583000134, -16.893459914999937], [31.51039059100009, -16.893555922999894], [31.50991160500007, -16.893652929999917], [31.50962361300003, -16.893656930999896], [31.50933562100016, -16.893751937999923], [31.505120740000052, -16.89454000199987], [31.504736750000063, -16.89454400299985], [31.50445075800002, -16.894639009999878], [31.504162766000036, -16.89464301099997], [31.50397277200011, -16.894736017999946], [31.5038747750001, -16.894738017999828], [31.50368478000007, -16.894834025999955], [31.500050882000153, -16.89607512599997], [31.498980912000093, -16.89627414199998], [31.494962025000177, -16.89687319099994], [31.49481902900004, -16.896875190999822], [31.47500958600017, -16.899867434999862], [31.475008586000058, -16.899728423999818], [31.4747105940001, -16.898900357999935], [31.47469759500018, -16.89885835499996], [31.47456359800003, -16.898486325999897], [31.47455959800004, -16.898210303999974], [31.47441160200009, -16.89779627099989], [31.474409602000094, -16.897659259999955], [31.474264606000133, -16.897521248999965], [31.474262605999968, -16.89738223799992], [31.474117610000064, -16.89724722799997], [31.47411561000007, -16.897107216999927], [31.473821618000102, -16.89655817299996], [31.473529626000072, -16.89614414099998], [31.473382630000174, -16.895869118999883], [31.47308963800009, -16.895320074999916], [31.472944642000186, -16.89518306499997], [31.47294264200019, -16.895044053999925], [31.47160567800006, -16.891319758999884], [31.47369061800009, -16.88494325299996], [31.473684618000107, -16.884390209999935], [31.473825614000077, -16.884249197999907], [31.473823614000082, -16.884112186999914], [31.47396460900012, -16.883833164999942], [31.47396060900013, -16.883417131999977], [31.473958609000135, -16.883278120999933], [31.47410060500016, -16.883139109999888], [31.474098605, -16.882862087999968], [31.47423760100014, -16.88244505499995], [31.47437459700012, -16.88188901099994], [31.474515593000035, -16.88175], [31.47451459300015, -16.881473977999974], [31.47465758900006, -16.88147197799998], [31.474649589000137, -16.880778922999923], [31.474786585000118, -16.880223878999914], [31.4747715850001, -16.878839768999967], [31.474769585000104, -16.878699757999925], [31.47274264100008, -16.877477661999876], [31.472597645000178, -16.877339650999943], [31.47230565300015, -16.876927618999957], [31.47215865700008, -16.876653596999915], [31.472156657000085, -16.87651458599987], [31.472013661000176, -16.87651558599987], [31.471868665000045, -16.876378574999876], [31.471721669000146, -16.876104553999937], [31.47142767700018, -16.875692520999962], [31.471134685000095, -16.87514247799993], [31.470844694000164, -16.87486845599983], [31.470697698000095, -16.874593433999962], [31.470550702000025, -16.874316412999974], [31.47040770600006, -16.87431841299997], [31.470405706000065, -16.874181401999977], [31.47026071000016, -16.87418340199997], [31.47026071000016, -16.874044390999927], [31.470113714000092, -16.87390637999988], [31.469821722000063, -16.873494347999895], [31.469387734000065, -16.873084314999915], [31.46909374200004, -16.87267228299993], [31.468948746000137, -16.872535271999936], [31.468803750000063, -16.872398260999887], [31.468660754000098, -16.872399260999885], [31.46837076200012, -16.872264250999933], [31.467935774000182, -16.87199322899994], [31.46750278600007, -16.87186021899987], [31.467069798000125, -16.87158719799993], [31.466781806000085, -16.87159119799992], [31.466638810000177, -16.87159319799997], [31.463750891000018, -16.870517113999938], [31.46360389500012, -16.87038010299989], [31.46360389500012, -16.87024009199996], [31.463315903000137, -16.87024409299994], [31.462883915000077, -16.870111081999937], [31.46201793900019, -16.869844060999867], [31.461442955000052, -16.8698490619999], [31.461298959000032, -16.869851061999896], [31.461008967, -16.869578040999954], [31.46071497500003, -16.869026996999935], [31.460712975000035, -16.868889985999886], [31.460569979000127, -16.868889985999886], [31.460567979000132, -16.868752974999893], [31.460565979000137, -16.868612963999965], [31.460561979000147, -16.868197930999884], [31.460559979000152, -16.86805991999995], [31.460556979000103, -16.867783898999846], [31.460554979000108, -16.867506876999926], [31.460693975000083, -16.86722885499995], [31.46069197500009, -16.866949831999932], [31.4606879750001, -16.86667381099994], [31.46068397500011, -16.866396788999907], [31.460681975000114, -16.86611976699993], [31.46067697500007, -16.865704733999962], [31.460668975000146, -16.865011678999963], [31.46052197900002, -16.864737656999864], [31.46051497899998, -16.86404460199998], [31.460512978999986, -16.86390759099993], [31.460363983000093, -16.863354547999904], [31.46021898700019, -16.8633565479999], [31.459645003000162, -16.863361547999943], [31.45950000700003, -16.863363548999928], [31.459357011000122, -16.863365548999923], [31.459212015, -16.863228537999873], [31.459069019000083, -16.86323053799987], [31.459067019000088, -16.86309252699988], [31.458922023000184, -16.862955516999932], [31.45877702700011, -16.862957516999927], [31.458775027000115, -16.862818505999883], [31.45863203100015, -16.862820505999935], [31.458630030999984, -16.862680494999893], [31.45862803099999, -16.862543483999957], [31.45848103500009, -16.86226746199992], [31.458479035000096, -16.861990439999943], [31.458476035000047, -16.86171341799991], [31.458331039000143, -16.861576407999962], [31.458184043000074, -16.861301385999923], [31.45789405100004, -16.86102936399982], [31.457604060000108, -16.860893353999927], [31.457314068000073, -16.860619331999885], [31.457020076000106, -16.86020729899991], [31.451779220000105, -16.854312833999927], [31.45163622400014, -16.854312833999927], [31.451491228000066, -16.85417782399992], [31.450621253000122, -16.853631780999933], [31.450333261000083, -16.85349676999988], [31.45018826500018, -16.853360758999827], [31.449898273000144, -16.853225748999932], [31.449755277000065, -16.853227748999927], [31.449610281000105, -16.853089737999937], [31.44946528500003, -16.853091737999932], [31.449320289000127, -16.852954727999872], [31.44888530100019, -16.85268170599994], [31.448596309000095, -16.852408683999897], [31.448451313000135, -16.85227167399995], [31.44844731300003, -16.851995651999857], [31.448445313000036, -16.851855640999815], [31.44844331300004, -16.851579618999892], [31.448298317000138, -16.851443607999897], [31.448296317000143, -16.851304596999967], [31.448292317000153, -16.851027574999932], [31.448288317000163, -16.850612541999965], [31.448428313000193, -16.850194508999948], [31.448422313000094, -16.849780475999978], [31.448565309000173, -16.84963946499994], [31.448706305000144, -16.849500453999894], [31.448849301000052, -16.849360442999966], [31.449133293000102, -16.84908042099994], [31.44956128000007, -16.848798397999815], [31.44984527200012, -16.848517375999904], [31.450131264000163, -16.848237352999945], [31.450415256000042, -16.847959330999913], [31.450701248000087, -16.847816319999822], [31.450697248000097, -16.8475392979999], [31.450551252000082, -16.847264275999976], [31.45011426399998, -16.84671523299994], [31.449708258000157, -16.84612560799991], [31.449156067000047, -16.845520404999945]]]]}}, {"type": "Feature", "properties": {"GID_3": "ZWE.4.10.13_2", "GID_0": "ZWE", "COUNTRY": "Zimbabwe", "GID_1": "ZWE.4_1", "NAME_1": "Mashonaland Central", "NL_NAME_1": "NA", "GID_2": "ZWE.4.10_2", "NAME_2": "Shamva", "NL_NAME_2": "NA", "NAME_3": "Ward 20", "VARNAME_3": "NA", "NL_NAME_3": "NA", "TYPE_3": "Ward", "ENGTYPE_3": "Ward", "CC_3": "NA", "HASC_3": "NA", "id": "ZWE.4.10.13_2", "name": "Ward 20"}, "geometry": {"type": "MultiPolygon", "coordinates": [[[[31.480207638000024, -17.40799351399994], [31.48032963500009, -17.407937508999908], [31.480331635000084, -17.40780449899995], [31.478176692000034, -17.39976386799998], [31.45835925100016, -17.404811271999904], [31.45175842800012, -17.381091409999897], [31.473529813000027, -17.37512493299988], [31.47006490400014, -17.358382617999837], [31.469915908000075, -17.358373617999973], [31.468778940000107, -17.357806573999937], [31.468774940000174, -17.357411542999955], [31.468771940000067, -17.35701751199997], [31.46876793900003, -17.356624480999926], [31.468761939000046, -17.356229449999944], [31.468753939000123, -17.35553839499994], [31.468750939000017, -17.355145363999952], [31.468748939000022, -17.355046356999935], [31.468746939000084, -17.354850340999974], [31.468643942000142, -17.35475233299985], [31.468641942000147, -17.354554317999884], [31.46853894500009, -17.35455631799988], [31.468536945000096, -17.35445730999993], [31.468433947999984, -17.354459310999914], [31.468433947999984, -17.354360302999908], [31.468330951000098, -17.354262294999955], [31.468225954000047, -17.354165286999944], [31.467914962000066, -17.353873264999947], [31.467500974000075, -17.353484233999893], [31.46718598200016, -17.352895187999934], [31.466546000000108, -17.35073401799997], [31.466542000000118, -17.35034098699998], [31.466642997000065, -17.35014197199996], [31.46664099700007, -17.34994395599989], [31.466739994000193, -17.349745940999867], [31.466943988000025, -17.349546924999913], [31.467145982000034, -17.34924990099995], [31.46735097600009, -17.34914889299995], [31.467550971000037, -17.34885086999998], [31.46795695900005, -17.3484528379999], [31.468057956000166, -17.348253822999936], [31.46816095300005, -17.34825182299994], [31.468158953000056, -17.34815481499993], [31.46826195000017, -17.348152814999935], [31.468465945000105, -17.34815081399995], [31.468978930000162, -17.348144813999966], [31.46928792200015, -17.348141812999927], [31.469390919000034, -17.348139812999932], [31.472345835000112, -17.346235661999856], [31.47285882, -17.34622966199987], [31.473472803000107, -17.346222660999956], [31.473678797000105, -17.34622066099996], [31.473779794, -17.34612165299984], [31.473882791999984, -17.34611965299996], [31.4739837890001, -17.346020644999896], [31.474086785999987, -17.346018644999845], [31.47429078, -17.345919636999895], [31.474699768000107, -17.3458166289999], [31.4750067600001, -17.345613612999898], [31.475313750999987, -17.345512603999964], [31.475517745, -17.345411595999963], [31.47561874200011, -17.345312588999946], [31.475822737000044, -17.34531058799996], [31.476127728000108, -17.345011564999936], [31.476228725000055, -17.344911556999875], [31.476329722000116, -17.344810548999874], [31.47643271900006, -17.34471154099998], [31.47663671300006, -17.344610532999866], [31.476839708000057, -17.34441251699991], [31.47694270500017, -17.344410516999915], [31.47704370200006, -17.344311508999965], [31.477247696000063, -17.344210500999964], [31.477245696000068, -17.344112493999944], [31.480304609000143, -17.34240135799996], [31.48071459800002, -17.34239835799997], [31.480817595000133, -17.34239835799997], [31.48092059200019, -17.34239635699987], [31.481126586000187, -17.34239435699982], [31.481330581000122, -17.342392356999937], [31.481435578000173, -17.34248936499995], [31.48153657500012, -17.342487363999965], [31.48174256900012, -17.34248536399997], [31.481845566000175, -17.34258337199998], [31.482053560000168, -17.342777386999956], [31.48225955500004, -17.34287439399992], [31.482467549000035, -17.343069409999885], [31.48414450300004, -17.346105647999934], [31.484249500000146, -17.34630266299996], [31.484249500000146, -17.346399670999915], [31.485794457000168, -17.346876707999968], [31.486000451000166, -17.34697171499994], [31.48600145100005, -17.347071722999942], [31.48610344800005, -17.347069722999947], [31.486206445000107, -17.347069722999947], [31.486412440000038, -17.347065722999957], [31.486515437000094, -17.347065722999957], [31.48661643400004, -17.347063721999973], [31.486719431000097, -17.346964714999956], [31.486820428000044, -17.34696271399997], [31.4869234250001, -17.34696271399997], [31.4869234250001, -17.346863706999955], [31.487127419000103, -17.346762698999953], [31.487226416000055, -17.346563682999886], [31.48732741400005, -17.346367666999924], [31.487426411000172, -17.346168651999903], [31.48752740800012, -17.345970635999947], [31.487627405000126, -17.345673612999974], [31.487623405000136, -17.345377588999895], [31.48762140500014, -17.34518057399987], [31.48762140500014, -17.34508156599992], [31.487619405000146, -17.344982557999913], [31.487514408000095, -17.344788542999936], [31.4875124080001, -17.344589526999982], [31.48750840800011, -17.34429450399989], [31.48750140800007, -17.343605449999927], [31.48750140800007, -17.343506441999978], [31.487499408000076, -17.34340743499996], [31.48749740800008, -17.34330942699995], [31.487495408000086, -17.343014403999973], [31.48759440500004, -17.3427163799999], [31.48769340200016, -17.342518364999933], [31.489007364000145, -17.340631215999963], [31.48910736100015, -17.340334191999887], [31.489307355, -17.339937160999966], [31.489509350000105, -17.339640136999947], [31.489608347000058, -17.339441121999982], [31.489711344000114, -17.339342113999976], [31.489810341000066, -17.339144097999906], [31.48991333800018, -17.339144097999906], [31.489912338000067, -17.339044089999902], [31.49001533500018, -17.338945082999885], [31.49031832600008, -17.338646058999927], [31.490726315000188, -17.338344034999977], [31.491537292000032, -17.337546971999927], [31.491844283000148, -17.337346955999976], [31.492248271000165, -17.336947924999947], [31.492351269000153, -17.336848916999884], [31.4934323170001, -17.33635540999984], [31.49939829500005, -17.341449222999927], [31.517267925000112, -17.337628346999907], [31.52571067600013, -17.360473906999857], [31.535339204000138, -17.35772031999994], [31.539485873000103, -17.35398482399995], [31.55284446900015, -17.350504389999912], [31.55237555700006, -17.36029220699993], [31.54599371500018, -17.373991194999974], [31.565152669000156, -17.38297482299987], [31.548885703000167, -17.40086292899997], [31.560054397000044, -17.419872417999954], [31.545175820000054, -17.431262317999824], [31.54529981600001, -17.431260317999943], [31.525420381000174, -17.44659152899993], [31.499162123000076, -17.45302504299997], [31.498588139000162, -17.45326006199997], [31.49275230400002, -17.454801184999837], [31.487077455000076, -17.433881544999906], [31.48190121199997, -17.41422349599992], [31.48180084, -17.413842272999887], [31.480323635000104, -17.40823153199983], [31.480207638000024, -17.40799351399994]]]]}}, {"type": "Feature", "properties": {"GID_3": "ZWE.4.10.14_2", "GID_0": "ZWE", "COUNTRY": "Zimbabwe", "GID_1": "ZWE.4_1", "NAME_1": "Mashonaland Central", "NL_NAME_1": "NA", "GID_2": "ZWE.4.10_2", "NAME_2": "Shamva", "NL_NAME_2": "NA", "NAME_3": "Ward 21", "VARNAME_3": "NA", "NL_NAME_3": "NA", "TYPE_3": "Ward", "ENGTYPE_3": "Ward", "CC_3": "NA", "HASC_3": "NA", "id": "ZWE.4.10.14_2", "name": "Ward 21"}, "geometry": {"type": "MultiPolygon", "coordinates": [[[[31.5087368720001, -17.500140736999924], [31.50827527600012, -17.500133014999903], [31.50041910700014, -17.502148897999916], [31.500202113000114, -17.50214689799992], [31.480402671000093, -17.505100135999953], [31.458518289000153, -17.509140460999845], [31.460351233000154, -17.498351613999944], [31.460555227000157, -17.49827260799998], [31.461146209000162, -17.494668324999964], [31.468980981000072, -17.475882847999912], [31.47322285300004, -17.453857117999974], [31.46117818900018, -17.44626852699986], [31.46604004600016, -17.432405435999897], [31.47252086100019, -17.424303797999983], [31.46872596300011, -17.413175924999905], [31.480207638000024, -17.40799351399994], [31.480323635000104, -17.40823153199983], [31.48180084, -17.413842272999887], [31.48190121199997, -17.41422349599992], [31.487077455000076, -17.433881544999906], [31.49275230400002, -17.454801184999837], [31.498588139000162, -17.45326006199997], [31.499162123000076, -17.45302504299997], [31.525420381000174, -17.44659152899993], [31.54529981600001, -17.431260317999943], [31.545175820000054, -17.431262317999824], [31.560054397000044, -17.419872417999954], [31.548885703000167, -17.40086292899997], [31.565152669000156, -17.38297482299987], [31.566253207999978, -17.38176442199989], [31.57671556400004, -17.365412376999814], [31.57768946300007, -17.36389004199998], [31.577997040000184, -17.363789331999897], [31.578010423000137, -17.3638141269999], [31.591046112000015, -17.339228495999976], [31.62672336100013, -17.321487671999876], [31.653066230000036, -17.31265102899988], [31.68693854200012, -17.35351286699995], [31.68680320300018, -17.353732405999835], [31.685456844999976, -17.35591634899987], [31.68521285200012, -17.356156367999915], [31.684846863000132, -17.3562783779999], [31.68477286500007, -17.356500394999955], [31.684730866000052, -17.356521396999938], [31.68455487100016, -17.356704410999896], [31.684467873000074, -17.35679341799988], [31.684291878000124, -17.356976432999943], [31.68411088400012, -17.357070439999973], [31.683755894000058, -17.3573454619999], [31.683664896000153, -17.35734846199989], [31.6834849010001, -17.357442469999853], [31.682071942000164, -17.35880857799998], [31.68207594100005, -17.35889558399998], [31.681991944000117, -17.35907559899988], [31.681901946000096, -17.359166605999974], [31.681817949000163, -17.359343619999947], [31.681726951000087, -17.359347619999937], [31.681642953999983, -17.359525633999908], [31.681647954000084, -17.359700647999887], [31.68156095600017, -17.35979265499998], [31.681485959000042, -17.36023468999997], [31.68148795800016, -17.36032269699996], [31.681495958000085, -17.360497710999937], [31.68149795800008, -17.360585716999935], [31.681499958000074, -17.360604718999923], [31.68150495800012, -17.360761730999968], [31.681510958000104, -17.360936744999947], [31.681518958000026, -17.361112758999866], [31.681432960000052, -17.361289772999953], [31.68134896300012, -17.36146878699992], [31.681174968000164, -17.361737807999873], [31.68091797500017, -17.362185842999907], [31.680654983000068, -17.36245886499995], [31.68047698800018, -17.362639878999914], [31.680389990000094, -17.36273188699988], [31.68029799300018, -17.36273588699987], [31.68030599300016, -17.362910900999964], [31.680037, -17.363093914999922], [31.678730038000026, -17.364391017999935], [31.677656067999976, -17.36545910199993], [31.677565071000174, -17.36546310199992], [31.67747507300004, -17.3655551089999], [31.67729607800004, -17.365648116999978], [31.676934089000042, -17.36574712499987], [31.67657509900016, -17.365936139999974], [31.67494414500004, -17.366343171999915], [31.673792178000042, -17.367348251999942], [31.673701180000137, -17.367352251999932], [31.673704180000016, -17.367439258999923], [31.6736171820001, -17.367529265999906], [31.673439188000145, -17.367712279999864], [31.67335219000006, -17.367802286999847], [31.673178195000105, -17.368073308999953], [31.672917203000054, -17.368433336999942], [31.672833205000188, -17.368610350999916], [31.672697209000148, -17.368750361999957], [31.67245521600006, -17.36883036899991], [31.67208722600003, -17.368954377999955], [31.67159524000016, -17.368959378999932], [31.671103254000116, -17.368965379999963], [31.67036727400017, -17.368973380999932], [31.669750292000117, -17.36898038099997], [31.669258306000074, -17.36886837299994], [31.668640323000034, -17.368757363999975], [31.668150337000156, -17.36876336499995], [31.667658351000114, -17.368769364999935], [31.66741235699999, -17.36877336599997], [31.667042368000068, -17.368776365999963], [31.666920371000174, -17.368896375999952], [31.66679837500004, -17.368898375999947], [31.666554382000186, -17.36901938499983], [31.66643238500012, -17.369139394999877], [31.666064396000138, -17.369261404999975], [31.66582140200012, -17.369499422999922], [31.665577409000093, -17.369621432999907], [31.66521142000005, -17.36986245199995], [31.664967427000022, -17.370100470999944], [31.664723434, -17.370222480999814], [31.664603437000153, -17.370461498999873], [31.66436044400018, -17.370699517999924], [31.66424044700011, -17.370935536999923], [31.664120451000144, -17.37117455599997], [31.663876458000118, -17.371412573999976], [31.663756461000048, -17.37165159299991], [31.66351546800007, -17.372126630999958], [31.6633974720001, -17.372482658999957], [31.663155479000068, -17.37272167799989], [31.662913486000036, -17.37307770599989], [31.66254449600001, -17.373201715999926], [31.662424499000167, -17.373438733999933], [31.66212150800004, -17.37344273499997], [31.661442527000077, -17.37344973499995], [31.66094854100004, -17.373339726999973], [31.660702548000017, -17.373341726999968], [31.66058055100018, -17.373343726999963], [31.660456555000053, -17.37334472799995], [31.65971857600016, -17.373352727999816], [31.659350586000073, -17.37335872899996], [31.659106593000047, -17.37347873799996], [31.658982596000044, -17.373480738999945], [31.65885960000014, -17.373598747999836], [31.658737603000077, -17.373600747999888], [31.65849361000005, -17.37372275799987], [31.65837161400009, -17.373840766999876], [31.65824761700003, -17.37384276699993], [31.658127621000062, -17.373962776999917], [31.658005624000168, -17.37408178599992], [31.658009624000158, -17.374317804999976], [31.657915627000136, -17.374409811999953], [31.65763563500002, -17.374413811999943], [31.657299644000034, -17.374416812999925], [31.656626663000054, -17.374422813999956], [31.656458668000084, -17.37442481399995], [31.65646066800008, -17.37458682599987], [31.656292672, -17.37474883899995], [31.656124677000093, -17.374750839999933], [31.655960682000114, -17.375076864999983], [31.655792687000144, -17.37523887799989], [31.65579468700014, -17.375401890999967], [31.655630691000056, -17.375725915999965], [31.65546469600008, -17.376051941999947], [31.655466696000076, -17.376211954999974], [31.6553007010001, -17.37653797999991], [31.65513670600012, -17.376863005999894], [31.654803715000185, -17.377189031999876], [31.654471725000064, -17.37751705699992], [31.65430372900005, -17.377679069999942], [31.654305729000043, -17.377841082999907], [31.653635748000113, -17.37817110899988], [31.653637748000108, -17.378333121999958], [31.653469753000138, -17.378335121999953], [31.65330175800017, -17.378497134999918], [31.65313776300019, -17.3788231609999], [31.65297276700005, -17.379148185999895], [31.652973767000162, -17.379310198999974], [31.652977767000095, -17.37961322299998], [31.652785773000062, -17.379815238999925], [31.65254278000009, -17.380054257999973], [31.652060794000192, -17.38076731399991], [31.65157980800018, -17.381719388999898], [31.651339815000142, -17.38231243499996], [31.651098821000062, -17.382669463999946], [31.650978825000095, -17.383025491999888], [31.65073883200006, -17.38338251999994], [31.650620835000154, -17.383739547999824], [31.650336843000105, -17.384017569999912], [31.650330844000052, -17.384185582999976], [31.65016684800014, -17.384509608999963], [31.649832858000025, -17.3848356339999], [31.64950486700019, -17.385648697999954], [31.649506867000184, -17.385810710999863], [31.649338872000044, -17.385810710999863], [31.64934087200004, -17.38597272399994], [31.648667891, -17.385980724999968], [31.644957995000027, -17.385209664999934], [31.644788, -17.38521166599986], [31.64462000500015, -17.385213665999913], [31.644452009000076, -17.385215665999908], [31.644285014000047, -17.385217665999903], [31.64378102800009, -17.385383678999972], [31.643691031000174, -17.385385679999956], [31.643613033000122, -17.385385679999956], [31.64311004700005, -17.38555269299991], [31.642272071000036, -17.385884718999932], [31.642103076000126, -17.385886718999927], [31.641937080000105, -17.38604873199995], [31.641601090000165, -17.386052732999815], [31.641433095000025, -17.38621674599989], [31.641267099000174, -17.386378757999978], [31.641099104000034, -17.386542770999938], [31.640931109000064, -17.386544771999922], [31.64093310900006, -17.38670678399984], [31.640935109000054, -17.386867796999923], [31.640767114000084, -17.386869796999918], [31.640149131000044, -17.387820871999907], [31.640090133000115, -17.387878876999935], [31.639848140000083, -17.38811889599998], [31.639606147000052, -17.388356913999928], [31.639362154000025, -17.38859593299992], [31.63899416400011, -17.388719942999955], [31.63887316800009, -17.388955961999955], [31.638631175000057, -17.38919598099983], [31.638511178000158, -17.389432998999894], [31.63826718500013, -17.389555008999935], [31.63814718800006, -17.38979202799993], [31.637903195000035, -17.390032046999977], [31.63765820200007, -17.390152055999977], [31.637414209000042, -17.39039007499997], [31.63717221600018, -17.3906310939999], [31.636806227000193, -17.390871112999946], [31.636442237000097, -17.391230140999937], [31.63607524700012, -17.39147015999987], [31.63583325400009, -17.391827187999922], [31.63559126100006, -17.392067206999968], [31.635471265000035, -17.39242223499997], [31.635230272000115, -17.39277826299991], [31.63523227200011, -17.393015281999908], [31.635236272000043, -17.39325230099996], [31.635238272000038, -17.39348831899997], [31.635242272000028, -17.393725337999967], [31.635244272000193, -17.39396135599992], [31.635248272000183, -17.394314383999927], [31.635251272000062, -17.394550402999926], [31.635253272000057, -17.39478742099982], [31.635257272000047, -17.395023439999875], [31.635257272000047, -17.395043440999927], [31.63526127199998, -17.395378467999933], [31.635141275000137, -17.39561548599994], [31.63514627500018, -17.396088523999822], [31.635026278999987, -17.39632454199989], [31.635030279000148, -17.396679569999947], [31.634912282000073, -17.397036597999943], [31.6347942860001, -17.39739062599989], [31.634795286000156, -17.397627644999886], [31.63467328900009, -17.397747653999943], [31.634553293000124, -17.39798467299994], [31.63455529300012, -17.398102681999944], [31.63443529600005, -17.39834070099994], [31.634363298000153, -17.39856071799983], [31.63432229900019, -17.398733731999926], [31.63432629900018, -17.399056756999926], [31.63416230400003, -17.39954279499989], [31.633836314000064, -17.400515871999858], [31.633670318000156, -17.40067988499993], [31.62849046500014, -17.40444918299994], [31.627988480000056, -17.404777208999917], [31.627654489000065, -17.404943221999872], [31.627610490000052, -17.404985224999905], [31.627487494000036, -17.40510523499995], [31.627433495000105, -17.405107234999946], [31.62726050000009, -17.405276247999893], [31.627153502999988, -17.405330251999942], [31.627153502999988, -17.40543325999994], [31.62665151800013, -17.405599273999883], [31.626529521000066, -17.405778287999965], [31.626529521000066, -17.40587529499993], [31.6264095250001, -17.40611431399998], [31.626287528000034, -17.406232323999973], [31.626167532000068, -17.406352332999973], [31.626046535000057, -17.406591351999907], [31.62592653900009, -17.406827369999917], [31.62580654200019, -17.407066388999965], [31.625562549000165, -17.40730440799996], [31.62556454900016, -17.407422416999964], [31.62544455200009, -17.4076614359999], [31.62532255600013, -17.407779444999903], [31.62520255900006, -17.408017463999954], [31.62508156300015, -17.40825448299995], [31.62483957000012, -17.40849450199994], [31.624717573000055, -17.408612510999887], [31.62471957300005, -17.40873151999989], [31.624475580000023, -17.408971538999936], [31.62447758000019, -17.40908954899993], [31.624355584000057, -17.409207557999935], [31.624234587000103, -17.409446576999926], [31.62411459100008, -17.40968259499988], [31.623870597000177, -17.409804604999977], [31.623750600999983, -17.41004362399991], [31.62371460200012, -17.410060624999915], [31.623502608000024, -17.410480657999926], [31.62333661300005, -17.410804683999913], [31.623002622, -17.411130708999906], [31.622836627000027, -17.41129472199998], [31.62127067100016, -17.41200277899992], [31.621068677000153, -17.412200793999887], [31.620824684000127, -17.412320803999876], [31.620582691000095, -17.412559822999924], [31.620336698000074, -17.412681831999976], [31.620216701000174, -17.412917850999975], [31.619972708000148, -17.41303985999997], [31.61985171200007, -17.41327687899991], [31.61960971900004, -17.413516897999898], [31.619363726000188, -17.413636907999944], [31.618997736000097, -17.41387792699993], [31.618877739000027, -17.413997935999816], [31.61875374300007, -17.413999935999982], [31.618509750000044, -17.41411994599997], [31.618264757000134, -17.41424195499991], [31.617898767000042, -17.414481973999898], [31.61765277400002, -17.414601983999944], [31.617408781, -17.41472299399993], [31.617286785000033, -17.414724993999926], [31.617040791000136, -17.414847002999977], [31.616794798000114, -17.41484900399996], [31.616428809000126, -17.414971012999956], [31.616182816000105, -17.414974013999938], [31.615936823000084, -17.41509502299982], [31.615691830000173, -17.415217032999976], [31.61556983300011, -17.415217032999976], [31.615447836000044, -17.415337041999862], [31.615081847000056, -17.415577060999908], [31.61483785400003, -17.41569907099995], [31.61447186400011, -17.415940089999935], [31.61410587500012, -17.416298117999872], [31.61386288200015, -17.41653713699992], [31.61374288500008, -17.416775155999915], [31.613744885000074, -17.41689316499992], [31.613744885000074, -17.417010174999916], [31.61374688500007, -17.417128183999978], [31.61387088200013, -17.417246192999983], [31.61399687800008, -17.41748121099988], [31.614122875000078, -17.41759721999989], [31.61424887100003, -17.417832238999893], [31.614496864000046, -17.418064256999912], [31.614744857000062, -17.41829927499998], [31.614993850000133, -17.41853229399993], [31.615119847000187, -17.41876631199989], [31.61524384400019, -17.418883320999896], [31.615367840000147, -17.418999329999906], [31.61574383100009, -17.421622535999973], [31.616426812000043, -17.422550608999927], [31.61664380600007, -17.42275362499987], [31.616767802000027, -17.422869633999937], [31.617015794999986, -17.422985642999947], [31.61714179200004, -17.42322066099996], [31.617265788000168, -17.42333666999997], [31.617389785000057, -17.423453678999977], [31.617513781000184, -17.423569687999873], [31.617885771000033, -17.423683696999888], [31.61825776100011, -17.423916714999905], [31.61850375400013, -17.42403072399992], [31.618629750000025, -17.424147732999927], [31.618753747000085, -17.424263741999937], [31.6190017400001, -17.424380751999934], [31.619125736000058, -17.42461476999995], [31.619251733000112, -17.424730778999958], [31.619497726000077, -17.424847787999965], [31.61962372300013, -17.425081805999923], [31.619748718999972, -17.425316824999925], [31.619752719000132, -17.425553842999932], [31.619876716000192, -17.42566985299993], [31.619880716000182, -17.425905870999827], [31.620006712000134, -17.426140888999896], [31.62000871200013, -17.426375907999898], [31.62001271200006, -17.426611925999964], [31.62013670900012, -17.426846944999966], [31.620139709, -17.427082962999975], [31.620267705000117, -17.427435990999868], [31.620515699000066, -17.427671008999937], [31.62064569500012, -17.428142045999948], [31.620897688000127, -17.428729091999912], [31.621024685000066, -17.429082119999975], [31.621148681000193, -17.42919812899993], [31.62127467800002, -17.42943314799993], [31.621398673999977, -17.429549156999826], [31.621526671000026, -17.4299021839999], [31.621776664000038, -17.430135202999907], [31.622024657, -17.430370220999976], [31.622148654000057, -17.43048622999993], [31.62227465000018, -17.43060223899994], [31.622400647000063, -17.430837256999894], [31.622400647000063, -17.430955266999888], [31.622526643000185, -17.431072275999895], [31.622649640000134, -17.431188284999905], [31.622775636000085, -17.431422302999977], [31.622899633000088, -17.43154131299997], [31.622901633000083, -17.431777330999978], [31.623027629000035, -17.43189433999987], [31.623027629000035, -17.43201234999998], [31.623031629000025, -17.43224636799988], [31.62303362900019, -17.43236537699994], [31.623039629000175, -17.432838413999946], [31.62303963000005, -17.43295642399994], [31.622100656000157, -17.433675479999977], [31.62197666000003, -17.433677480999904], [31.621854663000136, -17.433679480999956], [31.621730667, -17.43368148099995], [31.621118684000123, -17.43380549099993], [31.62107468500011, -17.43380549099993], [31.620872691000102, -17.433809490999977], [31.620256708, -17.433814491999954], [31.619888719000016, -17.433938501999933], [31.619520729000158, -17.43394250199998], [31.61878175000004, -17.43395050299995], [31.61853575700019, -17.433954503999928], [31.61779777700002, -17.433961503999967], [31.61730379100004, -17.433849495999937], [31.616935802000057, -17.43385449599998], [31.616809805000173, -17.43373848699997], [31.61656381199998, -17.43362247799996], [31.616317819000187, -17.433625478999943], [31.616067826000176, -17.43339145999994], [31.615697836000095, -17.43327845099992], [31.61532584700018, -17.4330464329999], [31.615075854000168, -17.432813414999885], [31.614827860000048, -17.43257839699993], [31.61457986700009, -17.43246438799997], [31.614578867000148, -17.432346378999966], [31.614456871000186, -17.43234837899996], [31.61420987800011, -17.43234937899996], [31.61334990199998, -17.43235937999998], [31.613227905000144, -17.432597398999974], [31.612985912000056, -17.432836417999965], [31.61274191900003, -17.433076436999897], [31.612621923000063, -17.433194445999902], [31.61250092600011, -17.43343346499995], [31.612378930000148, -17.43355347399995], [31.612380930000143, -17.433671482999955], [31.612260933000073, -17.433908501999895], [31.612016940000046, -17.434148520999884], [31.611776947000124, -17.43462355799994], [31.611656950000054, -17.434860576999824], [31.611657951000097, -17.43509659599988], [31.611537954000028, -17.43533461399994], [31.61154595400012, -17.435924660999945], [31.61154995400011, -17.43627968899989], [31.611675951000166, -17.4363956979999], [31.611675951000166, -17.43652170799993], [31.61164295200018, -17.436618714999895], [31.611644952000177, -17.436780727999974], [31.61150795700007, -17.439851968999903], [31.61134196100005, -17.44017599499989], [31.611343961000046, -17.44033800699998], [31.61055798400008, -17.440649031999953], [31.61059598300011, -17.440666032999843], [31.61059598300011, -17.440783042999954], [31.610719979000066, -17.4409010519999], [31.61072197900006, -17.44101706099991], [31.610723979000056, -17.44125407899992], [31.61072597900005, -17.441338085999917], [31.61032899000014, -17.44134008599991], [31.610231993000014, -17.441342086999896], [31.609652009000172, -17.441628108999964], [31.609360018000075, -17.44172311699998], [31.609068026000102, -17.44172711699997], [31.607809061000125, -17.44211214799992], [31.607519070000023, -17.442210155999874], [31.607519070000023, -17.442301162999968], [31.605780119000087, -17.443253237999954], [31.605589124, -17.44353525999992], [31.605299133000074, -17.443817282999873], [31.60530113300007, -17.44391128999996], [31.60521913600013, -17.445498414999975], [31.60522713600011, -17.44624447299998], [31.604857147000132, -17.44734255999998], [31.604790148000177, -17.44734255999998], [31.604668152000045, -17.447344559999976], [31.604422159000023, -17.447348559999966], [31.604176166000173, -17.44735055999996], [31.603804176000153, -17.44711954199994], [31.603310190000116, -17.447007533999965], [31.603064197000094, -17.447008533999963], [31.60294220000003, -17.44712954299996], [31.602696207, -17.447130543999947], [31.60257621100004, -17.447251552999944], [31.60245221399998, -17.447253552999825], [31.602454214000147, -17.44737156299982], [31.602455214000088, -17.447487571999886], [31.602333218000126, -17.447607580999886], [31.602209221000066, -17.44760958099988], [31.60221122100006, -17.447727590999875], [31.602213221000056, -17.447846599999934], [31.6020892250001, -17.447846599999934], [31.602091225000038, -17.44796460899994], [31.60196922800003, -17.44808461899993], [31.601847231000136, -17.44808661899998], [31.601725235000174, -17.448204627999928], [31.60160323800011, -17.44820662799998], [31.601481242000148, -17.44832663799997], [31.601235249000126, -17.448447647999956], [31.60123724900012, -17.44856565699996], [31.601115252000056, -17.448567656999842], [31.600993256000095, -17.4486876659999], [31.60087025900009, -17.448805675999893], [31.600624266000125, -17.448809675999883], [31.600502270000106, -17.448927684999944], [31.600382273000037, -17.449047694999933], [31.60025827700008, -17.44904969499993], [31.600260277000075, -17.44916870399993], [31.60013828000001, -17.44928671399998], [31.600016283000173, -17.44940672299998], [31.60000328400008, -17.44941972399988], [31.59991328600006, -17.4494637279999], [31.599816289000103, -17.449465727999893], [31.59962329500013, -17.44956073499992], [31.599526297000125, -17.449560735999853], [31.599429300000168, -17.449562735999905], [31.599429300000168, -17.449656742999878], [31.599236306000194, -17.44975175099995], [31.599043311000116, -17.449847757999976], [31.59894631400016, -17.449847757999976], [31.59894631400016, -17.44994076599994], [31.598851317000026, -17.450033772999973], [31.59875331900008, -17.450035772999968], [31.59865632200018, -17.45012977999994], [31.59856132500005, -17.45031879499993], [31.59836833000014, -17.45041380299989], [31.59836833000014, -17.45050680999998], [31.59827333300018, -17.450693824999973], [31.598275333000174, -17.450787831999946], [31.59808233900003, -17.450976846999936], [31.597987341000135, -17.451163861999873], [31.597987341000135, -17.451256868999963], [31.597891344000118, -17.45135087699998], [31.597893344000113, -17.451536890999932], [31.597796347000155, -17.451538890999927], [31.59779834700015, -17.451630898999895], [31.597702350000077, -17.451819913999884], [31.597605352000073, -17.451912920999973], [31.59751035500011, -17.452099935999968], [31.597414358000094, -17.452194942999938], [31.597317360000034, -17.452194942999938], [31.597220363000076, -17.452290950999952], [31.59722236300007, -17.452383957999928], [31.59722236300007, -17.4524779649999], [31.59712436600006, -17.4524779649999], [31.597126366000055, -17.45257097299998], [31.597029369000097, -17.45257297299986], [31.59693237199997, -17.45266697999989], [31.596835374000136, -17.45266697999989], [31.596737377000125, -17.452668979999885], [31.5965453820001, -17.45276398799996], [31.596352388000128, -17.452858995999975], [31.596352388000128, -17.452953002999948], [31.596255391, -17.452953002999948], [31.596157393000055, -17.452955002999943], [31.596060396000155, -17.452955002999943], [31.59606239600015, -17.453048009999975], [31.59586740200018, -17.45305001099996], [31.59577040400012, -17.453052010999954], [31.595673407000163, -17.453052010999954], [31.59335647200004, -17.452048932999844], [31.59306648000006, -17.452051932999893], [31.592675491000136, -17.451962925999908], [31.592480497000167, -17.451964926999892], [31.59228750200009, -17.451966926999887], [31.592093507000072, -17.452061933999858], [31.591996510000172, -17.452063934999842], [31.59180351599997, -17.452158941999983], [31.591706518000137, -17.452158941999983], [31.591608521000126, -17.452160941999978], [31.591608521000126, -17.452252949999945], [31.59151152400017, -17.45225494999994], [31.591416527000035, -17.452347956999972], [31.591071536000186, -17.452517970999907], [31.5910295380001, -17.452538971999957], [31.59093354000015, -17.452633979999916], [31.59082654300005, -17.45272798699989], [31.590828543000043, -17.452820994999968], [31.59083054300004, -17.453056012999923], [31.590834543000028, -17.453292030999933], [31.590834543000028, -17.453410040999927], [31.59071454700006, -17.453649059999975], [31.590716547000056, -17.45376706899998], [31.59072054699999, -17.45400208699988], [31.59059755000004, -17.45412209699998], [31.590599550000036, -17.45424010599993], [31.59047555400008, -17.454242105999924], [31.590477554000074, -17.45436011499993], [31.590107564000164, -17.45436411599991], [31.590107564000164, -17.454246106999904], [31.58986157099997, -17.4542481069999], [31.58973557500002, -17.45413109799989], [31.589489581000123, -17.454017088999876], [31.58936358500017, -17.45390107999998], [31.58911759200015, -17.453784070999973], [31.588992595000036, -17.45355005199997], [31.588866599000085, -17.45343304299996], [31.588742602000025, -17.45331703399995], [31.58874060200003, -17.453199024999947], [31.588616606000073, -17.453082015999883], [31.588614606000135, -17.452845996999883], [31.588490609000075, -17.452729987999874], [31.588486609000086, -17.45249296999998], [31.58848460900009, -17.45237495999993], [31.58835861300014, -17.452139941999917], [31.58835461299998, -17.451784913999916], [31.588229616000035, -17.451550895999958], [31.588101619000042, -17.451079858999947], [31.58760963300017, -17.451084858999934], [31.587611633000165, -17.451203868999983], [31.587241644000187, -17.451206868999975], [31.587118647000068, -17.45132787899996], [31.586750657000152, -17.451330878999954], [31.58662866100019, -17.451451887999895], [31.586384668000164, -17.451571897999884], [31.586260671000105, -17.45157389799988], [31.586138675000143, -17.451691907999873], [31.585894682000117, -17.451813916999924], [31.58577268500005, -17.451933926999914], [31.585669688000166, -17.452135942999917], [31.585652689000085, -17.452170944999978], [31.585532692000186, -17.452290954999967], [31.58540969600017, -17.45240896399997], [31.5852896990001, -17.45264798299985], [31.585169703000076, -17.45300201099991], [31.585173703000066, -17.453239028999974], [31.58517570300006, -17.453357038999968], [31.585053706000167, -17.453595056999973], [31.585055706000162, -17.453714066999964], [31.585059706000152, -17.453950084999917], [31.585059706000152, -17.454067093999925], [31.585064706000026, -17.45454013099993], [31.58506670600019, -17.45465814099998], [31.585068706000186, -17.45487915799987], [31.585072706000176, -17.455131177999874], [31.585074706000114, -17.45536719599994], [31.585078706000104, -17.455602214999942], [31.58520470300016, -17.45583923299995], [31.585205703000042, -17.45607325199984], [31.585211703000027, -17.456546288999903], [31.58533769900015, -17.45678130699997], [31.585345699000072, -17.457372353999858], [31.585345699000072, -17.45749036299992], [31.585347699000067, -17.457609371999922], [31.585350699000173, -17.457843390999926], [31.585228702999984, -17.457963399999983], [31.58523070300015, -17.458082408999815], [31.585108706000085, -17.458202418999974], [31.58511070600008, -17.45832042799998], [31.58498871000012, -17.458556446999864], [31.58486871300005, -17.458795465999913], [31.584748717000082, -17.458913474999918], [31.584626720000188, -17.459033483999974], [31.58450572400011, -17.459272502999966], [31.584381727000107, -17.459272502999966], [31.584259731000145, -17.459392512999955], [31.584261731000083, -17.459510521999846], [31.583807743000193, -17.459516522999877], [31.583615749000103, -17.459609529999966], [31.58351775200009, -17.45961152999996], [31.5834917520001, -17.459636531999877], [31.583279758000117, -17.459640531999923], [31.58314076199997, -17.45970953799997], [31.58303576500009, -17.459760541999913], [31.582911769000134, -17.459762541999908], [31.58278977200007, -17.459882551999897], [31.582667776000108, -17.459882551999897], [31.582545779000043, -17.460002560999953], [31.58229978600002, -17.46000456099995], [31.58205479300011, -17.460126570999932], [31.58158080600009, -17.460132571999964], [31.581438810000066, -17.46013457199996], [31.581316814000047, -17.460252580999963], [31.58119481700004, -17.46025458099996], [31.580456838000146, -17.460262581999814], [31.580210845000124, -17.460265582999966], [31.5798408550001, -17.460269582999956], [31.579720859000076, -17.460389592999945], [31.579474866000055, -17.460391592999827], [31.579350869000052, -17.46039359299988], [31.57922887300009, -17.460513601999878], [31.57898288000007, -17.460515602999976], [31.578925881000032, -17.460515602999976], [31.57886288300017, -17.460496600999875], [31.578667888000098, -17.46049860099987], [31.57857089100014, -17.460500601999968], [31.578278899000168, -17.460502601999963], [31.57809990400017, -17.460504601999958], [31.57798690800007, -17.46050660199984], [31.57789191, -17.46050660199984], [31.577793913000164, -17.460508602999937], [31.57759791900014, -17.460416594999856], [31.57730592700011, -17.460327587999927], [31.576914938000186, -17.460143573999915], [31.576620946000048, -17.45995855999996], [31.57642695100003, -17.459960559999956], [31.57632995400013, -17.45996255999995], [31.57632995400013, -17.459869552999976], [31.576134959000058, -17.45987155299997], [31.57584296800013, -17.459874552999963], [31.57545397900003, -17.459878553999943], [31.574098017000097, -17.46026458499989], [31.573903022000025, -17.460265584999945], [31.573709028000167, -17.46026758499994], [31.573514033000095, -17.460269584999935], [31.573127044000103, -17.460273585999914], [31.57293105000008, -17.460182578999934], [31.572833052000135, -17.460090570999967], [31.572734055000012, -17.459998563999818], [31.572540061000154, -17.459907556999838], [31.572540061000154, -17.45981354999998], [31.5724410630001, -17.459722542999884], [31.572341066000092, -17.459535527999947], [31.57224406900019, -17.45944352099997], [31.572048074, -17.45925850599997], [31.572048074, -17.45916549899988], [31.571948077000172, -17.459073491999902], [31.571948077000172, -17.45898048499987], [31.571849080000106, -17.458886476999908], [31.571752082000046, -17.458795469999927], [31.571653085000094, -17.458610455999974], [31.571556088000193, -17.458610455999974], [31.571554088000028, -17.45851644799984], [31.57136109300012, -17.45851844899994], [31.57120809800017, -17.45852044899982], [31.57097210400019, -17.458522448999872], [31.570875107000063, -17.45852444899998], [31.57077711000005, -17.45852444899998], [31.57068011200016, -17.458526448999976], [31.570484118000138, -17.45859145499992], [31.57044211900012, -17.458604455999932], [31.57039012100006, -17.458621456999936], [31.56990413400007, -17.458627457999967], [31.56961214300003, -17.45862945799996], [31.56922515300016, -17.458820472999946], [31.569030159000192, -17.45882247299994], [31.56883816400017, -17.459010487999933], [31.568645170000025, -17.45910649599989], [31.568645170000025, -17.45919950299998], [31.568548173000067, -17.45919950299998], [31.568355178, -17.459295510999823], [31.568162184000187, -17.459390517999964], [31.567773195000086, -17.459394518999943], [31.567481203000057, -17.459491525999965], [31.56728920800009, -17.459585533999928], [31.567193211000074, -17.459680540999955], [31.567096214000117, -17.459680540999955], [31.566999216000056, -17.459775548999914], [31.566902219000156, -17.459775548999914], [31.564769279000075, -17.460264587999973], [31.564479288000143, -17.460452602999965], [31.56428729300012, -17.460641617999897], [31.56418929600011, -17.46073562499987], [31.563997301000143, -17.46083063299983], [31.56380430700017, -17.461019647999933], [31.563709310000036, -17.46111465499996], [31.563613312000086, -17.461301669999898], [31.563613312000086, -17.461488683999903], [31.563518315000124, -17.461675698999954], [31.56342331800016, -17.461768706999976], [31.563424318000045, -17.461955720999924], [31.56342631800004, -17.46223674299989], [31.563428318000035, -17.462423757999943], [31.56343031800003, -17.462516764999975], [31.563529315000153, -17.462701779999918], [31.563529315000153, -17.46279578699989], [31.56353131500009, -17.462888793999923], [31.563533315000086, -17.463167815999952], [31.56363231300014, -17.46335383099995], [31.56363231300014, -17.463447837999922], [31.563634313000136, -17.463540845999887], [31.563634313000136, -17.46363285299998], [31.563636313000075, -17.46381986699987], [31.56363831300007, -17.46391287499995], [31.56363831300007, -17.46400688199998], [31.563640313000064, -17.464099888999954], [31.56364231300006, -17.46428690399989], [31.563447317999987, -17.464288903999886], [31.563447317999987, -17.46438291199985], [31.563352321000025, -17.46447591899988], [31.563255324000124, -17.464477918999876], [31.563060329000052, -17.46447991899987], [31.562673340000117, -17.464574926999944], [31.562478346000148, -17.464576926999825], [31.562381348000088, -17.464578926999877], [31.56228435100013, -17.464671934999956], [31.56208935700016, -17.46467393499995], [31.561798365000072, -17.46467793499994], [31.56160537, -17.464679935999982], [31.561508373000095, -17.464679935999982], [31.56140837600003, -17.464588928999945], [31.560729395000124, -17.46459592899987], [31.56033840599997, -17.464506922999874], [31.559854418999976, -17.46450992299998], [31.55956042800011, -17.46442091599988], [31.55936643300015, -17.464422915999933], [31.555778534000183, -17.465204978999907], [31.555583540000043, -17.465206978999902], [31.555486543000086, -17.465206978999902], [31.55519655100005, -17.46530198699986], [31.555099553000048, -17.465303986999913], [31.55500255600009, -17.465303986999913], [31.554710564000118, -17.465307986999903], [31.55432157500013, -17.46521797999992], [31.55402958400009, -17.4652219809999], [31.55383458900019, -17.465223980999895], [31.553544597000155, -17.46531898899991], [31.553350603000126, -17.465320988999906], [31.553058611000097, -17.465415995999876], [31.552864616000136, -17.465417996999975], [31.55276861900012, -17.465419996999856], [31.552574625000034, -17.46551600399988], [31.55247662700009, -17.46551600499987], [31.552381630000127, -17.465611011999954], [31.552186636000158, -17.46561301199995], [31.552089638000155, -17.46561301199995], [31.551992641000027, -17.465708019999965], [31.551799647000053, -17.465804026999933], [31.551702649000163, -17.465897034999955], [31.55150965500019, -17.46589903499995], [31.551412657000185, -17.46589903499995], [31.551219662999983, -17.466088049999883], [31.551122666000083, -17.466090049999877], [31.550928671000065, -17.466185057999894], [31.55083267400005, -17.46627806499987], [31.550640679000082, -17.466467079999973], [31.550445685000113, -17.46656308699994], [31.550252690000036, -17.466658094999957], [31.55005869600012, -17.466660094999952], [31.549961699, -17.466660094999952], [31.54869673400009, -17.46648608199996], [31.54801575300013, -17.466492082999935], [31.54762676400003, -17.46649608299998], [31.547241775000032, -17.466687097999966], [31.547046781000063, -17.466782105999926], [31.546852786000102, -17.46678410599992], [31.54675478900009, -17.466786105999915], [31.546756789000028, -17.466877112999896], [31.546659792000128, -17.46687911399988], [31.546562794000067, -17.46697312099991], [31.546369800000093, -17.46706812899987], [31.54587781400005, -17.467232141999943], [31.545787816000086, -17.467318147999947], [31.54571581800019, -17.467390153999872], [31.545595822000166, -17.467450158999952], [31.545553822999977, -17.467471159999945], [31.54540282700009, -17.467545165999923], [31.545110835000116, -17.467640173999882], [31.545078836000016, -17.46770517899995], [31.544980839000175, -17.4677531829999], [31.544902841000123, -17.467829188999872], [31.544858843000043, -17.467873191999956], [31.544612850000192, -17.46787519199995], [31.54362887700006, -17.46788619399996], [31.542890898, -17.46789419499993], [31.542766901000164, -17.46777818599992], [31.5420289220001, -17.467785185999958], [31.541906926000138, -17.467787186999942], [31.541782929000078, -17.467907195999942], [31.54166293300011, -17.468026204999944], [31.54153893600005, -17.46802720599993], [31.54141694000009, -17.468148214999815], [31.541173947000175, -17.46838623399998], [31.54105195000011, -17.468506242999865], [31.540929953000045, -17.46862425299986], [31.54093195300004, -17.46874326199992], [31.54080995700008, -17.46886327099992], [31.540687960000184, -17.468865271999903], [31.540687960000184, -17.468981280999913], [31.540565964000052, -17.468983280999964], [31.540565964000052, -17.46910128999997], [31.540443967000158, -17.469103289999964], [31.540445967000153, -17.46922129999996], [31.53995398100011, -17.469227299999943], [31.539705988000094, -17.469111290999933], [31.539335999000116, -17.46911529199997], [31.538987008000106, -17.469118291999962], [31.538968009000087, -17.469118291999962], [31.538722016000065, -17.469122291999952], [31.53847402300005, -17.469006282999942], [31.538226030000033, -17.468892274999916], [31.53798003700001, -17.468777265999904], [31.537734043000114, -17.468779265999956], [31.537486050000098, -17.46866325699989], [31.537220058000116, -17.46866625699994], [31.537152059999983, -17.468651255999873], [31.53708106199997, -17.468651255999873], [31.536869068000044, -17.468552247999924], [31.536745071000155, -17.468554248999908], [31.536623075000193, -17.468556248999903], [31.53625308500017, -17.468560248999893], [31.535883095000088, -17.46844523999988], [31.53551310600011, -17.46833123199997], [31.535387109000055, -17.468214221999858], [31.53514111600009, -17.468218222999838], [31.53489512300007, -17.468102213999828], [31.534523134000096, -17.467987204999815], [31.534153144000015, -17.467875195999966], [31.533785154000157, -17.467879196999945], [31.533539161000135, -17.46788119699994], [31.533169172000157, -17.46788419699982], [31.53255518900005, -17.46789219799996], [31.53230919600003, -17.467894197999954], [31.531552217000012, -17.4681462179999], [31.53148921900015, -17.46816721999994], [31.531414221000148, -17.468241225999975], [31.53122022700012, -17.46833623299983], [31.531125229000054, -17.46852324799994], [31.530835238000122, -17.46871226299993], [31.530739240000173, -17.468808270999887], [31.53064424300004, -17.46899528499989], [31.530547246000083, -17.46908829299997], [31.530356251, -17.46927730799996], [31.529494276000037, -17.470074370999953], [31.528525303000038, -17.470974441999886], [31.528332309000064, -17.47116145599989], [31.5282373120001, -17.471350470999937], [31.52785232300016, -17.47172650099992], [31.52766132800008, -17.472102529999972], [31.527663328000074, -17.472289544999967], [31.527567331, -17.472475559999907], [31.527569331000166, -17.472662573999855], [31.527029347999985, -17.47733294099993], [31.527033348000145, -17.477705969999874], [31.52703934800013, -17.478452028999982], [31.526947351000047, -17.47891906599989], [31.526951351000037, -17.47929109499995], [31.52695335100003, -17.47957211699992], [31.526955351000026, -17.479759130999923], [31.526959351000187, -17.480131160999974], [31.526959351000187, -17.48022416799995], [31.52686535400011, -17.480506189999915], [31.526867354000103, -17.480785211999944], [31.526869354000098, -17.48097222699994], [31.526869354000098, -17.480997228999968], [31.526869354000098, -17.481065233999914], [31.52679935600014, -17.48113623999984], [31.52679935600014, -17.48118524299997], [31.526801356000135, -17.481304252999962], [31.52677635700013, -17.481328254999937], [31.52667935900007, -17.481424261999962], [31.526556363000054, -17.48154427199995], [31.52655836300005, -17.48166028099996], [31.526473365000072, -17.481830293999963], [31.52643836600015, -17.481899299999895], [31.52631637000019, -17.482019308999895], [31.52620037300005, -17.48213331799991], [31.526072377000162, -17.482257327999946], [31.5260743770001, -17.48234733499993], [31.526015379000057, -17.48237633699995], [31.526009379000072, -17.48247334499996], [31.525952380000092, -17.48247334499996], [31.52591238100007, -17.48247334499996], [31.5257173870001, -17.48256835199993], [31.52568538800017, -17.482616355999937], [31.525586391000047, -17.48261835599982], [31.52546439400004, -17.482736365999813], [31.525341398000137, -17.48285637499987], [31.525219401000072, -17.482974383999874], [31.52509740500011, -17.482976384999972], [31.524975408000046, -17.483097393999913], [31.524853412000084, -17.483215402999917], [31.524609419000058, -17.483455421999963], [31.52461141800012, -17.483573431999957], [31.52448942200016, -17.48369244099996], [31.524247429000127, -17.483932459999835], [31.524125432000062, -17.484050468999897], [31.524004435999984, -17.484289487999888], [31.523760443000185, -17.48452750699994], [31.52363844600012, -17.48464751599994], [31.523549449000086, -17.484735522999927], [31.52351645000016, -17.484765525999933], [31.52339645300009, -17.484886534999816], [31.52327445700007, -17.485006543999873], [31.523140460000093, -17.48507154999993], [31.52278447100008, -17.48524656399985], [31.522665474000064, -17.48548158199992], [31.522419481000043, -17.485605591999956], [31.522175488000187, -17.48584361099995], [31.521933495000155, -17.486083628999893], [31.52168950200013, -17.486322647999884], [31.52161650400012, -17.486358650999932], [31.521445509000102, -17.486442657999874], [31.521376511000085, -17.486444657999925], [31.521189516000163, -17.48671767999997], [31.520897524000134, -17.486814686999935], [31.52060953200015, -17.487003701999924], [31.52022254300016, -17.48719471699991], [31.520029549000185, -17.487380731999963], [31.519932552000057, -17.487382731999958], [31.519835554000053, -17.487382731999958], [31.519738557000096, -17.487478739999972], [31.51938156700004, -17.487596748999977], [31.517994606000116, -17.488054785999964], [31.517704615000014, -17.488243800999953], [31.517413623000095, -17.488340807999975], [31.517220628000018, -17.488527822999913], [31.517125631000113, -17.488529822999965], [31.516930637000144, -17.488624830999925], [31.514796697000122, -17.48901786199997], [31.51469870000011, -17.489019861999964], [31.514409708000187, -17.489208876999953], [31.513926721000075, -17.489492899999902], [31.513916722000033, -17.489498899999944], [31.513236741000185, -17.489723917999925], [31.513112744000125, -17.48972591799992], [31.51311374500017, -17.489843927999914], [31.51308374500013, -17.48987392999993], [31.513054746000137, -17.48990093199984], [31.513054746000137, -17.48996793699996], [31.512991748000104, -17.48996793699996], [31.5129937480001, -17.49007994599998], [31.512997748000032, -17.49043497399998], [31.512999748000027, -17.490552982999873], [31.513001748000192, -17.490671992999864], [31.51312574500008, -17.490788001999874], [31.51312574500008, -17.490906010999936], [31.51312974500007, -17.491143029999932], [31.51313174500001, -17.491379047999942], [31.513133745, -17.491498056999887], [31.513258741000072, -17.49173207599989], [31.513260741000067, -17.491967093999904], [31.513264741, -17.49220311299996], [31.51326874100016, -17.492676149999966], [31.51327274100015, -17.492913167999916], [31.513274741000146, -17.493149186999915], [31.513277741000024, -17.493502214999978], [31.51327974100019, -17.493620223999926], [31.513281741000185, -17.49385724299998], [31.513285741000175, -17.494093260999875], [31.513161745000048, -17.49409526099987], [31.51316574499998, -17.494332279999924], [31.513043748000143, -17.49445028899993], [31.51292175200018, -17.494570298999918], [31.51292375200012, -17.49468830799998], [31.512801755000112, -17.49480731699998], [31.512677759000155, -17.494809316999977], [31.512434766000183, -17.49504733599997], [31.512190773000157, -17.495169345999898], [31.512068776000092, -17.495287354999903], [31.51194678000013, -17.49540836499989], [31.511702786, -17.495528373999946], [31.511578790000044, -17.49553037399994], [31.51145679299998, -17.49565038399993], [31.511334797000018, -17.495768392999935], [31.511336797000183, -17.49588640199994], [31.51121480000012, -17.49588840299998], [31.511092804000157, -17.49600841199998], [31.510968807000154, -17.49600841199998], [31.510970807000092, -17.49612742099987], [31.510846811000135, -17.496129421999967], [31.510601818000055, -17.49624943099991], [31.51035782500003, -17.496371440999894], [31.510111832000177, -17.49649144999995], [31.510113832000172, -17.496609459999945], [31.510115832000167, -17.49672746899995], [31.509991835000108, -17.49672746899995], [31.509753842000066, -17.497321515999886], [31.509633845000167, -17.49755953399989], [31.50951284900009, -17.49779755299994], [31.50951284900009, -17.49791456199995], [31.50962184600013, -17.49800056899994], [31.509619846000135, -17.49827659099998], [31.509547848000068, -17.49827659099998], [31.509545848000073, -17.49841560099992], [31.50903086300019, -17.499518687999966], [31.50895586500019, -17.499726704999944], [31.5087368720001, -17.500140736999924]]]]}}, {"type": "Feature", "properties": {"GID_3": "ZWE.4.10.15_2", "GID_0": "ZWE", "COUNTRY": "Zimbabwe", "GID_1": "ZWE.4_1", "NAME_1": "Mashonaland Central", "NL_NAME_1": "NA", "GID_2": "ZWE.4.10_2", "NAME_2": "Shamva", "NL_NAME_2": "NA", "NAME_3": "Ward 22", "VARNAME_3": "NA", "NL_NAME_3": "NA", "TYPE_3": "Ward", "ENGTYPE_3": "Ward", "CC_3": "NA", "HASC_3": "NA", "id": "ZWE.4.10.15_2", "name": "Ward 22"}, "geometry": {"type": "MultiPolygon", "coordinates": [[[[31.580938203000073, -17.29452914899997], [31.58068113900015, -17.294772511999952], [31.580620974000055, -17.302617927999847], [31.57704901500017, -17.30261273499997], [31.565816190000078, -17.302047152999933], [31.56557219600012, -17.302167161999932], [31.565448200000162, -17.302169162999917], [31.56477781500007, -17.301802829999815], [31.56317586600011, -17.302558045999945], [31.563988741000117, -17.300647144999914], [31.565203562000193, -17.29835577199998], [31.56520653300015, -17.297972447999882], [31.566418351000095, -17.296064387999934], [31.567228192000186, -17.294536792999907], [31.56724895700006, -17.29185352099995], [31.56845774600015, -17.290328767999824], [31.568871533, -17.28841498999992], [31.568892267000138, -17.28573171599993], [31.569919068000104, -17.284871799999962], [31.580938203000073, -17.29452914899997]]]]}}, {"type": "Feature", "properties": {"GID_3": "ZWE.4.10.16_2", "GID_0": "ZWE", "COUNTRY": "Zimbabwe", "GID_1": "ZWE.4_1", "NAME_1": "Mashonaland Central", "NL_NAME_1": "NA", "GID_2": "ZWE.4.10_2", "NAME_2": "Shamva", "NL_NAME_2": "NA", "NAME_3": "Ward 23", "VARNAME_3": "NA", "NL_NAME_3": "NA", "TYPE_3": "Ward", "ENGTYPE_3": "Ward", "CC_3": "NA", "HASC_3": "NA", "id": "ZWE.4.10.16_2", "name": "Ward 23"}, "geometry": {"type": "MultiPolygon", "coordinates": [[[[31.568360562000123, -17.268069834999835], [31.570261897000137, -17.26807242999996], [31.572545874000184, -17.26852828199992], [31.573003348000043, -17.26853153299993], [31.57421137400013, -17.268540112999915], [31.571752990000107, -17.276935123999976], [31.570127625, -17.280757018999907], [31.569297153000036, -17.284967909999978], [31.569919068000104, -17.284871799999962], [31.568892267000138, -17.28573171599993], [31.568871533, -17.28841498999992], [31.56845774600015, -17.290328767999824], [31.56724895700006, -17.29185352099995], [31.567228192000186, -17.294536792999907], [31.566418351000095, -17.296064387999934], [31.56520653300015, -17.297972447999882], [31.565203562000193, -17.29835577199998], [31.563988741000117, -17.300647144999914], [31.56317586600011, -17.302558045999945], [31.56477781500007, -17.301802829999815], [31.565448200000162, -17.302169162999917], [31.564210706000097, -17.305852680999976], [31.562110845000177, -17.312102720999917], [31.557009721000156, -17.313325737999946], [31.55547081100019, -17.31429536899998], [31.555466980000176, -17.314785701999938], [31.55495656000005, -17.314782020999928], [31.554952728000046, -17.315272352999955], [31.553421464, -17.315261302999943], [31.55187099799997, -17.31770189799994], [31.547542636000173, -17.32097224499995], [31.54754332900012, -17.320874099999912], [31.547632735000036, -17.309492785999964], [31.537064504000057, -17.300080878999893], [31.534817638000106, -17.295540668999934], [31.53392346000004, -17.292896545999895], [31.534405341000024, -17.289822879999974], [31.53533080800014, -17.288510843999973], [31.5385334180001, -17.288534199999845], [31.54036348300008, -17.288547522999977], [31.540366947000166, -17.288107948999937], [31.542197009000063, -17.288121254999965], [31.544027073000166, -17.288134543999888], [31.54449840700005, -17.2863795639999], [31.546345704000032, -17.284194953999815], [31.54772511800013, -17.283325740999942], [31.55001264400005, -17.283342282999968], [31.551832358000183, -17.284674226999925], [31.552750811000067, -17.2842412519999], [31.55550271800007, -17.283381875999964], [31.55824776000003, -17.28340161699998], [31.564669901000173, -17.281249636999917], [31.566520319000176, -17.27862523899995], [31.56697781700018, -17.27862850599996], [31.56517165200006, -17.275538376999975], [31.56656791600011, -17.272471121999956], [31.56593995000003, -17.271528986999954], [31.568360562000123, -17.268069834999835]]]]}}, {"type": "Feature", "properties": {"GID_3": "ZWE.4.10.17_2", "GID_0": "ZWE", "COUNTRY": "Zimbabwe", "GID_1": "ZWE.4_1", "NAME_1": "Mashonaland Central", "NL_NAME_1": "NA", "GID_2": "ZWE.4.10_2", "NAME_2": "Shamva", "NL_NAME_2": "NA", "NAME_3": "Ward 24", "VARNAME_3": "NA", "NL_NAME_3": "NA", "TYPE_3": "Ward", "ENGTYPE_3": "Ward", "CC_3": "NA", "HASC_3": "NA", "id": "ZWE.4.10.17_2", "name": "Ward 24"}, "geometry": {"type": "MultiPolygon", "coordinates": [[[[31.57421137400013, -17.268540112999915], [31.5775780890001, -17.26856398799987], [31.57940798800007, -17.268576939999946], [31.582620396000095, -17.267280816999914], [31.5840095960001, -17.265092580999976], [31.58677114799997, -17.262913990999834], [31.590891654000018, -17.26250332799998], [31.59455135600018, -17.262528964999944], [31.597286163000035, -17.263866907999898], [31.600478483000188, -17.26520800399993], [31.60366423300019, -17.267428226999925], [31.60595161900011, -17.26744411699991], [31.607781529000135, -17.26745681099993], [31.610539573000096, -17.265717464999966], [31.614656843000034, -17.265745904999847], [31.61924972600019, -17.26615958799988], [31.602259271000094, -17.276044829999933], [31.59881978200019, -17.292203027999903], [31.59648967400011, -17.296600050999928], [31.59317407500015, -17.29633163499983], [31.592667426000048, -17.295837712999912], [31.58783568900003, -17.293597098999953], [31.587044275000096, -17.293538867999928], [31.58300407700017, -17.291356376999943], [31.580938203000073, -17.29452914899997], [31.569919068000104, -17.284871799999962], [31.569297153000036, -17.284967909999978], [31.570127625, -17.280757018999907], [31.571752990000107, -17.276935123999976], [31.57421137400013, -17.268540112999915]]]]}}, {"type": "Feature", "properties": {"GID_3": "ZWE.4.10.18_2", "GID_0": "ZWE", "COUNTRY": "Zimbabwe", "GID_1": "ZWE.4_1", "NAME_1": "Mashonaland Central", "NL_NAME_1": "NA", "GID_2": "ZWE.4.10_2", "NAME_2": "Shamva", "NL_NAME_2": "NA", "NAME_3": "Ward 25", "VARNAME_3": "NA", "NL_NAME_3": "NA", "TYPE_3": "Ward", "ENGTYPE_3": "Ward", "CC_3": "NA", "HASC_3": "NA", "id": "ZWE.4.10.18_2", "name": "Ward 25"}, "geometry": {"type": "MultiPolygon", "coordinates": [[[[31.37551147500011, -16.959141754999962], [31.37566065200008, -16.958501083999977], [31.38159627100015, -16.93300484999986], [31.38290065500007, -16.93276801999997], [31.385491753000053, -16.93080595099991], [31.388068033000025, -16.930578470999933], [31.392973681, -16.928882365999982], [31.393486410000094, -16.929134218999877], [31.39504140500003, -16.92790733199996], [31.39632427900017, -16.92841304599989], [31.397868769000013, -16.928425160999893], [31.39889424000006, -16.92892884099996], [31.40147049400008, -16.928701188999923], [31.40712948600003, -16.929241023999907], [31.410994910000113, -16.92877547299986], [31.414092221000146, -16.927808241999855], [31.416423474000055, -16.926091555999903], [31.421575898000015, -16.92563576599997], [31.423633152000093, -16.92589946799984], [31.42750055200014, -16.92518578699992], [31.43060390000005, -16.923474864999946], [31.433694902000184, -16.923250748999976], [31.435243473000128, -16.92276695899983], [31.435766481000087, -16.921779659999913], [31.437323209999988, -16.92030461199994], [31.438865624000073, -16.920564221999825], [31.439897303000123, -16.92032427099997], [31.440675649000184, -16.91958673199997], [31.441705284000193, -16.91959458199989], [31.44273491900003, -16.919602426999916], [31.44505973300005, -16.9186288169999], [31.448649243000034, -16.920390870999938], [31.450435629000026, -16.919742761999885], [31.452988749000042, -16.92006965899992], [31.45299134700008, -16.919751559999895], [31.456961563000164, -16.91914532599992], [31.45728680200017, -16.919784017999916], [31.456938248000085, -16.922008217999917], [31.455939199000113, -16.922955029999912], [31.456592275000162, -16.923914317999902], [31.45722981100016, -16.926782197999955], [31.456522278000136, -16.932502985999974], [31.457175386000188, -16.933462273999965], [31.457836274000158, -16.933467263999944], [31.456839756000136, -16.93409597599998], [31.45616070700015, -16.936317671999973], [31.453834575000087, -16.937890667999966], [31.451518817000135, -16.938191241999903], [31.448549973000127, -16.937532478999913], [31.44890648800009, -16.93435401399995], [31.447920372, -16.933710289999965], [31.44692121500003, -16.934657047999963], [31.446580329000085, -16.935926923999943], [31.444592424000177, -16.936548029999926], [31.44192266100015, -16.939708846999963], [31.441217208000126, -16.94511143699998], [31.44142780400017, -16.947801659999982], [31.441706334000116, -16.947484039999893], [31.442984643000102, -16.95084606099988], [31.44427333400006, -16.95295105499997], [31.44426988700002, -16.95337006199992], [31.44729300700004, -16.956326320999892], [31.447275799000067, -16.958421358999885], [31.44681636900009, -16.96135109799991], [31.446792262000088, -16.964284148999923], [31.44591468800013, -16.96511553099998], [31.447206941000047, -16.966801506999957], [31.447184424000056, -16.967741617999934], [31.446764705000078, -16.967636205999895], [31.444995718000143, -16.970974988999956], [31.444985368000175, -16.972232008999924], [31.44324393400018, -16.972218719999887], [31.43976107100019, -16.972192096999947], [31.436713571000098, -16.972168753999938], [31.43016929800018, -16.97379459299998], [31.427121786000043, -16.973771103999923], [31.421886987000107, -16.974987736999935], [31.416666185000167, -16.97452822699995], [31.414506985000173, -16.972416306999833], [31.410609970000053, -16.969871802999876], [31.37551147500011, -16.959141754999962]]]]}}, {"type": "Feature", "properties": {"GID_3": "ZWE.4.10.19_2", "GID_0": "ZWE", "COUNTRY": "Zimbabwe", "GID_1": "ZWE.4_1", "NAME_1": "Mashonaland Central", "NL_NAME_1": "NA", "GID_2": "ZWE.4.10_2", "NAME_2": "Shamva", "NL_NAME_2": "NA", "NAME_3": "Ward 26", "VARNAME_3": "NA", "NL_NAME_3": "NA", "TYPE_3": "Ward", "ENGTYPE_3": "Ward", "CC_3": "NA", "HASC_3": "NA", "id": "ZWE.4.10.19_2", "name": "Ward 26"}, "geometry": {"type": "MultiPolygon", "coordinates": [[[[31.51069762400016, -17.00118643999997], [31.510630625000033, -17.00115443699997], [31.50735371700017, -16.99950430799987], [31.50567632200017, -17.000374594999926], [31.473589181000136, -16.99223686699986], [31.45078705500015, -17.003184751999925], [31.43946017900015, -17.000462062999873], [31.46724945700015, -16.978331415999946], [31.467583347000073, -16.9774315439999], [31.47666471600013, -16.972752134999894], [31.477202177000095, -16.972475173999896], [31.478089791, -16.970386609999935], [31.478123547000166, -16.966196476999983], [31.47814379700003, -16.963682396999957], [31.47685464600005, -16.961577582999894], [31.4777320770001, -16.96074605499996], [31.477752325000154, -16.958231972999954], [31.477333867000027, -16.956133656999953], [31.47734399100011, -16.95487661599998], [31.479108886000063, -16.95195650299985], [31.481282117000035, -16.95239172499987], [31.483451999000124, -16.95324593899994], [31.48778847600005, -16.955373318999932], [31.489030469, -16.956103158999838], [31.48995507900014, -16.95664648499985], [31.49298236300018, -16.95918311199995], [31.49470703100002, -16.961291050999932], [31.495986384000105, -16.96465281899998], [31.496833752000043, -16.96759235599984], [31.4976008000001, -16.96724620999987], [31.49608802200015, -16.970103986999902], [31.496091022000087, -16.97038200899982], [31.49594802600012, -16.970521019999865], [31.495807030000037, -16.97080004199995], [31.495529038000086, -16.971633107999935], [31.495389042000056, -16.971912129999964], [31.495248046000142, -16.97219015199994], [31.495105050000177, -16.972332162999976], [31.495107050000172, -16.972469173999855], [31.494966054000088, -16.97261018499995], [31.494966054000088, -16.972747195999943], [31.494968054000026, -16.97288720699987], [31.494827058000112, -16.973026217999916], [31.494682062000038, -16.97302821799991], [31.494688062000137, -16.973444250999876], [31.494543066000062, -16.973445251999976], [31.49454606600011, -16.973722272999964], [31.494403070000033, -16.973861283999838], [31.494405070000028, -16.974000294999882], [31.494264074000057, -16.974279317999958], [31.49412307900002, -16.974418328999832], [31.494125079000185, -16.974557339999876], [31.497609982000142, -16.97742456499998], [31.497752978000108, -16.97742456499998], [31.497899974000177, -16.97769958699996], [31.498190966000095, -16.977972607999902], [31.498778950000087, -16.979074694999895], [31.49892394600016, -16.97920970599995], [31.498925946000156, -16.979349716999934], [31.49907094200006, -16.97934771699994], [31.499215938000134, -16.979484727999875], [31.49921893800007, -16.979761748999977], [31.49921893800007, -16.97989875999997], [31.499222938, -16.980176781999944], [31.499226938000163, -16.98045380399998], [31.499375934000057, -16.981004847999884], [31.49937793400005, -16.98114385899993], [31.49938193400004, -16.981420880999963], [31.499382934000096, -16.981559891999893], [31.49938493400009, -16.98169790299994], [31.499527930000056, -16.981695901999956], [31.49952993000005, -16.981834912999943], [31.49953192999999, -16.98197192399988], [31.499533929999984, -16.982250945999965], [31.49999191700016, -16.983059009999977], [31.51052411900008, -17.00062913399995], [31.510557515000187, -17.000691244999928], [31.51056762700017, -17.000782407999907], [31.51066462400007, -17.000873414999887], [31.510666624000066, -17.00096542199998], [31.51076462200018, -17.00105642899996], [31.51069762400016, -17.00118643999997]]]]}}, {"type": "Feature", "properties": {"GID_3": "ZWE.4.10.20_2", "GID_0": "ZWE", "COUNTRY": "Zimbabwe", "GID_1": "ZWE.4_1", "NAME_1": "Mashonaland Central", "NL_NAME_1": "NA", "GID_2": "ZWE.4.10_2", "NAME_2": "Shamva", "NL_NAME_2": "NA", "NAME_3": "Ward 27", "VARNAME_3": "NA", "NL_NAME_3": "NA", "TYPE_3": "Ward", "ENGTYPE_3": "Ward", "CC_3": "NA", "HASC_3": "NA", "id": "ZWE.4.10.20_2", "name": "Ward 27"}, "geometry": {"type": "MultiPolygon", "coordinates": [[[[31.537200298000073, -17.076529828999867], [31.53973743800003, -17.076548113999934], [31.543407060999982, -17.074816068999894], [31.547073217000104, -17.073523537999904], [31.55028573499999, -17.071788084999923], [31.55347787000005, -17.072690093999938], [31.553945020000185, -17.071374592999916], [31.558276815000056, -17.071822442999917], [31.558351983000193, -17.07183021299994], [31.55856964000003, -17.072121324999955], [31.558727843000042, -17.072157628999946], [31.56518524000012, -17.07363934599988], [31.567760243000066, -17.070224930999927], [31.570807566000042, -17.071717543999966], [31.574394496000025, -17.069290910999882], [31.57490424800011, -17.069294491999926], [31.57541400100007, -17.06929807199998], [31.575923754000087, -17.06930165099982], [31.580001780000146, -17.06933023499994], [31.58506235900012, -17.07426935599989], [31.59118326800018, -17.07382158699994], [31.595243066000023, -17.07630163399989], [31.601855549000106, -17.07830884499998], [31.604896017000158, -17.08078168299994], [31.6084645520001, -17.08080620499993], [31.61048555600013, -17.083271965999927], [31.620139274000053, -17.08775133799992], [31.6246844260001, -17.093666818999964], [31.624680828000123, -17.094157176999886], [31.62569330000008, -17.095144810999955], [31.625689704000138, -17.095635168999934], [31.62619953900014, -17.09563862699997], [31.62670218800008, -17.096622798999874], [31.630278225000097, -17.095666241999936], [31.632816677000164, -17.09715453699988], [31.63585787600016, -17.09962695799993], [31.6440119130001, -17.100172090999934], [31.6455201980001, -17.10312449399993], [31.646030057000075, -17.10312790399996], [31.647549017000188, -17.10460920999998], [31.650105407000126, -17.103645492999874], [31.651111007, -17.10561373899992], [31.650587008000116, -17.10757179199993], [31.65261944500014, -17.108566098999972], [31.656698457000118, -17.108593201999895], [31.65873445400007, -17.109097086999952], [31.661322402000167, -17.103719947999934], [31.6633408670001, -17.10667560899998], [31.668945994000183, -17.107202919999963], [31.671994819000076, -17.108694106999906], [31.673014581000075, -17.10870079299991], [31.673018055, -17.108210425999914], [31.673527935000095, -17.10821376699994], [31.673531408000144, -17.10772339999994], [31.673534881000137, -17.107233031999897], [31.677104021000048, -17.107256381999946], [31.679656868000166, -17.106782652999925], [31.68475564200014, -17.106815834999907], [31.685747868000192, -17.110745410999982], [31.68930679500005, -17.112239659999886], [31.690326583000058, -17.112246259999893], [31.69083647700012, -17.112249557999917], [31.693875316000117, -17.115211544999966], [31.697957953000127, -17.11474745499993], [31.702540280000107, -17.1157576679999], [31.70405981400006, -17.11723858599987], [31.70456972400018, -17.11724184999997], [31.706099456000118, -17.117251635999878], [31.706609367000112, -17.117254894999974], [31.70763596000006, -17.11628066299994], [31.71415965200015, -17.11639529699994], [31.720771735000028, -17.11888918099993], [31.719731770000067, -17.121824984999932], [31.73221053600014, -17.161625769999944], [31.68608655000014, -17.192715793999923], [31.68651799200012, -17.201221865999855], [31.686042326, -17.20124219099995], [31.686036374000082, -17.201542444999973], [31.68601721200008, -17.202508915999942], [31.668619769000088, -17.205032455999913], [31.64477831199997, -17.212041024999905], [31.644949408000116, -17.211430701999973], [31.644570134000162, -17.20874463599995], [31.64436994700003, -17.209132808999982], [31.644314948000044, -17.208931792999977], [31.645457911000165, -17.19458566199995], [31.645621906000144, -17.192516498999964], [31.649161799000012, -17.17414304899995], [31.652317704000097, -17.155184552999913], [31.658486520000167, -17.116802859999893], [31.607662875000074, -17.115173083999935], [31.607480982000084, -17.115167228999894], [31.539213432000054, -17.1129579279999], [31.539219538000168, -17.11288436899997], [31.53935286100011, -17.111278126999935], [31.539340861000028, -17.110923098999933], [31.538751870000056, -17.092002605999937], [31.5386278740001, -17.092004605999932], [31.53862387400011, -17.09176258699989], [31.538621874000114, -17.091521567999962], [31.538618874000065, -17.091279547999818], [31.53861687400007, -17.091039529999932], [31.537200298000073, -17.076529828999867]]]]}}, {"type": "Feature", "properties": {"GID_3": "ZWE.4.10.21_2", "GID_0": "ZWE", "COUNTRY": "Zimbabwe", "GID_1": "ZWE.4_1", "NAME_1": "Mashonaland Central", "NL_NAME_1": "NA", "GID_2": "ZWE.4.10_2", "NAME_2": "Shamva", "NL_NAME_2": "NA", "NAME_3": "Ward 28", "VARNAME_3": "NA", "NL_NAME_3": "NA", "TYPE_3": "Ward", "ENGTYPE_3": "Ward", "CC_3": "NA", "HASC_3": "NA", "id": "ZWE.4.10.21_2", "name": "Ward 28"}, "geometry": {"type": "MultiPolygon", "coordinates": [[[[31.4934323170001, -17.33635540999984], [31.493728840000188, -17.3362200439999], [31.495004193000113, -17.335637820999978], [31.49520818800005, -17.335536812999976], [31.495414182, -17.335532811999883], [31.49582417, -17.335528811999836], [31.496440153000094, -17.335523810999973], [31.496952138999973, -17.335517810999818], [31.497261130000084, -17.33551380999984], [31.49736412700014, -17.335511809999957], [31.49812015000009, -17.33547464199995], [31.498767367000085, -17.3354428209999], [31.49880843900013, -17.335357798999894], [31.49927043200006, -17.33440145599991], [31.50162985300011, -17.325627307999923], [31.503059621000148, -17.318604532999927], [31.50445370700004, -17.31597739299997], [31.507231109000145, -17.31204177199993], [31.510909350000077, -17.30987117199993], [31.51320070000014, -17.309448590999978], [31.515956658000107, -17.308150234999914], [31.51962769300019, -17.306858598999952], [31.521461437000028, -17.306432537999967], [31.5232916650001, -17.30644603099995], [31.525107875000117, -17.30821778699982], [31.5246397950001, -17.30953312999992], [31.526931122000065, -17.309110388999954], [31.529229432000136, -17.30780847899996], [31.531059679000123, -17.307821900999897], [31.533805054000027, -17.307842003999895], [31.53655043300006, -17.307862067999963], [31.53840499800009, -17.304798413999947], [31.53568749300007, -17.301261797999814], [31.536596558000042, -17.30074425299989], [31.53729232700016, -17.300527066999962], [31.5370609900001, -17.300525379999897], [31.537064504000057, -17.300080878999893], [31.547632735000036, -17.309492785999964], [31.54754332900012, -17.320874099999912], [31.547542636000173, -17.32097224499995], [31.55187099799997, -17.31770189799994], [31.553421464, -17.315261302999943], [31.554952728000046, -17.315272352999955], [31.55495656000005, -17.314782020999928], [31.555466980000176, -17.314785701999938], [31.55547081100019, -17.31429536899998], [31.557009721000156, -17.313325737999946], [31.562110845000177, -17.312102720999917], [31.55891439100003, -17.321615694999934], [31.55891739100008, -17.322088731999884], [31.554275527000073, -17.335133759999906], [31.553728730000046, -17.334722204999878], [31.552342046000035, -17.336470577999933], [31.5683423750001, -17.338783682999917], [31.568270771000016, -17.348014800999977], [31.563639324000064, -17.355015202999937], [31.57768946300007, -17.36389004199998], [31.57671556400004, -17.365412376999814], [31.566253207999978, -17.38176442199989], [31.565152669000156, -17.38297482299987], [31.54599371500018, -17.373991194999974], [31.55237555700006, -17.36029220699993], [31.55284446900015, -17.350504389999912], [31.539485873000103, -17.35398482399995], [31.535339204000138, -17.35772031999994], [31.52571067600013, -17.360473906999857], [31.517267925000112, -17.337628346999907], [31.49939829500005, -17.341449222999927], [31.4934323170001, -17.33635540999984]]]]}}, {"type": "Feature", "properties": {"GID_3": "ZWE.4.10.22_2", "GID_0": "ZWE", "COUNTRY": "Zimbabwe", "GID_1": "ZWE.4_1", "NAME_1": "Mashonaland Central", "NL_NAME_1": "NA", "GID_2": "ZWE.4.10_2", "NAME_2": "Shamva", "NL_NAME_2": "NA", "NAME_3": "Ward 29", "VARNAME_3": "NA", "NL_NAME_3": "NA", "TYPE_3": "Ward", "ENGTYPE_3": "Ward", "CC_3": "NA", "HASC_3": "NA", "id": "ZWE.4.10.22_2", "name": "Ward 29"}, "geometry": {"type": "MultiPolygon", "coordinates": [[[[31.61924972600019, -17.26615958799988], [31.62090198300001, -17.26519814799991], [31.621064771000192, -17.265350385999966], [31.621973189000187, -17.26623584699996], [31.626998939000032, -17.267149492999977], [31.62836813000007, -17.26759846199991], [31.629730832000178, -17.268926605999923], [31.63108057000011, -17.272013111999968], [31.631074078000097, -17.272892295999952], [31.632433593000087, -17.274660017999963], [31.632881366000106, -17.27598190999987], [31.63516241200017, -17.276876659999857], [31.63699243800005, -17.2768890939999], [31.639292882000177, -17.275146238999923], [31.643887212000152, -17.272539628999937], [31.64708007100012, -17.273880017999886], [31.648445697000113, -17.27402043099994], [31.648676896000154, -17.27404420199997], [31.648712514000067, -17.273984784999925], [31.649236738000127, -17.273914749999904], [31.65074627100006, -17.276494769999942], [31.65225851400004, -17.278707673999918], [31.65148101600016, -17.280538071999842], [31.651459639999985, -17.283474920999936], [31.65372810800011, -17.286794269999916], [31.641818823000165, -17.29552494899997], [31.653541165000036, -17.312491672999954], [31.653066230000036, -17.31265102899988], [31.62672336100013, -17.321487671999876], [31.591046112000015, -17.339228495999976], [31.578010423000137, -17.3638141269999], [31.577997040000184, -17.363789331999897], [31.57768946300007, -17.36389004199998], [31.563639324000064, -17.355015202999937], [31.568270771000016, -17.348014800999977], [31.5683423750001, -17.338783682999917], [31.552342046000035, -17.336470577999933], [31.553728730000046, -17.334722204999878], [31.554275527000073, -17.335133759999906], [31.55891739100008, -17.322088731999884], [31.55891439100003, -17.321615694999934], [31.562110845000177, -17.312102720999917], [31.564210706000097, -17.305852680999976], [31.565448200000162, -17.302169162999917], [31.56557219600012, -17.302167161999932], [31.565816190000078, -17.302047152999933], [31.57704901500017, -17.30261273499997], [31.580620974000055, -17.302617927999847], [31.58068113900015, -17.294772511999952], [31.580938203000073, -17.29452914899997], [31.58300407700017, -17.291356376999943], [31.587044275000096, -17.293538867999928], [31.58783568900003, -17.293597098999953], [31.592667426000048, -17.295837712999912], [31.59317407500015, -17.29633163499983], [31.59648967400011, -17.296600050999928], [31.59881978200019, -17.292203027999903], [31.602259271000094, -17.276044829999933], [31.61924972600019, -17.26615958799988]]]]}}, {"type": "Feature", "properties": {"GID_3": "ZWE.4.10.23_2", "GID_0": "ZWE", "COUNTRY": "Zimbabwe", "GID_1": "ZWE.4_1", "NAME_1": "Mashonaland Central", "NL_NAME_1": "NA", "GID_2": "ZWE.4.10_2", "NAME_2": "Shamva", "NL_NAME_2": "NA", "NAME_3": "Ward 3", "VARNAME_3": "NA", "NL_NAME_3": "NA", "TYPE_3": "Ward", "ENGTYPE_3": "Ward", "CC_3": "NA", "HASC_3": "NA", "id": "ZWE.4.10.23_2", "name": "Ward 3"}, "geometry": {"type": "MultiPolygon", "coordinates": [[[[31.61301569900013, -16.856038914999885], [31.613323204000096, -16.856763438999906], [31.593067293000047, -16.908705686999895], [31.592728584000156, -16.908527078999953], [31.572829324000168, -16.957225894999908], [31.57176561900019, -16.957231149999927], [31.57176932500016, -16.95674065599991], [31.571259731000055, -16.956737087999954], [31.570750137000175, -16.956733519999943], [31.570753845000127, -16.956243024999935], [31.570244253000055, -16.956239455999935], [31.57024796200011, -16.955748960999927], [31.569743950000145, -16.95633887199989], [31.569697951000023, -16.956386875999954], [31.569409959000154, -16.95638887599995], [31.569313962000138, -16.95648188299998], [31.569216964000077, -16.956483883999965], [31.56912396700011, -16.956577890999938], [31.568837975000065, -16.95676690599987], [31.56845398600018, -16.956863913999882], [31.568262991000097, -16.95695692099997], [31.56788200200009, -16.95714593599996], [31.567693007, -16.957425958999863], [31.567502013000023, -16.95761297399997], [31.567312018000052, -16.95770898099994], [31.56711902400002, -16.95771098099982], [31.567117024000083, -16.95752596699998], [31.56711502400009, -16.957340951999925], [31.56720902100011, -16.95715393699993], [31.567207021000115, -16.95697092299997], [31.567300018000083, -16.95678390799992], [31.567298018000088, -16.956506885999943], [31.56729601800015, -16.956413878999967], [31.56729501800004, -16.95622886399991], [31.567102024000064, -16.956230863999906], [31.566909029000158, -16.956233864999888], [31.566718034000075, -16.956235864999883], [31.566621037000118, -16.956235864999883], [31.566623037000113, -16.956329871999856], [31.56652803999998, -16.956329871999856], [31.56652803999998, -16.956422879999934], [31.56643204200003, -16.956422879999934], [31.56633704500007, -16.95651888699996], [31.566242048000163, -16.95651888699996], [31.565954056000123, -16.95652188799994], [31.565761061000046, -16.956523887999936], [31.565666064000084, -16.95652588799993], [31.56537607200005, -16.95643688099983], [31.565183078000075, -16.956437880999886], [31.564800088000027, -16.95644188199998], [31.564607094000053, -16.95644588199997], [31.564512096000158, -16.95644588199997], [31.564319102000184, -16.95644788199985], [31.564224104000175, -16.956449882999948], [31.564126107000106, -16.956357874999867], [31.564031109999974, -16.95635987599985], [31.56383611500013, -16.95626886799994], [31.56354812300009, -16.95618086199994], [31.563161134000154, -16.955999846999816], [31.563161134000154, -16.955907839999952], [31.563255131000176, -16.9557208249999], [31.563348129000076, -16.955535810999947], [31.56334612900008, -16.955442802999983], [31.56334612900008, -16.955350795999948], [31.563344129000086, -16.955257788999972], [31.56315213400012, -16.955167781999876], [31.563150134000125, -16.954982766999933], [31.56305413700005, -16.954984766999928], [31.563053137000168, -16.954891759999953], [31.56286014200009, -16.954893759999948], [31.56257215000005, -16.95489675999994], [31.56238115600007, -16.954898760999924], [31.56218716100011, -16.95480975399994], [31.561994166000034, -16.954719745999967], [31.561897169000076, -16.954627738999875], [31.561897169000076, -16.9545347319999], [31.561799172000065, -16.954536731999895], [31.561799172000065, -16.95444272499992], [31.56189516900008, -16.95444272499992], [31.561990166000044, -16.954349716999957], [31.562082164, -16.95407069499987], [31.56207816400007, -16.953700665999918], [31.56207816400007, -16.953607657999953], [31.561979166000015, -16.95342464399988], [31.561881169000173, -16.953332636999846], [31.56178617200004, -16.953334636999898], [31.561689174000037, -16.953334636999898], [31.56159517700013, -16.95342864399987], [31.56121018800019, -16.95343364499996], [31.56111719100005, -16.953527651999877], [31.561019193000106, -16.95352765299998], [31.560827199000187, -16.95353165299997], [31.560541207000142, -16.95362666099993], [31.560254215000043, -16.953721667999957], [31.560062220000077, -16.953817675999915], [31.559966223000174, -16.953817675999915], [31.55968023100013, -16.953912682999942], [31.55958323400006, -16.953914683999926], [31.55958323400006, -16.953823675999956], [31.55939023900015, -16.953824676999943], [31.55938923900004, -16.95373166899998], [31.559293242000024, -16.953733668999973], [31.55929124200003, -16.953548654999963], [31.559194244000025, -16.95345664799987], [31.559192245000077, -16.9533656399999], [31.55900125, -16.953367640999886], [31.558807255000033, -16.95318462599994], [31.558519263, -16.95318762599993], [31.558229271000187, -16.953098619999935], [31.55784528200013, -16.95310261999998], [31.55765328800004, -16.953105619999974], [31.557077304000188, -16.953111620999948], [31.556886309000106, -16.953206628999965], [31.556693315000132, -16.95320862899996], [31.556503320000104, -16.953210628999955], [31.55602033300005, -16.953123621999964], [31.555538347000095, -16.952943607999885], [31.555347352000013, -16.952947608999978], [31.554962363000072, -16.95285760199988], [31.552843422000137, -16.952421567999977], [31.55274742500012, -16.952421567999977], [31.552362436000124, -16.952333560999932], [31.551977447000183, -16.952154546999964], [31.55187944900007, -16.95206253999993], [31.55178245200011, -16.95206253999993], [31.55159145700003, -16.952066539999976], [31.55139746300017, -16.951974532999827], [31.55120646800009, -16.95197653299988], [31.55091847600005, -16.951980533999972], [31.550725482000075, -16.951982533999967], [31.550340492000032, -16.95189452699998], [31.54957151400015, -16.951904527999886], [31.54938151900018, -16.95190652799988], [31.549188524999977, -16.951908527999876], [31.548803536000037, -16.951911528999858], [31.548612541000125, -16.952007536999872], [31.54832654900008, -16.952102543999956], [31.54813555400017, -16.952197551999973], [31.54804255700003, -16.952382565999926], [31.54794456000019, -16.95238456699991], [31.547849562000124, -16.952386566999905], [31.547754565, -16.952386566999905], [31.54736857600011, -16.952390566999952], [31.547080584000128, -16.95239456799993], [31.546888589000105, -16.952396567999926], [31.54660059800017, -16.952400567999973], [31.546502600000053, -16.95230856099994], [31.54631060600019, -16.952218553999955], [31.546117611000113, -16.95212954699997], [31.54592561600009, -16.95203753999988], [31.545635624000113, -16.95194953299989], [31.54544263000014, -16.95185852599991], [31.54534563200008, -16.951766518999932], [31.54524963500006, -16.951768518999927], [31.545055641000147, -16.95167951199994], [31.544958643000143, -16.951587504999964], [31.54370167800016, -16.950862447999896], [31.54350868400013, -16.950771439999926], [31.543313689000115, -16.950590425999962], [31.543022697000026, -16.950221396999893], [31.542730705000167, -16.94994937599995], [31.542535711000028, -16.949766360999888], [31.542245719, -16.949491339999895], [31.542051724000032, -16.949310324999942], [31.541952727000137, -16.949125310999875], [31.541856729000187, -16.94912731099987], [31.54175973200006, -16.948944295999922], [31.53796783700011, -16.945103993999965], [31.537773842000092, -16.944828971999925], [31.537483850000115, -16.94464595799991], [31.537288856000146, -16.944464943999947], [31.53670687200014, -16.94391589999998], [31.536220885000148, -16.943459863999976], [31.53612388800019, -16.94336785699994], [31.53573789900014, -16.943186842999978], [31.535253912000144, -16.942822813999953], [31.53486692300004, -16.94254979299984], [31.534767926000086, -16.94236677799995], [31.534671928000137, -16.942368778999878], [31.534574931, -16.942276770999968], [31.534381937000035, -16.94218576399993], [31.534091945000057, -16.942004749999967], [31.533992947000172, -16.941820734999908], [31.53389795000004, -16.941822735999892], [31.53370495500019, -16.941731728999912], [31.5335129610001, -16.941733728999907], [31.533126972000048, -16.941645721999976], [31.532644985000047, -16.94146670799995], [31.5321639980001, -16.9413807009999], [31.53177900900016, -16.941290693999917], [31.53149101700012, -16.941294694999897], [31.531395020000105, -16.94129669499989], [31.53120302500008, -16.941298694999887], [31.5309150330001, -16.941302695999866], [31.530434047000085, -16.941305695999915], [31.529570070999966, -16.94131769699993], [31.529185082000026, -16.94122768999995], [31.528897090000157, -16.941231690999928], [31.528511101000106, -16.94114368399994], [31.527935117000084, -16.941151684999966], [31.527455130000078, -16.941063677999978], [31.52707014100008, -16.941067677999968], [31.523425244000066, -16.94129469799998], [31.523041254000077, -16.941391704999944], [31.52294425700012, -16.941391704999944], [31.522849260000157, -16.94139370599993], [31.52275326300014, -16.94139370599993], [31.522751263000146, -16.94130269799996], [31.52265626500008, -16.941304698999943], [31.522561268000175, -16.941304698999943], [31.522463271000106, -16.941212690999976], [31.52246127100011, -16.941120683999884], [31.522364273000107, -16.941029676999904], [31.522362273000113, -16.94084466199996], [31.522360273000118, -16.94065964799995], [31.522356273000128, -16.940382625999916], [31.522355273000073, -16.940197610999974], [31.52235327300008, -16.940012595999974], [31.522351273000083, -16.93982758199985], [31.52234927300009, -16.939642566999908], [31.522444271000154, -16.939549559999932], [31.522440271000164, -16.93936454499982], [31.522629264999978, -16.938992515999928], [31.522818260000122, -16.938805500999933], [31.523007254000106, -16.938525477999917], [31.52310225200017, -16.938340463999907], [31.523196249000193, -16.93815344899997], [31.523291246000156, -16.93805944199994], [31.524140222000028, -16.936848344999817], [31.524235219, -16.936755337999955], [31.524426214000073, -16.93666132999988], [31.524521211000035, -16.936568322999904], [31.52451921100004, -16.93647431599993], [31.524615208000114, -16.93628930099993], [31.52461320800012, -16.936196293999956], [31.52461320800012, -16.936104285999875], [31.524611208000124, -16.9360112789999], [31.52460920800013, -16.935826263999957], [31.52451221100017, -16.935736256999974], [31.524319216000094, -16.93564424999994], [31.524222219000023, -16.93555324299996], [31.524029225, -16.935555242999953], [31.52364423500012, -16.93537622899987], [31.523354243000142, -16.93519421499991], [31.523257246000185, -16.93519421499991], [31.523161249000168, -16.935196214999962], [31.523064251000108, -16.93510520799998], [31.522871257000133, -16.935015200999942], [31.521035308000023, -16.93401812199994], [31.520939311000177, -16.934019122999928], [31.520747316000154, -16.933930115999942], [31.520361327000103, -16.933842108999954], [31.520071335000125, -16.93375210199997], [31.519879340000102, -16.933663094999872], [31.519782342999974, -16.933663094999872], [31.519686346000128, -16.933665094999867], [31.51939835400009, -16.93366709499992], [31.518918367000083, -16.933672095999896], [31.51834138300012, -16.933586088999903], [31.51776440000009, -16.933501082999953], [31.517283412999973, -16.93341507599996], [31.516802427000187, -16.93341907599995], [31.515841453000064, -16.9332450629999], [31.515456464000067, -16.933251063999876], [31.515168472000084, -16.93325306399987], [31.51497747800005, -16.933255063999866], [31.512762540000153, -16.932726022999873], [31.51257054500013, -16.932728022999868], [31.512473548, -16.932728022999868], [31.51218555600019, -16.932732023999847], [31.51122358300006, -16.932558009999923], [31.510552602000075, -16.93256601099995], [31.51035960700017, -16.932568010999944], [31.510167612000032, -16.93257001199993], [31.51007161500013, -16.932572011999923], [31.503157809000072, -16.932556012999953], [31.502774820000127, -16.932562013999814], [31.50267682300006, -16.932562013999814], [31.502388831000076, -16.932566013999974], [31.501524855000127, -16.932484007999903], [31.501427858000056, -16.932484007999903], [31.50133286000016, -16.9324860079999], [31.501044868000122, -16.932581015999972], [31.500565882000103, -16.9325870159999], [31.500084895000043, -16.932593016999874], [31.49998989800008, -16.932686023999963], [31.49989490100012, -16.932686023999963], [31.499896901000113, -16.932780031999982], [31.49979890300017, -16.932780031999982], [31.499703906000036, -16.932873038999958], [31.499114923000036, -16.932965046999925], [31.490329169000177, -16.93181595899989], [31.489896181000063, -16.93168294899982], [31.488889209000035, -16.93169394999984], [31.488601217000053, -16.931697949999887], [31.488313225000184, -16.93170195099998], [31.488170229000104, -16.93170195099998], [31.488025233000144, -16.931703950999974], [31.485862294000185, -16.93117590999998], [31.485574302000146, -16.931176909999976], [31.485141314000032, -16.931043899999963], [31.484853322000163, -16.930908888999966], [31.48470832600009, -16.930909888999963], [31.48442033400005, -16.930774878999898], [31.484130342000014, -16.930639867999844], [31.48384235000003, -16.930505857999947], [31.483554358000163, -16.93050785799994], [31.483552358000168, -16.93037084699995], [31.483551358000113, -16.930230835999907], [31.483259366000084, -16.929818802999932], [31.482965374000116, -16.929267759999902], [31.482820377999985, -16.929132748999848], [31.48252638600019, -16.928720716999862], [31.48237939000012, -16.92844369499994], [31.48237839, -16.928167672999905], [31.48223139400011, -16.928031661999967], [31.48208439800004, -16.927617629999872], [31.482082398000045, -16.92747861899994], [31.481937402000142, -16.92734160799995], [31.481935402000147, -16.927203596999902], [31.48059443900013, -16.923204280999926], [31.480594438000026, -16.92306526999988], [31.48044744300006, -16.922927258999948], [31.48030044700016, -16.922653236999906], [31.480154451000146, -16.92237821499998], [31.47986445900011, -16.922103193999874], [31.479715463000048, -16.921689160999904], [31.47942547100007, -16.92141713999996], [31.478988483000137, -16.921006106999982], [31.478841487000068, -16.920730084999946], [31.478551495000033, -16.920596074999878], [31.47854949500004, -16.920457063999947], [31.47840649900013, -16.92045906399983], [31.47811750699998, -16.920184041999903], [31.477972511000075, -16.920186042999887], [31.47797051100008, -16.920049031999895], [31.477825515000177, -16.91991202099996], [31.477680519000103, -16.91977400999997], [31.47739052700007, -16.91950198899997], [31.477388527000073, -16.919361977999927], [31.47724353100017, -16.91936397799998], [31.47724353100017, -16.919224966999934], [31.476949538999975, -16.91881293399996], [31.47680054300008, -16.91826189099993], [31.47665254700013, -16.91784785799996], [31.476646547000144, -16.917431824999824], [31.47649755100008, -16.91701779199991], [31.476348555000186, -16.91646674899988], [31.47495459100014, -16.90762204899994], [31.47495059100015, -16.907345026999963], [31.474945591000107, -16.906928993999884], [31.474943591000113, -16.90665297199996], [31.474937591000128, -16.90609792799995], [31.474922591000166, -16.90485182999987], [31.474914591000186, -16.904159774999982], [31.47487259000019, -16.90042247899987], [31.47500958600017, -16.899867434999862], [31.49481902900004, -16.896875190999822], [31.494962025000177, -16.89687319099994], [31.498980912000093, -16.89627414199998], [31.500050882000153, -16.89607512599997], [31.50368478000007, -16.894834025999955], [31.5038747750001, -16.894738017999828], [31.50397277200011, -16.894736017999946], [31.504162766000036, -16.89464301099997], [31.50445075800002, -16.894639009999878], [31.504736750000063, -16.89454400299985], [31.505120740000052, -16.89454000199987], [31.50933562100016, -16.893751937999923], [31.50962361300003, -16.893656930999896], [31.50991160500007, -16.893652929999917], [31.51039059100009, -16.893555922999894], [31.510676583000134, -16.893459914999937], [31.510964575000116, -16.893362906999982], [31.51105957200008, -16.89326989999995], [31.511153570000033, -16.893084884999894], [31.511439562000078, -16.892988876999937], [31.511725554000122, -16.892800861999945], [31.519688330000122, -16.892340822999813], [31.51988132500003, -16.892338822999932], [31.520071319000124, -16.892334821999953], [31.520840298000053, -16.89232782199997], [31.52141828200007, -16.892412827999976], [31.52276124399998, -16.89239782599998], [31.524106206000056, -16.892382824999913], [31.52794509800009, -16.892429826999887], [31.528426085000035, -16.8924248269999], [31.52890607200004, -16.89241882599987], [31.529290061000097, -16.89241482599988], [31.52958005300013, -16.892504832999975], [31.529963042000077, -16.892500831999882], [31.53034603100008, -16.892494831999954], [31.530827017999968, -16.892582837999953], [31.533523942000045, -16.89329089299997], [31.533712937000132, -16.89315488299991], [31.5341859240001, -16.893757929999822], [31.534303921000173, -16.89375592999994], [31.534871905999978, -16.89817427999992], [31.551019459000145, -16.913967524999975], [31.56759598499997, -16.890005621999933], [31.579281654000056, -16.88148694299997], [31.612800705000097, -16.85614792399997], [31.61301569900013, -16.856038914999885]]]]}}, {"type": "Feature", "properties": {"GID_3": "ZWE.4.10.24_2", "GID_0": "ZWE", "COUNTRY": "Zimbabwe", "GID_1": "ZWE.4_1", "NAME_1": "Mashonaland Central", "NL_NAME_1": "NA", "GID_2": "ZWE.4.10_2", "NAME_2": "Shamva", "NL_NAME_2": "NA", "NAME_3": "Ward 4", "VARNAME_3": "NA", "NL_NAME_3": "NA", "TYPE_3": "Ward", "ENGTYPE_3": "Ward", "CC_3": "NA", "HASC_3": "NA", "id": "ZWE.4.10.24_2", "name": "Ward 4"}, "geometry": {"type": "MultiPolygon", "coordinates": [[[[31.450435629000026, -16.919742761999885], [31.45034799400014, -16.91973154099992], [31.450331285000118, -16.91758684699994], [31.45133825700009, -16.917574844999933], [31.451481253000054, -16.91757284499994], [31.4517672450001, -16.9174318339999], [31.45205523700008, -16.91742783399991], [31.452342229000067, -16.91728682199988], [31.45248322500015, -16.917008799999905], [31.452765217000035, -16.916590766999946], [31.453049209000085, -16.916310744999976], [31.453190205000055, -16.916031722999946], [31.45333220100008, -16.915892711999902], [31.45333220100008, -16.91575370099997], [31.453330201000085, -16.91561368899994], [31.453326201000095, -16.915337667999836], [31.4533242010001, -16.915200656999957], [31.453322201000105, -16.915060645999915], [31.45317720500003, -16.914923634999923], [31.453175204000104, -16.914646612999945], [31.453173204000166, -16.914509601999953], [31.453028209000138, -16.914372590999903], [31.453026209000143, -16.914232579999975], [31.45288121300007, -16.91423457999997], [31.452878212000087, -16.91381954799988], [31.452876212999968, -16.913681536999945], [31.45287421300003, -16.913542525999958], [31.452731217000064, -16.913544525999953], [31.45272921700007, -16.913407514999903], [31.452727217000074, -16.913267503999975], [31.452721216000043, -16.91271445999996], [31.451832241000147, -16.910370274999877], [31.451830241000152, -16.910231263999833], [31.45197323600013, -16.91009225299996], [31.45197023600008, -16.909815230999982], [31.45196623600009, -16.909539208999945], [31.451821240000186, -16.909401197999898], [31.451817240000025, -16.908985164999933], [31.451813240000035, -16.90870914299984], [31.45195623600017, -16.908570131999966], [31.452382224000075, -16.90814809899996], [31.45281121200003, -16.907868075999943], [31.453093204000083, -16.90744804299993], [31.453522192000037, -16.90716802099996], [31.453806184000086, -16.906886997999948], [31.45394818000011, -16.906608975999973], [31.454232172, -16.90632795399989], [31.454228172000057, -16.90605193199997], [31.454226172000062, -16.905912920999924], [31.45436916800014, -16.905772909999882], [31.454367168000147, -16.90563389899995], [31.456795099000033, -16.904084774999944], [31.457081091000077, -16.903943763999962], [31.457366083000068, -16.90380075299987], [31.4579380670001, -16.903518729999973], [31.458514050000076, -16.903510728999947], [31.45908803400016, -16.903367717999913], [31.459662018000017, -16.903360716999885], [31.460380998000176, -16.903352715999915], [31.460811986000124, -16.90334871599987], [31.461099978000163, -16.90334471499989], [31.46124297400013, -16.903342714999894], [31.461528966000117, -16.90320170399997], [31.461959954000122, -16.903058691999945], [31.462390941000137, -16.903053691999958], [31.46296392500011, -16.90290867999994], [31.463396913000054, -16.902904679999892], [31.463825901, -16.902761667999982], [31.464113893000047, -16.90275766799988], [31.46439988500009, -16.902616655999964], [31.464685877000136, -16.902612655999974], [31.46497186900018, -16.902471644999935], [31.465400857000134, -16.90218862199987], [31.465972841000053, -16.901906599999904], [31.47256065500011, -16.899617415999955], [31.47284864700015, -16.899614415999963], [31.473135639000077, -16.899472403999937], [31.473278635000042, -16.89947140399994], [31.47342163100012, -16.899469403999944], [31.473564627000087, -16.899329392999846], [31.473850619000075, -16.899186380999822], [31.47413861000001, -16.89918438099994], [31.474136610000073, -16.899045369999953], [31.47469759500018, -16.89885835499996], [31.4747105940001, -16.898900357999935], [31.475008586000058, -16.899728423999818], [31.47500958600017, -16.899867434999862], [31.47487259000019, -16.90042247899987], [31.474914591000186, -16.904159774999982], [31.474922591000166, -16.90485182999987], [31.474937591000128, -16.90609792799995], [31.474943591000113, -16.90665297199996], [31.474945591000107, -16.906928993999884], [31.47495059100015, -16.907345026999963], [31.47495459100014, -16.90762204899994], [31.476348555000186, -16.91646674899988], [31.47649755100008, -16.91701779199991], [31.476646547000144, -16.917431824999824], [31.47665254700013, -16.91784785799996], [31.47680054300008, -16.91826189099993], [31.476949538999975, -16.91881293399996], [31.47724353100017, -16.919224966999934], [31.47724353100017, -16.91936397799998], [31.477388527000073, -16.919361977999927], [31.47739052700007, -16.91950198899997], [31.477680519000103, -16.91977400999997], [31.477825515000177, -16.91991202099996], [31.47797051100008, -16.920049031999895], [31.477972511000075, -16.920186042999887], [31.47811750699998, -16.920184041999903], [31.47840649900013, -16.92045906399983], [31.47854949500004, -16.920457063999947], [31.478551495000033, -16.920596074999878], [31.478841487000068, -16.920730084999946], [31.478988483000137, -16.921006106999982], [31.47942547100007, -16.92141713999996], [31.479715463000048, -16.921689160999904], [31.47986445900011, -16.922103193999874], [31.480154451000146, -16.92237821499998], [31.48030044700016, -16.922653236999906], [31.48044744300006, -16.922927258999948], [31.480594438000026, -16.92306526999988], [31.48059443900013, -16.923204280999926], [31.481935402000147, -16.927203596999902], [31.481937402000142, -16.92734160799995], [31.482082398000045, -16.92747861899994], [31.48208439800004, -16.927617629999872], [31.48223139400011, -16.928031661999967], [31.48237839, -16.928167672999905], [31.48237939000012, -16.92844369499994], [31.48252638600019, -16.928720716999862], [31.482820377999985, -16.929132748999848], [31.482965374000116, -16.929267759999902], [31.483259366000084, -16.929818802999932], [31.483551358000113, -16.930230835999907], [31.483552358000168, -16.93037084699995], [31.483554358000163, -16.93050785799994], [31.48384235000003, -16.930505857999947], [31.484130342000014, -16.930639867999844], [31.48442033400005, -16.930774878999898], [31.48470832600009, -16.930909888999963], [31.484853322000163, -16.930908888999966], [31.485141314000032, -16.931043899999963], [31.485574302000146, -16.931176909999976], [31.485862294000185, -16.93117590999998], [31.488025233000144, -16.931703950999974], [31.488170229000104, -16.93170195099998], [31.488313225000184, -16.93170195099998], [31.488601217000053, -16.931697949999887], [31.488889209000035, -16.93169394999984], [31.489896181000063, -16.93168294899982], [31.490329169000177, -16.93181595899989], [31.499114923000036, -16.932965046999925], [31.499703906000036, -16.932873038999958], [31.49979890300017, -16.932780031999982], [31.499896901000113, -16.932780031999982], [31.49989490100012, -16.932686023999963], [31.49998989800008, -16.932686023999963], [31.500084895000043, -16.932593016999874], [31.500565882000103, -16.9325870159999], [31.501044868000122, -16.932581015999972], [31.50133286000016, -16.9324860079999], [31.501427858000056, -16.932484007999903], [31.501524855000127, -16.932484007999903], [31.502388831000076, -16.932566013999974], [31.502390831000014, -16.932751028999974], [31.502394831000174, -16.933028050999894], [31.50230183300016, -16.933306072999926], [31.502306833000034, -16.93367610199988], [31.502306833000034, -16.93376810899997], [31.502211836000072, -16.933770108999852], [31.502217836, -16.934325152999918], [31.502219836, -16.934416160999945], [31.5022228360001, -16.934786189999897], [31.502320833000113, -16.934878196999875], [31.502322833000107, -16.935063211999818], [31.502322833000107, -16.93515421899997], [31.502324833000102, -16.935248225999942], [31.502421831000106, -16.935339233999912], [31.502421831000106, -16.93543124099989], [31.502518828000063, -16.93552224799987], [31.501769850000073, -16.93710237299996], [31.50177285000018, -16.937380394999934], [31.501677852000114, -16.937474402999896], [31.50167985200011, -16.937659416999963], [31.501584855000146, -16.93775242499993], [31.501490858000068, -16.937846431999958], [31.501395861000162, -16.9380314469999], [31.50130186299998, -16.938217461999955], [31.501111869000113, -16.93840447699995], [31.5010178710001, -16.938589490999902], [31.500925874000075, -16.938868512999875], [31.500830877000112, -16.938961520999953], [31.500832877000107, -16.939240542999926], [31.500836877000097, -16.939516564999963], [31.50084087700003, -16.93979358699994], [31.500937874000158, -16.939885593999918], [31.500937874000158, -16.939978600999893], [31.501034871000115, -16.94007060799987], [31.50103687100011, -16.940161615999955], [31.50123386600012, -16.940529644999913], [31.501425861000143, -16.94071265899987], [31.50152485800004, -16.940895673999933], [31.501622855000107, -16.94098768099991], [31.501622855000107, -16.94107968799989], [31.50171985300011, -16.94117069499987], [31.501721853000106, -16.941355709999982], [31.50183585000002, -16.942925833999936], [31.50183985000018, -16.94320385599997], [31.501841850000176, -16.943388870999968], [31.501845850000166, -16.94366589299989], [31.50184785000016, -16.943941914999982], [31.501849850000156, -16.944126928999935], [31.50185485000003, -16.944496958999935], [31.501856850000024, -16.944682972999942], [31.50185885000019, -16.94495899499998], [31.501765853, -16.945146009999974], [31.501769853000155, -16.94551603899987], [31.501675856000134, -16.945609046999834], [31.501675856000134, -16.945701053999812], [31.501486861000046, -16.94588806899992], [31.501294866000023, -16.945983075999948], [31.500262896000095, -16.948028238999882], [31.50026489600009, -16.94830626099997], [31.50015989900004, -16.948875305999877], [31.499749912000084, -16.950817458999836], [31.499463920000096, -16.950820459999818], [31.49932092400013, -16.950961470999914], [31.49903393200003, -16.95110348199995], [31.498890936000066, -16.951105482999935], [31.498745940000163, -16.951106482999933], [31.497883964000096, -16.951116483999954], [31.497595972000056, -16.95111848399995], [31.497452976000147, -16.951120483999944], [31.497166984000103, -16.95126149499987], [31.49673399600016, -16.951267495999957], [31.49616001300018, -16.951272496999934], [31.49587202100014, -16.95127649699998], [31.495874021000134, -16.95141550799991], [31.49572902500006, -16.951417507999906], [31.49558802900009, -16.951557518999948], [31.495590029000084, -16.951696529999936], [31.49544503300018, -16.951696530999982], [31.495447033000175, -16.95183554199997], [31.495306037000034, -16.9519745529999], [31.495162041000185, -16.95211556399994], [31.495019045000106, -16.95225557499998], [31.494735053000056, -16.95253559699995], [31.49473705300005, -16.95267460799994], [31.494451061000177, -16.952815618999978], [31.494310065000036, -16.952955630999895], [31.494024073, -16.95309864199993], [31.493881077000083, -16.953237652999974], [31.493883077000078, -16.953376663999848], [31.49374008100017, -16.953376663999848], [31.493597085000033, -16.953517674999944], [31.493454089000124, -16.95351967499994], [31.493454089000124, -16.95365768599993], [31.493310093000105, -16.953658686999972], [31.49316709699997, -16.953800697999952], [31.49302410100006, -16.953800697999952], [31.492881106000027, -16.953941708999878], [31.49273811000012, -16.95394370899993], [31.492595113999982, -16.954082719999974], [31.492309122000165, -16.954086720999953], [31.492164126000034, -16.95408872099995], [31.49216612600003, -16.95422573199994], [31.49202313000012, -16.954227731999936], [31.491676466, -16.95431374199984], [31.49136446200015, -16.954683280999973], [31.489030469, -16.956103158999838], [31.48778847600005, -16.955373318999932], [31.483451999000124, -16.95324593899994], [31.481282117000035, -16.95239172499987], [31.479108886000063, -16.95195650299985], [31.47734399100011, -16.95487661599998], [31.477333867000027, -16.956133656999953], [31.477752325000154, -16.958231972999954], [31.4777320770001, -16.96074605499996], [31.47685464600005, -16.961577582999894], [31.47814379700003, -16.963682396999957], [31.478123547000166, -16.966196476999983], [31.478089791, -16.970386609999935], [31.477202177000095, -16.972475173999896], [31.47666471600013, -16.972752134999894], [31.476766811000175, -16.972471921999897], [31.444985368000175, -16.972232008999924], [31.444995718000143, -16.970974988999956], [31.446764705000078, -16.967636205999895], [31.447184424000056, -16.967741617999934], [31.447206941000047, -16.966801506999957], [31.44591468800013, -16.96511553099998], [31.446792262000088, -16.964284148999923], [31.44681636900009, -16.96135109799991], [31.447275799000067, -16.958421358999885], [31.44729300700004, -16.956326320999892], [31.44426988700002, -16.95337006199992], [31.44427333400006, -16.95295105499997], [31.442984643000102, -16.95084606099988], [31.441706334000116, -16.947484039999893], [31.44142780400017, -16.947801659999982], [31.441217208000126, -16.94511143699998], [31.44192266100015, -16.939708846999963], [31.444592424000177, -16.936548029999926], [31.446580329000085, -16.935926923999943], [31.44692121500003, -16.934657047999963], [31.447920372, -16.933710289999965], [31.44890648800009, -16.93435401399995], [31.448549973000127, -16.937532478999913], [31.451518817000135, -16.938191241999903], [31.453834575000087, -16.937890667999966], [31.45616070700015, -16.936317671999973], [31.456839756000136, -16.93409597599998], [31.457836274000158, -16.933467263999944], [31.457175386000188, -16.933462273999965], [31.456522278000136, -16.932502985999974], [31.45722981100016, -16.926782197999955], [31.456592275000162, -16.923914317999902], [31.455939199000113, -16.922955029999912], [31.456938248000085, -16.922008217999917], [31.45728680200017, -16.919784017999916], [31.456961563000164, -16.91914532599992], [31.45299134700008, -16.919751559999895], [31.452988749000042, -16.92006965899992], [31.450435629000026, -16.919742761999885]]]]}}, {"type": "Feature", "properties": {"GID_3": "ZWE.4.10.25_2", "GID_0": "ZWE", "COUNTRY": "Zimbabwe", "GID_1": "ZWE.4_1", "NAME_1": "Mashonaland Central", "NL_NAME_1": "NA", "GID_2": "ZWE.4.10_2", "NAME_2": "Shamva", "NL_NAME_2": "NA", "NAME_3": "Ward 5", "VARNAME_3": "NA", "NL_NAME_3": "NA", "TYPE_3": "Ward", "ENGTYPE_3": "Ward", "CC_3": "NA", "HASC_3": "NA", "id": "ZWE.4.10.25_2", "name": "Ward 5"}, "geometry": {"type": "MultiPolygon", "coordinates": [[[[31.561357316000112, -16.999552186999836], [31.56133220200013, -16.99948528799996], [31.560607222000044, -16.999378278999927], [31.558853271000146, -16.999397280999972], [31.55835128500013, -16.99928227299995], [31.557973296000057, -16.99916626299995], [31.557596306000107, -16.99905025399994], [31.55722031700003, -16.999055254999917], [31.55697032400019, -16.99905725499991], [31.55659233500012, -16.99906125599989], [31.55621934500016, -16.99918726599992], [31.555843356000025, -16.99919126599997], [31.55559336300007, -16.999315275999948], [31.55509337700005, -16.99944128599998], [31.554346398000177, -16.999691305999875], [31.55397040800017, -16.99969430699997], [31.553846411999984, -16.999817315999906], [31.553594419000035, -16.999820316999887], [31.553348426000184, -17.000064335999923], [31.553098433, -17.00018734599996], [31.552846440000053, -17.000190345999954], [31.552472451000085, -17.000314355999933], [31.552223458000185, -17.00031835699997], [31.55222545800018, -17.00043836599997], [31.55210146100012, -17.000560375999953], [31.551725472000044, -17.00056437599983], [31.55072350000006, -17.000818396999875], [31.550476507000155, -17.00094240699991], [31.55022451399998, -17.000944406999906], [31.54997652100019, -17.001068416999942], [31.54985252400013, -17.001190425999937], [31.549600532000056, -17.00119242699992], [31.54935253900004, -17.001316435999968], [31.54910454600008, -17.001560455999822], [31.54898054900019, -17.001682465999977], [31.54885455300007, -17.001684465999972], [31.548606560000053, -17.001806475999842], [31.5483565670001, -17.00193048499989], [31.54823257000004, -17.00205249499993], [31.54810757399997, -17.002054494999925], [31.547859581000182, -17.00217850499996], [31.547733584000127, -17.00217850499996], [31.547483591000173, -17.00218250599994], [31.54710760200004, -17.002185505999933], [31.54710760200004, -17.002306515999976], [31.546981604999985, -17.002187505999927], [31.54647861900014, -17.001951487999918], [31.545724641000106, -17.001840478999895], [31.54534565100016, -17.001604460999886], [31.54484366500003, -17.00148745199982], [31.54446467600019, -17.001251432999936], [31.544086686000185, -17.00101441399994], [31.543834693000065, -17.000896404999935], [31.543580700000064, -17.000780395999925], [31.543456704000107, -17.000780395999925], [31.543331707000164, -17.00078239599992], [31.54320571100004, -17.000784396999904], [31.542953718000092, -17.000665386999913], [31.542701725000086, -17.000547377999908], [31.542451732000075, -17.000551377999898], [31.542449732000136, -17.00043136899984], [31.542200739, -17.000433368999893], [31.541570757000102, -17.00020035099982], [31.54081577800008, -16.999967332999972], [31.540311792000125, -16.999731313999916], [31.53993480200006, -16.99961430499991], [31.539430816000106, -16.999380286999894], [31.539180823000095, -16.99938228699989], [31.539054827000143, -16.999384286999884], [31.53892883000009, -16.999385286999882], [31.53867983700019, -16.99938728799998], [31.538303848000112, -16.999393287999908], [31.538051855000106, -16.999395288999892], [31.53792785900015, -16.999397288999887], [31.537677865999967, -16.999521298999923], [31.537427873000183, -16.999523298999918], [31.537177880000172, -16.999647308999954], [31.5369288870001, -16.99964930899995], [31.536428901000136, -16.999897328999964], [31.536054911000065, -17.000021338999943], [31.535930915000108, -17.00014334799988], [31.535428929000147, -17.00014834899997], [31.535304932000145, -17.000270358999842], [31.535180936000188, -17.000272358999894], [31.53493194300006, -17.000396368999873], [31.53480594700011, -17.000396368999873], [31.53455795400015, -17.000640387999965], [31.53443395700009, -17.00064238799996], [31.534309961000133, -17.00088540799993], [31.534185964000073, -17.000887407999926], [31.53418796400007, -17.001007416999983], [31.534061968000117, -17.001009417999967], [31.5334339850001, -17.00101641799995], [31.533182992000036, -17.000898408999944], [31.53280700300013, -17.00090240999998], [31.532555010000124, -17.00078439999993], [31.53230501700017, -17.000787400999968], [31.53217702000012, -17.000669390999974], [31.53192802700005, -17.00067139199996], [31.531802031000097, -17.000673391999953], [31.531678034000038, -17.000795400999948], [31.53155403800008, -17.000795401999937], [31.53143004100008, -17.00091741099982], [31.53130604500012, -17.001039420999973], [31.53118004900017, -17.001041420999968], [31.531182049000165, -17.001161430999957], [31.530804059000104, -17.001045421999947], [31.530177077000133, -17.000932412999816], [31.52942509800016, -17.000940413999956], [31.52892211200009, -17.000825404999944], [31.528420126000128, -17.00071139599993], [31.527918140000168, -17.00071739699996], [31.52741715400009, -17.000722396999947], [31.527167161000136, -17.000724396999942], [31.526791172000173, -17.000730397999973], [31.526539179000054, -17.00073239799997], [31.526415182000164, -17.000854407999952], [31.526041193000026, -17.00098041799987], [31.525916196000082, -17.00098041799987], [31.525666203000128, -17.000984418999963], [31.52554220700017, -17.0011064279999], [31.523785256000167, -17.0008854109999], [31.523659260000045, -17.000887411999827], [31.52365726000005, -17.00076440199996], [31.523282270000095, -17.000770401999887], [31.523158273999968, -17.000770401999887], [31.52303227700014, -17.000772402999814], [31.52278228400013, -17.000776402999975], [31.522406295000053, -17.000780403999954], [31.52228029800017, -17.00078240399995], [31.522030304999987, -17.00078440399983], [31.52165331599997, -17.000667394999937], [31.52127732600013, -17.00067139499987], [31.521025333000182, -17.000675395999963], [31.520777340000166, -17.000799405999828], [31.520651344000044, -17.000799405999828], [31.520401351000032, -17.000923415999978], [31.520152358000132, -17.00092541599986], [31.520028362000176, -17.00104742499991], [31.519656372000156, -17.00141345499992], [31.51953237600003, -17.00153546399997], [31.51928238300019, -17.00165947399995], [31.519036390000167, -17.001903493999976], [31.518912393000107, -17.002145512999903], [31.518664400000148, -17.00226952299994], [31.51841640700013, -17.002513541999974], [31.51816641400012, -17.002636551999956], [31.518040418, -17.002637551999953], [31.517542432000027, -17.00288557199997], [31.517416436000076, -17.00288557199997], [31.51716844300006, -17.00300958199989], [31.516917450000165, -17.003011581999885], [31.51666745700004, -17.003015581999875], [31.51641746400003, -17.00301758299986], [31.516165471000022, -17.002901572999917], [31.515664485000173, -17.002906573999894], [31.51528649500017, -17.002790564999884], [31.515160499000046, -17.002790564999884], [31.514660513000024, -17.002796565999972], [31.51415752700018, -17.00268155699996], [31.51365554100005, -17.002567547999945], [31.51327755200009, -17.002451538999935], [31.513026559000025, -17.002452538999933], [31.512900562000027, -17.002334529999928], [31.51252257300007, -17.002218520999918], [31.512019587000054, -17.001983501999916], [31.51138760400005, -17.001628473999858], [31.51088261800004, -17.001272445999973], [31.51069762400016, -17.00118643999997], [31.51076462200018, -17.00105642899996], [31.510666624000066, -17.00096542199998], [31.51066462400007, -17.000873414999887], [31.51056762700017, -17.000782407999907], [31.510557515000187, -17.000691244999928], [31.51052411900008, -17.00062913399995], [31.49999191700016, -16.983059009999977], [31.499533929999984, -16.982250945999965], [31.49953192999999, -16.98197192399988], [31.49952993000005, -16.981834912999943], [31.499527930000056, -16.981695901999956], [31.49938493400009, -16.98169790299994], [31.499382934000096, -16.981559891999893], [31.49938193400004, -16.981420880999963], [31.49937793400005, -16.98114385899993], [31.499375934000057, -16.981004847999884], [31.499226938000163, -16.98045380399998], [31.499222938, -16.980176781999944], [31.49921893800007, -16.97989875999997], [31.49921893800007, -16.979761748999977], [31.499215938000134, -16.979484727999875], [31.49907094200006, -16.97934771699994], [31.498925946000156, -16.979349716999934], [31.49892394600016, -16.97920970599995], [31.498778950000087, -16.979074694999895], [31.498190966000095, -16.977972607999902], [31.497899974000177, -16.97769958699996], [31.497752978000108, -16.97742456499998], [31.497609982000142, -16.97742456499998], [31.494125079000185, -16.974557339999876], [31.49412307900002, -16.974418328999832], [31.494264074000057, -16.974279317999958], [31.494405070000028, -16.974000294999882], [31.494403070000033, -16.973861283999838], [31.49454606600011, -16.973722272999964], [31.494543066000062, -16.973445251999976], [31.494688062000137, -16.973444250999876], [31.494682062000038, -16.97302821799991], [31.494827058000112, -16.973026217999916], [31.494968054000026, -16.97288720699987], [31.494966054000088, -16.972747195999943], [31.494966054000088, -16.97261018499995], [31.495107050000172, -16.972469173999855], [31.495105050000177, -16.972332162999976], [31.495248046000142, -16.97219015199994], [31.495389042000056, -16.971912129999964], [31.495529038000086, -16.971633107999935], [31.495807030000037, -16.97080004199995], [31.49594802600012, -16.970521019999865], [31.496091022000087, -16.97038200899982], [31.49608802200015, -16.970103986999902], [31.4976008000001, -16.96724620999987], [31.496833752000043, -16.96759235599984], [31.495986384000105, -16.96465281899998], [31.49470703100002, -16.961291050999932], [31.49298236300018, -16.95918311199995], [31.48995507900014, -16.95664648499985], [31.489030469, -16.956103158999838], [31.49136446200015, -16.954683280999973], [31.491676466, -16.95431374199984], [31.49202313000012, -16.954227731999936], [31.49216612600003, -16.95422573199994], [31.492164126000034, -16.95408872099995], [31.492309122000165, -16.954086720999953], [31.492595113999982, -16.954082719999974], [31.49273811000012, -16.95394370899993], [31.492881106000027, -16.953941708999878], [31.49302410100006, -16.953800697999952], [31.49316709699997, -16.953800697999952], [31.493310093000105, -16.953658686999972], [31.493454089000124, -16.95365768599993], [31.493454089000124, -16.95351967499994], [31.493597085000033, -16.953517674999944], [31.49374008100017, -16.953376663999848], [31.493883077000078, -16.953376663999848], [31.493881077000083, -16.953237652999974], [31.494024073, -16.95309864199993], [31.494310065000036, -16.952955630999895], [31.494451061000177, -16.952815618999978], [31.49473705300005, -16.95267460799994], [31.494735053000056, -16.95253559699995], [31.495019045000106, -16.95225557499998], [31.495162041000185, -16.95211556399994], [31.495306037000034, -16.9519745529999], [31.495447033000175, -16.95183554199997], [31.49544503300018, -16.951696530999982], [31.495590029000084, -16.951696529999936], [31.49558802900009, -16.951557518999948], [31.49572902500006, -16.951417507999906], [31.495874021000134, -16.95141550799991], [31.49587202100014, -16.95127649699998], [31.49616001300018, -16.951272496999934], [31.49673399600016, -16.951267495999957], [31.497166984000103, -16.95126149499987], [31.497452976000147, -16.951120483999944], [31.497595972000056, -16.95111848399995], [31.497883964000096, -16.951116483999954], [31.498745940000163, -16.951106482999933], [31.498890936000066, -16.951105482999935], [31.49903393200003, -16.95110348199995], [31.49932092400013, -16.950961470999914], [31.499463920000096, -16.950820459999818], [31.499749912000084, -16.950817458999836], [31.50015989900004, -16.948875305999877], [31.50026489600009, -16.94830626099997], [31.500262896000095, -16.948028238999882], [31.501294866000023, -16.945983075999948], [31.501486861000046, -16.94588806899992], [31.501675856000134, -16.945701053999812], [31.501675856000134, -16.945609046999834], [31.501769853000155, -16.94551603899987], [31.501765853, -16.945146009999974], [31.50185885000019, -16.94495899499998], [31.501856850000024, -16.944682972999942], [31.50185485000003, -16.944496958999935], [31.501849850000156, -16.944126928999935], [31.50184785000016, -16.943941914999982], [31.501845850000166, -16.94366589299989], [31.501841850000176, -16.943388870999968], [31.50183985000018, -16.94320385599997], [31.50183585000002, -16.942925833999936], [31.501721853000106, -16.941355709999982], [31.50171985300011, -16.94117069499987], [31.501622855000107, -16.94107968799989], [31.501622855000107, -16.94098768099991], [31.50152485800004, -16.940895673999933], [31.501425861000143, -16.94071265899987], [31.50123386600012, -16.940529644999913], [31.50103687100011, -16.940161615999955], [31.501034871000115, -16.94007060799987], [31.500937874000158, -16.939978600999893], [31.500937874000158, -16.939885593999918], [31.50084087700003, -16.93979358699994], [31.500836877000097, -16.939516564999963], [31.500832877000107, -16.939240542999926], [31.500830877000112, -16.938961520999953], [31.500925874000075, -16.938868512999875], [31.5010178710001, -16.938589490999902], [31.501111869000113, -16.93840447699995], [31.50130186299998, -16.938217461999955], [31.501395861000162, -16.9380314469999], [31.501490858000068, -16.937846431999958], [31.501584855000146, -16.93775242499993], [31.50167985200011, -16.937659416999963], [31.501677852000114, -16.937474402999896], [31.50177285000018, -16.937380394999934], [31.501769850000073, -16.93710237299996], [31.502518828000063, -16.93552224799987], [31.502421831000106, -16.93543124099989], [31.502421831000106, -16.935339233999912], [31.502324833000102, -16.935248225999942], [31.502322833000107, -16.93515421899997], [31.502322833000107, -16.935063211999818], [31.502320833000113, -16.934878196999875], [31.5022228360001, -16.934786189999897], [31.502219836, -16.934416160999945], [31.502217836, -16.934325152999918], [31.502211836000072, -16.933770108999852], [31.502306833000034, -16.93376810899997], [31.502306833000034, -16.93367610199988], [31.50230183300016, -16.933306072999926], [31.502394831000174, -16.933028050999894], [31.502390831000014, -16.932751028999974], [31.502388831000076, -16.932566013999974], [31.50267682300006, -16.932562013999814], [31.502774820000127, -16.932562013999814], [31.503157809000072, -16.932556012999953], [31.51007161500013, -16.932572011999923], [31.510167612000032, -16.93257001199993], [31.51035960700017, -16.932568010999944], [31.510552602000075, -16.93256601099995], [31.51122358300006, -16.932558009999923], [31.51218555600019, -16.932732023999847], [31.512473548, -16.932728022999868], [31.51257054500013, -16.932728022999868], [31.512762540000153, -16.932726022999873], [31.51497747800005, -16.933255063999866], [31.515168472000084, -16.93325306399987], [31.515456464000067, -16.933251063999876], [31.515841453000064, -16.9332450629999], [31.516802427000187, -16.93341907599995], [31.517283412999973, -16.93341507599996], [31.51776440000009, -16.933501082999953], [31.51834138300012, -16.933586088999903], [31.518918367000083, -16.933672095999896], [31.51939835400009, -16.93366709499992], [31.519686346000128, -16.933665094999867], [31.519782342999974, -16.933663094999872], [31.519879340000102, -16.933663094999872], [31.520071335000125, -16.93375210199997], [31.520361327000103, -16.933842108999954], [31.520747316000154, -16.933930115999942], [31.520939311000177, -16.934019122999928], [31.521035308000023, -16.93401812199994], [31.522871257000133, -16.935015200999942], [31.523064251000108, -16.93510520799998], [31.523161249000168, -16.935196214999962], [31.523257246000185, -16.93519421499991], [31.523354243000142, -16.93519421499991], [31.52364423500012, -16.93537622899987], [31.524029225, -16.935555242999953], [31.524222219000023, -16.93555324299996], [31.524319216000094, -16.93564424999994], [31.52451221100017, -16.935736256999974], [31.52460920800013, -16.935826263999957], [31.524611208000124, -16.9360112789999], [31.52461320800012, -16.936104285999875], [31.52461320800012, -16.936196293999956], [31.524615208000114, -16.93628930099993], [31.52451921100004, -16.93647431599993], [31.524521211000035, -16.936568322999904], [31.524426214000073, -16.93666132999988], [31.524235219, -16.936755337999955], [31.524140222000028, -16.936848344999817], [31.523291246000156, -16.93805944199994], [31.523196249000193, -16.93815344899997], [31.52310225200017, -16.938340463999907], [31.523007254000106, -16.938525477999917], [31.522818260000122, -16.938805500999933], [31.522629264999978, -16.938992515999928], [31.522440271000164, -16.93936454499982], [31.522444271000154, -16.939549559999932], [31.52234927300009, -16.939642566999908], [31.522351273000083, -16.93982758199985], [31.52235327300008, -16.940012595999974], [31.522355273000073, -16.940197610999974], [31.522356273000128, -16.940382625999916], [31.522360273000118, -16.94065964799995], [31.522362273000113, -16.94084466199996], [31.522364273000107, -16.941029676999904], [31.52246127100011, -16.941120683999884], [31.522463271000106, -16.941212690999976], [31.522561268000175, -16.941304698999943], [31.52265626500008, -16.941304698999943], [31.522751263000146, -16.94130269799996], [31.52275326300014, -16.94139370599993], [31.522849260000157, -16.94139370599993], [31.52294425700012, -16.941391704999944], [31.523041254000077, -16.941391704999944], [31.523425244000066, -16.94129469799998], [31.52707014100008, -16.941067677999968], [31.527455130000078, -16.941063677999978], [31.527935117000084, -16.941151684999966], [31.528511101000106, -16.94114368399994], [31.528897090000157, -16.941231690999928], [31.529185082000026, -16.94122768999995], [31.529570070999966, -16.94131769699993], [31.530434047000085, -16.941305695999915], [31.5309150330001, -16.941302695999866], [31.53120302500008, -16.941298694999887], [31.531395020000105, -16.94129669499989], [31.53149101700012, -16.941294694999897], [31.53177900900016, -16.941290693999917], [31.5321639980001, -16.9413807009999], [31.532644985000047, -16.94146670799995], [31.533126972000048, -16.941645721999976], [31.5335129610001, -16.941733728999907], [31.53370495500019, -16.941731728999912], [31.53389795000004, -16.941822735999892], [31.533992947000172, -16.941820734999908], [31.534091945000057, -16.942004749999967], [31.534381937000035, -16.94218576399993], [31.534574931, -16.942276770999968], [31.534671928000137, -16.942368778999878], [31.534767926000086, -16.94236677799995], [31.53486692300004, -16.94254979299984], [31.535253912000144, -16.942822813999953], [31.53573789900014, -16.943186842999978], [31.53612388800019, -16.94336785699994], [31.536220885000148, -16.943459863999976], [31.53670687200014, -16.94391589999998], [31.537288856000146, -16.944464943999947], [31.537483850000115, -16.94464595799991], [31.537773842000092, -16.944828971999925], [31.53796783700011, -16.945103993999965], [31.54175973200006, -16.948944295999922], [31.541856729000187, -16.94912731099987], [31.541952727000137, -16.949125310999875], [31.542051724000032, -16.949310324999942], [31.542245719, -16.949491339999895], [31.542535711000028, -16.949766360999888], [31.542730705000167, -16.94994937599995], [31.543022697000026, -16.950221396999893], [31.543313689000115, -16.950590425999962], [31.54350868400013, -16.950771439999926], [31.54370167800016, -16.950862447999896], [31.544958643000143, -16.951587504999964], [31.545055641000147, -16.95167951199994], [31.54524963500006, -16.951768518999927], [31.54534563200008, -16.951766518999932], [31.54544263000014, -16.95185852599991], [31.545635624000113, -16.95194953299989], [31.54592561600009, -16.95203753999988], [31.546117611000113, -16.95212954699997], [31.54631060600019, -16.952218553999955], [31.546502600000053, -16.95230856099994], [31.54660059800017, -16.952400567999973], [31.546888589000105, -16.952396567999926], [31.547080584000128, -16.95239456799993], [31.54736857600011, -16.952390566999952], [31.547754565, -16.952386566999905], [31.547849562000124, -16.952386566999905], [31.54794456000019, -16.95238456699991], [31.54804255700003, -16.952382565999926], [31.54813555400017, -16.952197551999973], [31.54832654900008, -16.952102543999956], [31.548612541000125, -16.952007536999872], [31.548803536000037, -16.951911528999858], [31.549188524999977, -16.951908527999876], [31.54938151900018, -16.95190652799988], [31.54957151400015, -16.951904527999886], [31.550340492000032, -16.95189452699998], [31.550725482000075, -16.951982533999967], [31.55091847600005, -16.951980533999972], [31.55120646800009, -16.95197653299988], [31.55139746300017, -16.951974532999827], [31.55159145700003, -16.952066539999976], [31.55178245200011, -16.95206253999993], [31.55187944900007, -16.95206253999993], [31.551977447000183, -16.952154546999964], [31.552362436000124, -16.952333560999932], [31.55274742500012, -16.952421567999977], [31.552843422000137, -16.952421567999977], [31.554962363000072, -16.95285760199988], [31.555347352000013, -16.952947608999978], [31.555538347000095, -16.952943607999885], [31.55602033300005, -16.953123621999964], [31.556503320000104, -16.953210628999955], [31.556693315000132, -16.95320862899996], [31.556886309000106, -16.953206628999965], [31.557077304000188, -16.953111620999948], [31.55765328800004, -16.953105619999974], [31.55784528200013, -16.95310261999998], [31.558229271000187, -16.953098619999935], [31.558519263, -16.95318762599993], [31.558807255000033, -16.95318462599994], [31.55900125, -16.953367640999886], [31.559192245000077, -16.9533656399999], [31.559194244000025, -16.95345664799987], [31.55929124200003, -16.953548654999963], [31.559293242000024, -16.953733668999973], [31.55938923900004, -16.95373166899998], [31.55939023900015, -16.953824676999943], [31.55958323400006, -16.953823675999956], [31.55958323400006, -16.953914683999926], [31.55968023100013, -16.953912682999942], [31.559966223000174, -16.953817675999915], [31.560062220000077, -16.953817675999915], [31.560254215000043, -16.953721667999957], [31.560541207000142, -16.95362666099993], [31.560827199000187, -16.95353165299997], [31.561019193000106, -16.95352765299998], [31.56111719100005, -16.953527651999877], [31.56121018800019, -16.95343364499996], [31.56159517700013, -16.95342864399987], [31.561689174000037, -16.953334636999898], [31.56178617200004, -16.953334636999898], [31.561881169000173, -16.953332636999846], [31.561979166000015, -16.95342464399988], [31.56207816400007, -16.953607657999953], [31.56207816400007, -16.953700665999918], [31.562082164, -16.95407069499987], [31.561990166000044, -16.954349716999957], [31.56189516900008, -16.95444272499992], [31.561799172000065, -16.95444272499992], [31.561799172000065, -16.954536731999895], [31.561897169000076, -16.9545347319999], [31.561897169000076, -16.954627738999875], [31.561994166000034, -16.954719745999967], [31.56218716100011, -16.95480975399994], [31.56238115600007, -16.954898760999924], [31.56257215000005, -16.95489675999994], [31.56286014200009, -16.954893759999948], [31.563053137000168, -16.954891759999953], [31.56305413700005, -16.954984766999928], [31.563150134000125, -16.954982766999933], [31.56315213400012, -16.955167781999876], [31.563344129000086, -16.955257788999972], [31.56334612900008, -16.955350795999948], [31.56334612900008, -16.955442802999983], [31.563348129000076, -16.955535810999947], [31.563255131000176, -16.9557208249999], [31.563161134000154, -16.955907839999952], [31.563161134000154, -16.955999846999816], [31.56354812300009, -16.95618086199994], [31.56383611500013, -16.95626886799994], [31.564031109999974, -16.95635987599985], [31.564126107000106, -16.956357874999867], [31.564224104000175, -16.956449882999948], [31.564319102000184, -16.95644788199985], [31.564512096000158, -16.95644588199997], [31.564607094000053, -16.95644588199997], [31.564800088000027, -16.95644188199998], [31.565183078000075, -16.956437880999886], [31.56537607200005, -16.95643688099983], [31.565666064000084, -16.95652588799993], [31.565761061000046, -16.956523887999936], [31.565954056000123, -16.95652188799994], [31.566242048000163, -16.95651888699996], [31.56633704500007, -16.95651888699996], [31.56643204200003, -16.956422879999934], [31.56652803999998, -16.956422879999934], [31.56652803999998, -16.956329871999856], [31.566623037000113, -16.956329871999856], [31.566621037000118, -16.956235864999883], [31.566718034000075, -16.956235864999883], [31.566909029000158, -16.956233864999888], [31.567102024000064, -16.956230863999906], [31.56729501800004, -16.95622886399991], [31.56729601800015, -16.956413878999967], [31.567298018000088, -16.956506885999943], [31.567300018000083, -16.95678390799992], [31.567207021000115, -16.95697092299997], [31.56720902100011, -16.95715393699993], [31.56711502400009, -16.957340951999925], [31.567117024000083, -16.95752596699998], [31.56711902400002, -16.95771098099982], [31.567312018000052, -16.95770898099994], [31.567502013000023, -16.95761297399997], [31.567693007, -16.957425958999863], [31.56788200200009, -16.95714593599996], [31.568262991000097, -16.95695692099997], [31.56845398600018, -16.956863913999882], [31.568837975000065, -16.95676690599987], [31.56912396700011, -16.956577890999938], [31.569216964000077, -16.956483883999965], [31.569313962000138, -16.95648188299998], [31.569409959000154, -16.95638887599995], [31.569697951000023, -16.956386875999954], [31.569743950000145, -16.95633887199989], [31.57024796200011, -16.955748960999927], [31.570244253000055, -16.956239455999935], [31.570753845000127, -16.956243024999935], [31.570750137000175, -16.956733519999943], [31.571259731000055, -16.956737087999954], [31.57176932500016, -16.95674065599991], [31.57176561900019, -16.957231149999927], [31.572829324000168, -16.957225894999908], [31.563975867000124, -16.978882988999942], [31.5621175820001, -17.001577361999978], [31.561357316000112, -16.999552186999836]]]]}}, {"type": "Feature", "properties": {"GID_3": "ZWE.4.10.26_2", "GID_0": "ZWE", "COUNTRY": "Zimbabwe", "GID_1": "ZWE.4_1", "NAME_1": "Mashonaland Central", "NL_NAME_1": "NA", "GID_2": "ZWE.4.10_2", "NAME_2": "Shamva", "NL_NAME_2": "NA", "NAME_3": "Ward 6", "VARNAME_3": "NA", "NL_NAME_3": "NA", "TYPE_3": "Ward", "ENGTYPE_3": "Ward", "CC_3": "NA", "HASC_3": "NA", "id": "ZWE.4.10.26_2", "name": "Ward 6"}, "geometry": {"type": "MultiPolygon", "coordinates": [[[[31.379477422000036, -17.006811629999902], [31.376509389000034, -16.998499275999848], [31.376238396000076, -16.998375265999982], [31.37036255400011, -16.98124691399994], [31.374028445000135, -16.96551066799998], [31.37551147500011, -16.959141754999962], [31.410609970000053, -16.969871802999876], [31.414506985000173, -16.972416306999833], [31.416666185000167, -16.97452822699995], [31.421886987000107, -16.974987736999935], [31.427121786000043, -16.973771103999923], [31.43016929800018, -16.97379459299998], [31.436713571000098, -16.972168753999938], [31.43976107100019, -16.972192096999947], [31.44324393400018, -16.972218719999887], [31.444985368000175, -16.972232008999924], [31.476766811000175, -16.972471921999897], [31.47666471600013, -16.972752134999894], [31.467583347000073, -16.9774315439999], [31.46724945700015, -16.978331415999946], [31.43946017900015, -17.000462062999873], [31.43914149600016, -17.00071579899992], [31.436553682000124, -17.00277617199987], [31.430397351000124, -17.00767740799995], [31.430340182000066, -17.00767578499989], [31.42773182600007, -17.01162081299998], [31.427102849, -17.01208345999993], [31.41791986000004, -17.01299324299987], [31.417236126000148, -17.013478413999962], [31.415868648000128, -17.01444874799995], [31.411277098000028, -17.014903430999823], [31.408235398000045, -17.01291770599994], [31.40620072000013, -17.01241129099992], [31.402657736000037, -17.009440589999883], [31.399094031000175, -17.008922098999903], [31.397067772000128, -17.007434692999936], [31.379477422000036, -17.006811629999902]]]]}}, {"type": "Feature", "properties": {"GID_3": "ZWE.4.10.27_2", "GID_0": "ZWE", "COUNTRY": "Zimbabwe", "GID_1": "ZWE.4_1", "NAME_1": "Mashonaland Central", "NL_NAME_1": "NA", "GID_2": "ZWE.4.10_2", "NAME_2": "Shamva", "NL_NAME_2": "NA", "NAME_3": "Ward 7", "VARNAME_3": "NA", "NL_NAME_3": "NA", "TYPE_3": "Ward", "ENGTYPE_3": "Ward", "CC_3": "NA", "HASC_3": "NA", "id": "ZWE.4.10.27_2", "name": "Ward 7"}, "geometry": {"type": "MultiPolygon", "coordinates": [[[[31.50567632200017, -17.000374594999926], [31.499754931999973, -17.0034466219999], [31.499632935000136, -17.003690641999924], [31.499506939000185, -17.003690641999924], [31.499402942000188, -17.00379064999987], [31.4953270580001, -17.00826900499993], [31.477069576000076, -17.023616224999955], [31.476890581000077, -17.02361822499995], [31.467887837000035, -17.03195488699987], [31.437212592000094, -17.02884316799998], [31.43753368800003, -17.028188600999897], [31.435653852000087, -17.02588316799995], [31.430067073000146, -17.023387651999883], [31.428069057000187, -17.01846730999989], [31.428089526, -17.016015012999958], [31.428093619000094, -17.015524553999967], [31.428118176000112, -17.01258179699994], [31.427102849, -17.01208345999993], [31.42773182600007, -17.01162081299998], [31.430340182000066, -17.00767578499989], [31.430397351000124, -17.00767740799995], [31.436553682000124, -17.00277617199987], [31.43914149600016, -17.00071579899992], [31.43946017900015, -17.000462062999873], [31.45078705500015, -17.003184751999925], [31.473589181000136, -16.99223686699986], [31.50567632200017, -17.000374594999926]]]]}}, {"type": "Feature", "properties": {"GID_3": "ZWE.4.10.28_2", "GID_0": "ZWE", "COUNTRY": "Zimbabwe", "GID_1": "ZWE.4_1", "NAME_1": "Mashonaland Central", "NL_NAME_1": "NA", "GID_2": "ZWE.4.10_2", "NAME_2": "Shamva", "NL_NAME_2": "NA", "NAME_3": "Ward 8", "VARNAME_3": "NA", "NL_NAME_3": "NA", "TYPE_3": "Ward", "ENGTYPE_3": "Ward", "CC_3": "NA", "HASC_3": "NA", "id": "ZWE.4.10.28_2", "name": "Ward 8"}, "geometry": {"type": "MultiPolygon", "coordinates": [[[[31.379294314000163, -17.007330972999966], [31.379232940000065, -17.00680295899997], [31.379477422000036, -17.006811629999902], [31.397067772000128, -17.007434692999936], [31.399094031000175, -17.008922098999903], [31.402657736000037, -17.009440589999883], [31.40620072000013, -17.01241129099992], [31.408235398000045, -17.01291770599994], [31.411277098000028, -17.014903430999823], [31.415868648000128, -17.01444874799995], [31.417236126000148, -17.013478413999962], [31.41791986000004, -17.01299324299987], [31.427102849, -17.01208345999993], [31.428118176000112, -17.01258179699994], [31.428093619000094, -17.015524553999967], [31.428089526, -17.016015012999958], [31.428069057000187, -17.01846730999989], [31.430067073000146, -17.023387651999883], [31.435653852000087, -17.02588316799995], [31.43753368800003, -17.028188600999897], [31.437212592000094, -17.02884316799998], [31.435652742000173, -17.032022903999916], [31.435593744000073, -17.032196917999897], [31.435416749000126, -17.032371931999933], [31.43523875400001, -17.03260494999995], [31.435063759, -17.032892972999946], [31.434886764000055, -17.03318299599988], [31.434710769000105, -17.033473018999814], [31.434594772000025, -17.033705037999937], [31.434416777000138, -17.033938055999897], [31.43430078100016, -17.03422607899995], [31.43418278400003, -17.034459096999967], [31.43406578800017, -17.03469011599998], [31.433949791000032, -17.03498013899997], [31.433892793000155, -17.035210156999938], [31.433774796000023, -17.03544117499996], [31.433716798000034, -17.03561518899994], [31.43359880100013, -17.03578820299998], [31.43348280400005, -17.036021220999885], [31.433365808000133, -17.036309243999938], [31.43318881300013, -17.03659926699993], [31.43301381800012, -17.036832284999946], [31.43283582300006, -17.037064303999955], [31.432717826000157, -17.037295321999977], [31.432541831000094, -17.03752834099987], [31.432305838, -17.037818363999975], [31.432068845, -17.03816739099983], [31.431773853000152, -17.038457413999936], [31.428250955000124, -17.044598900999972], [31.42825295500012, -17.044656904999954], [31.42819195600015, -17.044715909999866], [31.428193956000143, -17.04482991899988], [31.428135958000155, -17.045003932999975], [31.42807896000005, -17.04523395099983], [31.428019961000018, -17.045407964999924], [31.42802396100018, -17.045638982999947], [31.427964963000136, -17.045811996999873], [31.42790796500003, -17.04598400999987], [31.42779096800018, -17.046217028999877], [31.427674972000034, -17.04656405599991], [31.427558975000068, -17.04685207899996], [31.427441978000104, -17.04719910699987], [31.42732598200007, -17.047489129999974], [31.427207985000166, -17.04772014799994], [31.427092989000073, -17.048181183999873], [31.427094989000068, -17.04829819399987], [31.427035990000093, -17.04829819399987], [31.427035990000093, -17.048412202999884], [31.426976992000164, -17.048471206999977], [31.42691999400006, -17.04858821599987], [31.426859994999973, -17.048702225999932], [31.426859994999973, -17.048759229999916], [31.4268009970001, -17.04876122999991], [31.426683, -17.048992248999923], [31.426447007000093, -17.049167261999912], [31.426090017000035, -17.049459285999944], [31.424121073000038, -17.049942324999847], [31.424060074000067, -17.049942324999847], [31.42400107600014, -17.05000132899994], [31.423704084000065, -17.05006033399991], [31.423345095000116, -17.050180343999898], [31.4230481030001, -17.050241348999975], [31.42286810799999, -17.050300352999898], [31.422750111000084, -17.050417362999895], [31.422632115000113, -17.050533371999904], [31.422512118000043, -17.050592375999884], [31.42233212300016, -17.050651380999966], [31.42221412700019, -17.050710385999878], [31.422096130000114, -17.050770390999958], [31.421917135000115, -17.05082939499988], [31.42185713700013, -17.050888399999963], [31.4217981380001, -17.05094540499988], [31.421739140000057, -17.051004408999972], [31.421680142000127, -17.05106141399989], [31.421442148000153, -17.05118042299995], [31.4212621530001, -17.05129643299989], [31.42108515900003, -17.051414441999952], [31.420967162000125, -17.05153145099996], [31.420908164000025, -17.051588455999877], [31.42084816500011, -17.05164745999997], [31.420671170000162, -17.051821473999894], [31.42055117400014, -17.051937482999904], [31.420433177000064, -17.052053492999903], [31.420314180000105, -17.05217050199991], [31.420196184000076, -17.05228651099992], [31.420078187000172, -17.052404520999914], [31.41996019100003, -17.052578533999906], [31.41990219200011, -17.05269254299992], [31.41984319400018, -17.052809552999918], [31.419725197000105, -17.05298256599997], [31.419668199, -17.05315657999995], [31.419609201000128, -17.053215584999975], [31.419550202000096, -17.05333159399987], [31.419431206000013, -17.05338859899996], [31.419372207000038, -17.053505607999966], [31.419254211000066, -17.053678620999904], [31.41913621400016, -17.05385463499988], [31.41901721800008, -17.053970644999822], [31.41890122100017, -17.054144657999927], [31.418783224000094, -17.05431767199991], [31.418665228000066, -17.05449168599995], [31.418487233000178, -17.054724703999966], [31.418310238000174, -17.054899717999945], [31.418132243000116, -17.055130736999956], [31.41801424600004, -17.055246745999966], [31.41789825, -17.055422759999885], [31.417837251000037, -17.055422759999885], [31.417837251000037, -17.05536475499997], [31.416418292000174, -17.05704588899988], [31.41635929300014, -17.05704588899988], [31.416299295000158, -17.05704588899988], [31.41624029700006, -17.057104892999973], [31.416122300000154, -17.05722090199987], [31.41594330500004, -17.05733791199998], [31.415825309000184, -17.057510925999907], [31.415706312000054, -17.057627934999914], [31.41564931400012, -17.057800947999908], [31.415590315000145, -17.057916957999907], [31.415531317000045, -17.058033966999915], [31.41547431900011, -17.05814797599993], [31.41547431900011, -17.058206980999955], [31.415414320000025, -17.058321989999968], [31.41541632000019, -17.058380993999947], [31.415355322000153, -17.058380993999947], [31.415296324000053, -17.058437998999977], [31.415239325000016, -17.058554007999874], [31.41506033100012, -17.058614012999954], [31.41494133400016, -17.058730021999963], [31.414823337000087, -17.058846030999973], [31.414644342000088, -17.058965040999965], [31.41446634700003, -17.059195058999876], [31.414289352000026, -17.059371072999966], [31.41417335600005, -17.05960209099993], [31.414054359000033, -17.059720100999982], [31.41399536100016, -17.05983410999994], [31.4139973610001, -17.059951118999948], [31.413938363000057, -17.060065127999962], [31.41388136400019, -17.06029614599987], [31.413883364000185, -17.060527164999883], [31.41382636600008, -17.060700177999934], [31.413828366000075, -17.06098820099993], [31.41383136600018, -17.061276223999982], [31.413835366000114, -17.06156424599982], [31.4138413660001, -17.062081286999955], [31.41384536600009, -17.062426314999982], [31.41390636500006, -17.062657332999947], [31.413967363000154, -17.06277234199996], [31.413969363000092, -17.062829345999944], [31.414089359000116, -17.06294335499996], [31.41421135600018, -17.063056363999976], [31.414272354000047, -17.063170372999934], [31.414272354000047, -17.063229377999903], [31.414331353000023, -17.06322737799985], [31.414333353000018, -17.063344386999916], [31.414394351000112, -17.06351639999997], [31.414457348999974, -17.063744417999885], [31.41445934900014, -17.06391843199998], [31.414461349000135, -17.064032440999938], [31.414461350000067, -17.064149449999945], [31.414463350000062, -17.06426345899996], [31.41440535100014, -17.064494477999972], [31.41440935100013, -17.06478249999998], [31.414358353000125, -17.06558956399988], [31.414362353000115, -17.06587758699993], [31.41430235500013, -17.066108604999954], [31.414304355000127, -17.066279618999886], [31.41430635500012, -17.06639662799995], [31.41430635500012, -17.06645363299998], [31.414308355000117, -17.066567641999825], [31.41431035500011, -17.06674165499993], [31.41431035500011, -17.066798659999904], [31.41431235500005, -17.066855663999945], [31.414253356000074, -17.066914668999914], [31.414194357999975, -17.066972673999942], [31.414135360000103, -17.06703167799992], [31.41407536200012, -17.067145686999936], [31.414016363000087, -17.067262696999933], [31.413959364999982, -17.06743570999987], [31.413961365000148, -17.067609723999965], [31.413902367000105, -17.067666727999892], [31.413902367000105, -17.067780736999907], [31.413904367000043, -17.067839741999933], [31.413965365000138, -17.067954750999945], [31.413965365000138, -17.06806875999996], [31.413967365000133, -17.06812676499993], [31.413967365000133, -17.06824277399994], [31.413969365000128, -17.06841478799987], [31.413971365000123, -17.068528796999885], [31.413971365000123, -17.06858780099998], [31.413972365000177, -17.068702809999934], [31.413976365000167, -17.06904783799996], [31.413978365000162, -17.069161846999975], [31.413980365000157, -17.069335859999967], [31.41403936300003, -17.069392864999884], [31.414100362000056, -17.069449868999982], [31.414220358000193, -17.06944786899993], [31.414220358000193, -17.0695058739999], [31.414281357000164, -17.0695058739999], [31.414461352000046, -17.069560877999947], [31.414762343000177, -17.069672886999967], [31.415001337000035, -17.06966988599993], [31.41512133300006, -17.06966988599993], [31.415123333000054, -17.069783894999944], [31.415243330000123, -17.06995590899993], [31.41597531000008, -17.071215007999854], [31.41597531000008, -17.07127201199995], [31.416099306000035, -17.071615039999926], [31.416103306000025, -17.071903061999933], [31.416164305000166, -17.072134080999945], [31.41616630500016, -17.072306093999885], [31.41617030500015, -17.07253611199991], [31.41611130700005, -17.072595116999935], [31.41611130700005, -17.072710125999947], [31.41605330800013, -17.072941143999856], [31.41605730800012, -17.073286171999882], [31.416059308000115, -17.073460184999817], [31.41606130800011, -17.073517189999905], [31.41612230700008, -17.07363119899992], [31.41618130500018, -17.07368820299996], [31.416303302000074, -17.073801211999978], [31.416425298000036, -17.073973225999964], [31.416545295000105, -17.07403022999989], [31.41660529300009, -17.07408723499998], [31.41666629200006, -17.074201243999937], [31.416668292000054, -17.07425924799992], [31.41672929000015, -17.074373256999934], [31.416790288000186, -17.074488265999946], [31.416851286999986, -17.07460227499996], [31.41691228500008, -17.074774288999834], [31.416975283000113, -17.074945301999946], [31.41703628200014, -17.07506031099996], [31.41703628200014, -17.07511931599987], [31.41703928200019, -17.075521347999825], [31.41704328200018, -17.07586737499986], [31.417104280000046, -17.075981383999874], [31.41716527800014, -17.07609539299989], [31.41722627700011, -17.076153397999974], [31.41734727300019, -17.07615139699982], [31.41746727000009, -17.076265405999948], [31.417587267000158, -17.076321410999924], [31.417648265000025, -17.076378414999965], [31.417707263000125, -17.076378414999965], [31.417827260000024, -17.07637641499997], [31.41788825800012, -17.07637641499997], [31.41794725600016, -17.076317409999945], [31.418365245000018, -17.076198400999886], [31.418365245000018, -17.07625640499998], [31.418426243000113, -17.076313409999898], [31.418426243000113, -17.076427418999913], [31.41848724099998, -17.076485422999838], [31.41848724099998, -17.076542427999925], [31.418489240999975, -17.076599431999853], [31.418489240999975, -17.07671344099998], [31.41849124100014, -17.076830450999978], [31.41849524100013, -17.07723248199983], [31.418497241000125, -17.07734749099984], [31.418497241000125, -17.077406495999924], [31.41849924100012, -17.077463500999954], [31.41861923800019, -17.077518504999944], [31.41861923800019, -17.07757750999997], [31.418621238000185, -17.07769251899998], [31.418680236000057, -17.077749522999966], [31.418682236000052, -17.07786453199998], [31.418741235000084, -17.07786453199998], [31.418743235000022, -17.077921536999895], [31.418743235000022, -17.077978540999936], [31.418745235000017, -17.078094549999946], [31.418745235000017, -17.078152554999917], [31.41880623300011, -17.078150554999922], [31.418890231000148, -17.078152554999917], [31.418888231000153, -17.078245561999893], [31.418752235000056, -17.078243561999898], [31.418340246000184, -17.07837357199992], [31.41765726500006, -17.078365571999882], [31.417110281000134, -17.078493581999965], [31.41683528900012, -17.078491581999913], [31.41670029200003, -17.0783585719999], [31.41643130000017, -17.077961540999922], [31.41602731100005, -17.077433498999937], [31.415893314000073, -17.07703646799996], [31.415622322, -17.076771446999942], [31.415489326, -17.076507425999978], [31.415353329000027, -17.076374415999965], [31.415083337000112, -17.07610939499989], [31.414947341000016, -17.075977383999884], [31.41467434800012, -17.075844373999928], [31.414539352000133, -17.075710363999917], [31.41454135200013, -17.07557935299991], [31.414404356000148, -17.07557935299991], [31.414266360000113, -17.075577352999915], [31.414268359000175, -17.075445342999842], [31.414131363000024, -17.075445342999842], [31.413995367000155, -17.07544334299996], [31.41386037100017, -17.075310331999958], [31.41372337500019, -17.075310331999958], [31.41222741600012, -17.074509269999908], [31.4119544240001, -17.074375258999964], [31.411411439000062, -17.074106237999956], [31.41127744300013, -17.073843216999876], [31.41100545000012, -17.07384121699988], [31.410867454000083, -17.073839216999886], [31.410732458000098, -17.073707206999927], [31.410322470000096, -17.073704206999935], [31.410186473000124, -17.073570195999935], [31.409914481000158, -17.07356819599994], [31.409912481000163, -17.073700205999955], [31.409774485000128, -17.073830216999966], [31.409637489000147, -17.073830216999966], [31.409637489000147, -17.073959226999875], [31.40963548899998, -17.07409123699989], [31.409498493000058, -17.07409123799988], [31.409498493000058, -17.0742222479999], [31.409360497000137, -17.0742212479999], [31.409088504000124, -17.074219247999906], [31.40881351200011, -17.07421724799991], [31.408815512000103, -17.074085236999906], [31.408678516000123, -17.074083236999854], [31.408681516, -17.073820215999945], [31.40840952300016, -17.073686205999934], [31.408275527000114, -17.073423184999967], [31.40814053100013, -17.073290174999954], [31.40800253400016, -17.073290174999954], [31.408004534000156, -17.07315816399995], [31.408004534000156, -17.07302715399993], [31.408008534000146, -17.072763132999967], [31.407871538000165, -17.072761132999972], [31.40787353800016, -17.072630122999954], [31.40773554200007, -17.072630122999954], [31.407600545000037, -17.072496111999897], [31.407327553000187, -17.072363101999883], [31.406919564000077, -17.072227090999945], [31.406646572000056, -17.07222509099995], [31.40664857200005, -17.071962069999927], [31.40678756799997, -17.071833059999904], [31.406789568000136, -17.07156903899994], [31.406927564000057, -17.071440028999973], [31.407066560000146, -17.07117800799989], [31.407203556000127, -17.07117800799989], [31.407203556000127, -17.071046997999872], [31.407478548000142, -17.071050997999976], [31.407478548000142, -17.07091898799996], [31.407615544000123, -17.07091898799996], [31.407619544000113, -17.070525956999973], [31.407484548000127, -17.070260935999954], [31.40734855200003, -17.07012892499995], [31.40735055100015, -17.069997914999874], [31.407215555000164, -17.069863903999874], [31.407077559000072, -17.069863904999977], [31.40694456300008, -17.069730893999974], [31.40666957000019, -17.06972889399998], [31.406534574000034, -17.069726893999928], [31.40625958200019, -17.069724893999933], [31.405988590000163, -17.069590882999933], [31.40585159300008, -17.069589882999935], [31.405853593000074, -17.069327862999955], [31.40571959700003, -17.069062841999937], [31.405725597000128, -17.068536799999947], [31.405864593000103, -17.06827477899992], [31.405866592000166, -17.068011758999944], [31.405870592000156, -17.0676187279999], [31.405874592000146, -17.067223695999928], [31.406013588000064, -17.06696267599989], [31.406017588000054, -17.066567644999907], [31.40615658400003, -17.06630662399988], [31.406158583000092, -17.06604360299997], [31.406158583000092, -17.065911592999896], [31.406160583000087, -17.06578058199989], [31.406026586999985, -17.06551656199997], [31.405891591, -17.065383550999968], [31.405620598000098, -17.065118529999893], [31.405483602000118, -17.065118529999893], [31.405485602000113, -17.064986519999934], [31.40534760600002, -17.06498451999994], [31.405077613000174, -17.064851508999936], [31.404804621000153, -17.064717498999926], [31.404668625000113, -17.06458448799998], [31.40453162800003, -17.06458448799998], [31.40425863600018, -17.06458248799987], [31.404121640000028, -17.064580487999876], [31.403986644000042, -17.06444647799998], [31.403850648000173, -17.06444647799998], [31.403576655000165, -17.06457448799995], [31.40343865900013, -17.06457448799995], [31.40316466700017, -17.064704497999855], [31.403026671000134, -17.064833508999868], [31.402889675000154, -17.06483250899987], [31.402752679000173, -17.064961518999894], [31.40261668200003, -17.064961518999894], [31.40247768600011, -17.06509152899997], [31.40234069000013, -17.065221539999982], [31.402202694000096, -17.06535254999983], [31.40206369800012, -17.065482559999907], [31.401924702000144, -17.065743580999936], [31.40178670600011, -17.06587559099995], [31.401512713999978, -17.06613461199987], [31.40151071400004, -17.066266621999944], [31.40137371800006, -17.06626462199995], [31.40137371800006, -17.066396632999954], [31.401235722000024, -17.066396632999954], [31.40123372200003, -17.066527642999972], [31.401098726000043, -17.066525642999977], [31.40068873700011, -17.06652164299993], [31.400550741000075, -17.066520642999933], [31.40041574500009, -17.066520642999933], [31.40027874900011, -17.066518642999938], [31.40000575600004, -17.066516642999943], [31.39986876000006, -17.066514642999948], [31.39959576800004, -17.066512642999953], [31.39945877200006, -17.066512642999953], [31.399322775000087, -17.0665106429999], [31.399185779000106, -17.066508641999917], [31.39891478700008, -17.066243621999945], [31.39850679800014, -17.065978600999927], [31.398235806000116, -17.065713579999965], [31.398100809000027, -17.06571157999997], [31.397962813000163, -17.065709579999975], [31.397827817, -17.065709579999975], [31.397552825, -17.065705579999815], [31.397417829, -17.065705579999815], [31.39700784000013, -17.06570157899995], [31.396732848000113, -17.065699578999954], [31.396597852000127, -17.065698578999957], [31.396459856000092, -17.065698578999957], [31.396324859000174, -17.06569657899996], [31.39605386700015, -17.06543055799989], [31.39578287400019, -17.065165537999974], [31.395511882000164, -17.0649005169999], [31.39510189300006, -17.0647655059999], [31.39496889700007, -17.064502485999924], [31.394834901000024, -17.06423646499985], [31.39456190800007, -17.064103453999962], [31.394426912000085, -17.06396944399995], [31.3942919160001, -17.063838432999944], [31.394294915000103, -17.063575412999967], [31.394157919000122, -17.063575412999967], [31.394161919000112, -17.06318038099994], [31.394163919000107, -17.06291736099996], [31.394165919000102, -17.06265333999994], [31.39416891900015, -17.062390318999974], [31.394033922000062, -17.06212729799995], [31.394041922000042, -17.061469245999945], [31.393903926000178, -17.061469245999945], [31.39390592500007, -17.06133723599993], [31.393770929000084, -17.06120422499987], [31.393497937000063, -17.061070214999972], [31.393362941000078, -17.060939204999954], [31.39336494000014, -17.06080719399995], [31.39309194800012, -17.060805193999897], [31.392816956000104, -17.060801193999907], [31.392681960000118, -17.060801193999907], [31.392406967000056, -17.060798193999915], [31.39158699000012, -17.06092320399989], [31.39158499100006, -17.061055213999964], [31.39144999399997, -17.06105321399997], [31.39130999800011, -17.061314234999827], [31.391169002000026, -17.061707265999928], [31.391030007000154, -17.062100296999915], [31.39075101500015, -17.06249332799996], [31.390750015000094, -17.06275634899987], [31.390612019, -17.062886358999947], [31.390610019, -17.063018369999952], [31.39060801900007, -17.06314937999997], [31.390473023000084, -17.063147379999975], [31.39047102300009, -17.06327939099998], [31.39033602600017, -17.063277389999882], [31.389926038, -17.063144379999926], [31.38938205300002, -17.062875358999918], [31.38924905700003, -17.062611337999954], [31.389111061000165, -17.062610337999956], [31.38911306100016, -17.06247832799994], [31.388976064000133, -17.06247832799994], [31.38884206800003, -17.06221330699998], [31.388707072000045, -17.062081296999963], [31.388438079000082, -17.06155325499998], [31.388302083000042, -17.06141924399998], [31.388032089999967, -17.061154223999893], [31.387896094000098, -17.061154223999893], [31.387761098000112, -17.061021212999833], [31.387625102000072, -17.06088920299993], [31.387353109, -17.06075619199993], [31.38721511300014, -17.060754191999933], [31.386944121000113, -17.060620181999866], [31.386807124000086, -17.06061818199987], [31.386809124000024, -17.060487170999977], [31.386536132, -17.060485170999982], [31.38599114700014, -17.060218149999912], [31.3858551510001, -17.060216149999917], [31.385720155000115, -17.0600841399999], [31.38517317000003, -17.060078139999973], [31.38490017800018, -17.060077139999976], [31.384488189000137, -17.06020414999989], [31.38435219300004, -17.060202149999895], [31.384215197000117, -17.060202149999895], [31.384078201000136, -17.060332159999916], [31.383801209000126, -17.060592180999947], [31.383664213000145, -17.060723190999965], [31.38352621700011, -17.060853200999873], [31.383252224000103, -17.060983211999883], [31.38325022500004, -17.061114221999958], [31.38241624900013, -17.062552335999953], [31.38241624900013, -17.06268434699996], [31.382413249000024, -17.062947366999936], [31.38240924900009, -17.06334039799998], [31.3824052490001, -17.06373542999995], [31.3824052490001, -17.06386643999997], [31.382403249000106, -17.063998449999872], [31.382401250000044, -17.064261470999952], [31.382262254000068, -17.064391480999973], [31.382125258000087, -17.064521491999812], [31.381850265000026, -17.064650501999893], [31.381850265000026, -17.06478251199991], [31.38157527300018, -17.06477851199992], [31.381577273000175, -17.06464850199984], [31.381169284000066, -17.06438148099994], [31.380627299000082, -17.063983449999967], [31.380358307, -17.063586418999876], [31.380088314000147, -17.06332139799997], [31.379950318000112, -17.063319397999976], [31.379952318000107, -17.063187386999914], [31.379815322000127, -17.063186386999917], [31.37981732200012, -17.063056376999896], [31.37967932600003, -17.0630543769999], [31.379407333000188, -17.06305237699985], [31.379132341000172, -17.063048376999973], [31.378997345000187, -17.063048376999973], [31.37885934900015, -17.063046375999875], [31.377494387000183, -17.06303537599996], [31.37735639100015, -17.063033375999964], [31.375476444000128, -17.063937447999876], [31.375477444000182, -17.063805437999974], [31.37534044800003, -17.063805437999974], [31.375342448000026, -17.063674426999967], [31.37520545100017, -17.06367242699997], [31.37520945100016, -17.06340940599989], [31.375071455000068, -17.06340940699988], [31.375073455000063, -17.063277395999876], [31.374938459000077, -17.063144385999976], [31.374802462000105, -17.063012374999914], [31.374802462000105, -17.0628803649999], [31.374667466000176, -17.062747353999896], [31.374669466000114, -17.062615343999937], [31.37467146600011, -17.06248433399992], [31.37467146600011, -17.06235432299991], [31.374674466000045, -17.062091302999818], [31.374676465999983, -17.061828281999908], [31.374814462000074, -17.061829281999962], [31.374814462000074, -17.061698270999898], [31.37481846100013, -17.061435250999978], [31.374680465000097, -17.061433250999983], [31.374406473000136, -17.061562260999835], [31.374133481000115, -17.061560260999954], [31.373858488000167, -17.061688270999866], [31.373582496000097, -17.06195029199995], [31.373444500000062, -17.062079301999972], [31.373442500000067, -17.062342322999882], [31.37330350400009, -17.062472332999903], [31.37330350400009, -17.062604343999965], [31.37330150500003, -17.062735353999926], [31.373164508000116, -17.06286536399989], [31.373162509000053, -17.062997374999895], [31.37316050900006, -17.06326039499993], [31.373023513000135, -17.06339040599994], [31.37302151300014, -17.063521415999844], [31.372748520000187, -17.063519415999963], [31.372611524000035, -17.063517415999968], [31.372067539000057, -17.063250394999955], [31.37152455400019, -17.06285236399998], [31.371117566000066, -17.062453331999905], [31.370982568999978, -17.062322321999943], [31.370848573000103, -17.062056300999927], [31.370850573000098, -17.061925290999852], [31.370713577000117, -17.061925290999852], [31.370715577000112, -17.06179328099995], [31.370715577000112, -17.061662269999943], [31.370717577000107, -17.061530259999927], [31.37057958000014, -17.061528259999932], [31.370581580000135, -17.061396248999927], [31.37044658400015, -17.061265238999965], [31.370448584000144, -17.06113322799996], [31.37031058800011, -17.061131227999965], [31.370175592000123, -17.061000217999947], [31.370040595000035, -17.060998217999952], [31.369904599000165, -17.06086620799988], [31.369630607000033, -17.0608622069999], [31.36935761400008, -17.060860206999905], [31.368947626000136, -17.060857206999913], [31.36881163000004, -17.060857206999913], [31.368809630000044, -17.06098821799992], [31.36867263400012, -17.06098621799987], [31.36853563800014, -17.061116227999946], [31.36826064500019, -17.061246237999967], [31.36798365300018, -17.061505258999887], [31.367848657000025, -17.061505258999887], [31.3677116610001, -17.061635268999908], [31.3673016730001, -17.06163126899986], [31.367163676000132, -17.06163126899986], [31.366891684000166, -17.06162726899987], [31.366614692000155, -17.061889289999954], [31.36633970000014, -17.062016299999982], [31.36620270399999, -17.062148309999827], [31.36620070400005, -17.06228032099989], [31.366065707000132, -17.062278320999837], [31.36606370800007, -17.062409330999913], [31.365925711000102, -17.062407330999918], [31.365925711000102, -17.062539340999933], [31.36578871500012, -17.062539340999933], [31.365653719000136, -17.06253734099994], [31.3655157230001, -17.062535340999943], [31.365243731000135, -17.06253334099989], [31.364970738000068, -17.06240033099988], [31.364697746, -17.06226631999982], [31.36442675300009, -17.062133309999922], [31.364291757000103, -17.061999298999922], [31.364018765000083, -17.061866288999852], [31.363747772000124, -17.061601267999947], [31.36361277600014, -17.061467256999947], [31.363614776000134, -17.061335246999874], [31.363476780000042, -17.061335246999874], [31.363478780000037, -17.06120423699997], [31.363206787000024, -17.061202236999975], [31.36279579900014, -17.061198235999825], [31.362385810000035, -17.06119423599995], [31.361840826000048, -17.06118923599996], [31.361565833000157, -17.061187235999967], [31.361294841000074, -17.0610532259999], [31.36115784500015, -17.061051224999915], [31.361159845000145, -17.060920214999896], [31.360884852000027, -17.0609182149999], [31.36061386000017, -17.06065319399994], [31.360345867000092, -17.060256162999963], [31.360074875000066, -17.059991141999944], [31.35994087800009, -17.05972612099987], [31.359805882000103, -17.059594110999967], [31.359667886000068, -17.059592110999972], [31.359671886, -17.059331089999944], [31.359536890000015, -17.059197079999876], [31.359265897000114, -17.05893205899997], [31.359131901000183, -17.058667037999896], [31.358723912000073, -17.058402016999935], [31.35831592300019, -17.05813499599992], [31.35790993500018, -17.057867974999965], [31.357911935000175, -17.05773596499995], [31.357773938000037, -17.05773596499995], [31.357775937999975, -17.05760495399994], [31.357640942000046, -17.057470943999874], [31.35750594600006, -17.05733993399997], [31.357234953000102, -17.057073912999897], [31.3568249650001, -17.0569389019999], [31.356415976000108, -17.056803891999948], [31.355870991000018, -17.056667880999953], [31.35532700700014, -17.056398859999888], [31.355192010000053, -17.056398859999888], [31.35505501400013, -17.056396859999836], [31.354917018000037, -17.056396859999836], [31.354646026000182, -17.05626184999994], [31.35437403300017, -17.056259848999957], [31.35423803700013, -17.05612783899994], [31.35410104100015, -17.056125838999947], [31.354103041000144, -17.05599482899987], [31.353965045000052, -17.055992828999877], [31.353832048000186, -17.055729807999967], [31.35356105600016, -17.05546478699989], [31.35342605900007, -17.055198765999933], [31.35343005900006, -17.054806734999886], [31.353294063000135, -17.05480473499989], [31.353294063000135, -17.054672723999886], [31.353298063000125, -17.05440970399991], [31.353162066000152, -17.054277692999904], [31.35302907000016, -17.054012671999942], [31.35302907000016, -17.053880661999926], [31.352894074000176, -17.053749651999908], [31.352758078000136, -17.053747651999913], [31.352350089000026, -17.05348263099995], [31.351534112000138, -17.05321160999989], [31.351124123000034, -17.053076598999894], [31.350988127000164, -17.053076598999894], [31.350851131000184, -17.053074598999842], [31.35085313100018, -17.05294258899994], [31.350855131000174, -17.052810577999935], [31.350584138000045, -17.05254555699986], [31.350311146000024, -17.05241254699996], [31.35004215300006, -17.051883504999978], [31.349773160000098, -17.051487473999885], [31.349638164000112, -17.051353463999874], [31.34953916700016, -17.051199450999945], [31.347753216000115, -17.04844623499997], [31.34775521600011, -17.048315223999964], [31.347620220000124, -17.048181213999953], [31.34748422300015, -17.048050202999946], [31.347349227000166, -17.047916192999878], [31.34721323100007, -17.047785182999974], [31.346941238000056, -17.04764917199998], [31.346805242000187, -17.047518161999903], [31.34653425000016, -17.047384150999903], [31.346399253000072, -17.047251140999947], [31.346264257000087, -17.047119129999942], [31.34599326500006, -17.046854108999923], [31.345855269000026, -17.04685210899987], [31.345722272000103, -17.046718098999975], [31.345722272000103, -17.046587087999967], [31.345724272000098, -17.046457077999946], [31.345586276000063, -17.04645507799995], [31.345588276, -17.046324067999876], [31.345590276, -17.04619205699987], [31.345594275000053, -17.045797025999946], [31.345594275000053, -17.045667015999868], [31.345598275000043, -17.04540399499996], [31.345598275000043, -17.04527298499994], [31.345600275000038, -17.045140973999935], [31.345602275000033, -17.04487795299997], [31.345466279000163, -17.044875952999973], [31.345195286000035, -17.044610932999888], [31.344925294000063, -17.04434591199987], [31.344925294000063, -17.044213900999978], [31.344791297000086, -17.044081890999962], [31.344791297000086, -17.043950880999887], [31.3446563010001, -17.043948879999903], [31.3446563010001, -17.043816869999887], [31.344658301000095, -17.043687859999977], [31.34452030500006, -17.043685859999982], [31.344522305, -17.043553848999977], [31.344387308000137, -17.043420838999907], [31.34439230800018, -17.04289579699997], [31.34439230800018, -17.0427637869999], [31.34439630800017, -17.04250076599982], [31.344534304000035, -17.042371755999966], [31.34453630400003, -17.042107734999888], [31.344814296000095, -17.041585693999934], [31.34481629600009, -17.04145368299993], [31.34495329200007, -17.041323672999965], [31.344955292000066, -17.041192661999958], [31.344959291000123, -17.04066562099996], [31.344963291000113, -17.040402599999936], [31.345823265000035, -17.036217268999962], [31.351700100000187, -17.035874239999885], [31.37390446800009, -17.01291541699993], [31.379294314000163, -17.007330972999966]]]]}}, {"type": "Feature", "properties": {"GID_3": "ZWE.4.10.29_2", "GID_0": "ZWE", "COUNTRY": "Zimbabwe", "GID_1": "ZWE.4_1", "NAME_1": "Mashonaland Central", "NL_NAME_1": "NA", "GID_2": "ZWE.4.10_2", "NAME_2": "Shamva", "NL_NAME_2": "NA", "NAME_3": "Ward 9", "VARNAME_3": "NA", "NL_NAME_3": "NA", "TYPE_3": "Ward", "ENGTYPE_3": "Ward", "CC_3": "NA", "HASC_3": "NA", "id": "ZWE.4.10.29_2", "name": "Ward 9"}, "geometry": {"type": "MultiPolygon", "coordinates": [[[[31.434395801000164, -17.093097728999965], [31.43391981500008, -17.093091728999923], [31.43391981500008, -17.092963718999897], [31.4320288670001, -17.090449520999982], [31.432030867000094, -17.09032051099996], [31.432032866000156, -17.090188499999954], [31.432032866000156, -17.090056489999938], [31.43203486600015, -17.089925479999977], [31.43189787000017, -17.08992347999998], [31.43190187000016, -17.089530448999938], [31.43176787400006, -17.089265427999976], [31.431769873000178, -17.08913341699997], [31.431634877000192, -17.089002406999953], [31.431635877000076, -17.088738385999875], [31.431498881000095, -17.08873638599988], [31.431363885000167, -17.08873638599988], [31.431227887999967, -17.08860337599998], [31.430817900000193, -17.088468364999926], [31.430546907000064, -17.088202343999853], [31.43041191100008, -17.088202343999853], [31.43041191100008, -17.08807133399995], [31.43027591499998, -17.088069333999954], [31.430140919000053, -17.08793732299995], [31.430140919000053, -17.08780631299993], [31.430005922000134, -17.087804312999936], [31.4298679260001, -17.087804312999936], [31.42973093000012, -17.087802312999884], [31.429455938000103, -17.08793232299996], [31.429045949, -17.087928322999915], [31.42877295699998, -17.08792632299992], [31.428082977000088, -17.08870838499996], [31.42780998400019, -17.088706384999966], [31.427537992000055, -17.088704384999915], [31.42739999600019, -17.08870238499992], [31.427263, -17.088700384999925], [31.427265, -17.0885713749999], [31.427267, -17.088307353999937], [31.427133003, -17.08804233299992], [31.427133003, -17.08791132199991], [31.426998007000066, -17.087779311999952], [31.427002007, -17.08751629099993], [31.426866010000026, -17.087253270999838], [31.42686801000019, -17.087121259999947], [31.426870010000187, -17.08698924999993], [31.426870010000187, -17.086858238999923], [31.42687201000018, -17.086726228999908], [31.426874010000176, -17.086595218999946], [31.42687601000017, -17.086331197999925], [31.42687601000017, -17.086200186999918], [31.426879009000118, -17.085938166999938], [31.426879009000118, -17.08580715599993], [31.426883009000107, -17.085544135999896], [31.42674801300012, -17.08541012499984], [31.42674801300012, -17.085278114999937], [31.426612017000082, -17.085278114999937], [31.4264750210001, -17.08527711499994], [31.426065032000054, -17.08527311499995], [31.425520047000134, -17.08526911399997], [31.4253820510001, -17.085267113999976], [31.42524505500012, -17.085267113999976], [31.424835067000117, -17.08526311399993], [31.424699070000145, -17.085261113999934], [31.424699070000145, -17.085130103999916], [31.42456807400015, -17.084735072999933], [31.42443207800011, -17.08447205199991], [31.424436077000166, -17.084208030999946], [31.42430108100018, -17.083943009999928], [31.424303081000176, -17.083681989999945], [31.42431008000011, -17.08302393799994], [31.42431008000011, -17.082891926999935], [31.424312080000107, -17.082760916999916], [31.424316080000096, -17.08236788599993], [31.424320080000086, -17.081972854999833], [31.424324079000144, -17.08157782299992], [31.424188083000047, -17.0814468129999], [31.424188083000047, -17.081314802999827], [31.424053087000118, -17.08118079199994], [31.423782095000035, -17.081047781999928], [31.42350910200014, -17.080913770999928], [31.423099114000138, -17.08091077099988], [31.42296411700005, -17.080778760999976], [31.42282812100018, -17.08077676099998], [31.422554129000048, -17.08077476099993], [31.42241813300018, -17.08077275999983], [31.422281137000027, -17.080772760999935], [31.42214414000017, -17.08077075999995], [31.422008144000074, -17.080768759999955], [31.421598156000073, -17.080765759999963], [31.42146116000015, -17.08089677099997], [31.42077617900003, -17.080891769999823], [31.420641183000043, -17.080889769999942], [31.42060118400019, -17.08085076699996], [31.42050518600007, -17.080757759999926], [31.420370190000085, -17.080624749999913], [31.420234194000045, -17.080492738999908], [31.42009919800006, -17.080358728999954], [31.419963201000087, -17.08009570799993], [31.4198282050001, -17.079962696999928], [31.41983220500009, -17.079698676999953], [31.41969620900005, -17.079567665999946], [31.419698208000113, -17.07930464599997], [31.41970020800011, -17.079040624999948], [31.419702208000103, -17.07890961399994], [31.419702208000103, -17.078777603999868], [31.41970420800004, -17.078646593999963], [31.419567212000118, -17.078646593999963], [31.41957121200005, -17.078382572999942], [31.41929621900016, -17.078380572999947], [31.419160223000063, -17.078247561999888], [31.419162223000058, -17.078115551999872], [31.418890231000148, -17.078113551999877], [31.418890231000148, -17.078152554999917], [31.41880623300011, -17.078150554999922], [31.418745235000017, -17.078152554999917], [31.418745235000017, -17.078094549999946], [31.418743235000022, -17.077978540999936], [31.418743235000022, -17.077921536999895], [31.418741235000084, -17.07786453199998], [31.418682236000052, -17.07786453199998], [31.418680236000057, -17.077749522999966], [31.418621238000185, -17.07769251899998], [31.41861923800019, -17.07757750999997], [31.41861923800019, -17.077518504999944], [31.41849924100012, -17.077463500999954], [31.418497241000125, -17.077406495999924], [31.418497241000125, -17.07734749099984], [31.41849524100013, -17.07723248199983], [31.41849124100014, -17.076830450999978], [31.418489240999975, -17.07671344099998], [31.418489240999975, -17.076599431999853], [31.41848724099998, -17.076542427999925], [31.41848724099998, -17.076485422999838], [31.418426243000113, -17.076427418999913], [31.418426243000113, -17.076313409999898], [31.418365245000018, -17.07625640499998], [31.418365245000018, -17.076198400999886], [31.41794725600016, -17.076317409999945], [31.41788825800012, -17.07637641499997], [31.417827260000024, -17.07637641499997], [31.417707263000125, -17.076378414999965], [31.417648265000025, -17.076378414999965], [31.417587267000158, -17.076321410999924], [31.41746727000009, -17.076265405999948], [31.41734727300019, -17.07615139699982], [31.41722627700011, -17.076153397999974], [31.41716527800014, -17.07609539299989], [31.417104280000046, -17.075981383999874], [31.41704328200018, -17.07586737499986], [31.41703928200019, -17.075521347999825], [31.41703628200014, -17.07511931599987], [31.41703628200014, -17.07506031099996], [31.416975283000113, -17.074945301999946], [31.41691228500008, -17.074774288999834], [31.416851286999986, -17.07460227499996], [31.416790288000186, -17.074488265999946], [31.41672929000015, -17.074373256999934], [31.416668292000054, -17.07425924799992], [31.41666629200006, -17.074201243999937], [31.41660529300009, -17.07408723499998], [31.416545295000105, -17.07403022999989], [31.416425298000036, -17.073973225999964], [31.416303302000074, -17.073801211999978], [31.41618130500018, -17.07368820299996], [31.41612230700008, -17.07363119899992], [31.41606130800011, -17.073517189999905], [31.416059308000115, -17.073460184999817], [31.41605730800012, -17.073286171999882], [31.41605330800013, -17.072941143999856], [31.41611130700005, -17.072710125999947], [31.41611130700005, -17.072595116999935], [31.41617030500015, -17.07253611199991], [31.41616630500016, -17.072306093999885], [31.416164305000166, -17.072134080999945], [31.416103306000025, -17.071903061999933], [31.416099306000035, -17.071615039999926], [31.41597531000008, -17.07127201199995], [31.41597531000008, -17.071215007999854], [31.415243330000123, -17.06995590899993], [31.415123333000054, -17.069783894999944], [31.41512133300006, -17.06966988599993], [31.415001337000035, -17.06966988599993], [31.414762343000177, -17.069672886999967], [31.414461352000046, -17.069560877999947], [31.414281357000164, -17.0695058739999], [31.414220358000193, -17.0695058739999], [31.414220358000193, -17.06944786899993], [31.414100362000056, -17.069449868999982], [31.41403936300003, -17.069392864999884], [31.413980365000157, -17.069335859999967], [31.413978365000162, -17.069161846999975], [31.413976365000167, -17.06904783799996], [31.413972365000177, -17.068702809999934], [31.413971365000123, -17.06858780099998], [31.413971365000123, -17.068528796999885], [31.413969365000128, -17.06841478799987], [31.413967365000133, -17.06824277399994], [31.413967365000133, -17.06812676499993], [31.413965365000138, -17.06806875999996], [31.413965365000138, -17.067954750999945], [31.413904367000043, -17.067839741999933], [31.413902367000105, -17.067780736999907], [31.413902367000105, -17.067666727999892], [31.413961365000148, -17.067609723999965], [31.413959364999982, -17.06743570999987], [31.414016363000087, -17.067262696999933], [31.41407536200012, -17.067145686999936], [31.414135360000103, -17.06703167799992], [31.414194357999975, -17.066972673999942], [31.414253356000074, -17.066914668999914], [31.41431235500005, -17.066855663999945], [31.41431035500011, -17.066798659999904], [31.41431035500011, -17.06674165499993], [31.414308355000117, -17.066567641999825], [31.41430635500012, -17.06645363299998], [31.41430635500012, -17.06639662799995], [31.414304355000127, -17.066279618999886], [31.41430235500013, -17.066108604999954], [31.414362353000115, -17.06587758699993], [31.414358353000125, -17.06558956399988], [31.41440935100013, -17.06478249999998], [31.41440535100014, -17.064494477999972], [31.414463350000062, -17.06426345899996], [31.414461350000067, -17.064149449999945], [31.414461349000135, -17.064032440999938], [31.41445934900014, -17.06391843199998], [31.414457348999974, -17.063744417999885], [31.414394351000112, -17.06351639999997], [31.414333353000018, -17.063344386999916], [31.414331353000023, -17.06322737799985], [31.414272354000047, -17.063229377999903], [31.414272354000047, -17.063170372999934], [31.41421135600018, -17.063056363999976], [31.414089359000116, -17.06294335499996], [31.413969363000092, -17.062829345999944], [31.413967363000154, -17.06277234199996], [31.41390636500006, -17.062657332999947], [31.41384536600009, -17.062426314999982], [31.4138413660001, -17.062081286999955], [31.413835366000114, -17.06156424599982], [31.41383136600018, -17.061276223999982], [31.413828366000075, -17.06098820099993], [31.41382636600008, -17.060700177999934], [31.413883364000185, -17.060527164999883], [31.41388136400019, -17.06029614599987], [31.413938363000057, -17.060065127999962], [31.4139973610001, -17.059951118999948], [31.41399536100016, -17.05983410999994], [31.414054359000033, -17.059720100999982], [31.41417335600005, -17.05960209099993], [31.414289352000026, -17.059371072999966], [31.41446634700003, -17.059195058999876], [31.414644342000088, -17.058965040999965], [31.414823337000087, -17.058846030999973], [31.41494133400016, -17.058730021999963], [31.41506033100012, -17.058614012999954], [31.415239325000016, -17.058554007999874], [31.415296324000053, -17.058437998999977], [31.415355322000153, -17.058380993999947], [31.41541632000019, -17.058380993999947], [31.415414320000025, -17.058321989999968], [31.41547431900011, -17.058206980999955], [31.41547431900011, -17.05814797599993], [31.415531317000045, -17.058033966999915], [31.415590315000145, -17.057916957999907], [31.41564931400012, -17.057800947999908], [31.415706312000054, -17.057627934999914], [31.415825309000184, -17.057510925999907], [31.41594330500004, -17.05733791199998], [31.416122300000154, -17.05722090199987], [31.41624029700006, -17.057104892999973], [31.416299295000158, -17.05704588899988], [31.41635929300014, -17.05704588899988], [31.416418292000174, -17.05704588899988], [31.417837251000037, -17.05536475499997], [31.417837251000037, -17.055422759999885], [31.41789825, -17.055422759999885], [31.41801424600004, -17.055246745999966], [31.418132243000116, -17.055130736999956], [31.418310238000174, -17.054899717999945], [31.418487233000178, -17.054724703999966], [31.418665228000066, -17.05449168599995], [31.418783224000094, -17.05431767199991], [31.41890122100017, -17.054144657999927], [31.41901721800008, -17.053970644999822], [31.41913621400016, -17.05385463499988], [31.419254211000066, -17.053678620999904], [31.419372207000038, -17.053505607999966], [31.419431206000013, -17.05338859899996], [31.419550202000096, -17.05333159399987], [31.419609201000128, -17.053215584999975], [31.419668199, -17.05315657999995], [31.419725197000105, -17.05298256599997], [31.41984319400018, -17.052809552999918], [31.41990219200011, -17.05269254299992], [31.41996019100003, -17.052578533999906], [31.420078187000172, -17.052404520999914], [31.420196184000076, -17.05228651099992], [31.420314180000105, -17.05217050199991], [31.420433177000064, -17.052053492999903], [31.42055117400014, -17.051937482999904], [31.420671170000162, -17.051821473999894], [31.42084816500011, -17.05164745999997], [31.420908164000025, -17.051588455999877], [31.420967162000125, -17.05153145099996], [31.42108515900003, -17.051414441999952], [31.4212621530001, -17.05129643299989], [31.421442148000153, -17.05118042299995], [31.421680142000127, -17.05106141399989], [31.421739140000057, -17.051004408999972], [31.4217981380001, -17.05094540499988], [31.42185713700013, -17.050888399999963], [31.421917135000115, -17.05082939499988], [31.422096130000114, -17.050770390999958], [31.42221412700019, -17.050710385999878], [31.42233212300016, -17.050651380999966], [31.422512118000043, -17.050592375999884], [31.422632115000113, -17.050533371999904], [31.422750111000084, -17.050417362999895], [31.42286810799999, -17.050300352999898], [31.4230481030001, -17.050241348999975], [31.423345095000116, -17.050180343999898], [31.423704084000065, -17.05006033399991], [31.42400107600014, -17.05000132899994], [31.424060074000067, -17.049942324999847], [31.424121073000038, -17.049942324999847], [31.426090017000035, -17.049459285999944], [31.426447007000093, -17.049167261999912], [31.426683, -17.048992248999923], [31.4268009970001, -17.04876122999991], [31.426859994999973, -17.048759229999916], [31.426859994999973, -17.048702225999932], [31.42691999400006, -17.04858821599987], [31.426976992000164, -17.048471206999977], [31.427035990000093, -17.048412202999884], [31.427035990000093, -17.04829819399987], [31.427094989000068, -17.04829819399987], [31.427092989000073, -17.048181183999873], [31.427207985000166, -17.04772014799994], [31.42732598200007, -17.047489129999974], [31.427441978000104, -17.04719910699987], [31.427558975000068, -17.04685207899996], [31.427674972000034, -17.04656405599991], [31.42779096800018, -17.046217028999877], [31.42790796500003, -17.04598400999987], [31.427964963000136, -17.045811996999873], [31.42802396100018, -17.045638982999947], [31.428019961000018, -17.045407964999924], [31.42807896000005, -17.04523395099983], [31.428135958000155, -17.045003932999975], [31.428193956000143, -17.04482991899988], [31.42819195600015, -17.044715909999866], [31.42825295500012, -17.044656904999954], [31.428250955000124, -17.044598900999972], [31.431773853000152, -17.038457413999936], [31.432068845, -17.03816739099983], [31.432305838, -17.037818363999975], [31.432541831000094, -17.03752834099987], [31.432717826000157, -17.037295321999977], [31.43283582300006, -17.037064303999955], [31.43301381800012, -17.036832284999946], [31.43318881300013, -17.03659926699993], [31.433365808000133, -17.036309243999938], [31.43348280400005, -17.036021220999885], [31.43359880100013, -17.03578820299998], [31.433716798000034, -17.03561518899994], [31.433774796000023, -17.03544117499996], [31.433892793000155, -17.035210156999938], [31.433949791000032, -17.03498013899997], [31.43406578800017, -17.03469011599998], [31.43418278400003, -17.034459096999967], [31.43430078100016, -17.03422607899995], [31.434416777000138, -17.033938055999897], [31.434594772000025, -17.033705037999937], [31.434710769000105, -17.033473018999814], [31.434886764000055, -17.03318299599988], [31.435063759, -17.032892972999946], [31.43523875400001, -17.03260494999995], [31.435416749000126, -17.032371931999933], [31.435593744000073, -17.032196917999897], [31.435652742000173, -17.032022903999916], [31.437212592000094, -17.02884316799998], [31.467887837000035, -17.03195488699987], [31.472099720000074, -17.033923040999923], [31.47210172000007, -17.033980045999954], [31.4723437130001, -17.034323072999882], [31.472467709000057, -17.034610094999948], [31.47264870400005, -17.03483711299998], [31.474487654000143, -17.038674415999935], [31.474546653000118, -17.038674415999935], [31.474607651000042, -17.038731419999976], [31.474607651000042, -17.038789424999948], [31.474729648000107, -17.038903433999963], [31.474910643000044, -17.03901644299998], [31.47503063900001, -17.039130451999938], [31.475091638000038, -17.039244460999953], [31.475152636000075, -17.039302464999935], [31.475273633000086, -17.039414473999898], [31.47563762200008, -17.039756500999943], [31.47575761900015, -17.03981350499987], [31.47702258400011, -17.040604567999935], [31.477024584000105, -17.040662571999974], [31.477085582000143, -17.040833585999962], [31.47726857700013, -17.041177612999945], [31.477451572000064, -17.041463634999957], [31.477634567, -17.041749657999844], [31.47775656400006, -17.04197867599987], [31.477817562000155, -17.042092684999886], [31.477878561000125, -17.042264697999826], [31.477941558999987, -17.04249571699995], [31.47806555500017, -17.042781738999963], [31.47812655400014, -17.043010756999934], [31.478248551000036, -17.043238774999963], [31.478431546000138, -17.043524797999964], [31.478614540000024, -17.043753815999935], [31.478796535000072, -17.04392382899988], [31.47897753000018, -17.044152846999907], [31.479158525000173, -17.04432486099995], [31.479280522000067, -17.04443686999997], [31.482532431000095, -17.046186006999903], [31.48259143000007, -17.046186006999903], [31.48289142100009, -17.046182005999924], [31.48307041600009, -17.046238010999957], [31.48331041000006, -17.046236009999973], [31.48349040500011, -17.046291014999895], [31.483671399000173, -17.046346018999827], [31.48385039400017, -17.046345018999943], [31.484029389000113, -17.046400022999933], [31.484149386000183, -17.046457026999974], [31.48433138100006, -17.046512031999953], [31.48559134600015, -17.046901061999904], [31.485593346000144, -17.046959066999932], [31.485652344000187, -17.046957065999948], [31.485773341000026, -17.04701407099992], [31.486013334000063, -17.047127079999882], [31.4862533270001, -17.047182083999814], [31.486494321000123, -17.047294092999948], [31.486675316000117, -17.047350096999935], [31.486734314000046, -17.04734809699994], [31.486795312000083, -17.04740510099998], [31.48691330900016, -17.04740510099998], [31.48703530500012, -17.047460105999903], [31.487394295000172, -17.04745710499992], [31.48751429200007, -17.047512109999957], [31.48757329000017, -17.047512109999957], [31.48763428900014, -17.047512109999957], [31.48781328400014, -17.047624117999874], [31.487995279000188, -17.047680122999964], [31.488115275000155, -17.04773712699989], [31.488235272000054, -17.047849135999854], [31.488416267, -17.047964144999867], [31.48853626400006, -17.04801914899997], [31.488597262000155, -17.04801914899997], [31.48865726000014, -17.048017148999975], [31.488956252000037, -17.04801514899998], [31.489076248000174, -17.048013148999928], [31.48919424500008, -17.047954143999902], [31.489255243000173, -17.047954143999902], [31.48937424000013, -17.04795214399985], [31.48949423700003, -17.047951143999853], [31.489614233000168, -17.047951143999853], [31.48997322300005, -17.047947142999874], [31.490213216000086, -17.047943142999884], [31.490392211000085, -17.04799814699993], [31.490571206000027, -17.047996146999935], [31.490932196000074, -17.048109155999953], [31.491172190000043, -17.048105154999973], [31.492668148000178, -17.048031148999883], [31.492847143000176, -17.04808615299993], [31.49320713200018, -17.048139156999866], [31.493507124000132, -17.048195160999967], [31.493745117, -17.048191160999977], [31.493747117, -17.04825016599989], [31.49392711200005, -17.048305169999935], [31.494108107000045, -17.048418178999952], [31.494228104000115, -17.048532187999967], [31.494409099000052, -17.048645196999814], [31.494470097000146, -17.048702200999912], [31.49452909600012, -17.048700200999917], [31.494531096000117, -17.048759205999943], [31.494590094000046, -17.048757204999845], [31.494771088999983, -17.048872213999857], [31.49501208200013, -17.048984222999877], [31.49519107700013, -17.049040227999967], [31.495313074000023, -17.0490952319999], [31.495492069000136, -17.049150235999946], [31.495733062000113, -17.049263244999963], [31.49591405700005, -17.049318248999896], [31.49603205400018, -17.049318248999896], [31.49609305200005, -17.0493162489999], [31.49615205000015, -17.0493162489999], [31.496273047000102, -17.049314248999906], [31.49633204500003, -17.049257243999932], [31.496391044000177, -17.049255243999937], [31.496511039999973, -17.049255243999937], [31.496690035000142, -17.049253243999942], [31.49681003200004, -17.049251243999947], [31.496990027000095, -17.049249242999963], [31.49723002000013, -17.04924624299997], [31.49740901500013, -17.049303247999887], [31.497589010000183, -17.049301246999903], [31.497650008000107, -17.049299246999908], [31.497709007000083, -17.049299246999908], [31.49782900300005, -17.049297246999856], [31.497947000000124, -17.049295246999975], [31.498127995000118, -17.04929324699998], [31.4981879930001, -17.049351250999962], [31.498248991000025, -17.049351250999962], [31.498427986000138, -17.049349250999967], [31.49848698500017, -17.049347250999972], [31.499503956000183, -17.04928224499986], [31.499505956000178, -17.049339249999946], [31.499903945000142, -17.049335248999967], [31.499903945000142, -17.049391253999886], [31.500033941000083, -17.04963127299993], [31.50015993800008, -17.049749281999937], [31.500287934000028, -17.049989300999982], [31.500414931000137, -17.050108309999814], [31.500542927000083, -17.050348328999974], [31.500668924000138, -17.050466337999865], [31.50067292400007, -17.050709357999892], [31.500798920000022, -17.050827366999954], [31.501053913000078, -17.051187394999943], [31.501433903000077, -17.051544422999882], [31.50181289200009, -17.05178044199988], [31.502188882000098, -17.0517774409999], [31.502186882000103, -17.0516574319999], [31.502312878000055, -17.051655431999905], [31.50231087800006, -17.05153442199986], [31.502436875000114, -17.051533421999977], [31.502808864000087, -17.05116639299996], [31.502932861000147, -17.051044382999976], [31.5031828540001, -17.05104238299998], [31.503308850000053, -17.05104038299993], [31.503308850000053, -17.051161391999926], [31.503434846000175, -17.051161391999926], [31.50356084300006, -17.05115939199993], [31.503561843000114, -17.051399410999977], [31.503687839000065, -17.051397410999982], [31.50368983900006, -17.051519419999863], [31.503689840000163, -17.05163942999991], [31.503695838999988, -17.052002458999937], [31.503821836000043, -17.05212046799994], [31.503825836000033, -17.052482495999982], [31.50395283200004, -17.052601505999974], [31.50395283300014, -17.052721514999917], [31.504080829000088, -17.052841524999906], [31.50420682500004, -17.05295953399991], [31.504334822000033, -17.053200552999954], [31.504460818000155, -17.05319855299996], [31.50458681500004, -17.053196552999964], [31.504710811000166, -17.053196552999964], [31.504836808000164, -17.05319455199998], [31.50496180400006, -17.053192551999928], [31.50508780100006, -17.053190551999933], [31.50533779400007, -17.053188551999938], [31.505463790000192, -17.053186551999943], [31.50583978000003, -17.053182550999963], [31.50708874500009, -17.05292752999992], [31.507212741000046, -17.052805520999982], [31.507338738000044, -17.052805520999982], [31.507590730000118, -17.05280151999989], [31.507838723000134, -17.052677509999853], [31.508212712999978, -17.05243349099993], [31.508709699000065, -17.052185470999973], [31.50883769500018, -17.052305480999962], [31.50896169200007, -17.052303480999967], [31.509087688000193, -17.052301479999926], [31.509089688000188, -17.052423489999967], [31.509339681000142, -17.052419489999977], [31.509341681000137, -17.052540498999974], [31.509467678000192, -17.052540498999974], [31.509467678000192, -17.052660508999963], [31.509592674000032, -17.05265850799998], [31.509720671000082, -17.052776517999973], [31.50984466700004, -17.052776517999973], [31.50984866699997, -17.053137545999903], [31.509850666999967, -17.053259555999944], [31.509854667000127, -17.053499574999933], [31.509856667000122, -17.05373959399998], [31.509982664000177, -17.053860602999862], [31.509985664000055, -17.054100621999908], [31.50998766400005, -17.05434264099995], [31.510117660000162, -17.054580659999942], [31.5101196600001, -17.05482367899998], [31.51024765700015, -17.055063697999913], [31.510374653000156, -17.055301716999907], [31.510378653000146, -17.055664745999934], [31.510382653000136, -17.05590476499998], [31.51038465300013, -17.056146783999907], [31.510388653000064, -17.05638780299995], [31.51039065300006, -17.056629821999934], [31.51039565300016, -17.057110859999852], [31.510399653000093, -17.057352878999893], [31.510275657000136, -17.057474888999934], [31.51027765700013, -17.05771490799998], [31.510155660000066, -17.057956926999964], [31.51015766000006, -17.0580799359999], [31.510033664000105, -17.05819994599989], [31.5100356640001, -17.05844196499993], [31.509913667000035, -17.05868398399997], [31.509913668000138, -17.05880399399996], [31.509791671000073, -17.059047012999883], [31.509667675000117, -17.05916902299998], [31.509671675000106, -17.05941104199991], [31.509547678000047, -17.05953305099996], [31.50942368200009, -17.059775070999933], [31.50942768200008, -17.060016089999976], [31.509428682000134, -17.060138098999857], [31.509432682000124, -17.060498127999892], [31.509942668000065, -17.061217183999872], [31.50994366800012, -17.061457202999918], [31.51006966400007, -17.06145620299992], [31.510195661000125, -17.061454202999926], [31.51019366100013, -17.061333192999882], [31.510319657000082, -17.061332192999885], [31.510443654000085, -17.06121118399983], [31.510441654000147, -17.06108917399996], [31.510691646, -17.060967163999976], [31.51068964600006, -17.06084515499998], [31.510813643000063, -17.06072314499994], [31.510811643000068, -17.06060313599994], [31.51093763900002, -17.06060313599994], [31.510935639000024, -17.0604811259999], [31.511059636000084, -17.060359115999916], [31.51131162900009, -17.060357115999864], [31.51131162900009, -17.06047712499992], [31.511698618000025, -17.06131619199988], [31.51207660800003, -17.061555209999938], [31.512328601000036, -17.061671218999948], [31.512581594000096, -17.06191023799994], [31.512961583000163, -17.062146256999938], [31.513087580000047, -17.06226626599988], [31.513340573000107, -17.062505284999872], [31.513468569, -17.062745303999918], [31.51372256200017, -17.062981321999928], [31.51385055900016, -17.06310233199997], [31.513976555000113, -17.063220340999976], [31.513977555000054, -17.063462359999903], [31.514105552000046, -17.063580369999897], [31.51410755200004, -17.063823388999936], [31.514109552000036, -17.063943397999935], [31.51411555200019, -17.064425435999965], [31.51411755200013, -17.06454544599984], [31.51412155200012, -17.064908473999935], [31.51412255200006, -17.06514849299998], [31.514124552, -17.06526850299997], [31.51412855200016, -17.065511521999838], [31.514130552000154, -17.065751540999884], [31.514134552000144, -17.066113569999914], [31.514138552000134, -17.066354588999957], [31.51414055200013, -17.066596607999884], [31.514143552000178, -17.06695663599993], [31.514147552000168, -17.067199654999968], [31.51427354800012, -17.067317664999962], [31.514401545000112, -17.06743767399996], [31.514401545000112, -17.06755768399995], [31.51452954100006, -17.067675692999842], [31.514655538000056, -17.067796701999896], [31.514656538000168, -17.067916711999885], [31.51478253400012, -17.06791471199989], [31.514908531000117, -17.068034720999947], [31.51781214500005, -17.07507024299997], [31.519629696000038, -17.076402331999873], [31.51916576500014, -17.07727815399994], [31.517794784000102, -17.07726813799985], [31.515966811000112, -17.07725476899998], [31.514124914000035, -17.07899969699986], [31.512286468000184, -17.08030502699995], [31.51045148900016, -17.081170760999896], [31.509070003000033, -17.08247941499991], [31.507241986000054, -17.082465962999947], [31.505417473000193, -17.082012918999965], [31.505399959000158, -17.08421079999988], [31.504471922, -17.085962362999965], [31.501265814000135, -17.08681788499996], [31.48934099900015, -17.092004549999956], [31.481539565000162, -17.09590261799997], [31.478797378000024, -17.095882046999975], [31.478742558000135, -17.09714903299988], [31.477537591000157, -17.09641597599989], [31.47746459300015, -17.096213959999886], [31.477392595000083, -17.09601194399994], [31.477319597000076, -17.095876932999886], [31.47731759700008, -17.095673916999942], [31.477174601000172, -17.095538906999877], [31.477172601000177, -17.095403895999937], [31.47710260300005, -17.095405895999818], [31.47710260300005, -17.095336890999874], [31.476888609000127, -17.095136874999923], [31.476532619000125, -17.094800848999853], [31.47625162700018, -17.0948048489999], [31.476181629000052, -17.09487285399996], [31.47611063100004, -17.09487285399996], [31.476112631000035, -17.09494185999995], [31.476041633000193, -17.09494185999995], [31.475971635000064, -17.095010864999892], [31.47590263600017, -17.09507887099994], [31.475763640000025, -17.09528288699994], [31.475694642000178, -17.095487902999935], [31.475696642000173, -17.095691918999933], [31.475698642000168, -17.09582692999993], [31.47562964400015, -17.095962940999982], [31.475629645000026, -17.096030945999928], [31.475490648000175, -17.096167956999977], [31.47535165200003, -17.09623696199992], [31.475280654000187, -17.09623696199992], [31.475210656000115, -17.096169956999972], [31.47478466800004, -17.09604094699995], [31.474714670000083, -17.09604094699995], [31.47464367200007, -17.095973941999944], [31.474502676000156, -17.09590693699988], [31.474432678000028, -17.095839930999944], [31.47428868200018, -17.095775925999874], [31.474218684000107, -17.095708920999925], [31.474147686000094, -17.095708920999925], [31.474006690000124, -17.095641915999977], [31.47372469800007, -17.095645915999967], [31.473583702000155, -17.095578910999905], [31.47323071200003, -17.095582910999894], [31.473018718000105, -17.09551790599994], [31.472806724000122, -17.095384895999928], [31.472522731000026, -17.095183879999922], [31.47237973500006, -17.09505086999991], [31.472166741000024, -17.0948508539999], [31.47122776700013, -17.092759688999877], [31.471155769000063, -17.092557672999874], [31.471082771000056, -17.092421662999982], [31.47108077100006, -17.092355656999928], [31.47101077300016, -17.09228865199998], [31.470937775000152, -17.092153641999914], [31.47072678100011, -17.092019630999857], [31.470512787000132, -17.091819614999906], [31.470228794000036, -17.09161859999989], [31.470228794000036, -17.09155259399995], [31.469804806000127, -17.09155659499993], [31.4691008260001, -17.091563595999958], [31.468959830000188, -17.091634600999953], [31.46882083400004, -17.09170260699983], [31.46875083600014, -17.09170260699983], [31.468681838000066, -17.09184061799988], [31.468542842000147, -17.091908622999824], [31.468471844000135, -17.091908622999824], [31.468471844000135, -17.091977628999928], [31.468400846000122, -17.091977628999928], [31.468400846000122, -17.09204663399987], [31.46833284800016, -17.092114638999817], [31.46833284800016, -17.092181644999926], [31.468193852000013, -17.092318655999975], [31.46805585600015, -17.09252367199997], [31.46791686000006, -17.092729687999963], [31.467847861999985, -17.092933703999904], [31.467708866000066, -17.093001709999953], [31.46763986800005, -17.093139720999886], [31.46749887200008, -17.093207725999946], [31.46735987600016, -17.09334573699988], [31.466234907000057, -17.093425743999944], [31.466022913000074, -17.093358737999893], [31.46581091900015, -17.093362738999872], [31.465669923000178, -17.093295733999923], [31.46559792500011, -17.093228727999872], [31.465387931000123, -17.09323072899997], [31.465314933000116, -17.09316372299992], [31.465244935000044, -17.09316372299992], [31.465103939000073, -17.093099717999962], [31.46496294300016, -17.0930327129999], [31.464891945000147, -17.09296570799995], [31.46474894900018, -17.092832696999892], [31.46453495500009, -17.092698686999825], [31.46439395900012, -17.092631681999876], [31.464323961000048, -17.092633681999928], [31.464252963000035, -17.092565675999936], [31.464111967000065, -17.09256667699998], [31.463829974000078, -17.092502671999966], [31.46347698400001, -17.092505671999902], [31.463195992000067, -17.092509671999892], [31.462984998000024, -17.092511672999876], [31.462775004000036, -17.092582677999815], [31.462704006000024, -17.09265068399992], [31.462634008000066, -17.09265068399992], [31.462494012000036, -17.09272168899986], [31.462424014000135, -17.092790694999962], [31.462283018000164, -17.092790694999962], [31.462071024000068, -17.09272568999984], [31.461859030000085, -17.09272768999989], [31.46144004200005, -17.09286870099993], [31.461299046000136, -17.09293670699998], [31.461089052000148, -17.093007712999963], [31.460808059999977, -17.09314672399995], [31.46074006200007, -17.0932827339999], [31.4605990660001, -17.093284734999884], [31.460459068999967, -17.093421744999944], [31.460320073000048, -17.09355675599994], [31.460181077000072, -17.093694766999818], [31.460112079000055, -17.09383177799998], [31.45997108300014, -17.09390078299998], [31.459902085000067, -17.09403579399998], [31.45983408700016, -17.09410479999997], [31.45969309100019, -17.094106799999963], [31.459551095000165, -17.094176804999904], [31.459412099000076, -17.094312815999956], [31.4592731030001, -17.094382821999886], [31.45913210700013, -17.094382821999886], [31.45892211300003, -17.094453826999825], [31.458710119000045, -17.09445582799998], [31.45856912300013, -17.094457827999975], [31.45856912300013, -17.09452583299992], [31.458430127000156, -17.094527833999905], [31.45595419600005, -17.09360676199998], [31.455601206000154, -17.09361076199997], [31.45517821800013, -17.093547756999897], [31.454756230000044, -17.093551757999876], [31.454615234000073, -17.09355375799987], [31.454403240000147, -17.09362376399997], [31.45426424400017, -17.09362376399997], [31.454123247000155, -17.093625763999967], [31.454052250000018, -17.093694768999967], [31.454054249000137, -17.093762774999846], [31.45405625000018, -17.09396579099996], [31.454058250000173, -17.094169806999957], [31.454058250000173, -17.09423581199991], [31.454062250000163, -17.094439827999906], [31.454133248000176, -17.09450683299997], [31.454133248000176, -17.094573838999963], [31.45413524800017, -17.094642843999907], [31.45413524800017, -17.094777854999904], [31.45413824800005, -17.09511588099997], [31.453930254000056, -17.095321897999952], [31.453721259000076, -17.095391902999893], [31.453297271, -17.095395903999872], [31.45308527700007, -17.09539990399992], [31.452876283000023, -17.095468909999965], [31.452593291000028, -17.095471909999958], [31.452382297000156, -17.095473909999953], [31.452172303, -17.095475910999937], [31.452101304999985, -17.095477910999932], [31.447594432000074, -17.09552791599998], [31.446606459000122, -17.095334901999877], [31.446322467000073, -17.09520089099982], [31.446181471000102, -17.09520289099987], [31.44611047300009, -17.09513688599992], [31.44604047500019, -17.09513688599992], [31.445828481000035, -17.095071880999967], [31.44540549300001, -17.095076881999944], [31.445334495, -17.095076881999944], [31.44526549699998, -17.095145886999887], [31.44519549900008, -17.095145886999887], [31.445124501000066, -17.095214892999934], [31.44498550500009, -17.095282897999937], [31.444914507000078, -17.09535190299988], [31.444846509000172, -17.09548891399993], [31.444777511000098, -17.09562492499998], [31.44470851300008, -17.095693930999914], [31.44470851300008, -17.095761935999974], [31.444640515000174, -17.095897946999855], [31.444571517000156, -17.096034957999905], [31.444502519000082, -17.09616996799997], [31.444434521000176, -17.096305978999965], [31.444363523000163, -17.096373983999968], [31.444293525000035, -17.0964429899999], [31.444224527000188, -17.09658000099995], [31.443944535000128, -17.09671801199994], [31.443734540000094, -17.09685702299987], [31.4435265460001, -17.096994033999863], [31.443314552000118, -17.096996033999915], [31.443173556000033, -17.097065038999972], [31.44268157000016, -17.097071039999946], [31.442679570000166, -17.097004034999884], [31.44261057200015, -17.097004034999884], [31.44246757600007, -17.096870023999884], [31.442254582000032, -17.096737013999928], [31.441971590000037, -17.09660500299998], [31.441901592000136, -17.096605003999912], [31.441901592000136, -17.096536997999976], [31.441830594000123, -17.09653899799997], [31.44182859400013, -17.096469992999914], [31.440829621000148, -17.095262897999874], [31.440758623000136, -17.095262897999874], [31.440758623000136, -17.095195892999925], [31.440615627, -17.095059881999873], [31.44018863900004, -17.09452383999991], [31.440045643000133, -17.094321823999906], [31.439972645000125, -17.09418681299985], [31.439759651000088, -17.093985796999903], [31.439616655000123, -17.09378378199989], [31.439473659000043, -17.093583765999938], [31.439400661000036, -17.093381749999935], [31.439257665000127, -17.093179733999932], [31.439255665000132, -17.093110728999875], [31.439255665000132, -17.093043722999937], [31.439183667, -17.092908712999872], [31.439042671000095, -17.092774701999872], [31.43889967500013, -17.092641691999972], [31.438685681000038, -17.09243967599997], [31.438614683000026, -17.092441675999964], [31.438544684000192, -17.092441675999964], [31.437981700000137, -17.09244667699994], [31.437840704, -17.092448676999936], [31.437769705999983, -17.092517681999936], [31.437630710000064, -17.09251968299992], [31.437419716000193, -17.092589687999862], [31.436368746000085, -17.09307472699993], [31.434960785000044, -17.09308972799994], [31.43453779700019, -17.09302672399997], [31.434466799000177, -17.093028723999964], [31.434395801000164, -17.093097728999965]]]]}}]}