{"type": "FeatureCollection", "features": [{"type": "Feature", "properties": {"GID_3": "ZWE.5.2.1_2", "GID_0": "ZWE", "COUNTRY": "Zimbabwe", "GID_1": "ZWE.5_1", "NAME_1": "Mashonaland East", "NL_NAME_1": "NA", "GID_2": "ZWE.5.2_2", "NAME_2": "Goromonzi", "NL_NAME_2": "NA", "NAME_3": "Ward 1", "VARNAME_3": "NA", "NL_NAME_3": "NA", "TYPE_3": "Ward", "ENGTYPE_3": "Ward", "CC_3": "NA", "HASC_3": "NA", "id": "ZWE.5.2.1_2", "name": "Ward 1"}, "geometry": {"type": "MultiPolygon", "coordinates": [[[[31.13818527400008, -17.444826539999895], [31.152215881000075, -17.44943889599989], [31.1552367970001, -17.451677070999892], [31.155467790999978, -17.451675069999908], [31.15686975200009, -17.452106103999938], [31.157336739000073, -17.452325120999944], [31.157802725000124, -17.45231911999997], [31.158269712000106, -17.452539136999974], [31.15873469900015, -17.452533135999943], [31.159667673000058, -17.45274715299996], [31.16083264000008, -17.452958168999942], [31.16200260800008, -17.453393202999962], [31.16904041099997, -17.454969323999876], [31.173428288000025, -17.455953398999952], [31.173894274000077, -17.455947397999978], [31.17412826800006, -17.45616841599997], [31.174361261000058, -17.45616741499998], [31.17482824800004, -17.456384431999936], [31.175532229000112, -17.456823465999832], [31.176232209000148, -17.457038482999963], [31.17716718300005, -17.457475516999978], [31.185743943000034, -17.460460747999946], [31.188526865000085, -17.461376818999895], [31.189018851000128, -17.46153683099982], [31.198398589000135, -17.464621068999918], [31.19888357500008, -17.464615068999933], [31.199814549000052, -17.46460606699992], [31.200281536000034, -17.46482308399993], [31.20074652300002, -17.46481908399994], [31.200979516000075, -17.46481608299996], [31.201446074000103, -17.46504236399994], [31.201221509999982, -17.46570615299993], [31.208822302000044, -17.47924821299995], [31.209062296000184, -17.479915264999875], [31.209301289000166, -17.48035929999986], [31.20953528300015, -17.480581316999917], [31.20953928300014, -17.480804334999902], [31.209541283000135, -17.481027351999955], [31.209774276000132, -17.481025351999904], [31.209780276000117, -17.481471386999942], [31.209782276000112, -17.481695404999925], [31.209783276000167, -17.48191842199998], [31.210020270000086, -17.48213943899998], [31.21002927000012, -17.483032508999884], [31.210037270000043, -17.483701561999908], [31.21003927000004, -17.48392457899996], [31.210045270000023, -17.48437161499993], [31.210050270000067, -17.484817649999968], [31.209818277000124, -17.484821649999958], [31.209822277000114, -17.485267684999883], [31.20959128300018, -17.485269684999878], [31.209127296000077, -17.485498702999905], [31.20889730300013, -17.485723720999886], [31.208664309000028, -17.48572572099988], [31.207973329000083, -17.486404774999926], [31.20751234200003, -17.486631792999958], [31.207046355000102, -17.486637793999932], [31.20681436199999, -17.48663879399993], [31.206816361999984, -17.48686281099998], [31.20658336800011, -17.486864811999965], [31.204731421000076, -17.487554865999982], [31.20450042700014, -17.48777988399985], [31.204037441000025, -17.488008901999876], [31.203571454000098, -17.488014902999907], [31.203575454000088, -17.488237920999893], [31.203342460000158, -17.488239920999888], [31.20311246700004, -17.488464938999925], [31.20287947300011, -17.488468938999915], [31.202648480000107, -17.488693956999896], [31.202417486000172, -17.488695956999948], [31.20218649300017, -17.488922974999923], [31.20172750600011, -17.48937300999995], [31.20126351900018, -17.48960202899997], [31.20080453200012, -17.490054063999878], [31.200113552000175, -17.49073111799987], [31.20011555200017, -17.490954134999924], [31.19827660500016, -17.492983294999874], [31.198049610999988, -17.493432329999905], [31.197590625000032, -17.493884365999918], [31.197363631000087, -17.49433240099995], [31.19690164400015, -17.494784436999964], [31.196440657000096, -17.495013454999878], [31.19644265700009, -17.495236472999977], [31.196209664000094, -17.495238472999972], [31.19369573700004, -17.499283790999982], [31.1934667430001, -17.499510808999958], [31.19346874300004, -17.499733826999943], [31.193851733000145, -17.5006138949999], [31.197939620000056, -17.5047872209999], [31.196659656, -17.506504355999937], [31.196403664000172, -17.506750375999957], [31.195892678000178, -17.50724041399991], [31.195637685000122, -17.507240414999842], [31.194355723000115, -17.510427664999952], [31.19409973000012, -17.51091970399989], [31.193844738000166, -17.51116372299998], [31.19230878200011, -17.513616915999933], [31.191797796000117, -17.513616915999933], [31.19051783200007, -17.513860935999958], [31.18975185400012, -17.514104954999823], [31.189495861000125, -17.514104954999823], [31.187960905000182, -17.515332051999906], [31.186426948000133, -17.515330052999957], [31.186170955000193, -17.515330052999957], [31.181313092000153, -17.514589996999973], [31.167243491000193, -17.52169555999984], [31.166987498000026, -17.52194157899993], [31.166732506000073, -17.522431617999814], [31.166732506000073, -17.522675636999907], [31.163913586999968, -17.528072060999932], [31.16391358800007, -17.528564099999983], [31.16365759500013, -17.529054137999935], [31.16340060200008, -17.529544176999877], [31.163400603000184, -17.53003521499994], [31.163144610000074, -17.53003521599993], [31.163144610000074, -17.53028123499996], [31.163144610000074, -17.530525253999883], [31.16288861700008, -17.53077127299997], [31.16288861800018, -17.531017292999934], [31.162887618000127, -17.53126131199997], [31.162887618000127, -17.531997369999942], [31.163142611000126, -17.532243388999916], [31.163398604000122, -17.53273442699998], [31.163653597000177, -17.533226465999917], [31.163653597000177, -17.533470484999953], [31.163909590000117, -17.533470484999953], [31.16390759000012, -17.53371650399987], [31.164164583000172, -17.53371650399987], [31.16416358300006, -17.533962522999957], [31.16442057600011, -17.533962522999957], [31.164418576000116, -17.534452560999853], [31.16492956200011, -17.535434637999913], [31.16492756300005, -17.53641571499992], [31.16492756300005, -17.53715177299989], [31.164672570000164, -17.53715177299989], [31.164672570000164, -17.53739779199998], [31.163903592000167, -17.538868907999927], [31.163903593000043, -17.539114926999957], [31.16390159300005, -17.53985098499993], [31.16390159300005, -17.540833061999933], [31.164157586000044, -17.541323099999886], [31.16415758700009, -17.54181413899994], [31.164155587000096, -17.54255019599998], [31.164155587000096, -17.54279621599983], [31.162616632000038, -17.547211561999916], [31.16236064000003, -17.54720956199992], [31.161849654000036, -17.54745558199994], [31.16133866800004, -17.54745558199994], [31.161338669000088, -17.547700600999974], [31.160567691999972, -17.551379889999964], [31.160565692000034, -17.551871928999958], [31.160565692000034, -17.552115947999937], [31.16056569300008, -17.553589062999947], [31.160563693000086, -17.55407910199989], [31.16005070900013, -17.55677831299994], [31.16005070900013, -17.557270351999875], [31.160048709000137, -17.55751437099991], [31.159793717000184, -17.558004409999967], [31.159793717000184, -17.558250428999884], [31.159793717000184, -17.55849644799997], [31.159793717000184, -17.559232505999944], [31.159535725000126, -17.559477524999977], [31.159535725000126, -17.559723543999894], [31.159535725000126, -17.559967563999862], [31.159535725000126, -17.56021358299995], [31.15928073200007, -17.560457601999815], [31.15928073200007, -17.560703620999902], [31.15927873300018, -17.560949640999922], [31.15927873300018, -17.561439678999875], [31.15927873300018, -17.56192971699994], [31.15927873300018, -17.56266677499997], [31.159276733000013, -17.562912793999942], [31.159532727000055, -17.56389487099989], [31.159532727000055, -17.564138889999924], [31.159276734000116, -17.564384909999944], [31.159276734000116, -17.56462892899998], [31.15927473400012, -17.564874947999897], [31.159274735000054, -17.56536598699995], [31.159274735000054, -17.56561200599998], [31.159274735000054, -17.565858024999898], [31.159274735000054, -17.566592082999875], [31.159530728000163, -17.566838101999963], [31.160039714, -17.567820178999966], [31.160294707000048, -17.568066197999883], [31.160294707000048, -17.568311216999916], [31.160550699999988, -17.568311216999916], [31.160806693000154, -17.568557235999947], [31.16106168600004, -17.568557235999947], [31.16106168600004, -17.569049274999884], [31.16106168600004, -17.569293293999976], [31.16029470800015, -17.569293293999976], [31.1600377150001, -17.569537312999955], [31.15978172200016, -17.569537312999955], [31.159270737000043, -17.569783332999975], [31.159015744000044, -17.569783332999975], [31.158759751000048, -17.56978133299998], [31.158759751000048, -17.570027351999897], [31.15850375800011, -17.570027351999897], [31.15824676600016, -17.570273371999917], [31.15824676600016, -17.570517390999953], [31.15824676600016, -17.57076340999987], [31.157479788000103, -17.570761409999875], [31.151338961000135, -17.572720565999873], [31.151082968000026, -17.572718565999878], [31.150571983000134, -17.572718565999878], [31.149805004000143, -17.57247254799995], [31.149549012000136, -17.57247254799995], [31.14545812600005, -17.570260375999908], [31.145203133000166, -17.570260375999908], [31.14315619100006, -17.571730491999972], [31.14290019800012, -17.571730491999972], [31.14290019800012, -17.57148447299994], [31.142391211000188, -17.56829522299995], [31.142393211000183, -17.56780318499989], [31.142393211000183, -17.567067126999916], [31.14239321000008, -17.566577088999964], [31.14239321000008, -17.56633306899994], [31.142395210000075, -17.566087049999908], [31.142395210000075, -17.56584103099982], [31.142139217000135, -17.565103972999964], [31.142139217000135, -17.564859953999928], [31.142139216000032, -17.56436791599998], [31.142141216000027, -17.563877876999925], [31.142141216000027, -17.56289579999992], [31.14214321500009, -17.561914722999916], [31.14214321500009, -17.561668703999942], [31.141888222000034, -17.561424684999963], [31.141888222000034, -17.560688626999934], [31.14189022200003, -17.560442607999903], [31.141890221000153, -17.559705549999933], [31.141634227999987, -17.55921551199998], [31.141634227999987, -17.55872347299993], [31.141378235000047, -17.558479453999837], [31.141380235000042, -17.558233434999977], [31.14087124800011, -17.55602426199988], [31.140615256000046, -17.55602426199988], [31.14010427000005, -17.555288204999954], [31.139338291, -17.554796166999893], [31.139082298000062, -17.554550146999873], [31.138826305000123, -17.55430612799995], [31.138571312000067, -17.554304127999956], [31.138571312000067, -17.55406010899992], [31.138315319000128, -17.55406010899992], [31.138315319000128, -17.55381408999989], [31.13780433400018, -17.55381408999989], [31.13780433400018, -17.553568070999972], [31.13754834100007, -17.553568070999972], [31.137293348000185, -17.553322051999942], [31.13678236200019, -17.553076032999968], [31.13678236200019, -17.552831013999935], [31.13652636900008, -17.55282901399994], [31.136271376000025, -17.552338974999884], [31.13575939000009, -17.5516029179999], [31.135504397000034, -17.5516029179999], [31.132948469000155, -17.549882783999976], [31.132694475999983, -17.549636764999946], [31.132439483000155, -17.549390745999915], [31.13218349000016, -17.548899706999975], [31.131416511000054, -17.54840766899997], [31.131416511000054, -17.548163649999935], [31.13116151800017, -17.548163649999935], [31.12886258200001, -17.545460438999896], [31.128607589000183, -17.545216419999974], [31.12860758800008, -17.544480361999888], [31.12835359500008, -17.543744304999848], [31.12835359500008, -17.54349828599993], [31.126055658000155, -17.540061016999914], [31.12247575900011, -17.53981099899994], [31.12145478600013, -17.537355806999813], [31.121456786000124, -17.536865767999927], [31.119417840000153, -17.529993229999832], [31.119009852000147, -17.529796214999976], [31.11994682500017, -17.528007073999902], [31.12007982100016, -17.527918066999973], [31.120302814000183, -17.527698049999913], [31.120411811000054, -17.527370023999936], [31.120634805000066, -17.52704199899989], [31.12062880500008, -17.52660696399994], [31.120739801000013, -17.526387946999932], [31.120846798000116, -17.52595091299986], [31.12084479800012, -17.52584190399989], [31.120842798000126, -17.5257358959999], [31.12084079800013, -17.525626886999873], [31.12084079800013, -17.525517878999892], [31.120838798000136, -17.525408869999865], [31.12083679800014, -17.52530086199988], [31.12083279799998, -17.5249738359999], [31.12071680100007, -17.52475681899989], [31.1205988050001, -17.524432793999836], [31.120367811000165, -17.52410976899995], [31.12024981400009, -17.523785742999962], [31.12013681700006, -17.523785742999962], [31.120022820000145, -17.523678734999976], [31.119905824000057, -17.52346371799996], [31.11967783000017, -17.523356709999973], [31.11956083299998, -17.523141692999957], [31.11944883600006, -17.523142692999954], [31.119446836000066, -17.52303468499997], [31.11944483600007, -17.522925675999943], [31.119329840000148, -17.522818667999957], [31.11909784600016, -17.52238563399993], [31.11898084900014, -17.522170616999972], [31.118866852000053, -17.52206360899993], [31.118404865000116, -17.52141655799994], [31.11829286799997, -17.521418558999926], [31.118175871000176, -17.521201541999915], [31.117945878000057, -17.520987524999953], [31.117828881000037, -17.520772507999936], [31.117599887000097, -17.520556490999923], [31.117367893000107, -17.52012545699995], [31.11725089700019, -17.519908440999927], [31.11713490000011, -17.519692423999913], [31.11690590600017, -17.519478406999895], [31.11678990900009, -17.519263389999935], [31.116674913000168, -17.519154381999897], [31.116560916000026, -17.51904737299992], [31.11655891600003, -17.51893936499988], [31.116444919000116, -17.518832355999905], [31.11610092800015, -17.518618339999875], [31.11610092800015, -17.518567335999933], [31.114061986000024, -17.518210308999926], [31.11380699299997, -17.518210308999926], [31.112315035000165, -17.518065297999954], [31.111108069000124, -17.51791828699993], [31.11088107500018, -17.517813278999938], [31.11053908500014, -17.51770827099989], [31.11019809400011, -17.5176032629999], [31.109744107000097, -17.517500254999902], [31.109515113000157, -17.51739624699991], [31.10928612000015, -17.517289237999933], [31.109057125999982, -17.517075221999903], [31.108829132000153, -17.516860204999887], [31.108827132000158, -17.516751195999916], [31.108712135000133, -17.51664418799993], [31.108710134999967, -17.51653517999989], [31.108708134999972, -17.51642717099992], [31.108821132, -17.516316161999896], [31.108819132, -17.516207153999858], [31.10893212900004, -17.516099144999885], [31.10904212600019, -17.51598813599992], [31.109267119000037, -17.51576711899986], [31.109492113000044, -17.515656109999895], [31.109717107000165, -17.515545100999873], [31.10994210000007, -17.515433092999956], [31.11016609400008, -17.515214074999847], [31.110503084000072, -17.515101065999886], [31.11072807800008, -17.51498905699998], [31.111066068000127, -17.51476703999998], [31.111291062000078, -17.514657030999956], [31.111402059000113, -17.514546021999877], [31.111516056000085, -17.514544021999825], [31.111625052000193, -17.514325004999932], [31.11173704900017, -17.51421599599996], [31.111960043000124, -17.51399497899996], [31.112184036000087, -17.513774961999957], [31.112292033000074, -17.51344693599998], [31.112405030000104, -17.51333892699995], [31.112401030000115, -17.51312090999994], [31.112401030000115, -17.51301190199996], [31.11239903000012, -17.51290389299993], [31.11239503000013, -17.512685875999978], [31.11227903300005, -17.51247085899996], [31.11216303600014, -17.512144833999912], [31.111814046, -17.511497782999925], [31.11177004700005, -17.511497782999925], [31.11177004700005, -17.51109175099998], [31.111772047000045, -17.510845731999893], [31.111772047000045, -17.51060171299997], [31.11049408200006, -17.509862654999893], [31.11023808900012, -17.509616635999976], [31.109983096000065, -17.509616635999976], [31.109727104, -17.509370616999945], [31.10947111100006, -17.509126597999852], [31.10947111100006, -17.508880578999936], [31.109216118000177, -17.508880578999936], [31.109216118000177, -17.508634559999905], [31.10845313800013, -17.50617936699996], [31.10922111600007, -17.50519928999995], [31.109733102000177, -17.505201289999945], [31.113059007000118, -17.503240134999942], [31.113315, -17.503242134999937], [31.117662877000157, -17.501036959999908], [31.118320858000175, -17.50029290099991], [31.124756673000036, -17.49308333299996], [31.124989667000136, -17.493079332999912], [31.124985667000146, -17.492856314999926], [31.12544665400003, -17.4924052799999], [31.12544265400004, -17.492182261999858], [31.125437653000063, -17.491511209999942], [31.12519866000008, -17.491068174999953], [31.124960666000106, -17.490624139999966], [31.12495866600011, -17.490401122999913], [31.124956666000173, -17.490178104999927], [31.12472367300012, -17.490180104999922], [31.124722673000065, -17.48995608799987], [31.124718673000075, -17.489733069999886], [31.12448167900004, -17.489289035999946], [31.12424168600012, -17.488620982999976], [31.12422868600015, -17.487504895999905], [31.12422468600016, -17.48705886099998], [31.12445467900011, -17.486831842999834], [31.124451679, -17.486608824999962], [31.124681672000122, -17.48638380699998], [31.124680672000068, -17.48616078999993], [31.124908666000067, -17.485933771999953], [31.124907666000183, -17.485710754999957], [31.12490566600019, -17.485486736999917], [31.1248956660001, -17.484594666999897], [31.12489166600011, -17.484371649999844], [31.124659672000064, -17.484373649999895], [31.124657672000126, -17.48414963199997], [31.124422679000133, -17.483930614999963], [31.124418679000144, -17.483705596999982], [31.124186685000097, -17.48370959799996], [31.123951692000105, -17.48348858099996], [31.123716698000067, -17.483266562999972], [31.123484705000124, -17.483268563999957], [31.123251711000023, -17.483272563999947], [31.12301671800003, -17.483051546999945], [31.122551731000044, -17.483055546999935], [31.122084744, -17.482837529999927], [31.121851750000133, -17.48283953099991], [31.121386764000192, -17.482845530999953], [31.12115377000009, -17.482847530999948], [31.120687783000164, -17.48285053199993], [31.12045579000005, -17.482854531999976], [31.120220796000183, -17.482633514999918], [31.11975180899998, -17.482414497999912], [31.119286822000163, -17.482419498999946], [31.11881883500007, -17.482200481999882], [31.118586842000127, -17.482202481999934], [31.11858484200019, -17.481979463999892], [31.118578842000034, -17.48153342899991], [31.118809835000036, -17.48130741199998], [31.11880783500004, -17.48108439399988], [31.119034828999986, -17.480634358999964], [31.11926382200005, -17.48018632299994], [31.119492815000058, -17.47996130599995], [31.11972280900011, -17.479734287999918], [31.119717809, -17.47928825299988], [31.119715809000013, -17.479064234999896], [31.119713809000075, -17.478841217999843], [31.119709809000085, -17.47861819999997], [31.11947481500016, -17.47839718299997], [31.11924082200011, -17.478177165999966], [31.118772835000186, -17.47795814899996], [31.118072854000104, -17.477743131999944], [31.117607868000164, -17.477746132999982], [31.117371874000185, -17.477525114999935], [31.117138881000187, -17.47752911599997], [31.116905887000087, -17.477531115999966], [31.116903887000092, -17.477308098999913], [31.11667189400015, -17.477310098999965], [31.116436900000053, -17.47708808099992], [31.116203907000056, -17.477092081999956], [31.11620190700006, -17.47686706399992], [31.116198907000182, -17.476644046999922], [31.116194907000022, -17.476198011999884], [31.116188907000094, -17.47575097699996], [31.11618490600017, -17.47540394899994], [31.11618490600017, -17.475342944999852], [31.11618490600017, -17.47530494199998], [31.11618090600001, -17.475075923999952], [31.116447899000036, -17.474594885999863], [31.11706488100009, -17.47347979799997], [31.117245876000027, -17.473301783999887], [31.11733487300006, -17.4732127769999], [31.117609865000077, -17.47311876899994], [31.117973855000173, -17.472937754999975], [31.11824884700019, -17.472845747999827], [31.118429842000126, -17.472754740999846], [31.11870483400014, -17.472662732999936], [31.118887829000073, -17.472659732999887], [31.118977827000094, -17.472571725999956], [31.11916282100009, -17.47256772599991], [31.119251819, -17.47252172199984], [31.119343816000082, -17.472477717999936], [31.119526811000014, -17.472474717999944], [31.119709806000174, -17.472382710999966], [31.11980180300003, -17.472382710999966], [31.119892801000105, -17.47238071099997], [31.11989080100011, -17.47220569699988], [31.11998079800003, -17.472115689999896], [31.11997679800004, -17.471850668999934], [31.11997079800011, -17.471497640999928], [31.119877801000143, -17.47141163499998], [31.119877801000143, -17.471323627999936], [31.119783803000132, -17.47123662099989], [31.119781802999967, -17.4711486139999], [31.119780803000083, -17.471060606999913], [31.119688806, -17.471062606999965], [31.119503811000072, -17.47088959399997], [31.119501811000077, -17.470801586999983], [31.119410814000105, -17.470801586999983], [31.11940881400011, -17.47071357999988], [31.11931681600015, -17.470715579999876], [31.119314816000156, -17.470627572999945], [31.119221819000188, -17.470539565999957], [31.119221819000188, -17.470452559999956], [31.119217819000028, -17.47027654599998], [31.119217819000028, -17.47018753899988], [31.119215819000033, -17.47009953199995], [31.11930581600012, -17.470009524999966], [31.119486811000115, -17.469832510999822], [31.119669806000047, -17.46974050299991], [31.11985080100004, -17.46964949599993], [31.120077794000053, -17.46964749599988], [31.120125793000057, -17.469645495999885], [31.120493783000086, -17.46963949499991], [31.120583780000175, -17.469550487999925], [31.12095177000009, -17.469546487999935], [31.122236734000182, -17.46961449199989], [31.122696721000125, -17.469607491999852], [31.122879716000057, -17.469605490999868], [31.123062710000113, -17.469601490999878], [31.123154708000072, -17.469601490999878], [31.123245705000045, -17.469599490999883], [31.123339703000056, -17.469597490999888], [31.123428700000034, -17.469508483999903], [31.123976685000173, -17.469324468999957], [31.124250677000077, -17.469231461999982], [31.124340674000166, -17.46914145399984], [31.12461166600019, -17.46887443299994], [31.124702664000097, -17.468785425999954], [31.12488665900014, -17.468781425999964], [31.12506965400007, -17.46869141899998], [31.125515641000106, -17.468012364999936], [31.12623462, -17.46691927899991], [31.126232620000053, -17.466832271999976], [31.126232620000053, -17.466744265999978], [31.126226620000068, -17.466479244999903], [31.126225620000184, -17.466303230999927], [31.12622362000019, -17.466126216999953], [31.12621962000003, -17.46595020299992], [31.126217620000034, -17.46577518899994], [31.126213620000044, -17.465598175999958], [31.126305617000128, -17.46550816799987], [31.126303617000133, -17.465420161999873], [31.126392615000043, -17.465330153999957], [31.12648461200007, -17.465330153999957], [31.126669607000053, -17.465327153999965], [31.12694459900007, -17.46532315399992], [31.127218592000077, -17.46523114599995], [31.127239591000148, -17.465229145999956], [31.127584581000065, -17.465226145999964], [31.127769576, -17.465311151999913], [31.12792457200004, -17.465346154999963], [31.127939571000127, -17.465359155999977], [31.12798357000014, -17.465359155999977], [31.12813856600019, -17.46539315899986], [31.128416558000083, -17.46556517199997], [31.128788548000102, -17.4658241919999], [31.129065540000113, -17.46590819899984], [31.12925053500004, -17.466082211999947], [31.129435530000023, -17.466078211999957], [31.129526527000166, -17.466078211999957], [31.129711522000093, -17.466162217999965], [31.129894517000082, -17.46616021799997], [31.130169509000098, -17.466156217999924], [31.130445501000167, -17.466153216999942], [31.13099548600013, -17.46614321599992], [31.13117848000013, -17.466053208999938], [31.131451473000084, -17.465960201999962], [31.131502471000033, -17.465960201999962], [31.13163646800001, -17.465958201999968], [31.131817462000072, -17.46586619399983], [31.13209245500019, -17.46577518699985], [31.132275450000122, -17.465771186999973], [31.13236644700015, -17.465771186999973], [31.132378447000065, -17.465760185999955], [31.13245844400018, -17.465681178999887], [31.132549442000084, -17.46568017899989], [31.132732437000016, -17.465678178999894], [31.13291543100007, -17.465674178999905], [31.13300742900003, -17.465674178999905], [31.13319042400019, -17.465582170999937], [31.133465416000035, -17.46557817099989], [31.133648411000138, -17.465575170999898], [31.133831406000127, -17.465485163999915], [31.13401240000013, -17.465393155999948], [31.13419539500012, -17.465302148999967], [31.13437839000005, -17.465300148999972], [31.134562385000095, -17.46520814099989], [31.134741380000094, -17.465031127999907], [31.13492237500003, -17.46485211299995], [31.135103369000092, -17.46467209899987], [31.135376362000045, -17.4644930849999], [31.135466359000134, -17.464404077999973], [31.13564735400007, -17.46422406399995], [31.135738351000043, -17.464135056999964], [31.13582634900007, -17.463957042999937], [31.135918346000096, -17.46386803599995], [31.13600534400001, -17.46369002199998], [31.136187338000184, -17.463511007999898], [31.136276336000094, -17.463333993999925], [31.13636433300013, -17.463155979999954], [31.136545328000125, -17.46297696599987], [31.136637326000084, -17.462886957999956], [31.136724323000124, -17.462709943999982], [31.13690831800011, -17.46261793699989], [31.136980316000063, -17.46247492599997], [31.136997315000144, -17.462440922999917], [31.13708731300011, -17.462350915999934], [31.13726830700017, -17.46217390199996], [31.13735630499997, -17.461995887999876], [31.137537300000133, -17.461816873999965], [31.13760229800016, -17.46168586399989], [31.13762729700005, -17.461639859999877], [31.13780829200016, -17.46145984599991], [31.137897289000136, -17.461370838999926], [31.137896289000082, -17.461236827999926], [31.13805428500018, -17.46108281599993], [31.13807528400008, -17.46101581099998], [31.13825627900019, -17.46074878999997], [31.138435274000187, -17.460481768999898], [31.13852327100011, -17.460216747999937], [31.138702266000053, -17.459949726999923], [31.138882261000106, -17.459682705999967], [31.138969258000145, -17.459503691999885], [31.13905925600011, -17.459325677999914], [31.139149253000028, -17.45914866399994], [31.139236251000113, -17.458970649999856], [31.139267250000103, -17.45891364499994], [31.139326247999975, -17.45879363599994], [31.13941824500006, -17.458703628999956], [31.13941424500007, -17.458528614999977], [31.13950324300015, -17.45843860799988], [31.139593240000067, -17.458261593999964], [31.139683238000032, -17.458083579999823], [31.139772235000066, -17.457906565999906], [31.139946230000135, -17.45737452399993], [31.14012722500013, -17.457107502999975], [31.140305220000187, -17.456752474999973], [31.14038121700014, -17.45652145699995], [31.14039221700017, -17.456487453999898], [31.140572212000052, -17.45622043299994], [31.14066120900003, -17.456043419999958], [31.140842204000023, -17.455951411999877], [31.140932201999988, -17.455861404999894], [31.14235116100008, -17.455060341999967], [31.144300106000117, -17.453962254999965], [31.144390103000035, -17.453872247999982], [31.14438810300004, -17.453782239999896], [31.14457109799997, -17.45369323299991], [31.144752093000136, -17.453513218999944], [31.14484009000006, -17.45333620499997], [31.145021085, -17.453157190999946], [31.145039085000064, -17.453122187999895], [31.145111083000188, -17.452979176999975], [31.145292078000125, -17.452888169999937], [31.145382075000043, -17.45271015599991], [31.145472072000132, -17.452621148999924], [31.145561070000042, -17.452443134999953], [31.145651067000074, -17.452354127999968], [31.14564906700008, -17.452178113999878], [31.1457390650001, -17.45200109999996], [31.145737065000105, -17.451913092999973], [31.145826062000083, -17.451736078999886], [31.14582106200004, -17.45147105799998], [31.145819062000044, -17.45129504499988], [31.145815062000054, -17.451118030999908], [31.14581306200006, -17.45094201699993], [31.14581106200012, -17.450855009999827], [31.145718065000153, -17.45067899599991], [31.145714065000163, -17.450503982999976], [31.145618067000044, -17.4502399619999], [31.145432072000176, -17.45006694799997], [31.14524607800007, -17.44989293499998], [31.145060083000033, -17.44971992099994], [31.14487308800011, -17.449545907999948], [31.144779090000156, -17.44937289399985], [31.14459209600011, -17.449198880999916], [31.144499098000097, -17.449023866999937], [31.144312103000175, -17.4488498529999], [31.14412510900013, -17.448675839999908], [31.143846116000077, -17.448416818999874], [31.143658121000044, -17.44815579899995], [31.143381129000034, -17.447983785999952], [31.14310313700014, -17.447809771999914], [31.142916142000047, -17.447636758999977], [31.14263715000004, -17.447464744999877], [31.142269160000126, -17.44729573199993], [31.141254189000108, -17.447045712999966], [31.14107119400012, -17.4470487129999], [31.140705204000028, -17.44705271399988], [31.1405202090001, -17.44705671399987], [31.14033721400017, -17.447058713999866], [31.140245217000086, -17.447060713999917], [31.14015421900001, -17.447062714999845], [31.13997122500018, -17.447064714999897], [31.139879227, -17.44706671499989], [31.139786230000027, -17.447068714999887], [31.139694232000068, -17.447068714999887], [31.139509238000016, -17.446984708999935], [31.13941824000017, -17.446984708999935], [31.13932424300009, -17.44689870199994], [31.139233245000014, -17.446810694999954], [31.139046250000092, -17.446636681999962], [31.13876925800008, -17.446553674999905], [31.13858226300016, -17.446291654999982], [31.13839526900017, -17.446118640999885], [31.138300271000105, -17.44594462799995], [31.13811527600018, -17.445771613999966], [31.13801827900005, -17.445507592999945], [31.13797928000008, -17.445402584999954], [31.13818527400008, -17.444826539999895]]]]}}, {"type": "Feature", "properties": {"GID_3": "ZWE.5.2.2_2", "GID_0": "ZWE", "COUNTRY": "Zimbabwe", "GID_1": "ZWE.5_1", "NAME_1": "Mashonaland East", "NL_NAME_1": "NA", "GID_2": "ZWE.5.2_2", "NAME_2": "Goromonzi", "NL_NAME_2": "NA", "NAME_3": "Ward 10", "VARNAME_3": "NA", "NL_NAME_3": "NA", "TYPE_3": "Ward", "ENGTYPE_3": "Ward", "CC_3": "NA", "HASC_3": "NA", "id": "ZWE.5.2.2_2", "name": "Ward 10"}, "geometry": {"type": "MultiPolygon", "coordinates": [[[[31.493108325000094, -17.534734455999967], [31.4931063250001, -17.534641447999945], [31.493200323000053, -17.53435942599998], [31.49319632300012, -17.534076403999904], [31.49318832300014, -17.533607366999888], [31.493186323000145, -17.533420352999883], [31.49318532300009, -17.53332734499992], [31.493183323000096, -17.533233337999945], [31.493280320000054, -17.53323133799995], [31.493375317000186, -17.53304332299996], [31.49357031200003, -17.53294731499983], [31.49376230600012, -17.532756299999903], [31.494052298000156, -17.532566284999916], [31.49424529200013, -17.532375269999932], [31.49444228700014, -17.532373269999937], [31.494537284000103, -17.532278262999967], [31.49463428100006, -17.532278261999977], [31.494632281000065, -17.532089247999977], [31.495407259000046, -17.53161020999994], [31.495502257000112, -17.531517202999964], [31.495502257000112, -17.53142119499995], [31.49559925400007, -17.53142119499995], [31.495597254000074, -17.531328187999975], [31.495695251000086, -17.531326186999877], [31.495885246000114, -17.530948157999887], [31.49598124300013, -17.530853149999928], [31.496078240000088, -17.530758142999957], [31.496074240000098, -17.530571127999963], [31.496170237000115, -17.530288105999887], [31.49616823700012, -17.53019509899991], [31.496263235000185, -17.53010009099995], [31.496263235000185, -17.530006083999922], [31.496259235000025, -17.529819068999814], [31.49625723500003, -17.529726061999952], [31.4963552320001, -17.52963005399988], [31.49654322599997, -17.529253024999946], [31.496833218000177, -17.52896700199983], [31.497026213000083, -17.5287779869999], [31.49731820400018, -17.52867997899989], [31.49741320200002, -17.52858497199992], [31.497510199000146, -17.52848996399996], [31.497608195999987, -17.528487963999964], [31.497606196, -17.528393956999935], [31.49770319300012, -17.528393956999935], [31.497898188000192, -17.52829694899998], [31.49799518500015, -17.528201941999953], [31.497993185000155, -17.528107933999877], [31.498090182000112, -17.528107933999877], [31.498188180000056, -17.52801292699985], [31.49828317700019, -17.52791791899989], [31.49838017400009, -17.527915918999895], [31.49838017400009, -17.527821911999922], [31.498476171000164, -17.527726903999962], [31.498573169000167, -17.527632896999933], [31.498571169000172, -17.527537888999973], [31.49876216299998, -17.527255866999894], [31.498760163000043, -17.527161859999865], [31.498855160000176, -17.526972844999932], [31.49904615500003, -17.526595814999837], [31.499042155000097, -17.526406800999894], [31.499139152, -17.52631279299993], [31.49913715200006, -17.526217785999904], [31.499328147000142, -17.525841755999977], [31.499521141000116, -17.525651740999876], [31.499517141000126, -17.52546472599994], [31.499593139000183, -17.52531371499998], [31.49963113800004, -17.525277711999934], [31.49963113800004, -17.525208705999887], [31.499704136000048, -17.525139700999887], [31.499706136000043, -17.525069694999956], [31.499704136000048, -17.524897681999846], [31.499801133000176, -17.52480467499987], [31.49979913300018, -17.524708666999913], [31.499895130000027, -17.524521651999976], [31.50008312500006, -17.52414462299987], [31.500276119000034, -17.523953607999886], [31.50046911400011, -17.523762592999958], [31.50066110800003, -17.52357357799997], [31.500759105000043, -17.523478569999952], [31.50075710600015, -17.523385562999977], [31.500852103000113, -17.523289554999906], [31.500852103000113, -17.52319654799993], [31.50094710000002, -17.523100540999906], [31.500946100000135, -17.52300753299994], [31.500993099000027, -17.52295452899989], [31.50120109300019, -17.522952528999838], [31.501199093000025, -17.52275151299989], [31.50119709300003, -17.522553497999866], [31.501405087000023, -17.522549496999886], [31.50160708100003, -17.522149465999917], [31.502019069000028, -17.52174443399997], [31.50263705200007, -17.521336401999974], [31.50279004700019, -17.521262395999884], [31.504154009000104, -17.52011930599997], [31.504154009000104, -17.520051299999864], [31.504299004000075, -17.519913288999817], [31.504446, -17.519776278999927], [31.504590996000104, -17.519707272999824], [31.505539968999983, -17.518399169999952], [31.505539968999983, -17.518330164999895], [31.505612967, -17.51826215899996], [31.50568696500011, -17.518124148999902], [31.505759963000116, -17.517985137999972], [31.505906958000082, -17.51784812699998], [31.50597895599998, -17.51764211099993], [31.506052954000097, -17.517573104999883], [31.50619795000017, -17.517365088999895], [31.506272948000174, -17.51722807799996], [31.506716935000043, -17.51591497499993], [31.506716935000043, -17.51584696999987], [31.50678993300005, -17.515777963999938], [31.506791933000045, -17.515638952999893], [31.506936928000016, -17.515501942999947], [31.507010926000135, -17.5153639319999], [31.50708292400003, -17.515295925999965], [31.50708292400003, -17.515226920999908], [31.507157922000033, -17.515087909999977], [31.5072299200001, -17.515018904999863], [31.507231920000095, -17.514810887999943], [31.507306918000097, -17.514673876999893], [31.507306918000097, -17.51460487199995], [31.50730791799998, -17.514396855999905], [31.507237919000147, -17.51425784499986], [31.507237919000147, -17.514118833999817], [31.507239919000142, -17.514049828999873], [31.507239919000142, -17.51398082299994], [31.50716892100013, -17.513910817999943], [31.50716892100013, -17.513771806999955], [31.507098923000058, -17.513633795999908], [31.507098923000058, -17.513563789999978], [31.50609495100008, -17.512792729999944], [31.506096951000075, -17.512723724999944], [31.505953955000166, -17.512584713999956], [31.505881957000042, -17.51251470899996], [31.50581095900003, -17.512445702999912], [31.505738961000134, -17.512374697999917], [31.50574096100013, -17.512235686999873], [31.50566796300012, -17.512167681999927], [31.50567196300011, -17.511819653999908], [31.5056009650001, -17.511680642999977], [31.50560296400016, -17.511472626999876], [31.505532966000033, -17.511264610999888], [31.505532966000033, -17.51113860099997], [31.505534966000027, -17.51105659399991], [31.505463968000186, -17.51078057299992], [31.50546596800018, -17.510572555999943], [31.505331971000032, -17.50939346399997], [31.505337971000188, -17.50890942599989], [31.505410968999968, -17.508701409999844], [31.505412969000133, -17.508564398999965], [31.50548696600015, -17.508356382999978], [31.505633962000047, -17.508079360999886], [31.505778958000178, -17.508012355999938], [31.505850956000074, -17.507873344999894], [31.50592395400008, -17.50780433899996], [31.506068950000156, -17.507738333999896], [31.506215946000054, -17.507600322999963], [31.50643293899998, -17.507532317999903], [31.50657793500011, -17.50739430699997], [31.506649933000176, -17.507257295999977], [31.50672493100018, -17.507188290999977], [31.506796929000075, -17.507120284999928], [31.507969895000144, -17.505121127999814], [31.507969895000144, -17.50498211699994], [31.50849488000017, -17.50297895999995], [31.50849488000017, -17.50290795399991], [31.508568878000062, -17.502770942999973], [31.508570877000125, -17.50256292699987], [31.508645875000127, -17.50228590499995], [31.508719873000018, -17.50207988899996], [31.50872387300018, -17.50149284299988], [31.50872587200007, -17.50124882399996], [31.508728872000177, -17.500971801999867], [31.50874490100017, -17.500434867999957], [31.5087368720001, -17.500140736999924], [31.50895586500019, -17.499726704999944], [31.50903086300019, -17.499518687999966], [31.509545848000073, -17.49841560099992], [31.509547848000068, -17.49827659099998], [31.509619846000135, -17.49827659099998], [31.50962184600013, -17.49800056899994], [31.50951284900009, -17.49791456199995], [31.50951284900009, -17.49779755299994], [31.509633845000167, -17.49755953399989], [31.509753842000066, -17.497321515999886], [31.509991835000108, -17.49672746899995], [31.510115832000167, -17.49672746899995], [31.510113832000172, -17.496609459999945], [31.510111832000177, -17.49649144999995], [31.51035782500003, -17.496371440999894], [31.510601818000055, -17.49624943099991], [31.510846811000135, -17.496129421999967], [31.510970807000092, -17.49612742099987], [31.510968807000154, -17.49600841199998], [31.511092804000157, -17.49600841199998], [31.51121480000012, -17.49588840299998], [31.511336797000183, -17.49588640199994], [31.511334797000018, -17.495768392999935], [31.51145679299998, -17.49565038399993], [31.511578790000044, -17.49553037399994], [31.511702786, -17.495528373999946], [31.51194678000013, -17.49540836499989], [31.512068776000092, -17.495287354999903], [31.512190773000157, -17.495169345999898], [31.512434766000183, -17.49504733599997], [31.512677759000155, -17.494809316999977], [31.512801755000112, -17.49480731699998], [31.51292375200012, -17.49468830799998], [31.51292175200018, -17.494570298999918], [31.513043748000143, -17.49445028899993], [31.51316574499998, -17.494332279999924], [31.513161745000048, -17.49409526099987], [31.513285741000175, -17.494093260999875], [31.513281741000185, -17.49385724299998], [31.51327974100019, -17.493620223999926], [31.513277741000024, -17.493502214999978], [31.513274741000146, -17.493149186999915], [31.51327274100015, -17.492913167999916], [31.51326874100016, -17.492676149999966], [31.513264741, -17.49220311299996], [31.513260741000067, -17.491967093999904], [31.513258741000072, -17.49173207599989], [31.513133745, -17.491498056999887], [31.51313174500001, -17.491379047999942], [31.51312974500007, -17.491143029999932], [31.51312574500008, -17.490906010999936], [31.51312574500008, -17.490788001999874], [31.513001748000192, -17.490671992999864], [31.512999748000027, -17.490552982999873], [31.512997748000032, -17.49043497399998], [31.5129937480001, -17.49007994599998], [31.512991748000104, -17.48996793699996], [31.513054746000137, -17.48996793699996], [31.513054746000137, -17.48990093199984], [31.51308374500013, -17.48987392999993], [31.51311374500017, -17.489843927999914], [31.513112744000125, -17.48972591799992], [31.513236741000185, -17.489723917999925], [31.513916722000033, -17.489498899999944], [31.513926721000075, -17.489492899999902], [31.514409708000187, -17.489208876999953], [31.51469870000011, -17.489019861999964], [31.514796697000122, -17.48901786199997], [31.516930637000144, -17.488624830999925], [31.517125631000113, -17.488529822999965], [31.517220628000018, -17.488527822999913], [31.517413623000095, -17.488340807999975], [31.517704615000014, -17.488243800999953], [31.517994606000116, -17.488054785999964], [31.51938156700004, -17.487596748999977], [31.519738557000096, -17.487478739999972], [31.519835554000053, -17.487382731999958], [31.519932552000057, -17.487382731999958], [31.520029549000185, -17.487380731999963], [31.52022254300016, -17.48719471699991], [31.52060953200015, -17.487003701999924], [31.520897524000134, -17.486814686999935], [31.521189516000163, -17.48671767999997], [31.521376511000085, -17.486444657999925], [31.521445509000102, -17.486442657999874], [31.52161650400012, -17.486358650999932], [31.52168950200013, -17.486322647999884], [31.521933495000155, -17.486083628999893], [31.522175488000187, -17.48584361099995], [31.522419481000043, -17.485605591999956], [31.522665474000064, -17.48548158199992], [31.52278447100008, -17.48524656399985], [31.523140460000093, -17.48507154999993], [31.52327445700007, -17.485006543999873], [31.52339645300009, -17.484886534999816], [31.52351645000016, -17.484765525999933], [31.523549449000086, -17.484735522999927], [31.52363844600012, -17.48464751599994], [31.523760443000185, -17.48452750699994], [31.524004435999984, -17.484289487999888], [31.524125432000062, -17.484050468999897], [31.524247429000127, -17.483932459999835], [31.52448942200016, -17.48369244099996], [31.52461141800012, -17.483573431999957], [31.524609419000058, -17.483455421999963], [31.524853412000084, -17.483215402999917], [31.524975408000046, -17.483097393999913], [31.52509740500011, -17.482976384999972], [31.525219401000072, -17.482974383999874], [31.525341398000137, -17.48285637499987], [31.52546439400004, -17.482736365999813], [31.525586391000047, -17.48261835599982], [31.52568538800017, -17.482616355999937], [31.5257173870001, -17.48256835199993], [31.52591238100007, -17.48247334499996], [31.525952380000092, -17.48247334499996], [31.526009379000072, -17.48247334499996], [31.526015379000057, -17.48237633699995], [31.5260743770001, -17.48234733499993], [31.526072377000162, -17.482257327999946], [31.52620037300005, -17.48213331799991], [31.52631637000019, -17.482019308999895], [31.52643836600015, -17.481899299999895], [31.526473365000072, -17.481830293999963], [31.52655836300005, -17.48166028099996], [31.526556363000054, -17.48154427199995], [31.52667935900007, -17.481424261999962], [31.52677635700013, -17.481328254999937], [31.526801356000135, -17.481304252999962], [31.52679935600014, -17.48118524299997], [31.52679935600014, -17.48113623999984], [31.526869354000098, -17.481065233999914], [31.526869354000098, -17.480997228999968], [31.526869354000098, -17.48097222699994], [31.526867354000103, -17.480785211999944], [31.52686535400011, -17.480506189999915], [31.526959351000187, -17.48022416799995], [31.526959351000187, -17.480131160999974], [31.526955351000026, -17.479759130999923], [31.52695335100003, -17.47957211699992], [31.526951351000037, -17.47929109499995], [31.526947351000047, -17.47891906599989], [31.52703934800013, -17.478452028999982], [31.527033348000145, -17.477705969999874], [31.527029347999985, -17.47733294099993], [31.527569331000166, -17.472662573999855], [31.527567331, -17.472475559999907], [31.527663328000074, -17.472289544999967], [31.52766132800008, -17.472102529999972], [31.52785232300016, -17.47172650099992], [31.5282373120001, -17.471350470999937], [31.528332309000064, -17.47116145599989], [31.528525303000038, -17.470974441999886], [31.529494276000037, -17.470074370999953], [31.530356251, -17.46927730799996], [31.530547246000083, -17.46908829299997], [31.53064424300004, -17.46899528499989], [31.530739240000173, -17.468808270999887], [31.530835238000122, -17.46871226299993], [31.531125229000054, -17.46852324799994], [31.53122022700012, -17.46833623299983], [31.531414221000148, -17.468241225999975], [31.53148921900015, -17.46816721999994], [31.531552217000012, -17.4681462179999], [31.53230919600003, -17.467894197999954], [31.53255518900005, -17.46789219799996], [31.533169172000157, -17.46788419699982], [31.533539161000135, -17.46788119699994], [31.533785154000157, -17.467879196999945], [31.534153144000015, -17.467875195999966], [31.534523134000096, -17.467987204999815], [31.53489512300007, -17.468102213999828], [31.53514111600009, -17.468218222999838], [31.535387109000055, -17.468214221999858], [31.53551310600011, -17.46833123199997], [31.535883095000088, -17.46844523999988], [31.53625308500017, -17.468560248999893], [31.536623075000193, -17.468556248999903], [31.536745071000155, -17.468554248999908], [31.536869068000044, -17.468552247999924], [31.53708106199997, -17.468651255999873], [31.537152059999983, -17.468651255999873], [31.537220058000116, -17.46866625699994], [31.537486050000098, -17.46866325699989], [31.537734043000114, -17.468779265999956], [31.53798003700001, -17.468777265999904], [31.538226030000033, -17.468892274999916], [31.53847402300005, -17.469006282999942], [31.538722016000065, -17.469122291999952], [31.538968009000087, -17.469118291999962], [31.538987008000106, -17.469118291999962], [31.539335999000116, -17.46911529199997], [31.539705988000094, -17.469111290999933], [31.53995398100011, -17.469227299999943], [31.540445967000153, -17.46922129999996], [31.540443967000158, -17.469103289999964], [31.540565964000052, -17.46910128999997], [31.540565964000052, -17.468983280999964], [31.540687960000184, -17.468981280999913], [31.540687960000184, -17.468865271999903], [31.54080995700008, -17.46886327099992], [31.54093195300004, -17.46874326199992], [31.540929953000045, -17.46862425299986], [31.54105195000011, -17.468506242999865], [31.541173947000175, -17.46838623399998], [31.54141694000009, -17.468148214999815], [31.54153893600005, -17.46802720599993], [31.54166293300011, -17.468026204999944], [31.541782929000078, -17.467907195999942], [31.541906926000138, -17.467787186999942], [31.5420289220001, -17.467785185999958], [31.542766901000164, -17.46777818599992], [31.542890898, -17.46789419499993], [31.54362887700006, -17.46788619399996], [31.544612850000192, -17.46787519199995], [31.544858843000043, -17.467873191999956], [31.544902841000123, -17.467829188999872], [31.544980839000175, -17.4677531829999], [31.545078836000016, -17.46770517899995], [31.545110835000116, -17.467640173999882], [31.54540282700009, -17.467545165999923], [31.545553822999977, -17.467471159999945], [31.545595822000166, -17.467450158999952], [31.54571581800019, -17.467390153999872], [31.545787816000086, -17.467318147999947], [31.54587781400005, -17.467232141999943], [31.546369800000093, -17.46706812899987], [31.546562794000067, -17.46697312099991], [31.546659792000128, -17.46687911399988], [31.546756789000028, -17.466877112999896], [31.54675478900009, -17.466786105999915], [31.546852786000102, -17.46678410599992], [31.547046781000063, -17.466782105999926], [31.547241775000032, -17.466687097999966], [31.54762676400003, -17.46649608299998], [31.54801575300013, -17.466492082999935], [31.54869673400009, -17.46648608199996], [31.549961699, -17.466660094999952], [31.55005869600012, -17.466660094999952], [31.550252690000036, -17.466658094999957], [31.550445685000113, -17.46656308699994], [31.550640679000082, -17.466467079999973], [31.55083267400005, -17.46627806499987], [31.550928671000065, -17.466185057999894], [31.551122666000083, -17.466090049999877], [31.551219662999983, -17.466088049999883], [31.551412657000185, -17.46589903499995], [31.55150965500019, -17.46589903499995], [31.551702649000163, -17.465897034999955], [31.551799647000053, -17.465804026999933], [31.551992641000027, -17.465708019999965], [31.552089638000155, -17.46561301199995], [31.552186636000158, -17.46561301199995], [31.552381630000127, -17.465611011999954], [31.55247662700009, -17.46551600499987], [31.552574625000034, -17.46551600399988], [31.55276861900012, -17.465419996999856], [31.552864616000136, -17.465417996999975], [31.553058611000097, -17.465415995999876], [31.553350603000126, -17.465320988999906], [31.553544597000155, -17.46531898899991], [31.55383458900019, -17.465223980999895], [31.55402958400009, -17.4652219809999], [31.55432157500013, -17.46521797999992], [31.554710564000118, -17.465307986999903], [31.55500255600009, -17.465303986999913], [31.555099553000048, -17.465303986999913], [31.55519655100005, -17.46530198699986], [31.555486543000086, -17.465206978999902], [31.555583540000043, -17.465206978999902], [31.555778534000183, -17.465204978999907], [31.55936643300015, -17.464422915999933], [31.55956042800011, -17.46442091599988], [31.559854418999976, -17.46450992299998], [31.56033840599997, -17.464506922999874], [31.560729395000124, -17.46459592899987], [31.56140837600003, -17.464588928999945], [31.561508373000095, -17.464679935999982], [31.56160537, -17.464679935999982], [31.561798365000072, -17.46467793499994], [31.56208935700016, -17.46467393499995], [31.56228435100013, -17.464671934999956], [31.562381348000088, -17.464578926999877], [31.562478346000148, -17.464576926999825], [31.562673340000117, -17.464574926999944], [31.563060329000052, -17.46447991899987], [31.563255324000124, -17.464477918999876], [31.563352321000025, -17.46447591899988], [31.563447317999987, -17.46438291199985], [31.563447317999987, -17.464288903999886], [31.56364231300006, -17.46428690399989], [31.563640313000064, -17.464099888999954], [31.56363831300007, -17.46400688199998], [31.56363831300007, -17.46391287499995], [31.563636313000075, -17.46381986699987], [31.563634313000136, -17.46363285299998], [31.563634313000136, -17.463540845999887], [31.56363231300014, -17.463447837999922], [31.56363231300014, -17.46335383099995], [31.563533315000086, -17.463167815999952], [31.56353131500009, -17.462888793999923], [31.563529315000153, -17.46279578699989], [31.563529315000153, -17.462701779999918], [31.56343031800003, -17.462516764999975], [31.563428318000035, -17.462423757999943], [31.56342631800004, -17.46223674299989], [31.563424318000045, -17.461955720999924], [31.56342331800016, -17.461768706999976], [31.563518315000124, -17.461675698999954], [31.563613312000086, -17.461488683999903], [31.563613312000086, -17.461301669999898], [31.563709310000036, -17.46111465499996], [31.56380430700017, -17.461019647999933], [31.563997301000143, -17.46083063299983], [31.56418929600011, -17.46073562499987], [31.56428729300012, -17.460641617999897], [31.564479288000143, -17.460452602999965], [31.564769279000075, -17.460264587999973], [31.566902219000156, -17.459775548999914], [31.566999216000056, -17.459775548999914], [31.567096214000117, -17.459680540999955], [31.567193211000074, -17.459680540999955], [31.56728920800009, -17.459585533999928], [31.567481203000057, -17.459491525999965], [31.567773195000086, -17.459394518999943], [31.568162184000187, -17.459390517999964], [31.568355178, -17.459295510999823], [31.568548173000067, -17.45919950299998], [31.568645170000025, -17.45919950299998], [31.568645170000025, -17.45910649599989], [31.56883816400017, -17.459010487999933], [31.569030159000192, -17.45882247299994], [31.56922515300016, -17.458820472999946], [31.56961214300003, -17.45862945799996], [31.56990413400007, -17.458627457999967], [31.57039012100006, -17.458621456999936], [31.57044211900012, -17.458604455999932], [31.570484118000138, -17.45859145499992], [31.57068011200016, -17.458526448999976], [31.57077711000005, -17.45852444899998], [31.570875107000063, -17.45852444899998], [31.57097210400019, -17.458522448999872], [31.57120809800017, -17.45852044899982], [31.57136109300012, -17.45851844899994], [31.571554088000028, -17.45851644799984], [31.571556088000193, -17.458610455999974], [31.571653085000094, -17.458610455999974], [31.571752082000046, -17.458795469999927], [31.571849080000106, -17.458886476999908], [31.571948077000172, -17.45898048499987], [31.571948077000172, -17.459073491999902], [31.572048074, -17.45916549899988], [31.572048074, -17.45925850599997], [31.57224406900019, -17.45944352099997], [31.572341066000092, -17.459535527999947], [31.5724410630001, -17.459722542999884], [31.572540061000154, -17.45981354999998], [31.572540061000154, -17.459907556999838], [31.572734055000012, -17.459998563999818], [31.572833052000135, -17.460090570999967], [31.57293105000008, -17.460182578999934], [31.573127044000103, -17.460273585999914], [31.573514033000095, -17.460269584999935], [31.573709028000167, -17.46026758499994], [31.573903022000025, -17.460265584999945], [31.574098017000097, -17.46026458499989], [31.57545397900003, -17.459878553999943], [31.57584296800013, -17.459874552999963], [31.576134959000058, -17.45987155299997], [31.57632995400013, -17.459869552999976], [31.57632995400013, -17.45996255999995], [31.57642695100003, -17.459960559999956], [31.576620946000048, -17.45995855999996], [31.576914938000186, -17.460143573999915], [31.57730592700011, -17.460327587999927], [31.57759791900014, -17.460416594999856], [31.577793913000164, -17.460508602999937], [31.57789191, -17.46050660199984], [31.57798690800007, -17.46050660199984], [31.57809990400017, -17.460504601999958], [31.578278899000168, -17.460502601999963], [31.57857089100014, -17.460500601999968], [31.578667888000098, -17.46049860099987], [31.57886288300017, -17.460496600999875], [31.578925881000032, -17.460515602999976], [31.57898288000007, -17.460515602999976], [31.57922887300009, -17.460513601999878], [31.579350869000052, -17.46039359299988], [31.579474866000055, -17.460391592999827], [31.579720859000076, -17.460389592999945], [31.5798408550001, -17.460269582999956], [31.580210845000124, -17.460265582999966], [31.580456838000146, -17.460262581999814], [31.58119481700004, -17.46025458099996], [31.581316814000047, -17.460252580999963], [31.581438810000066, -17.46013457199996], [31.58158080600009, -17.460132571999964], [31.58205479300011, -17.460126570999932], [31.58229978600002, -17.46000456099995], [31.582545779000043, -17.460002560999953], [31.582667776000108, -17.459882551999897], [31.58278977200007, -17.459882551999897], [31.582911769000134, -17.459762541999908], [31.58303576500009, -17.459760541999913], [31.58314076199997, -17.45970953799997], [31.583279758000117, -17.459640531999923], [31.5834917520001, -17.459636531999877], [31.58351775200009, -17.45961152999996], [31.583615749000103, -17.459609529999966], [31.583807743000193, -17.459516522999877], [31.584261731000083, -17.459510521999846], [31.584259731000145, -17.459392512999955], [31.584381727000107, -17.459272502999966], [31.58450572400011, -17.459272502999966], [31.584626720000188, -17.459033483999974], [31.584748717000082, -17.458913474999918], [31.58486871300005, -17.458795465999913], [31.58498871000012, -17.458556446999864], [31.58511070600008, -17.45832042799998], [31.585108706000085, -17.458202418999974], [31.58523070300015, -17.458082408999815], [31.585228702999984, -17.457963399999983], [31.585350699000173, -17.457843390999926], [31.585347699000067, -17.457609371999922], [31.585345699000072, -17.45749036299992], [31.585345699000072, -17.457372353999858], [31.58533769900015, -17.45678130699997], [31.585211703000027, -17.456546288999903], [31.585205703000042, -17.45607325199984], [31.58520470300016, -17.45583923299995], [31.585078706000104, -17.455602214999942], [31.585074706000114, -17.45536719599994], [31.585072706000176, -17.455131177999874], [31.585068706000186, -17.45487915799987], [31.58506670600019, -17.45465814099998], [31.585064706000026, -17.45454013099993], [31.585059706000152, -17.454067093999925], [31.585059706000152, -17.453950084999917], [31.585055706000162, -17.453714066999964], [31.585053706000167, -17.453595056999973], [31.58517570300006, -17.453357038999968], [31.585173703000066, -17.453239028999974], [31.585169703000076, -17.45300201099991], [31.5852896990001, -17.45264798299985], [31.58540969600017, -17.45240896399997], [31.585532692000186, -17.452290954999967], [31.585652689000085, -17.452170944999978], [31.585669688000166, -17.452135942999917], [31.58577268500005, -17.451933926999914], [31.585894682000117, -17.451813916999924], [31.586138675000143, -17.451691907999873], [31.586260671000105, -17.45157389799988], [31.586384668000164, -17.451571897999884], [31.58662866100019, -17.451451887999895], [31.586750657000152, -17.451330878999954], [31.587118647000068, -17.45132787899996], [31.587241644000187, -17.451206868999975], [31.587611633000165, -17.451203868999983], [31.58760963300017, -17.451084858999934], [31.588101619000042, -17.451079858999947], [31.588229616000035, -17.451550895999958], [31.58835461299998, -17.451784913999916], [31.58835861300014, -17.452139941999917], [31.58848460900009, -17.45237495999993], [31.588486609000086, -17.45249296999998], [31.588490609000075, -17.452729987999874], [31.588614606000135, -17.452845996999883], [31.588616606000073, -17.453082015999883], [31.58874060200003, -17.453199024999947], [31.588742602000025, -17.45331703399995], [31.588866599000085, -17.45343304299996], [31.588992595000036, -17.45355005199997], [31.58911759200015, -17.453784070999973], [31.58936358500017, -17.45390107999998], [31.589489581000123, -17.454017088999876], [31.58973557500002, -17.45413109799989], [31.58986157099997, -17.4542481069999], [31.590107564000164, -17.454246106999904], [31.590107564000164, -17.45436411599991], [31.590477554000074, -17.45436011499993], [31.59047555400008, -17.454242105999924], [31.590599550000036, -17.45424010599993], [31.59059755000004, -17.45412209699998], [31.59072054699999, -17.45400208699988], [31.590716547000056, -17.45376706899998], [31.59071454700006, -17.453649059999975], [31.590834543000028, -17.453410040999927], [31.590834543000028, -17.453292030999933], [31.59083054300004, -17.453056012999923], [31.590828543000043, -17.452820994999968], [31.59082654300005, -17.45272798699989], [31.59093354000015, -17.452633979999916], [31.5910295380001, -17.452538971999957], [31.591071536000186, -17.452517970999907], [31.591416527000035, -17.452347956999972], [31.59151152400017, -17.45225494999994], [31.591608521000126, -17.452252949999945], [31.591608521000126, -17.452160941999978], [31.591706518000137, -17.452158941999983], [31.59180351599997, -17.452158941999983], [31.591996510000172, -17.452063934999842], [31.592093507000072, -17.452061933999858], [31.59228750200009, -17.451966926999887], [31.592480497000167, -17.451964926999892], [31.592675491000136, -17.451962925999908], [31.59306648000006, -17.452051932999893], [31.59335647200004, -17.452048932999844], [31.595673407000163, -17.453052010999954], [31.59577040400012, -17.453052010999954], [31.59586740200018, -17.45305001099996], [31.59606239600015, -17.453048009999975], [31.596060396000155, -17.452955002999943], [31.596157393000055, -17.452955002999943], [31.596255391, -17.452953002999948], [31.596352388000128, -17.452953002999948], [31.596352388000128, -17.452858995999975], [31.5965453820001, -17.45276398799996], [31.596737377000125, -17.452668979999885], [31.596835374000136, -17.45266697999989], [31.59693237199997, -17.45266697999989], [31.597029369000097, -17.45257297299986], [31.597126366000055, -17.45257097299998], [31.59712436600006, -17.4524779649999], [31.59722236300007, -17.4524779649999], [31.59722236300007, -17.452383957999928], [31.597220363000076, -17.452290950999952], [31.597317360000034, -17.452194942999938], [31.597414358000094, -17.452194942999938], [31.59751035500011, -17.452099935999968], [31.597605352000073, -17.451912920999973], [31.597702350000077, -17.451819913999884], [31.59779834700015, -17.451630898999895], [31.597796347000155, -17.451538890999927], [31.597893344000113, -17.451536890999932], [31.597891344000118, -17.45135087699998], [31.597987341000135, -17.451256868999963], [31.597987341000135, -17.451163861999873], [31.59808233900003, -17.450976846999936], [31.598275333000174, -17.450787831999946], [31.59827333300018, -17.450693824999973], [31.59836833000014, -17.45050680999998], [31.59836833000014, -17.45041380299989], [31.59856132500005, -17.45031879499993], [31.59865632200018, -17.45012977999994], [31.59875331900008, -17.450035772999968], [31.598851317000026, -17.450033772999973], [31.59894631400016, -17.44994076599994], [31.59894631400016, -17.449847757999976], [31.599043311000116, -17.449847757999976], [31.599236306000194, -17.44975175099995], [31.599429300000168, -17.449656742999878], [31.599429300000168, -17.449562735999905], [31.599526297000125, -17.449560735999853], [31.59962329500013, -17.44956073499992], [31.599816289000103, -17.449465727999893], [31.59991328600006, -17.4494637279999], [31.60000328400008, -17.44941972399988], [31.600016283000173, -17.44940672299998], [31.60013828000001, -17.44928671399998], [31.600260277000075, -17.44916870399993], [31.60025827700008, -17.44904969499993], [31.600382273000037, -17.449047694999933], [31.600502270000106, -17.448927684999944], [31.600624266000125, -17.448809675999883], [31.60087025900009, -17.448805675999893], [31.600993256000095, -17.4486876659999], [31.601115252000056, -17.448567656999842], [31.60123724900012, -17.44856565699996], [31.601235249000126, -17.448447647999956], [31.601481242000148, -17.44832663799997], [31.60160323800011, -17.44820662799998], [31.601725235000174, -17.448204627999928], [31.601847231000136, -17.44808661899998], [31.60196922800003, -17.44808461899993], [31.602091225000038, -17.44796460899994], [31.6020892250001, -17.447846599999934], [31.602213221000056, -17.447846599999934], [31.60221122100006, -17.447727590999875], [31.602209221000066, -17.44760958099988], [31.602333218000126, -17.447607580999886], [31.602455214000088, -17.447487571999886], [31.602454214000147, -17.44737156299982], [31.60245221399998, -17.447253552999825], [31.60257621100004, -17.447251552999944], [31.602696207, -17.447130543999947], [31.60294220000003, -17.44712954299996], [31.603064197000094, -17.447008533999963], [31.603310190000116, -17.447007533999965], [31.603804176000153, -17.44711954199994], [31.604176166000173, -17.44735055999996], [31.604422159000023, -17.447348559999966], [31.604668152000045, -17.447344559999976], [31.604790148000177, -17.44734255999998], [31.604857147000132, -17.44734255999998], [31.60522713600011, -17.44624447299998], [31.60521913600013, -17.445498414999975], [31.60530113300007, -17.44391128999996], [31.605299133000074, -17.443817282999873], [31.605589124, -17.44353525999992], [31.605780119000087, -17.443253237999954], [31.607519070000023, -17.442301162999968], [31.607519070000023, -17.442210155999874], [31.607809061000125, -17.44211214799992], [31.609068026000102, -17.44172711699997], [31.609360018000075, -17.44172311699998], [31.609652009000172, -17.441628108999964], [31.610231993000014, -17.441342086999896], [31.61032899000014, -17.44134008599991], [31.61072597900005, -17.441338085999917], [31.61072597900005, -17.441372088999913], [31.61072597900005, -17.441489097999977], [31.610730979000095, -17.44207814399988], [31.61073297900009, -17.442196152999884], [31.610734979000085, -17.442314162999878], [31.61073697900008, -17.442549180999947], [31.610738979000075, -17.442786199999944], [31.61074097900007, -17.44302021799996], [31.610744979, -17.443373245999908], [31.610746979, -17.443610263999915], [31.61075097900016, -17.443844282999976], [31.61075097900016, -17.44396229199998], [31.6107519790001, -17.44408130099987], [31.610757979000027, -17.44466834799988], [31.61075798000013, -17.44478635699994], [31.610761979000188, -17.44502337499995], [31.610763980000115, -17.445257393999952], [31.610763980000115, -17.445376402999955], [31.61076798000005, -17.445610420999913], [31.61076798000005, -17.445729430999904], [31.610771980000038, -17.445965448999914], [31.61089397600017, -17.44596344899992], [31.61089397600017, -17.446081457999924], [31.610896976000106, -17.446316476999982], [31.610898976000044, -17.446553494999876], [31.611022973000104, -17.44678751399988], [31.611026973000094, -17.44702253199989], [31.611026973000094, -17.447140541999886], [31.611278966000043, -17.447726586999977], [31.61165095600012, -17.448077614999875], [31.611774952000076, -17.448193623999884], [31.611898949000135, -17.448427641999956], [31.612024945000087, -17.448660660999963], [31.612024945000087, -17.448778669999967], [31.612027945000136, -17.44913169699987], [31.61202994500013, -17.449250706999976], [31.611909949000164, -17.44948672499993], [31.611909949000164, -17.449604734999923], [31.611789952000095, -17.449724743999923], [31.611791952000033, -17.44995976299998], [31.611549959, -17.450197780999872], [31.611551959000167, -17.450432799999874], [31.611306966000086, -17.450671818999922], [31.611310966000076, -17.45102384599994], [31.611068972999988, -17.45138087399988], [31.611072973000148, -17.451615892999882], [31.610950977000186, -17.451853911999876], [31.61095297700018, -17.451969920999943], [31.610830980000117, -17.45209092999994], [31.61083298000011, -17.45220693899995], [31.611202970000193, -17.452320947999965], [31.611818953000068, -17.45266897499988], [31.61219094200004, -17.453019002999895], [31.6123149390001, -17.453136011999902], [31.612436935000062, -17.453134011999907], [31.612558932000127, -17.453132010999923], [31.612685929000065, -17.45348503899993], [31.61293292200014, -17.453718056999946], [31.61318191500004, -17.4540690849999], [31.613183915000036, -17.454187093999906], [31.613183915000036, -17.45430510299991], [31.613216915000123, -17.45748535299998], [31.61321891500006, -17.457719370999882], [31.613221915000167, -17.45807439899994], [31.613101918999973, -17.458427426999947], [31.61298392200007, -17.458900463999896], [31.612865926000097, -17.459255491999954], [31.612745929000027, -17.459609519999958], [31.61262493300012, -17.45972852899996], [31.61238294000009, -17.460203565999905], [31.612384940000084, -17.460319575999904], [31.61226294300002, -17.4603215759999], [31.61226294300002, -17.46043958499996], [31.61214294600012, -17.460557593999965], [31.612142947000052, -17.460676603999957], [31.612022950000153, -17.460912621999967], [31.611900953000088, -17.460914621999848], [31.611900953000088, -17.46103063199996], [31.61178095700012, -17.461150640999904], [31.611657960000173, -17.461269649999906], [31.61153796399998, -17.461505668999905], [31.61129397100018, -17.461744687999953], [31.611171974000115, -17.46174668799995], [31.610929981000083, -17.461984706999942], [31.61080998500006, -17.462221724999893], [31.610442995000085, -17.462459743999887], [31.61031899900013, -17.46246174399994], [31.610320999000123, -17.462579753999933], [31.61019900200006, -17.462579753999933], [31.609940009000013, -17.46293878199998], [31.608141061000026, -17.46542797799998], [31.607777071000157, -17.465786005999917], [31.607411082000112, -17.466025024999908], [31.607167089000086, -17.46626304399996], [31.60716908900008, -17.466381052999964], [31.607046092000132, -17.466500062999955], [31.6068040990001, -17.466738080999846], [31.606560106000074, -17.466858090999892], [31.606318113000043, -17.467213118999894], [31.606074120000187, -17.46733312799995], [31.605954123000117, -17.46757214699994], [31.605831127000044, -17.467690155999946], [31.60583312700004, -17.46780816599994], [31.605711129999975, -17.46804518399989], [31.60559513400017, -17.468518220999954], [31.605597134000163, -17.468752239999958], [31.60559913400016, -17.468989257999965], [31.605723130000115, -17.469105266999975], [31.605847127000118, -17.46933828599998], [31.605973124000172, -17.46957230399994], [31.606099120000124, -17.46980732199995], [31.606099120000124, -17.469925331999946], [31.606222117000073, -17.46992333099996], [31.606848100000093, -17.471213432999946], [31.606852100000083, -17.4715684599999], [31.606978096000034, -17.471918487999915], [31.60698009600003, -17.472037496999917], [31.606636107000043, -17.474631700999964], [31.60676010300017, -17.47486571899998], [31.60688810000005, -17.47521874699987], [31.606890100000044, -17.47545376499994], [31.60701409600017, -17.47556977399995], [31.60714009300017, -17.475922801999957], [31.607262090000063, -17.475920801999962], [31.607264090000058, -17.476038810999967], [31.607388086000185, -17.47627382899998], [31.60739008600018, -17.476391838999973], [31.60751408300007, -17.476508847999867], [31.607516083, -17.476624856999933], [31.60764007900019, -17.476859874999946], [31.60764207900013, -17.47697788499994], [31.60776607600019, -17.477211902999954], [31.607890072000146, -17.47732891199996], [31.60801506900009, -17.47768193999991], [31.60801906900008, -17.47803396699993], [31.608145066000134, -17.478384994999942], [31.60815506600005, -17.479211059999955], [31.608157066000047, -17.479446077999967], [31.608160066000096, -17.479799105999973], [31.608040069000026, -17.480037124999853], [31.608040069000026, -17.480154133999918], [31.60804606900018, -17.48062517099993], [31.60804606900018, -17.480743179999934], [31.60805006900017, -17.480979197999886], [31.608052069000166, -17.481214216999888], [31.60793107300009, -17.481450234999954], [31.60793507300008, -17.481922271999963], [31.607937073000073, -17.482040281999957], [31.607817076000174, -17.48227629999991], [31.60781907600017, -17.482513318999906], [31.60781907600017, -17.482629327999916], [31.607699080000145, -17.482868346999965], [31.60758108300007, -17.48322137499997], [31.60758108300007, -17.483339383999976], [31.607462086999988, -17.48369441199992], [31.60734009000015, -17.48381442099992], [31.60734209000009, -17.484048438999935], [31.607100097000057, -17.48428745799987], [31.60698010100009, -17.484523476999982], [31.60686010400019, -17.484760495999865], [31.606737108000175, -17.48488050499992], [31.60661511100011, -17.484998513999926], [31.60649311500015, -17.48511652399992], [31.60637311800008, -17.485353541999928], [31.606131125, -17.48559156099998], [31.60588913200013, -17.485948588999918], [31.60589313200012, -17.486301616999924], [31.605770136000103, -17.48641962599993], [31.60577213600004, -17.486537634999934], [31.60577213600004, -17.486656644999982], [31.60577613600003, -17.486890662999883], [31.605898132, -17.486890662999883], [31.605898132, -17.487009671999886], [31.605902132000153, -17.48724369099989], [31.606026129000043, -17.4873596999999], [31.606028129000038, -17.487596717999963], [31.606152125000165, -17.487712726999973], [31.606152125000165, -17.48782973699997], [31.606276122, -17.487947745999975], [31.606278122, -17.48806375499987], [31.60640211800012, -17.48818076399988], [31.606528115000174, -17.48841478199995], [31.606652112000063, -17.48864980099995], [31.606654112000058, -17.488767809999956], [31.606778108000185, -17.48900282799997], [31.60677910800007, -17.489236846999972], [31.60678310800006, -17.489473864999923], [31.60678310800006, -17.489589873999932], [31.60678710800005, -17.489944901999934], [31.606789107999987, -17.490179920999935], [31.606793108000147, -17.490415938999888], [31.606793108000147, -17.490531947999898], [31.60667311200018, -17.490770966999946], [31.606551115000116, -17.49088897599995], [31.606554115, -17.491125994999948], [31.606432119000033, -17.491244003999952], [31.606432119000033, -17.491362013999947], [31.606190126000172, -17.491599031999897], [31.606192126000167, -17.49171704199989], [31.606070129000102, -17.4919530599999], [31.60594813300014, -17.491955059999952], [31.605826136000076, -17.492074069999944], [31.60570614000011, -17.49231208799995], [31.604733167000177, -17.493145153999933], [31.604611171000045, -17.493264162999935], [31.60448917400015, -17.49338417299998], [31.604491174000145, -17.49350218199993], [31.604369178000184, -17.49350218199993], [31.604369178000184, -17.49362019099982], [31.60424618100018, -17.493739200999983], [31.604128185000036, -17.494093228999873], [31.604008188000137, -17.49444825699993], [31.6037681950001, -17.494921293999823], [31.603770195000095, -17.495039302999885], [31.603770195000095, -17.495158311999887], [31.60427318100011, -17.496331403999875], [31.60440117800016, -17.496800440999948], [31.60440117800016, -17.496918449999953], [31.604403178000155, -17.497002456999894], [31.604319180000118, -17.497004456999946], [31.604319180000118, -17.497084462999908], [31.60423718300018, -17.497166469999968], [31.604239183000175, -17.49724847599998], [31.604071188000034, -17.497332482999923], [31.60399119000016, -17.497574501999964], [31.60382719500018, -17.49774051499992], [31.603579202000162, -17.4980665409999], [31.6032512110001, -17.49847657299989], [31.603169213000058, -17.498641585999962], [31.603089216000114, -17.498885604999828], [31.603009218000068, -17.499047617999906], [31.60276122500005, -17.499293636999937], [31.602763225000047, -17.499455649999902], [31.602600230000178, -17.499781674999895], [31.602518232000136, -17.49986368199984], [31.60252023200013, -17.49994568799997], [31.60227023900012, -17.500191707999875], [31.602190242000177, -17.500353719999964], [31.602108244000135, -17.500437726999905], [31.60186025100012, -17.500763752999887], [31.601611258000048, -17.500929765999956], [31.601446263000184, -17.501175784999873], [31.601113272000077, -17.501343797999937], [31.600949277000097, -17.501507810999897], [31.600531289000116, -17.501757830999964], [31.600281296000162, -17.5018438379999], [31.59978531000013, -17.50233587699995], [31.599619315000155, -17.502501889999905], [31.599285324000164, -17.50266990299997], [31.599120329000073, -17.50283391599993], [31.598954334000155, -17.50299792899989], [31.59895533400004, -17.503077934999965], [31.598872336000113, -17.50307993499996], [31.59870634100014, -17.50324394799992], [31.598542345000055, -17.503409960999875], [31.59837635000008, -17.50357397399995], [31.598210355000106, -17.503737986999965], [31.59771036900014, -17.50407001399998], [31.597462376000124, -17.50431803299989], [31.597298381000144, -17.504482045999964], [31.597132386, -17.504646058999924], [31.596966390000148, -17.50481007199994], [31.596802395000168, -17.505056090999915], [31.596638400000188, -17.505302110999935], [31.596474404000105, -17.50546612299985], [31.596310409000125, -17.505792148999888], [31.596232411000074, -17.506036167999923], [31.59615241400013, -17.50627918699996], [31.596072416000084, -17.50652320699993], [31.59599141900003, -17.506767225999965], [31.595911421000153, -17.506931238999925], [31.5958334230001, -17.50725526399998], [31.595839423000086, -17.507577288999983], [31.595841423000024, -17.50774030199989], [31.595681428000034, -17.508146333999832], [31.59568642800008, -17.508470358999887], [31.595524432000047, -17.508796384999982], [31.595524432000047, -17.508876390999944], [31.595362437, -17.50920341699998], [31.595282439000187, -17.50936542999989], [31.59520444200018, -17.50969145499994], [31.59512244400014, -17.50985346799996], [31.59479445400018, -17.510343506999902], [31.594632458000092, -17.51066953199995], [31.594467463000058, -17.51091555199997], [31.594303468000078, -17.51116157099989], [31.59413847200011, -17.511325583999962], [31.59380648200016, -17.511573602999874], [31.593640487000187, -17.511737615999948], [31.593476491000104, -17.511983635999968], [31.593228498000144, -17.512229654999828], [31.592812510000158, -17.512479674999895], [31.592396522000058, -17.512809700999924], [31.592148529000042, -17.51305771999995], [31.591900536000026, -17.51330373999997], [31.591650543000014, -17.513469752999924], [31.591486548000034, -17.513633765999828], [31.591320553000116, -17.513799778999953], [31.5910725600001, -17.514045797999813], [31.590824567000084, -17.514291817999833], [31.59057757400018, -17.514539836999916], [31.590493576000142, -17.514621843999976], [31.590494576000026, -17.514701849999938], [31.590327581000167, -17.514785856999936], [31.590077587999986, -17.51487186299994], [31.589657600000066, -17.514959869999927], [31.589407607000112, -17.51512588399993], [31.589323609000076, -17.51512788399998], [31.589156614, -17.515211889999932], [31.58899061900007, -17.51529589699993], [31.588656628000024, -17.515461909999942], [31.58857263100009, -17.515462909999826], [31.588488633000054, -17.515544916999943], [31.585669713000073, -17.517939104999982], [31.585339723000118, -17.51826713099996], [31.5850917300001, -17.518595156999822], [31.584925735000184, -17.518759169999953], [31.584677742000167, -17.519007189999968], [31.58443374900014, -17.519415221999907], [31.584267753000063, -17.51957923499998], [31.584103758000083, -17.519826253999895], [31.58385376500013, -17.519991266999966], [31.583771768000133, -17.52007327299998], [31.583687770000154, -17.520075273999964], [31.580275869, -17.527003817999912], [31.580195871000114, -17.527165830999934], [31.580199871000104, -17.527407849999975], [31.580202870999983, -17.52756986299994], [31.58012087300017, -17.527733874999853], [31.580124873000102, -17.52797689499988], [31.580128873000092, -17.528136906999976], [31.580132873000082, -17.528380925999897], [31.58013687300007, -17.528540938999924], [31.580141873000116, -17.52886496399998], [31.580145873000106, -17.52910798299996], [31.580151873000034, -17.529430007999963], [31.580155873000024, -17.529592020999928], [31.580244871000104, -17.529913045999933], [31.5802468710001, -17.52999505299988], [31.580332868000028, -17.530155064999974], [31.580506863000096, -17.530393083999968], [31.580592861000127, -17.53047308999993], [31.58059386100001, -17.53055309599995], [31.580849854000178, -17.53071210899998], [31.581190844000105, -17.53102813299995], [31.5814468370001, -17.531105138999976], [31.581532835000075, -17.53126515199989], [31.581616833000112, -17.531263151999838], [31.58170283000004, -17.53134315799997], [31.581786828000077, -17.531341157999975], [31.5819558230001, -17.531419163999942], [31.582127818, -17.531578175999982], [31.58229781300014, -17.53165618199995], [31.58246880900009, -17.531814194999868], [31.582722802000035, -17.531891199999905], [31.582980794000093, -17.5321292189999], [31.583321785000123, -17.532365236999965], [31.583664775000102, -17.532682261999923], [31.584006766000073, -17.53299928699994], [31.584261759000128, -17.53315729899998], [31.584607749000156, -17.533636336999905], [31.584866742000145, -17.533954360999928], [31.58495474000017, -17.534114373999955], [31.585041737000154, -17.534355392999885], [31.58504773700014, -17.534679417999882], [31.58505173700013, -17.534839430999966], [31.585053737000067, -17.535001443999874], [31.585057737000056, -17.53516445599996], [31.584973740000123, -17.535246462999964], [31.58480974400004, -17.53541047599998], [31.584643749000122, -17.53557448899994], [31.58456175100008, -17.535738500999912], [31.584479754000142, -17.535820507999972], [31.584313758000064, -17.53590451499997], [31.584231761000126, -17.53606652699989], [31.584149763000084, -17.53615053399983], [31.584065765000048, -17.536232539999958], [31.583899770000073, -17.536396552999918], [31.5837337750001, -17.536480559999973], [31.583565780000185, -17.53656456699997], [31.583483782000144, -17.536646572999928], [31.58331778700017, -17.536810585999888], [31.583237789000123, -17.53697459899996], [31.583069794000153, -17.53705660499992], [31.58281980099997, -17.537222617999873], [31.582655806, -17.537387630999945], [31.582487810000146, -17.537471637999886], [31.582320815000116, -17.537553644999946], [31.582238817000075, -17.537637650999955], [31.58223981700013, -17.537717656999973], [31.582156820000137, -17.53779966399992], [31.582074822000095, -17.537882669999874], [31.58190882700012, -17.53796567699993], [31.58174083200015, -17.53804968399993], [31.58157483600013, -17.538213696999833], [31.581240846000185, -17.538381709999953], [31.580990853000174, -17.53854772299991], [31.580826858000023, -17.538711735999982], [31.580658862000178, -17.538795742999923], [31.580407869000112, -17.538881748999927], [31.58024287400019, -17.539045761999944], [31.58015987700003, -17.53904776199994], [31.580075879000162, -17.539129768999942], [31.57999388100012, -17.5392117749999], [31.57982588600015, -17.539215775999878], [31.577832943000033, -17.54078489899996], [31.57758295000002, -17.540950912999904], [31.577334957000062, -17.541196931999934], [31.577168962000087, -17.541361944999892], [31.576840971000024, -17.541853983999943], [31.576758973000153, -17.54201599599992], [31.576594978000173, -17.54218000899982], [31.576428983000028, -17.542346021999947], [31.57626698700011, -17.54267204799993], [31.576100992000192, -17.542836060999946], [31.576018995000027, -17.54299807399991], [31.57593899699998, -17.54316208599988], [31.575940997000146, -17.54332209899991], [31.57585799900005, -17.543406105999907], [31.57518902000004, -17.548258485999952], [31.57518902000004, -17.5483394929999], [31.575107022000168, -17.548421498999858], [31.574783032000028, -17.54907354999989], [31.574701034000157, -17.549235562999968], [31.57462103600011, -17.549479581999833], [31.57453903900017, -17.549643594999964], [31.57454203900005, -17.54980360799982], [31.57446004100018, -17.54996761999996], [31.574462041000174, -17.55004862699991], [31.574380043000133, -17.55013063299998], [31.574382043000128, -17.550292645999946], [31.574302046000184, -17.55045665899985], [31.574310046000107, -17.55094069699993], [31.574232048000056, -17.55118271599997], [31.574150050000014, -17.55134672899993], [31.574151050000125, -17.55150974099996], [31.574085052000157, -17.551644751999902], [31.57398505500015, -17.55160074899993], [31.573984055000096, -17.55151874199987], [31.573900058000163, -17.55152074199998], [31.57373206200009, -17.55152474299996], [31.573734062000085, -17.551604748999978], [31.573648065000157, -17.551606748999973], [31.571988112000042, -17.552928852999855], [31.571990112000037, -17.553090865999934], [31.57190611400017, -17.553090865999934], [31.57191011400016, -17.553252878999842], [31.571826117000057, -17.55333488499997], [31.571744119000186, -17.553416891999973], [31.571662121000145, -17.553580904999876], [31.57158212400003, -17.553742916999965], [31.571584124000026, -17.553904929999874], [31.57150412600015, -17.554066942999953], [31.571424128000103, -17.554310961999875], [31.57134413100016, -17.554555980999908], [31.57126213300012, -17.554637987999968], [31.57126213300012, -17.55471999399998], [31.571180135000077, -17.554802], [31.571182135000072, -17.55488200699989], [31.570072168000138, -17.55877331199997], [31.570074168000133, -17.558853317999933], [31.570159166000053, -17.5589313239999], [31.570161166000048, -17.55901333099996], [31.570165166000038, -17.559255349999887], [31.57016916599997, -17.559417362999966], [31.570087168000157, -17.559580374999882], [31.57009116800009, -17.559822393999923], [31.567937229000165, -17.56180054999993], [31.567855232000056, -17.561882556999933], [31.56768923600015, -17.562046568999904], [31.567605239000045, -17.562128575999964], [31.56752124100018, -17.56213057599996], [31.567359246000024, -17.56245660199994], [31.567109253000012, -17.562622614999896], [31.566862260000107, -17.562868633999926], [31.566698265000127, -17.5631146529999], [31.56645027200011, -17.56336067299992], [31.56636927400018, -17.563604691999956], [31.566203279000035, -17.563768704999973], [31.56612328100016, -17.563932717999933], [31.56595928600018, -17.564258742999982], [31.565879288000133, -17.564501761999963], [31.565715293000153, -17.56474778199987], [31.565635295000106, -17.56490979499995], [31.56564129500009, -17.565233819999946], [31.565559298000153, -17.56539583299991], [31.565479300000106, -17.56555984599993], [31.56548330000004, -17.565801863999866], [31.565401302000055, -17.565883870999983], [31.56531730500012, -17.56596587699994], [31.565154309000093, -17.566292902999976], [31.565072312000154, -17.566374909999922], [31.564987314000064, -17.56637590999992], [31.564905317000125, -17.566457915999877], [31.564739321000047, -17.566541922999818], [31.564489328000093, -17.566707935999943], [31.564321333000123, -17.566791941999895], [31.564153338000153, -17.56679394299988], [31.56398734300018, -17.56695995599995], [31.563905345000137, -17.567041961999962], [31.56373735, -17.567125968999903], [31.563407359000166, -17.567453994999937], [31.563075369000046, -17.56778402099991], [31.56282737600003, -17.56803003999994], [31.562580383000125, -17.568276058999857], [31.562414387000047, -17.56844007199993], [31.562250392000067, -17.56868609199995], [31.55845050100004, -17.57287342099994], [31.558368503000167, -17.572955427999943], [31.558286505000126, -17.573119439999857], [31.558204508000188, -17.573201446999974], [31.558038513000042, -17.573365459999934], [31.557876517000125, -17.573691484999927], [31.557544527000175, -17.574021510999955], [31.55738053100015, -17.57426553099998], [31.55721653600017, -17.57451154999984], [31.55375063499997, -17.578530865999937], [31.553668638000033, -17.578694878999954], [31.553588640000157, -17.57885689199992], [31.553506642000116, -17.57902090399989], [31.55334064699997, -17.579184916999964], [31.55326064900015, -17.579346929999872], [31.553176652, -17.579428936999932], [31.553094654000176, -17.579510942999946], [31.548961772000155, -17.584471332999954], [31.5484257870001, -17.584061300999963], [31.548421787000166, -17.583860284999844], [31.548213793000173, -17.583862285999942], [31.548004799000125, -17.583666269999867], [31.547792805000142, -17.583469254999898], [31.54758481099998, -17.583471254999893], [31.547376817000043, -17.583473254999888], [31.54716882300005, -17.583477255999924], [31.546958828000186, -17.58347925599992], [31.540507010000113, -17.583559264999963], [31.539256045000116, -17.583374250999952], [31.53884005700013, -17.583380250999937], [31.538632063000136, -17.58338125099982], [31.530978280000056, -17.58707054299998], [31.530770286000063, -17.587072542999977], [31.526577402999976, -17.584928376999926], [31.520379573000184, -17.572621414999958], [31.501476093, -17.543894170999977], [31.501350097000056, -17.54353814299992], [31.501249100000166, -17.543351127999927], [31.501150102000167, -17.54325912099995], [31.5010521050001, -17.54325912099995], [31.50085411100008, -17.54307410699988], [31.500755113000082, -17.542983098999912], [31.500556119000123, -17.54279808499996], [31.500358124000172, -17.54261307099995], [31.500160130000097, -17.542428055999892], [31.500059133000036, -17.542241041999887], [31.499860137999974, -17.542056026999944], [31.49976114100008, -17.54186901199995], [31.49946514900006, -17.541685997999878], [31.49946214900018, -17.541498983999873], [31.499265155000046, -17.541406975999962], [31.499164157000052, -17.541219961999957], [31.498966163000034, -17.541034946999957], [31.498767168000143, -17.540756925999915], [31.498371179000173, -17.540386896999962], [31.498270182000056, -17.540201881999906], [31.498071188000097, -17.540016867999896], [31.497972190000098, -17.539922860999923], [31.49787119299998, -17.539642838999953], [31.497674199000073, -17.53955283199997], [31.497573201000023, -17.53936581699992], [31.49687522100004, -17.538437744999896], [31.496477232000018, -17.537880700999892], [31.496280237000178, -17.537788693999914], [31.49627623700019, -17.537601678999977], [31.49617924000006, -17.537601678999977], [31.496177240000065, -17.537508671999944], [31.493206323000038, -17.534732454999983], [31.493108325000094, -17.534734455999967]]]]}}, {"type": "Feature", "properties": {"GID_3": "ZWE.5.2.3_2", "GID_0": "ZWE", "COUNTRY": "Zimbabwe", "GID_1": "ZWE.5_1", "NAME_1": "Mashonaland East", "NL_NAME_1": "NA", "GID_2": "ZWE.5.2_2", "NAME_2": "Goromonzi", "NL_NAME_2": "NA", "NAME_3": "Ward 11", "VARNAME_3": "NA", "NL_NAME_3": "NA", "TYPE_3": "Ward", "ENGTYPE_3": "Ward", "CC_3": "NA", "HASC_3": "NA", "id": "ZWE.5.2.3_2", "name": "Ward 11"}, "geometry": {"type": "MultiPolygon", "coordinates": [[[[31.469481010000152, -17.582846234999977], [31.46958000600017, -17.581154101999914], [31.46976100100011, -17.580845077999925], [31.46983599900011, -17.580637061999937], [31.469837999000106, -17.58042904499996], [31.469911996000064, -17.580223028999967], [31.46991399600006, -17.580015012999922], [31.46991799600005, -17.579598979999957], [31.469919996000044, -17.57939096399997], [31.469993994000106, -17.579184947999977], [31.4699959940001, -17.57897693099983], [31.470727972000077, -17.577666828999952], [31.470872968000037, -17.57759782299985], [31.47092696700014, -17.577548818999958], [31.47125895700009, -17.577384805999884], [31.471256957000094, -17.57729079899991], [31.47145295200005, -17.57728879899986], [31.471450952000055, -17.577195790999895], [31.471645946000024, -17.57709878399993], [31.471742944000084, -17.57709878399993], [31.4718389410001, -17.577002775999972], [31.472032935000186, -17.57681276099993], [31.472225930000036, -17.576623745999882], [31.473669889000064, -17.575198633999946], [31.473669889000064, -17.575103626999976], [31.473766886000192, -17.575103626999976], [31.47385988300016, -17.57482060399991], [31.473955880000176, -17.57463158999991], [31.474048878000076, -17.574443574999975], [31.474044878000086, -17.574160552999842], [31.47422087299998, -17.57363451099991], [31.474231872000132, -17.57359650799998], [31.47470685800016, -17.5726544339999], [31.47480585600016, -17.57265243399985], [31.474803856, -17.572558426999876], [31.47481985500019, -17.572558426999876], [31.474901853000063, -17.57255642699988], [31.474899853000068, -17.572369411999944], [31.47499485000003, -17.572274403999927], [31.4750918470001, -17.572179396999957], [31.475185845000112, -17.571990381999967], [31.475282842000013, -17.571894374999943], [31.475477835999982, -17.571799366999983], [31.475475835999987, -17.571706359999894], [31.475572834000047, -17.571610351999936], [31.475570834000052, -17.571517344999904], [31.475568834000057, -17.571360332999973], [31.475566834000062, -17.571330329999967], [31.475566834000062, -17.571234322999942], [31.475564834000068, -17.571141314999977], [31.475563834000184, -17.571048307999888], [31.47556183400019, -17.57095430099986], [31.475555834000033, -17.570485263999956], [31.475553834000095, -17.570391256999812], [31.475456836000035, -17.570393256999978], [31.47545483600004, -17.570300249999832], [31.475355839000144, -17.57020624199987], [31.47525584200008, -17.57011523499989], [31.475156845000186, -17.570021227999916], [31.47505784700013, -17.569930220999936], [31.47496085000006, -17.569930220999936], [31.474861853000107, -17.569838213999958], [31.474763856000095, -17.569838213999958], [31.474565861000144, -17.569646198999976], [31.47456386100015, -17.56956019199987], [31.474466864000192, -17.569562191999978], [31.474369867000064, -17.56956419199986], [31.474365867000074, -17.569375177999916], [31.474267869000187, -17.56937717799991], [31.474266869000076, -17.56928316999995], [31.473667886000158, -17.568352097999934], [31.473663886, -17.56816608299988], [31.473661886, -17.567979067999886], [31.473558889000117, -17.567605038999943], [31.473554889000127, -17.56741602399984], [31.473554889000127, -17.56732301699998], [31.473550888999966, -17.567136001999927], [31.47354888900003, -17.567041994999954], [31.47354888900003, -17.566948987999922], [31.473547889000088, -17.56685497999996], [31.473545889000093, -17.566759972999932], [31.47344789200008, -17.566761972999814], [31.473346894000088, -17.566574957999876], [31.473247897000135, -17.566482950999898], [31.47305190200018, -17.566297936999945], [31.47295090500006, -17.56611092199995], [31.472850908000055, -17.56601991499997], [31.472753911000154, -17.56601991499997], [31.47275191100016, -17.565925907999826], [31.472749911000165, -17.565832900999965], [31.472652914000037, -17.565834900999846], [31.47265091400004, -17.565740892999884], [31.47265091400004, -17.565645885999913], [31.47264691400005, -17.565458870999976], [31.47272191100012, -17.565311859999895], [31.472742911000125, -17.565269855999816], [31.472738911000135, -17.56508284199998], [31.47277091, -17.564989833999903], [31.47279590900007, -17.564939830999947], [31.472797909000064, -17.56490982799994], [31.472797909000064, -17.564802819999898], [31.472871907000126, -17.564663808999853], [31.472944905000134, -17.564525797999977], [31.472944905000134, -17.56445779299986], [31.473018903000025, -17.564388786999928], [31.473091901000032, -17.56424977599994], [31.473899877000065, -17.56266465199991], [31.474121871000136, -17.56225061899994], [31.47412387100013, -17.562042602999952], [31.474269866000043, -17.56176558099986], [31.474271866000038, -17.56155856499987], [31.47434686400004, -17.561352548999878], [31.47434686400004, -17.56121253799995], [31.47434986400009, -17.560936515999913], [31.474279866000188, -17.56079650499987], [31.474279866000188, -17.56065749399994], [31.474208868000176, -17.560449477999953], [31.47406787100016, -17.560241461999965], [31.473924875000193, -17.56003244599998], [31.473852877000127, -17.55996143999988], [31.473855877000176, -17.559616412999958], [31.47385787700017, -17.55947740199997], [31.473859877000166, -17.559339390999924], [31.47386187700016, -17.55899236399989], [31.473863877000156, -17.558855352999956], [31.473936875000106, -17.5587863479999], [31.47400887300006, -17.558717341999966], [31.474081870000134, -17.558649336999963], [31.474151868000092, -17.558649336999963], [31.474206867000078, -17.55859333299992], [31.47430486400009, -17.558500324999955], [31.474498859000107, -17.558403317999932], [31.47469185300008, -17.558214302999943], [31.474689853000086, -17.55811929499987], [31.474786850000044, -17.55811929499987], [31.47488484800016, -17.558117294999875], [31.47488484800016, -17.5580232879999], [31.47498184500006, -17.55802128799985], [31.47507684200002, -17.557928279999885], [31.47517383900015, -17.557832272999917], [31.475271837000093, -17.55783127299992], [31.4752698370001, -17.557737264999957], [31.475463831000184, -17.55764225799993], [31.475660826000023, -17.55763825699995], [31.47565882600003, -17.557544249999978], [31.475753823, -17.55744924199996], [31.47585182000006, -17.557354234999877], [31.475849820000064, -17.55726022799996], [31.475946817000192, -17.557167219999883], [31.476139812000042, -17.556976204999955], [31.476234809000175, -17.556881197999928], [31.476331806000132, -17.55678518999997], [31.476425804000087, -17.55659617499998], [31.47652480100004, -17.55659617499998], [31.476619798000172, -17.55650116799984], [31.476717795000184, -17.55640615999988], [31.47681279300008, -17.556310152999913], [31.476810793000084, -17.55621714599988], [31.479221724000126, -17.553944966999893], [31.47921972400019, -17.55385195899993], [31.47921972400019, -17.553757951999955], [31.479412718000162, -17.55366294399994], [31.479412718000162, -17.55356793699997], [31.479505716, -17.55337892199998], [31.479602713000133, -17.553284914999892], [31.480754680000132, -17.551957809999976], [31.480752679999966, -17.551768794999873], [31.480850677000035, -17.551768794999873], [31.48084867700004, -17.551675787999898], [31.480945674000168, -17.551579780999873], [31.480943674000173, -17.55148677299991], [31.481039672000122, -17.551297757999976], [31.481037672000127, -17.551203750999946], [31.481035672000132, -17.551015735999897], [31.481712652, -17.550538698999958], [31.481906647000187, -17.550536697999974], [31.482006644000023, -17.55053469799998], [31.48200464400003, -17.55044069099995], [31.482101641000156, -17.55043969099995], [31.482296636, -17.550437690999956], [31.48239363300013, -17.550341682999942], [31.48258762800009, -17.550246674999983], [31.48268562500016, -17.550244674999874], [31.48278062200012, -17.55014966799996], [31.48287761900002, -17.550055659999884], [31.482875619000026, -17.549960652999914], [31.48364059700009, -17.54882556399997], [31.483638597000095, -17.548638548999975], [31.483734595000044, -17.548543541999834], [31.483829592, -17.5483545269999], [31.48382759200001, -17.54826051899994], [31.483825592000073, -17.548073504999934], [31.48382359200008, -17.54798049699997], [31.48381659200004, -17.54741745299998], [31.483814592000044, -17.547230438999975], [31.48380459200007, -17.546668394999926], [31.483802592000075, -17.546574386999964], [31.483800592000136, -17.546385371999975], [31.483799592000025, -17.546292364999886], [31.483799592000025, -17.546199357999853], [31.48389458900016, -17.546103349999896], [31.484087584000065, -17.545914334999964], [31.484376575000056, -17.54572231999998], [31.484571570000128, -17.545626312999957], [31.484764564000102, -17.54543629799997], [31.484861562000162, -17.54543629799997], [31.484861562000162, -17.5453402899999], [31.484958559000063, -17.5453402899999], [31.48505555600019, -17.545338289999904], [31.485054556000136, -17.545245282999872], [31.485151553000094, -17.545243281999944], [31.485633540000094, -17.544768244999943], [31.4856315400001, -17.544675237999968], [31.48572953700011, -17.544579229999897], [31.485727537000116, -17.54448622299992], [31.48572553700012, -17.54439221499996], [31.48582253400008, -17.544297207999932], [31.485918531000095, -17.544108192999943], [31.486011529000166, -17.543826170999978], [31.486104526000133, -17.543544148999956], [31.486101526000084, -17.54335713399996], [31.486196523000046, -17.543168118999972], [31.486249522000037, -17.543114114999923], [31.48628252100019, -17.543029107999928], [31.48628252100019, -17.54296010299987], [31.486429516000044, -17.54268308099995], [31.486574512000118, -17.5425460699999], [31.48664851, -17.542409059999954], [31.4866845090001, -17.542306051999958], [31.48676850700008, -17.542224044999898], [31.487060498000176, -17.54212603699989], [31.487642482000183, -17.54174300699998], [31.487834476000103, -17.54155199199988], [31.487833476, -17.54145898499985], [31.487928474000057, -17.541362976999892], [31.48802347100019, -17.541175961999954], [31.488021471000025, -17.54098794799995], [31.48801647100015, -17.54070692599987], [31.488115468000103, -17.540704925999876], [31.488111468000113, -17.54051791099988], [31.48820846500007, -17.54042290299992], [31.488399460000153, -17.54013888099996], [31.48849445700006, -17.539949865999972], [31.488590454000132, -17.539760850999926], [31.48868545199997, -17.53966784399995], [31.48887844600017, -17.539476828999966], [31.488975443000072, -17.53938182099995], [31.489070441000138, -17.53928581399998], [31.48916843800015, -17.53919280699995], [31.489166438000154, -17.53909679899988], [31.489358433000177, -17.538908783999943], [31.489454430000023, -17.53881277699992], [31.48955142700015, -17.53871776899996], [31.489549427000156, -17.53862376199993], [31.489646424000114, -17.53852875399997], [31.489740422000068, -17.538339738999866], [31.489933416000042, -17.53805771699996], [31.49002641300018, -17.53786870199997], [31.490121411000075, -17.53767968799997], [31.490219408000087, -17.537584679999895], [31.490312405000054, -17.53730265799993], [31.490600397000094, -17.537016634999816], [31.490793391000068, -17.536827620999873], [31.491083383000046, -17.5366366049999], [31.491180380000173, -17.53654159799993], [31.49127537800007, -17.53644558999997], [31.49137337500008, -17.536350582999944], [31.491371375000085, -17.53625657599997], [31.491468372000043, -17.536255574999927], [31.491468372000043, -17.536161567999955], [31.491466372000048, -17.53606856099998], [31.491563369000175, -17.536066560999814], [31.49156136900018, -17.53597255299985], [31.493108325000094, -17.53482846299994], [31.493108325000094, -17.534734455999967], [31.493206323000038, -17.534732454999983], [31.496177240000065, -17.537508671999944], [31.49617924000006, -17.537601678999977], [31.49627623700019, -17.537601678999977], [31.496280237000178, -17.537788693999914], [31.496477232000018, -17.537880700999892], [31.49687522100004, -17.538437744999896], [31.497573201000023, -17.53936581699992], [31.497674199000073, -17.53955283199997], [31.49787119299998, -17.539642838999953], [31.497972190000098, -17.539922860999923], [31.498071188000097, -17.540016867999896], [31.498270182000056, -17.540201881999906], [31.498371179000173, -17.540386896999962], [31.498767168000143, -17.540756925999915], [31.498966163000034, -17.541034946999957], [31.499164157000052, -17.541219961999957], [31.499265155000046, -17.541406975999962], [31.49946214900018, -17.541498983999873], [31.49946514900006, -17.541685997999878], [31.49976114100008, -17.54186901199995], [31.499860137999974, -17.542056026999944], [31.500059133000036, -17.542241041999887], [31.500160130000097, -17.542428055999892], [31.500358124000172, -17.54261307099995], [31.500556119000123, -17.54279808499996], [31.500755113000082, -17.542983098999912], [31.50085411100008, -17.54307410699988], [31.5010521050001, -17.54325912099995], [31.501150102000167, -17.54325912099995], [31.501249100000166, -17.543351127999927], [31.501350097000056, -17.54353814299992], [31.501476093, -17.543894170999977], [31.520379573000184, -17.572621414999958], [31.526577402999976, -17.584928376999926], [31.530770286000063, -17.587072542999977], [31.530978280000056, -17.58707054299998], [31.538632063000136, -17.58338125099982], [31.53884005700013, -17.583380250999937], [31.539256045000116, -17.583374250999952], [31.540507010000113, -17.583559264999963], [31.546958828000186, -17.58347925599992], [31.54716882300005, -17.583477255999924], [31.547376817000043, -17.583473254999888], [31.54758481099998, -17.583471254999893], [31.547792805000142, -17.583469254999898], [31.548004799000125, -17.583666269999867], [31.548213793000173, -17.583862285999942], [31.548421787000166, -17.583860284999844], [31.5484257870001, -17.584061300999963], [31.548961772000155, -17.584471332999954], [31.548311791000117, -17.58525139399984], [31.54822779300008, -17.585253394999825], [31.548143796000147, -17.585255394999876], [31.548145796000142, -17.585335400999952], [31.548061798000106, -17.585337400999947], [31.547975801000177, -17.585338400999944], [31.54797780000007, -17.58541940799995], [31.546989829000154, -17.58664950399998], [31.54699182900015, -17.58680951699995], [31.547079826000072, -17.586969528999873], [31.547168824000153, -17.587292554999976], [31.54734281900005, -17.587530572999924], [31.54751381400007, -17.587770591999913], [31.547685810000075, -17.587929603999896], [31.54890877600019, -17.59033279199997], [31.548911776000125, -17.590494804999878], [31.548828779000075, -17.59057681099995], [31.54882977900013, -17.590656817999957], [31.548749781000083, -17.59082082999987], [31.548751781000078, -17.590980842999954], [31.548669783000037, -17.591064849999896], [31.548505788000057, -17.59130886899993], [31.548257795000097, -17.591636894999965], [31.548093800000117, -17.591881913999885], [31.54792780400004, -17.592047926999953], [31.545276880000074, -17.594518120999965], [31.545280880000064, -17.594678133999878], [31.54528288000006, -17.594840146999957], [31.545200882000188, -17.594922152999914], [31.545204882000178, -17.595164171999954], [31.54521388200004, -17.595649209999976], [31.545215882000036, -17.59581122299994], [31.546262854000133, -17.597813378999945], [31.546350851000057, -17.59797439199997], [31.54652284600013, -17.598132403999955], [31.54669384200008, -17.598290415999884], [31.54677983900018, -17.59845142899991], [31.54686583700004, -17.59853143499987], [31.547038832000055, -17.59876945399992], [31.54721082700013, -17.599009471999977], [31.547298825000155, -17.59917048499989], [31.54730082500015, -17.599250490999964], [31.547302825000088, -17.59941250399993], [31.547305825000024, -17.599572515999853], [31.54722282700004, -17.599656522999965], [31.547223827000153, -17.599736528999927], [31.547227827000142, -17.59989854199989], [31.547145829999977, -17.600060554999914], [31.54714782999997, -17.600140560999932], [31.547149830000137, -17.60022256699989], [31.547155830000122, -17.60054559299988], [31.547157830000117, -17.60070760499997], [31.5472448270001, -17.60086761799988], [31.547246827000095, -17.60102963099996], [31.54733482500012, -17.601188642999887], [31.547422821999987, -17.60134865499998], [31.54759381800011, -17.60158867399997], [31.547683815000028, -17.601828692999902], [31.547769813, -17.601909698999975], [31.547943808000127, -17.60222972399987], [31.548032806000037, -17.602469742999915], [31.548034806000032, -17.602631755999937], [31.548124803000064, -17.60287277499998], [31.548128803000054, -17.603114793999907], [31.54813180300016, -17.60335681199996], [31.548135803000093, -17.603598830999942], [31.548141803000078, -17.603923856999927], [31.548147803000063, -17.604165875999968], [31.548150803000112, -17.604407894999895], [31.548236801000144, -17.604485900999975], [31.54824280100007, -17.604810925999914], [31.547151833000044, -17.60975831399992], [31.54715783300003, -17.61008133899992], [31.547162833000073, -17.610325357999955], [31.54708283600013, -17.61056737699988], [31.547086835000187, -17.610809395999922], [31.547004838000078, -17.61097340899994], [31.54700883800001, -17.611135421999904], [31.546926840000026, -17.61129843499998], [31.546932840000125, -17.611620459999813], [31.546852842000078, -17.611864478999905], [31.546693846999972, -17.612352516999977], [31.546529852, -17.61267854299996], [31.546367857, -17.613005568999938], [31.54628785900013, -17.613249587999974], [31.54620986100008, -17.613573612999858], [31.5460458660001, -17.61381763199995], [31.54604986600009, -17.613979644999972], [31.545967868000048, -17.614143657999932], [31.545886871, -17.61438667699997], [31.54589287100015, -17.614710701999968], [31.545810873000107, -17.614872714999876], [31.545728875000066, -17.61495472099989], [31.545732875000056, -17.61511673399997], [31.545650878000117, -17.615280746999872], [31.54557088000007, -17.615522765999913], [31.54540688500009, -17.615768784999943], [31.54532888700004, -17.616093810999928], [31.545162892000064, -17.616257823999888], [31.544998897000085, -17.61650384299992], [31.544834901, -17.616747861999954], [31.544668906000027, -17.61691387499991], [31.544504911000047, -17.617157893999945], [31.544423913000116, -17.61740191399997], [31.54434391500007, -17.61756592599994], [31.54426191800013, -17.617727938999963], [31.54417992000009, -17.617891951999923], [31.54409792200005, -17.61797395799988], [31.54401592500011, -17.61813597099996], [31.543935927000064, -17.61829998399992], [31.543687934000047, -17.618627009999898], [31.543607937000104, -17.61879102299997], [31.543527939000057, -17.619035041999837], [31.543361944000083, -17.619199054999967], [31.543193948000066, -17.619201054999962], [31.543111951000128, -17.619203054999957], [31.54221597700007, -17.6210682009999], [31.541660993000107, -17.6230173539999], [31.541664993000097, -17.623179366999977], [31.541578995000123, -17.623181366999972], [31.541498998000122, -17.62334337999988], [31.541335002000096, -17.623589398999968], [31.541171007000116, -17.62383441799983], [31.54100501200014, -17.623998430999904], [31.540921014000105, -17.624082437999903], [31.54083701700017, -17.624082437999903], [31.540839017000167, -17.624164443999973], [31.54075501900013, -17.624164443999973], [31.540757019000125, -17.624246450999976], [31.540675021000084, -17.624408462999895], [31.54050902600011, -17.62457247599997], [31.540343031000134, -17.624738488999924], [31.540263033000087, -17.624900501999946], [31.540097038000113, -17.625064514999906], [31.539933043000133, -17.625310533999937], [31.539851045000148, -17.6254725469999], [31.539685050000173, -17.62563855999997], [31.53968705000017, -17.625718565999932], [31.53960705200012, -17.625880578999954], [31.53960705200012, -17.625962584999968], [31.539526054000135, -17.626124597999876], [31.53953205400012, -17.626449623999918], [31.539534054000114, -17.626609635999955], [31.539538054000047, -17.62677164899992], [31.539542054000037, -17.62701366799996], [31.53955505400006, -17.62774072499991], [31.539824047000025, -17.62870579999992], [31.54000104200003, -17.629107831999875], [31.540091040000164, -17.62942885699988], [31.540446030000055, -17.630391931999895], [31.5404510300001, -17.630715956999893], [31.54053702800013, -17.630876969999974], [31.540629024999987, -17.631196994999982], [31.540635025000142, -17.63152101999998], [31.540640025000016, -17.631926051999926], [31.54066102500019, -17.63305713999989], [31.540533030000176, -17.63532131799991], [31.54054503000009, -17.635967367999967], [31.540551030000017, -17.636290392999967], [31.540553030000012, -17.636372399999914], [31.540554030000123, -17.63653241199995], [31.54055802900018, -17.636694424999916], [31.54056202900017, -17.636936443999957], [31.540566029000104, -17.63709845699998], [31.540570029000094, -17.637341475999904], [31.540575028999967, -17.637663500999906], [31.540579029000128, -17.637905519999947], [31.540585029000113, -17.638147538999874], [31.54059602900014, -17.638794588999872], [31.540600029000075, -17.639036607999913], [31.54052003200013, -17.639280627999938], [31.540440034000085, -17.639524646999973], [31.540280039000095, -17.64001368499993], [31.540202041000043, -17.640337709999926], [31.540038046000063, -17.64058172999995], [31.53987505000009, -17.640907754999944], [31.53971305500005, -17.641233780999983], [31.539633057, -17.641478799999902], [31.539469062000023, -17.641724818999933], [31.539389063999977, -17.641966837999973], [31.53931106700003, -17.642292863999955], [31.53914707200005, -17.642616888999953], [31.539067074000172, -17.642860907999875], [31.538987076000126, -17.643105926999908], [31.538908079000066, -17.643349946999933], [31.53882808100002, -17.64359396599997], [31.538834081000175, -17.64391599099997], [31.538752083000134, -17.64408000399993], [31.538756083000123, -17.644322022999972], [31.53781411100016, -17.648135320999927], [31.537816111000154, -17.648217327999873], [31.537821111000028, -17.64854035299993], [31.537823111000193, -17.648620358999892], [31.537823111000193, -17.648702365999952], [31.53783311100011, -17.64918640399992], [31.537919109000143, -17.649266409999882], [31.537920109000027, -17.649427422999963], [31.538004106000187, -17.649427421999974], [31.53809010400016, -17.649505428999873], [31.538092104000157, -17.649585434999892], [31.538176102000193, -17.649585434999892], [31.53826209900012, -17.64958343499984], [31.53843209400003, -17.649661440999978], [31.538516092000066, -17.649659439999823], [31.538601090000157, -17.649739446999945], [31.538773085000116, -17.64989845899987], [31.538943080000024, -17.649976464999952], [31.53902707800006, -17.649974464999957], [31.53911307500016, -17.650052470999924], [31.53919807300008, -17.650132476999886], [31.539282071000116, -17.65013047699989], [31.539368068000044, -17.650210482999853], [31.53945206600008, -17.65020948299997], [31.539538064000055, -17.650289488999817], [31.539624061000154, -17.650367494999955], [31.53962606100015, -17.6504495019999], [31.539795056, -17.650527507999982], [31.53988305400003, -17.650767526999914], [31.53988705400019, -17.650930538999944], [31.53997505200016, -17.651170557999876], [31.539978052000038, -17.651332570999955], [31.54006604900013, -17.651572589999944], [31.54007004900012, -17.651815608999982], [31.540072049000116, -17.651895614999944], [31.540076049000106, -17.65205762799991], [31.53999605100006, -17.652301646999945], [31.539998051000055, -17.65246365899992], [31.53991605400006, -17.65254566599998], [31.53992105400016, -17.65286769099987], [31.53983905600012, -17.653031703999943], [31.539759058000072, -17.653194716999963], [31.539677061000134, -17.65335672899994], [31.539595063000093, -17.6535207419999], [31.539513066000154, -17.65360274899996], [31.53951506600015, -17.653764760999934], [31.539433068000108, -17.65384676799988], [31.539351070000066, -17.65392877399995], [31.539269073000128, -17.654090786999916], [31.539187075000086, -17.654174793999857], [31.53918907500008, -17.65433480599995], [31.53910707700004, -17.654416811999965], [31.539023080000106, -17.65449881899991], [31.539027080000096, -17.654660831999934], [31.53894308200006, -17.65466283199993], [31.53894308200006, -17.654742837999947], [31.53894708200005, -17.65490485099997], [31.538863084000184, -17.654906850999964], [31.538866084000063, -17.65514986999989], [31.538868084000057, -17.655311882999968], [31.538874084000042, -17.655553901999838], [31.538876084000037, -17.655713913999932], [31.53888008399997, -17.655875926999897], [31.538882084000136, -17.65603793899993], [31.53888708400001, -17.656360964999976], [31.538897084000155, -17.656845002999887], [31.53889908400015, -17.656927008999958], [31.53890308400014, -17.657169027999885], [31.538989082000114, -17.657248033999963], [31.538990082000055, -17.657410046999928], [31.538992082, -17.65749005299989], [31.53891008400018, -17.657572058999904], [31.538912084000174, -17.657734071999926], [31.538832086000127, -17.657898084999886], [31.538834086000065, -17.65805809699998], [31.538752089000127, -17.658222109999883], [31.538754089000122, -17.65830211699995], [31.538674091000075, -17.65846612899992], [31.53867609100007, -17.65862714199983], [31.53868009100006, -17.65878915499991], [31.53868009100006, -17.65886916099987], [31.53876908900014, -17.65911117999991], [31.53877508900007, -17.659433204999914], [31.538863086000163, -17.659674223999957], [31.53913007900013, -17.660397279999927], [31.53929907400004, -17.66055529299996], [31.539389072000176, -17.660797311999886], [31.539475069000105, -17.660875317999967], [31.5394770690001, -17.66095732399998], [31.539477069999975, -17.66103832999994], [31.539563067000074, -17.661036329999945], [31.53965006499999, -17.661278348999815], [31.53982206000012, -17.661436360999915], [31.539910058000146, -17.66159637399994], [31.540081053000165, -17.661835392999876], [31.5403390460001, -17.662073410999938], [31.540509041, -17.662151416999905], [31.540596038000047, -17.66231242999993], [31.540768034000052, -17.66255044799982], [31.54085403100015, -17.662630453999952], [31.540942029000178, -17.66279046699998], [31.541027027000098, -17.662871472999825], [31.541029027000093, -17.662951479999947], [31.541033027000026, -17.663193497999885], [31.541035026000145, -17.66327350499995], [31.541037026000083, -17.663355510999907], [31.540951028999984, -17.663355510999907], [31.54095302899998, -17.663437517999853], [31.540871031000165, -17.66351952399998], [31.540703036000025, -17.66360353099998], [31.540535041000055, -17.663605530999973], [31.540368045000093, -17.663689537999915], [31.54020205000012, -17.663773543999923], [31.54003405500015, -17.66385755099998], [31.539780062000034, -17.663860550999857], [31.53961406700006, -17.66394455799997], [31.53944607200009, -17.66394855799996], [31.539278076000073, -17.664030564999962], [31.539111080999987, -17.664114570999914], [31.538861088000033, -17.664200577999907], [31.538691093000068, -17.6642025779999], [31.538609095000027, -17.664286584999957], [31.538525098000093, -17.664286584999957], [31.538359102000072, -17.66445259799997], [31.538189107000107, -17.664454597999963], [31.538023112000133, -17.664538604999905], [31.537774119000062, -17.664703617999976], [31.537606124000092, -17.664787623999928], [31.537440128000014, -17.664871630999926], [31.537190136000163, -17.66503764399988], [31.53685414500012, -17.66512365099993], [31.53660215200017, -17.665209657999924], [31.536351159000105, -17.665293663999933], [31.536269162000167, -17.66537567099988], [31.53618516400013, -17.665377670999874], [31.53618516400013, -17.66545767699995], [31.536101166000094, -17.665459677999934], [31.53593517100012, -17.665623689999904], [31.53576717599998, -17.66562769099994], [31.53543318500016, -17.66579470399995], [31.535349188000055, -17.66587771099995], [31.53526519000019, -17.665878710999948], [31.535183191999977, -17.66596071699996], [31.535099195000043, -17.666042723999908], [31.535017197, -17.66612472999998], [31.534850202000143, -17.666208736999977], [31.534686207000163, -17.666372748999947], [31.534350216000178, -17.666540762999944], [31.534268218000136, -17.666622768999957], [31.534186221000027, -17.666704775999904], [31.534018226000057, -17.666788781999912], [31.533936228000186, -17.666950794999934], [31.533854229999974, -17.667032800999948], [31.533690235, -17.667278820999968], [31.533526240000015, -17.667523839999888], [31.53327624700006, -17.667770858999916], [31.533278247000055, -17.667851865999978], [31.533196249000184, -17.66793387199982], [31.53311225200008, -17.668015878999938], [31.533114252000075, -17.668097884999895], [31.533032254000034, -17.66817989099991], [31.532950256000163, -17.66834190399993], [31.532784261000188, -17.66850591699989], [31.53270426300014, -17.668669929999965], [31.532620266000038, -17.66875193599992], [31.53254026800016, -17.66891594899988], [31.53254026800016, -17.668995954999957], [31.53245827000012, -17.66907796199996], [31.532460270000115, -17.669157967999922], [31.53237627300018, -17.669239974999982], [31.53238027300017, -17.669401986999958], [31.532296275000135, -17.669483993999904], [31.53229827500013, -17.66956599999986], [31.532214277000094, -17.66956599999986], [31.53221627700009, -17.669648006999978], [31.532299275000014, -17.669646005999823], [31.530358331, -17.67397434599991], [31.529831346000037, -17.673757328999898], [31.514225786000054, -17.674945426999955], [31.515200757000173, -17.669942035999952], [31.51540675100017, -17.66974001999995], [31.515404751000176, -17.669580006999865], [31.50065616800015, -17.672515241999974], [31.50062116900017, -17.67254924499997], [31.500427174000038, -17.672553244999847], [31.50032917699997, -17.672553244999847], [31.485277601000178, -17.673120294999933], [31.474792890000174, -17.658438150999928], [31.474695893000046, -17.658438150999928], [31.46091128200004, -17.658705176999888], [31.459097326, -17.641569836999906], [31.459000328000172, -17.641569836999906], [31.451819530000023, -17.63857560499997], [31.451817530000085, -17.638481597999828], [31.451720532000024, -17.63848359799988], [31.45171853200003, -17.638390590999848], [31.451619535000134, -17.638296582999885], [31.451222546000054, -17.63792655399982], [31.4511235490001, -17.63783554699984], [31.450926554000034, -17.637743539999974], [31.450629563000064, -17.63746551899993], [31.45052856500007, -17.637280503999932], [31.45043056800006, -17.637280503999932], [31.4503335710001, -17.63728150399993], [31.450331571000106, -17.637188496999954], [31.439299879000032, -17.631512056999952], [31.439200882000137, -17.631420049999974], [31.438904890000117, -17.631235034999918], [31.438607898999976, -17.63105202099996], [31.43831390700018, -17.630962013999977], [31.438214910000056, -17.630869006999944], [31.438115912000058, -17.630777], [31.438017915000046, -17.630777], [31.437918918000094, -17.630685992999872], [31.43781992099997, -17.63059198499991], [31.437623926000185, -17.63050097799993], [31.437424932000056, -17.63031596399992], [31.437325934000057, -17.63022395699994], [31.437129940000034, -17.63013294999996], [31.43702994299997, -17.63003894199983], [31.437027943000032, -17.629945934999967], [31.43702694300009, -17.629758919999915], [31.437024943000097, -17.629664912999942], [31.437022943000102, -17.62957190599991], [31.43711994000006, -17.62947689799995], [31.437117940000064, -17.629382890999977], [31.437214937000192, -17.629380890999983], [31.437213937000138, -17.62928788299996], [31.43731093400004, -17.629191875999823], [31.4374079320001, -17.629191875999823], [31.4374079320001, -17.629096867999863], [31.437504929000056, -17.629096867999863], [31.43750292900006, -17.629003860999887], [31.437600926000073, -17.62890785399992], [31.437695923000035, -17.628812845999903], [31.43779292100004, -17.628716838999935], [31.437890918000107, -17.628716838999935], [31.437888918000112, -17.628621830999975], [31.43798591500007, -17.628621830999975], [31.43798591500007, -17.628528823999943], [31.437983915000075, -17.62843481599998], [31.438080911999975, -17.62833980899984], [31.438176910000152, -17.628243800999883], [31.438273907000053, -17.628148793999912], [31.438368904000185, -17.627959778999923], [31.438462901000094, -17.627677756999958], [31.438557899000102, -17.627582748999885], [31.438653896000176, -17.627393734999885], [31.438748893000138, -17.627206719999947], [31.438843890000044, -17.627110711999933], [31.438939887000117, -17.62692269799993], [31.438937888000055, -17.626828689999968], [31.439032885000188, -17.62663967499992], [31.43912988200009, -17.626544667999895], [31.439127882000093, -17.62645166099992], [31.44094583000009, -17.623708444999977], [31.441138824000063, -17.623519429999874], [31.44133081900003, -17.62332841499989], [31.441426816000103, -17.623139400999946], [31.441523813, -17.62304639299998], [31.441718808000076, -17.62294938599996], [31.441813805000038, -17.622853377999945], [31.442103797000073, -17.62256935599987], [31.442393788000174, -17.622378340999944], [31.442586783000024, -17.622188325999957], [31.442778777000115, -17.621999310999968], [31.442875775000175, -17.621903302999897], [31.44287277500007, -17.62171628899989], [31.44287277500007, -17.621623280999927], [31.442870775000074, -17.621528273999957], [31.442771777000075, -17.62143626699998], [31.44276977700008, -17.621343258999957], [31.44267178000007, -17.621343259999946], [31.442572783000116, -17.62125125199998], [31.44247378600005, -17.62115824499989], [31.442374788000166, -17.621066237999855], [31.4422757910001, -17.62097323099988], [31.442175794000036, -17.620881223999902], [31.44207679700014, -17.620788215999937], [31.442074797000146, -17.620694208999964], [31.442172794000157, -17.620599200999948], [31.442168794, -17.620318178999867], [31.442265791000125, -17.62031617899987], [31.442360788000087, -17.620128163999937], [31.442456786000037, -17.620034156999964], [31.442553783000164, -17.619939149999936], [31.442648780000127, -17.619750134999947], [31.44284377499997, -17.61965312699988], [31.443036769000173, -17.61946411199989], [31.443131766000135, -17.61936910499992], [31.44322876400014, -17.619273096999905], [31.443226764000144, -17.61918008999993], [31.443324760999985, -17.61918008999993], [31.443324760999985, -17.619084081999972], [31.44341975800012, -17.61899107499994], [31.443612753000025, -17.618800059999842], [31.44361075300003, -17.61870705299998], [31.443705750000163, -17.618518037999934], [31.44380274700012, -17.61842202999992], [31.443898744000137, -17.618234015999974], [31.443993742000032, -17.61813800799996], [31.443991742000037, -17.61804500099987], [31.444087739000054, -17.61785598599988], [31.44418473600018, -17.61785598599988], [31.44418473600018, -17.617762978999906], [31.444279733000144, -17.61766697099995], [31.444279733000144, -17.617573963999916], [31.444375731000093, -17.61747795599996], [31.444470728000056, -17.617289940999967], [31.44466372200003, -17.61709892599987], [31.444855717, -17.616909911999926], [31.444953714000064, -17.616814903999966], [31.44495171400007, -17.616720896999936], [31.444418728000187, -17.61372666299991], [31.444415728000138, -17.61344564099994], [31.444411728000148, -17.61325862599989], [31.444508725000105, -17.61316361799993], [31.44450672500011, -17.6130696109999], [31.444602722000127, -17.612881595999966], [31.444600722000132, -17.612787588999936], [31.444697720000192, -17.612692580999976], [31.444792717000155, -17.612503566999976], [31.44488871400017, -17.612408558999903], [31.444886714000177, -17.61231455199993], [31.444983711000134, -17.612219543999913], [31.44498171100014, -17.61212553699994], [31.44507770900009, -17.61193652199995], [31.445271703000174, -17.61184151499998], [31.445366700000136, -17.611652499999877], [31.445462698000085, -17.611557491999918], [31.445656692000114, -17.61146248499989], [31.445752689000187, -17.611273469999958], [31.445750689000192, -17.611177461999944], [31.44594268400016, -17.610989447999827], [31.446038681, -17.610800432999895], [31.44603668100001, -17.610706424999933], [31.446133678000137, -17.610611417999905], [31.446131677999972, -17.610517410999933], [31.446227676000092, -17.61032939599994], [31.446322673000054, -17.61023338799987], [31.446417670000187, -17.61004437299988], [31.44651366700009, -17.609856358999934], [31.446610665000094, -17.609762350999972], [31.44670366200006, -17.609573335999983], [31.446801659000073, -17.609478328999955], [31.446799659000078, -17.609384321999983], [31.446896656000035, -17.60928931399991], [31.4469916540001, -17.609194306999882], [31.447085651000123, -17.60891128399993], [31.447278645000097, -17.608721269999933], [31.44747064000012, -17.608438246999924], [31.447663634000094, -17.608248231999937], [31.44785662900017, -17.608059216999948], [31.447951626000133, -17.60796320999998], [31.448046623000096, -17.607775194999874], [31.448142620000112, -17.607586179999885], [31.448237618000178, -17.607397164999952], [31.448332615000083, -17.60730215799998], [31.44852561000016, -17.60711314299982], [31.448622607000118, -17.607017135999968], [31.448620607000123, -17.60692412799989], [31.448815601000092, -17.60682712099998], [31.448910598000055, -17.606638105999934], [31.449006596000174, -17.606449090999945], [31.449101593000137, -17.60635608399997], [31.449296587000106, -17.60625807599996], [31.44939158500017, -17.606069060999857], [31.449486582000134, -17.605974053999887], [31.449584579000145, -17.605881045999922], [31.449679576000108, -17.605785038999954], [31.449679576000108, -17.605692030999933], [31.44977657400011, -17.605690030999938], [31.449774574000116, -17.605596023999965], [31.449872571000185, -17.60550101599995], [31.450163563000103, -17.60540400899987], [31.450453553999978, -17.605212993999885], [31.450743546000183, -17.6050219789999], [31.451035538000042, -17.60482996299993], [31.45132553000019, -17.60463894799983], [31.451420527000153, -17.604543940999974], [31.451518524, -17.6044499329999], [31.451516524, -17.604356925999923], [31.451613521000127, -17.6042609189999], [31.45161152100013, -17.604167910999934], [31.451609520999966, -17.603978896999934], [31.451605521000033, -17.603791881999825], [31.45150652400008, -17.603700874999845], [31.45150652400008, -17.603604866999888], [31.45150252400009, -17.60341785299994], [31.45140152700003, -17.603230837999945], [31.45139752700004, -17.602857808999886], [31.45139452700016, -17.60267079399995], [31.451392527000166, -17.60248177899996], [31.451485524000134, -17.60229276499996], [31.45158152100015, -17.602103749999856], [31.45167451900005, -17.601821727999948], [31.45177151600018, -17.60172771999993], [31.451962510000158, -17.60144369799997], [31.451962510000158, -17.60135069099988], [31.452059508, -17.601348689999895], [31.452908483000158, -17.59918151999983], [31.45300348000012, -17.599086512999975], [31.453002480000066, -17.598899497999923], [31.453095477000033, -17.598710482999934], [31.453192475000037, -17.598615475999964], [31.45328847200011, -17.598426460999974], [31.453383469000016, -17.59833045399995], [31.453576464000093, -17.5981424389999], [31.45493942500019, -17.59774940699998], [31.455227417, -17.597464384999967], [31.455422410999972, -17.597367376999898], [31.455617406000044, -17.59727236999987], [31.455712403000177, -17.597176361999914], [31.45590639800014, -17.597081354999943], [31.45600439499998, -17.596986346999927], [31.456198389000065, -17.596984346999932], [31.456297387000063, -17.596982346999937], [31.456393384000137, -17.596887338999977], [31.456490381000094, -17.596887338999977], [31.456784373000062, -17.59688333899993], [31.457173362000162, -17.59678433099998], [31.457369356000072, -17.59678233099993], [31.457467354000187, -17.596780330999934], [31.457760345000167, -17.596776329999955], [31.45795534000007, -17.59677432999996], [31.458443326000122, -17.59676832899993], [31.458542323000188, -17.596766328999934], [31.45873731800009, -17.59676432899994], [31.458933312000113, -17.596761328999946], [31.459029310000062, -17.596667320999927], [31.459420299000044, -17.596661320999942], [31.459517296000115, -17.596566312999983], [31.459614293000072, -17.596566312999983], [31.459710290000146, -17.596471305999955], [31.459710290000146, -17.59637729799988], [31.459807287000046, -17.596375297999884], [31.459904285000107, -17.59637329799989], [31.459902285000112, -17.596280290999857], [31.46000228200012, -17.596280290999857], [31.46009727900008, -17.596185282999897], [31.46019427600004, -17.59608927499994], [31.460290274000158, -17.59590026099994], [31.460383271000126, -17.595712245999948], [31.460480268000083, -17.595616237999877], [31.4605762650001, -17.595427222999888], [31.46066926300017, -17.595239208999942], [31.46066926300017, -17.59514520099998], [31.460764260000133, -17.59495618699998], [31.460858257000154, -17.594674163999912], [31.460951255000055, -17.59448514999991], [31.46104725200007, -17.594203126999957], [31.46114024900004, -17.594014112999957], [31.461234246000117, -17.593732089999946], [31.461329243000023, -17.593449067999813], [31.46132524300009, -17.593263053999976], [31.46142124100004, -17.593074038999873], [31.461516238000172, -17.59288502399994], [31.46160923500014, -17.59269600899995], [31.46160823500003, -17.592508994999946], [31.461705232000156, -17.592413986999873], [31.46170323200016, -17.5923199799999], [31.461798230000056, -17.59222497199994], [31.461798230000056, -17.59213096499991], [31.462374212999975, -17.591467912999917], [31.462569208000048, -17.591371904999903], [31.46266420500018, -17.591276897999933], [31.462763202000133, -17.59127489699995], [31.462861199000145, -17.591272896999953], [31.46295619700004, -17.591179889999978], [31.463055194000106, -17.591177889999926], [31.46324818800008, -17.59108188199997], [31.46334518600014, -17.590986874999942], [31.46354018000011, -17.590889866999873], [31.463732175000075, -17.59079385899986], [31.463830172000144, -17.59069885199989], [31.46392516900005, -17.59060384399993], [31.464119164000067, -17.590507836999905], [31.46421716100008, -17.590412828999945], [31.46431215800004, -17.590317821999975], [31.46440915500017, -17.590317821999975], [31.46450515300012, -17.59012880699987], [31.46460015000008, -17.589939791999882], [31.464594150000096, -17.589563762999944], [31.464593149999985, -17.58937674799995], [31.464491152999983, -17.5891897329999], [31.4644901530001, -17.589096725999923], [31.4644901530001, -17.589002718999893], [31.46448615300011, -17.588816703999953], [31.464583150000067, -17.58872069699993], [31.464579150000077, -17.588533681999877], [31.464577150000082, -17.588344666999888], [31.465054136000163, -17.587496600999884], [31.465151133000063, -17.5874945999999], [31.465247131000012, -17.587305585999957], [31.46524313100008, -17.587118570999962], [31.465436125000053, -17.586927555999978], [31.465432125000063, -17.586647533999894], [31.46552912200019, -17.5866455339999], [31.46552912200019, -17.586552526999924], [31.466290100000094, -17.58513641499991], [31.466481095000177, -17.58485239299995], [31.46676908699999, -17.58447236299986], [31.46696108100008, -17.584284347999926], [31.46705907800009, -17.58428234799993], [31.467057078000153, -17.5841883409999], [31.467154076000156, -17.58409333299994], [31.468510037000158, -17.583326272999955], [31.46860903400011, -17.58332427199997], [31.468802029000187, -17.583229264999943], [31.468997023000156, -17.583134256999813], [31.469193018000112, -17.583130256999937], [31.46929001500007, -17.583130256999937], [31.46938801200008, -17.58312825699994], [31.469481010000152, -17.582846234999977]]]]}}, {"type": "Feature", "properties": {"GID_3": "ZWE.5.2.4_2", "GID_0": "ZWE", "COUNTRY": "Zimbabwe", "GID_1": "ZWE.5_1", "NAME_1": "Mashonaland East", "NL_NAME_1": "NA", "GID_2": "ZWE.5.2_2", "NAME_2": "Goromonzi", "NL_NAME_2": "NA", "NAME_3": "Ward 12", "VARNAME_3": "NA", "NL_NAME_3": "NA", "TYPE_3": "Ward", "ENGTYPE_3": "Ward", "CC_3": "NA", "HASC_3": "NA", "id": "ZWE.5.2.4_2", "name": "Ward 12"}, "geometry": {"type": "MultiPolygon", "coordinates": [[[[31.46091128200004, -17.658705176999888], [31.474695893000046, -17.658438150999928], [31.474792890000174, -17.658438150999928], [31.485277601000178, -17.673120294999933], [31.50032917699997, -17.672553244999847], [31.500427174000038, -17.672553244999847], [31.50062116900017, -17.67254924499997], [31.50065616800015, -17.672515241999974], [31.515404751000176, -17.669580006999865], [31.51540675100017, -17.66974001999995], [31.515200757000173, -17.669942035999952], [31.514225786000054, -17.674945426999955], [31.529831346000037, -17.673757328999898], [31.530358331, -17.67397434599991], [31.529633353000065, -17.67559247199995], [31.529639352000117, -17.67591449799994], [31.529641353000045, -17.676076509999973], [31.529559355000174, -17.676238522999938], [31.529562355000053, -17.67640053599996], [31.529396360000078, -17.67656454899992], [31.52923136400011, -17.67672856099989], [31.529065369000136, -17.67689457499995], [31.528815376000182, -17.677060587999904], [31.528649381000037, -17.677142593999974], [31.528481386000067, -17.677226600999973], [31.52831339, -17.677230600999962], [31.528059398000153, -17.677234600999952], [31.527808405000087, -17.67723860199993], [31.527554412000086, -17.677243601999976], [31.527302419000137, -17.677247602999955], [31.5272184210001, -17.67724960299995], [31.527132424000172, -17.67724960299995], [31.52696542800004, -17.677253602999826], [31.52679743300007, -17.67725560399998], [31.52654144000013, -17.677098590999947], [31.52628844700007, -17.677102591999926], [31.526116452000167, -17.67694457999994], [31.526032455, -17.67694657999982], [31.525948457000027, -17.67694657999982], [31.525694464000026, -17.676952579999977], [31.525612465999984, -17.67703458699998], [31.525530469000046, -17.6771965989999], [31.525534469000036, -17.677358611999978], [31.52554046900019, -17.67768063699998], [31.52554446900018, -17.67792265599985], [31.525631466000164, -17.678083668999932], [31.52563346600016, -17.678245680999908], [31.525723464000123, -17.678567706999843], [31.525727464000113, -17.678727718999937], [31.525731464000103, -17.678971737999973], [31.52590645900011, -17.67929076299987], [31.525910459000045, -17.67953278199991], [31.52591645900003, -17.679856806999908], [31.525921459000074, -17.680179832999897], [31.525841461000027, -17.680423851999933], [31.52576346400008, -17.68074787699993], [31.525685466000027, -17.68107190199993], [31.52560546800015, -17.68131692199995], [31.525439473000176, -17.68148093499991], [31.52527747800019, -17.68180695999996], [31.525193480000155, -17.6818909669999], [31.52511348200011, -17.68205297899982], [31.525029485000175, -17.682134985999937], [31.52503148500017, -17.6822149919999], [31.524947487000134, -17.682216991999894], [31.524861490000035, -17.682138985999927], [31.52274755100018, -17.686529329999928], [31.522664553000084, -17.68653133099997], [31.522665552999968, -17.686691342999893], [31.522585556000024, -17.686936361999926], [31.522505558000148, -17.687100374999886], [31.5224255600001, -17.687344393999922], [31.522343563000163, -17.687506406999944], [31.522345563000158, -17.687586412999963], [31.522345563000158, -17.68766841999991], [31.522351563000143, -17.68799044499991], [31.52235356300008, -17.688072450999982], [31.522356563000187, -17.68823346399995], [31.522370562000162, -17.6889595209999], [31.52237756200003, -17.689446558999975], [31.522297565000088, -17.689688577999902], [31.522307565, -17.690172614999824], [31.522318565000035, -17.69090167199994], [31.52224256700015, -17.691305703999944], [31.522248567000133, -17.69163072899994], [31.522168569000087, -17.69187274799998], [31.52217356900013, -17.692196773999967], [31.522091572000193, -17.692358785999943], [31.522097572000177, -17.692600804999927], [31.52201357400014, -17.69268281199993], [31.52201757400013, -17.69284582499995], [31.52193557600009, -17.69300983699992], [31.521939576000022, -17.693169849999947], [31.521857579000084, -17.693333862999907], [31.521777581000038, -17.693577881999943], [31.521780581000144, -17.693737893999923], [31.521698583000102, -17.69390190699994], [31.521700583000097, -17.69398191299996], [31.52161858600016, -17.694145925999862], [31.521622586000092, -17.694306938999944], [31.521542588000045, -17.69455095799998], [31.52154458800004, -17.694712970999888], [31.52154858800003, -17.694872982999982], [31.521550588000025, -17.695034995999947], [31.521557588000064, -17.695440027999894], [31.521565587999987, -17.695924064999815], [31.521569588000148, -17.696086077999894], [31.521407593000163, -17.696412103999876], [31.521326595000062, -17.696737128999928], [31.52124859700018, -17.697061153999925], [31.52116860000001, -17.69730517399995], [31.52117260000017, -17.697467185999926], [31.52109060200013, -17.697629198999948], [31.521092602000124, -17.697709204999967], [31.52109460200012, -17.697791211999913], [31.521100602000104, -17.698114236999913], [31.521018604000062, -17.69827824999993], [31.520937607000178, -17.69852026899997], [31.520941607000168, -17.698682280999947], [31.520943607000163, -17.698844293999855], [31.52086160900012, -17.699006306999934], [31.520867609000106, -17.69933133199993], [31.520869609000044, -17.699411337999948], [31.520956606000084, -17.699571350999975], [31.521044604000053, -17.699731362999955], [31.52104660400005, -17.699893375999977], [31.52113260200008, -17.699971381999944], [31.52121859900018, -17.70005238799996], [31.521304596999983, -17.700130393999927], [31.521475592, -17.700290406999954], [31.521561590000033, -17.70036841299992], [31.521561590000033, -17.700450418999935], [31.521647587000132, -17.700448418999883], [31.521733585000163, -17.700526424999964], [31.521817582999972, -17.700526424999964], [31.52190358000007, -17.70068743799993], [31.52207457500009, -17.700763443999904], [31.52216057300012, -17.70084344999998], [31.52232856800009, -17.70084144999987], [31.522414566000066, -17.70091945599995], [31.522583561000147, -17.700998461999916], [31.522667559000126, -17.70099646199992], [31.52266955900012, -17.701078467999878], [31.522753556000055, -17.701076467999883], [31.52275555600005, -17.70115647399996], [31.52284155400008, -17.701236479999977], [31.522927552000056, -17.701314485999944], [31.523013548999984, -17.701394492999896], [31.523013548999984, -17.70147449899997], [31.52309854700013, -17.70147449899997], [31.523102547000065, -17.701717517999896], [31.52310454700006, -17.70179752399997], [31.523110547000044, -17.702201555999977], [31.522950552000054, -17.70260758699993], [31.522786556000142, -17.702934612999968], [31.522706559000028, -17.703096625999876], [31.522541563, -17.703422650999926], [31.52254756300016, -17.703746676999913], [31.522557563000134, -17.704231714999935], [31.52264456100005, -17.704391726999916], [31.522648560999983, -17.704633745999956], [31.522822556000108, -17.70487176499995], [31.522824556000103, -17.705034776999923], [31.522997551000117, -17.70527479599997], [31.52308754900008, -17.705594820999977], [31.52326154399998, -17.705835839999963], [31.523434539, -17.70615586499997], [31.52352253700019, -17.706395882999914], [31.523610534000113, -17.706556895999938], [31.523699532000023, -17.70679691499987], [31.52378553, -17.706956926999965], [31.52387352700009, -17.707116939999878], [31.523875527000087, -17.707279951999965], [31.523879527000076, -17.707441964999873], [31.524556510000025, -17.71235934899994], [31.52455851000019, -17.7124393549999], [31.524563510000064, -17.71276338099989], [31.524567510000054, -17.712923392999983], [31.52456951000005, -17.71308540599989], [31.524487512000178, -17.713250418999962], [31.524491512000168, -17.713410430999886], [31.524497512000153, -17.713734456999873], [31.524416515000098, -17.71397847599991], [31.524369516000036, -17.714123486999824], [31.52433651700005, -17.71422049499995], [31.52425451900018, -17.71438450799991], [31.524174522000067, -17.714629526999943], [31.524096524000186, -17.71495355199994], [31.52394052900013, -17.715601602999982], [31.523861531000193, -17.715926627999977], [31.523781533000147, -17.7161706469999], [31.523619538000162, -17.716576678999957], [31.523459543000115, -17.716984710999952], [31.52321555000009, -17.71747274899991], [31.523135552000042, -17.717797774999895], [31.523056554999982, -17.71804179399993], [31.522976557000163, -17.718365818999928], [31.522896559000117, -17.718609837999963], [31.52290055900005, -17.71877185099993], [31.522820562000106, -17.719015869999964], [31.522824562000096, -17.71925888899989], [31.52274456400005, -17.71942090199991], [31.5227475640001, -17.71966292099995], [31.522667566000052, -17.719906939999873], [31.522589569000104, -17.72023096499987], [31.52242557300019, -17.720557990999907], [31.52226557800003, -17.720964022999965], [31.52210158300005, -17.721290047999844], [31.52194158800006, -17.72169607999996], [31.521693595000045, -17.722024105999935], [31.52144960200019, -17.72243213799993], [31.52128360600011, -17.722679156999845], [31.521288605999985, -17.723001181999848], [31.521206609000046, -17.723083188999965], [31.521210609000036, -17.723325207999835], [31.52113061100016, -17.723569226999928], [31.521136611000145, -17.72381124599997], [31.518444689000148, -17.72894864799997], [31.518361691000052, -17.729030653999928], [31.5183646910001, -17.729192666999893], [31.518366691000097, -17.729354679999915], [31.518286694000153, -17.72951669199989], [31.518206696000107, -17.729761711999913], [31.518210696000097, -17.730003730999954], [31.518128698000055, -17.730165742999873], [31.518135698000094, -17.73056977499982], [31.51805570100015, -17.730813793999914], [31.518059701000084, -17.731056812999952], [31.517981703000032, -17.73130083199993], [31.517985703000193, -17.731542850999972], [31.51790770500014, -17.731866875999913], [31.517912705000185, -17.7321909019999], [31.51783270800007, -17.732515926999895], [31.51783670800006, -17.732675938999932], [31.517840708, -17.732917957999973], [31.51643075000004, -17.73900343399987], [31.516350752, -17.739167446999943], [31.51635675200015, -17.739489471999946], [31.516362752000134, -17.739813497999933], [31.51636775200018, -17.740218528999947], [31.516373752000163, -17.740460547999817], [31.51646174900003, -17.740700566999976], [31.51655074700011, -17.741023591999863], [31.5165547470001, -17.741183604999947], [31.516642745000127, -17.74142562399993], [31.516730742, -17.74158563599991], [31.516816740000024, -17.741663641999878], [31.516901738000115, -17.741743647999954], [31.517073733000075, -17.741902660999926], [31.517245728000148, -17.74214067899993], [31.517416723, -17.7423006919999], [31.517760714000133, -17.74261771599987], [31.517847711000172, -17.742857734999916], [31.5181077040001, -17.74317875999992], [31.518280699000115, -17.743416778999972], [31.51836669700009, -17.743496784999934], [31.518536692000055, -17.743655796999974], [31.518624690000024, -17.743815809999944], [31.51871368700006, -17.744055827999944], [31.518885683000065, -17.744296846999873], [31.519061678000128, -17.74461687199988], [31.519324671000163, -17.745257921999894], [31.51941266800003, -17.74541793399993], [31.519499666000115, -17.745657952999977], [31.519671661000075, -17.745818965999888], [31.52003565100017, -17.747339083999975], [31.52003965100016, -17.747501096999883], [31.520041651000156, -17.747581102999845], [31.519957654, -17.747663109999962], [31.519961654000156, -17.747825121999938], [31.51988165600011, -17.748069140999974], [31.519799658000068, -17.748231153999882], [31.519551665999984, -17.748479173999897], [31.51938767000013, -17.748805198999946], [31.519141677000107, -17.749132224999926], [31.518975682000132, -17.74929623799983], [31.518809687000157, -17.749462250999954], [31.518811687000152, -17.749542256999916], [31.518727689000116, -17.749624262999873], [31.518643692000182, -17.74962626399997], [31.518645692000177, -17.749706269999933], [31.51868569100003, -17.750276313999905], [31.518691691000186, -17.750736349999954], [31.518811687000152, -17.75073434999996], [31.518813687000147, -17.750848358999974], [31.518933684000046, -17.75096336799993], [31.51905568100011, -17.75107537699995], [31.51905768100005, -17.751190385999962], [31.519177677000073, -17.751304393999874], [31.519299674000138, -17.75141740299989], [31.5194216700001, -17.75153141199985], [31.519423670000094, -17.751760429999877], [31.519545667000102, -17.751872438999897], [31.519665664, -17.75198744799991], [31.51978966000013, -17.752216464999947], [31.51978966000013, -17.75233047399996], [31.519911657000193, -17.75244348299998], [31.520033654000088, -17.752557491999937], [31.520035654000083, -17.752786509999964], [31.52015565000005, -17.75278450999997], [31.52015965000004, -17.753015527999878], [31.52027964700011, -17.753128536999895], [31.520281647000104, -17.75324254499992], [31.52040364400017, -17.753471562999948], [31.52040964300005, -17.753814589999934], [31.52052964000012, -17.753929598999946], [31.52053164000006, -17.75404360799996], [31.52053564000005, -17.754272625999818], [31.520543640000028, -17.754846670999882], [31.520544640000082, -17.755077688999904], [31.520548640000072, -17.75530670699993], [31.52055664, -17.755880750999893], [31.52056564000003, -17.756683813999928], [31.520575640000175, -17.757371867999893], [31.52057764000017, -17.757486876999906], [31.52011265400006, -17.758640966999963], [31.52011265400006, -17.75852595799995], [31.519991657000105, -17.75852795799983], [31.519869661000087, -17.758413949999976], [31.519629667000174, -17.758302940999954], [31.519507670999985, -17.75818893199994], [31.519268677000127, -17.75819293199993], [31.519026684000096, -17.758079923999958], [31.518906687000026, -17.75796691499994], [31.518664694000165, -17.75785490599992], [31.51854469799997, -17.757741897999892], [31.518422701000134, -17.757627888999878], [31.518181708000157, -17.757516879999912], [31.517939715000125, -17.757404870999892], [31.51769772100016, -17.757177853999963], [31.517334731000176, -17.756952835999982], [31.517094738000083, -17.756839827999954], [31.516734748000147, -17.756845827999825], [31.516495755, -17.756847827999877], [31.516255762000128, -17.75685182899997], [31.51601576900009, -17.756853828999965], [31.515776775000063, -17.756856828999958], [31.515658779000034, -17.756973838999954], [31.515538782000135, -17.756973838999954], [31.515419785000176, -17.757089847999964], [31.515301788999977, -17.75720585699986], [31.51506179600011, -17.757209856999907], [31.51494579900003, -17.75744087499993], [31.51470680600005, -17.757558884999924], [31.514588809000145, -17.75767589399993], [31.51447181200018, -17.757905911999956], [31.51447381200012, -17.758020920999968], [31.514355816000148, -17.758136929999978], [31.514239819000068, -17.758367947999886], [31.51412182300004, -17.75859896599991], [31.51400282600008, -17.75871497499992], [31.514004826000075, -17.75882998399993], [31.51388682900017, -17.75894599299994], [31.513888829000166, -17.759060001999956], [31.513770833000137, -17.759177010999963], [31.513771833000078, -17.759293019999973], [31.5135358390001, -17.759524038999928], [31.513419843000065, -17.759871065999846], [31.51330484600004, -17.760216092999883], [31.513190850000058, -17.760678128999928], [31.512721863000024, -17.761372182999878], [31.512604867000164, -17.761717209999915], [31.512368873000128, -17.761950227999932], [31.5122498770001, -17.76206623799993], [31.512011883000127, -17.76218324699994], [31.511891887000104, -17.762185246999934], [31.51177389000003, -17.76218724699993], [31.51165289400018, -17.762188246999813], [31.511530897000114, -17.76207423799997], [31.511288904000082, -17.761847220999925], [31.51056392400011, -17.761397185999897], [31.510441927000045, -17.761170167999865], [31.510321931000078, -17.761170167999865], [31.509961941000142, -17.761176168999896], [31.509842944000127, -17.761176168999896], [31.50972294800016, -17.76117816899989], [31.50960295100009, -17.761179168999888], [31.509484954000186, -17.761296177999895], [31.509367958000098, -17.761527196999907], [31.50925196100019, -17.761757214999932], [31.50925196100019, -17.761872223999944], [31.50925596100018, -17.762103241999966], [31.509257961000174, -17.762331258999836], [31.50937995800001, -17.76244626799985], [31.509501953999973, -17.762558276999982], [31.509501953999973, -17.76267328599988], [31.509623951000037, -17.762787294999896], [31.509745948000102, -17.76301431299993], [31.509747948000097, -17.76312932199994], [31.509871944000054, -17.76335833899998], [31.50987394400005, -17.76358735699995], [31.50999794100011, -17.76381537499998], [31.510003941000036, -17.764390419999927], [31.51012893799998, -17.76473344699997], [31.510130937999975, -17.76496246499994], [31.510254934000102, -17.765191481999977], [31.510258934000092, -17.765534508999906], [31.510380931000157, -17.765763526999933], [31.510384931000146, -17.765992544999904], [31.51050692800004, -17.76622156299993], [31.510510927000098, -17.76644958099996], [31.510518928000124, -17.76702462499992], [31.510519928, -17.767252642999892], [31.51052792800016, -17.767827687999954], [31.510409931000083, -17.767943696999964], [31.510413931000073, -17.768174714999873], [31.510296934000053, -17.768404732999898], [31.51018093800002, -17.768750759999932], [31.51006494100011, -17.768981777999954], [31.509947944000146, -17.76921179599998], [31.509829948000117, -17.769442814999934], [31.509833948000107, -17.769673832999956], [31.509716951000087, -17.769904850999865], [31.509598955000115, -17.77013486899989], [31.50936496100013, -17.770482895999976], [31.509251965000033, -17.770943931999966], [31.50913796800006, -17.771403967999902], [31.509020971999973, -17.77174899499994], [31.508904975000064, -17.771982012999956], [31.50891097500005, -17.77244004899984], [31.50879797800019, -17.772901084999887], [31.508803978000174, -17.77335912099994], [31.50869098200002, -17.773935165999887], [31.508692982000014, -17.774049174999845], [31.509913948000133, -17.775873316999935], [31.510155941, -17.776100333999977], [31.510399935000123, -17.776441360999968], [31.51064392800015, -17.77666637799996], [31.510766924000052, -17.776895395999873], [31.511008918000186, -17.777122413999905], [31.511132914000143, -17.777349430999948], [31.511494904000074, -17.777576448999923], [31.511736897000105, -17.77780146699996], [31.51197789100013, -17.777914474999932], [31.51209988700009, -17.778028483999947], [31.51221988400016, -17.778141492999964], [31.512221884000155, -17.77825550199998], [31.51234388100005, -17.77836951099988], [31.512345881000044, -17.778484519999893], [31.51246587700018, -17.778596527999923], [31.51246987700017, -17.778827545999945], [31.51247387700016, -17.77917157299993], [31.51235488100008, -17.779287581999938], [31.512356881000073, -17.779401590999953], [31.51235888100001, -17.779516599999965], [31.512122887000032, -17.77974861799987], [31.512001891000182, -17.77975061899997], [31.51176589800008, -17.779983636999873], [31.51140890800002, -17.780218654999942], [31.511170914000047, -17.78033466499994], [31.51105491800007, -17.780565682999963], [31.510935921000055, -17.780681691999973], [31.51093792100005, -17.78091270999994], [31.510939921000045, -17.781026718999954], [31.510943921000035, -17.78125573699998], [31.5110659180001, -17.781484753999905], [31.511071918000027, -17.781944789999955], [31.511074918000133, -17.782173807999982], [31.51107691800013, -17.782402825999952], [31.510958921, -17.782518834999962], [31.510962921000157, -17.78274985299987], [31.51084692500018, -17.782980870999893], [31.51072992800016, -17.78332589799993], [31.510615931000075, -17.783670924999967], [31.51061793100007, -17.783901942999876], [31.510500935000152, -17.784132960999898], [31.510382938000078, -17.784248969999908], [31.51026494200005, -17.784364979999907], [31.51014894500014, -17.78459599799993], [31.51002994800018, -17.78471200699994], [31.509789955000088, -17.784714006999934], [31.509671959000116, -17.78483101599994], [31.50919497200016, -17.78506703499994], [31.509076975000085, -17.78506703499994], [31.508837982000102, -17.785300052999844], [31.508481992000156, -17.78542006299989], [31.5081250020001, -17.785653080999907], [31.507886009000117, -17.785771089999912], [31.507413023000083, -17.78623612699994], [31.507297026000174, -17.78646714499996], [31.50706103300007, -17.786700162999978], [31.506942036000112, -17.786931180999886], [31.506826040000078, -17.78716119899991], [31.50671104300011, -17.787507225999946], [31.506475050000176, -17.787854252999978], [31.506248057000164, -17.78877532499996], [31.506132060000084, -17.789008343999967], [31.506015063000063, -17.789353370999947], [31.50602106300005, -17.789696396999886], [31.506052063000084, -17.79210758599993], [31.506172060000154, -17.79210558499983], [31.506176060000143, -17.792451611999866], [31.506055064000066, -17.792452612999966], [31.50605706400006, -17.792567620999932], [31.506059064000056, -17.79268162999989], [31.505939067000156, -17.792683630999875], [31.505701074000115, -17.792685630999927], [31.505701074000115, -17.792801639999936], [31.5055820770001, -17.792801639999936], [31.505342084000063, -17.792805639999926], [31.505344084000058, -17.793034657999954], [31.505226087000153, -17.79303665799995], [31.505226087000153, -17.79315166699996], [31.505229087000032, -17.793381684999815], [31.505231087000027, -17.793496693999828], [31.505233087000192, -17.793725711999855], [31.505239087000177, -17.794070738999892], [31.505241087000172, -17.79429975699992], [31.505249087000095, -17.794873801999813], [31.505132091000178, -17.795104819999835], [31.505136091000168, -17.795333837999863], [31.505016094000098, -17.795449846999873], [31.505018094000093, -17.79556585599994], [31.504898097000194, -17.79556585599994], [31.50477910100011, -17.795682864999947], [31.504543108000064, -17.795914882999966], [31.50442511100016, -17.79591688399995], [31.50442511100016, -17.796031892999963], [31.50430411400015, -17.796033892999958], [31.504186118000177, -17.796149901999968], [31.504068121000103, -17.796265910999978], [31.503950124000028, -17.796265910999978], [31.50382912800012, -17.796267910999973], [31.503589135000084, -17.796271911999952], [31.503469138000185, -17.796271911999952], [31.50335114100011, -17.796273911999947], [31.503231145000086, -17.796275911999828], [31.503229145000148, -17.796160902999816], [31.502988151000068, -17.79616290299998], [31.50274815800003, -17.796052894999946], [31.502508165000165, -17.79605489499994], [31.50250616500017, -17.79593988599993], [31.502267172000188, -17.79594188599998], [31.50202717800005, -17.79594588699996], [31.5016681890001, -17.79594988699995], [31.50142819500013, -17.79595288699994], [31.501308199000164, -17.795954887999926], [31.501188202000094, -17.795954887999926], [31.500843212000177, -17.796992968999916], [31.50084421200006, -17.79710697799993], [31.500728216000027, -17.797124978999932], [31.500476223000078, -17.797118978999947], [31.500055235000048, -17.797108977999926], [31.496128345000045, -17.79588988499995], [31.49604434700018, -17.795888883999964], [31.496046347000174, -17.79580787799989], [31.495962348999967, -17.795806877999837], [31.495794354000054, -17.7957208709999], [31.495544361000043, -17.795634864999897], [31.495210370000052, -17.795546857999966], [31.494874380000113, -17.79545785099998], [31.492607444000157, -17.795245835999935], [31.492609444000095, -17.795163828999932], [31.492439448000084, -17.795159828999942], [31.49218745600018, -17.795153828999958], [31.49193546300006, -17.795148827999924], [31.4915144740001, -17.795138827999892], [31.48907054300014, -17.79516382999992], [31.488986546000035, -17.795161829999927], [31.488819550000073, -17.795157829999937], [31.48864955500011, -17.79515382999989], [31.488395562000164, -17.79522883599998], [31.48814357000009, -17.79522283499989], [31.487888577000035, -17.795298840999976], [31.487718582000127, -17.795374846999948], [31.487463589000072, -17.79544985299998], [31.48712759800003, -17.79544185299983], [31.48499865900004, -17.79636192499993], [31.48491266100018, -17.796439931999885], [31.484828662999973, -17.7964379309999], [31.484825664000027, -17.79651993799996], [31.48474166600016, -17.796517937999965], [31.484655668000187, -17.796595943999932], [31.484401676000118, -17.796670949999907], [31.484144683000068, -17.796826961999955], [31.48406068500003, -17.79682496199996], [31.483890690000123, -17.79690096799993], [31.481920746000185, -17.798227071999975], [31.48183674900008, -17.79822507199998], [31.48183274900009, -17.798307078999926], [31.481748751000055, -17.79830507799994], [31.481578756000147, -17.798381083999914], [31.481409761000066, -17.798458089999883], [31.481153768000127, -17.798532095999974], [31.480985772999986, -17.798528095999927], [31.480815777000146, -17.79860710199989], [31.478279849000103, -17.79895212999992], [31.478111854000133, -17.79894812999993], [31.47785786100019, -17.799022135999962], [31.47768586600006, -17.799099141999932], [31.477432873, -17.79917314799991], [31.477264878000085, -17.79916914699993], [31.473974971000075, -17.799337161999972], [31.47389097300004, -17.799335161999977], [31.47380697500006, -17.799333161999925], [31.47363898000009, -17.799329160999946], [31.473468985000125, -17.799326160999954], [31.473384987000145, -17.79932416099996], [31.4722070200001, -17.799295158999882], [31.472123023000165, -17.799293158999888], [31.47212102300017, -17.799375165999948], [31.47195302800003, -17.799371164999968], [31.471951028000035, -17.79945117099993], [31.47186703, -17.799450170999933], [31.471695035000096, -17.799526176999905], [31.471610037000175, -17.79960618399997], [31.471524040000077, -17.799684189999937], [31.47144004200004, -17.799682189999942], [31.471438042000045, -17.79976219599996], [31.471354045000112, -17.79976019599991], [31.471348045000184, -17.800003214999947], [31.471262047000153, -17.800001214999952], [31.47126104700004, -17.800081220999914], [31.471177050000108, -17.80007922099992], [31.47117505000017, -17.80015922699988], [31.471091052000133, -17.800157226999886], [31.47108905200014, -17.800239232999843], [31.471005055000035, -17.80023723299996], [31.47100305500004, -17.80031723899998], [31.47083106000008, -17.80039424599994], [31.470580067000014, -17.80038824499991], [31.47024407600003, -17.80038024499987], [31.4701580790001, -17.800378244999877], [31.470074081000064, -17.80037724399989], [31.47006082300004, -17.800376928999867], [31.469990083000084, -17.800375243999895], [31.469826088000104, -17.80020923099994], [31.4698280880001, -17.800129224999978], [31.469832088000032, -17.799968212999886], [31.469834088000027, -17.79988620599994], [31.469838087000085, -17.799726193999845], [31.469756090000146, -17.799642186999904], [31.467181153000183, -17.77811850799992], [31.466603158000055, -17.749505272999954], [31.46594117600017, -17.748647206999863], [31.465453185, -17.736555261999968], [31.465083688000107, -17.72738862899996], [31.464407204000054, -17.710606233999954], [31.463147229000185, -17.68455719799988], [31.46082228400013, -17.659176213999956], [31.46091128200004, -17.658705176999888]]]]}}, {"type": "Feature", "properties": {"GID_3": "ZWE.5.2.5_2", "GID_0": "ZWE", "COUNTRY": "Zimbabwe", "GID_1": "ZWE.5_1", "NAME_1": "Mashonaland East", "NL_NAME_1": "NA", "GID_2": "ZWE.5.2_2", "NAME_2": "Goromonzi", "NL_NAME_2": "NA", "NAME_3": "Ward 13", "VARNAME_3": "NA", "NL_NAME_3": "NA", "TYPE_3": "Ward", "ENGTYPE_3": "Ward", "CC_3": "NA", "HASC_3": "NA", "id": "ZWE.5.2.5_2", "name": "Ward 13"}, "geometry": {"type": "MultiPolygon", "coordinates": [[[[31.465083688000107, -17.72738862899996], [31.465453185, -17.736555261999968], [31.46594117600017, -17.748647206999863], [31.466603158000055, -17.749505272999954], [31.467181153000183, -17.77811850799992], [31.469756090000146, -17.799642186999904], [31.469838087000085, -17.799726193999845], [31.469834088000027, -17.79988620599994], [31.469832088000032, -17.799968212999886], [31.4698280880001, -17.800129224999978], [31.469826088000104, -17.80020923099994], [31.469990083000084, -17.800375243999895], [31.47006082300004, -17.800376928999867], [31.46570020100006, -17.80319945499997], [31.462000283000123, -17.801390662999893], [31.453976404000173, -17.79836119199996], [31.435984242000075, -17.802370816999883], [31.42545815400007, -17.802286351999953], [31.416805351000107, -17.800436796999918], [31.408745629000066, -17.801557849999938], [31.398817730000133, -17.80384973299988], [31.390175870000064, -17.800812649999955], [31.379014878000135, -17.802500133999956], [31.371584894000193, -17.802438405999965], [31.367196781000132, -17.80833402299993], [31.367202179, -17.807740847999867], [31.36690299300011, -17.80846991599998], [31.374081776000025, -17.774828285999888], [31.37399777800016, -17.774826285999836], [31.347732517000054, -17.771303020999824], [31.347648519000074, -17.771301020999942], [31.344921594000084, -17.765992607999976], [31.35051543000003, -17.750619404999952], [31.354383318000146, -17.743164820999937], [31.354480315000103, -17.742976805999888], [31.355329290000043, -17.740715628999965], [31.376420692000067, -17.730899853999972], [31.376517689000025, -17.730897853999977], [31.376387425000075, -17.730682652999917], [31.367151753000087, -17.71542364299995], [31.377286322000145, -17.715311407999877], [31.377226580000126, -17.717715353999836], [31.387716492000152, -17.723746552999955], [31.386788397000032, -17.724292333999927], [31.38699039100004, -17.724397341999975], [31.421417427000165, -17.737666364999882], [31.421497567000017, -17.7381667329999], [31.42232322800004, -17.738295405999907], [31.42233884100017, -17.73651207299997], [31.429172029000142, -17.73537792499991], [31.436015468000164, -17.733054635999963], [31.444709216000092, -17.73193475099987], [31.465083688000107, -17.72738862899996]]]]}}, {"type": "Feature", "properties": {"GID_3": "ZWE.5.2.6_2", "GID_0": "ZWE", "COUNTRY": "Zimbabwe", "GID_1": "ZWE.5_1", "NAME_1": "Mashonaland East", "NL_NAME_1": "NA", "GID_2": "ZWE.5.2_2", "NAME_2": "Goromonzi", "NL_NAME_2": "NA", "NAME_3": "Ward 14", "VARNAME_3": "NA", "NL_NAME_3": "NA", "TYPE_3": "Ward", "ENGTYPE_3": "Ward", "CC_3": "NA", "HASC_3": "NA", "id": "ZWE.5.2.6_2", "name": "Ward 14"}, "geometry": {"type": "MultiPolygon", "coordinates": [[[[31.202008585000044, -17.741175142999964], [31.201490882000087, -17.729648829999917], [31.209812657000043, -17.726472127999955], [31.20952802, -17.725561634999963], [31.211637102000054, -17.724830816999884], [31.21749907900005, -17.719508494999957], [31.23122944200003, -17.710716062999893], [31.23714078100005, -17.708688655999936], [31.249574553000116, -17.70553038899982], [31.251554860000113, -17.70342429499982], [31.255288918000133, -17.71010434899989], [31.25529009500019, -17.710198283999944], [31.25529209500013, -17.71029129099992], [31.256102073000193, -17.71234445099998], [31.25629906800009, -17.71252946599992], [31.256398064999985, -17.712622472999954], [31.256497062000108, -17.71271547999993], [31.25669605700017, -17.712807486999907], [31.25679305400007, -17.712899493999885], [31.256892051000193, -17.71299250099986], [31.257090046000144, -17.71308450899994], [31.257090046000144, -17.713177515999973], [31.257287040000108, -17.71317551599998], [31.257287040000108, -17.71326952299995], [31.257386038000107, -17.71336052999993], [31.25748503500006, -17.71336052999993], [31.25758403200018, -17.71345253699991], [31.25758403200018, -17.713545543999942], [31.25768402900019, -17.713545543999942], [31.25768402900019, -17.713639551999904], [31.257781027000192, -17.713637551999852], [31.258174016000112, -17.71372655799985], [31.258468007000033, -17.71372355799997], [31.258565005000037, -17.71372355799997], [31.25866400200016, -17.713721557999975], [31.258760999000117, -17.713721557999975], [31.258762999000112, -17.71390857199998], [31.25885999600007, -17.713906571999928], [31.258861996, -17.71399957899996], [31.258863996, -17.71409458699992], [31.258863996, -17.71418859399995], [31.258865996000168, -17.714281600999925], [31.258867996000163, -17.714468615999976], [31.258968993999986, -17.71465563099997], [31.25906799100011, -17.71474763799995], [31.259264985000073, -17.71483864499993], [31.25955997700015, -17.71502365899994], [31.260052963000078, -17.7152056729999], [31.260248958000034, -17.71529667999988], [31.26054295, -17.715292679999948], [31.261520922000102, -17.71528367899998], [31.26161791900006, -17.71528167899993], [31.261616919000176, -17.715187670999967], [31.26181291400013, -17.715185670999972], [31.262005908000106, -17.71499565599987], [31.262102905000063, -17.714899647999914], [31.262199903000067, -17.714899647999914], [31.26219790300007, -17.71480664099994], [31.262296900000024, -17.714804640999944], [31.26297988100015, -17.714796639999918], [31.263078878000044, -17.714794639999923], [31.263567864000038, -17.71479163899994], [31.263664861000166, -17.714789638999946], [31.263664861000166, -17.714695631999916], [31.26376185900017, -17.71469363199992], [31.265028823000193, -17.714398607999954], [31.265224817000046, -17.71439660799996], [31.26551880900007, -17.714485614999944], [31.26581280100004, -17.714484614999947], [31.26600879500012, -17.714480613999967], [31.266107793000117, -17.714573620999943], [31.266302787000086, -17.714571620999948], [31.26640178400004, -17.714663627999926], [31.266500782000037, -17.71475663599989], [31.26669777600017, -17.714848642999982], [31.26689577000002, -17.714939649999963], [31.266895771000122, -17.71503365699988], [31.266994768000075, -17.715124663999973], [31.26699676800007, -17.71522067199993], [31.26709376499997, -17.715218670999946], [31.267095765000136, -17.715311678999967], [31.267193761999977, -17.715311678999967], [31.267198762000078, -17.715685707999853], [31.267099765000125, -17.715687707999905], [31.26710176500012, -17.715781714999878], [31.267006768000158, -17.71587672299995], [31.266907771000035, -17.71587672299995], [31.266811773000086, -17.71606573799994], [31.266714776000185, -17.716067737999936], [31.266716776000123, -17.71625475299993], [31.267023768000172, -17.71718882499988], [31.269083710000075, -17.717633858999932], [31.269377702000043, -17.717629858999942], [31.26947469900017, -17.717629858999942], [31.26966869400013, -17.717625858999952], [31.269865688000095, -17.717623857999968], [31.269962685000053, -17.717623857999968], [31.270159680000063, -17.71761985799992], [31.27025667700019, -17.71761985799992], [31.2704526710001, -17.717617857999926], [31.2723946160001, -17.716656781999973], [31.272688608000067, -17.71655977399996], [31.272785605000024, -17.71655977399996], [31.272882603000028, -17.716557773999966], [31.272980600000096, -17.716463765999947], [31.273077597, -17.716461765999952], [31.273174594000125, -17.716460765999955], [31.273271591000082, -17.716366758999982], [31.273466586000154, -17.716362757999832], [31.273466586000154, -17.71626975099997], [31.27356358300011, -17.71626975099997], [31.273660580000012, -17.7161737429999], [31.273758578000127, -17.716172742999902], [31.273756578000132, -17.71607873599993], [31.273855575000084, -17.71607873599993], [31.27395257200004, -17.716076735999877], [31.274147567000114, -17.715981727999917], [31.274730550000072, -17.715786712999943], [31.275020542000107, -17.715596697999956], [31.275120539000113, -17.71559469799996], [31.27511853900012, -17.715500689999885], [31.275215536000076, -17.715498689999833], [31.276184509000075, -17.71483363799996], [31.27657549800017, -17.714733629999955], [31.276867489000097, -17.71463662199983], [31.2769644870001, -17.714541614999973], [31.277059484000063, -17.714447606999897], [31.277157481000074, -17.714352599999927], [31.27725447800003, -17.714350598999943], [31.277252478000037, -17.71425759199991], [31.277448473000163, -17.714255591999915], [31.27744747300011, -17.714161584999943], [31.277643467000132, -17.714159583999958], [31.277838462000034, -17.71415558399997], [31.27822945100013, -17.71415258399992], [31.278730437000036, -17.71508465599993], [31.27892943200004, -17.71517666299991], [31.279127426000116, -17.715361677999965], [31.27942341800008, -17.71554469199998], [31.27952241500003, -17.715638698999953], [31.279619412000102, -17.71563669899996], [31.279621412000097, -17.715729705999934], [31.279718410000157, -17.715729705999934], [31.279917404000116, -17.715914720999876], [31.280016401000182, -17.716006727999968], [31.280016401000182, -17.71609973499983], [31.280115399000067, -17.71609973499983], [31.280117399, -17.716286749999938], [31.280216396000128, -17.71637975699997], [31.280218396000123, -17.716473763999943], [31.280218396000123, -17.716566771999908], [31.280222396000113, -17.716753785999856], [31.28012339900016, -17.716755785999908], [31.2801243990001, -17.71684979399987], [31.28012639900004, -17.71694280099996], [31.28012639900004, -17.717036807999932], [31.280029401000036, -17.717037807999816], [31.28003140100003, -17.71713181599995], [31.28003140100003, -17.717224822999924], [31.28003540100019, -17.71741183799992], [31.28003540100019, -17.717507844999886], [31.279938404000063, -17.717507844999886], [31.280334393000032, -17.71797288099998], [31.280433390000155, -17.71797088099993], [31.280533388000094, -17.718062887999963], [31.280729382000118, -17.718153894999944], [31.28092737700007, -17.71834090999988], [31.281122371000038, -17.718336909999834], [31.281124371000033, -17.718430916999978], [31.28122136800016, -17.718430916999978], [31.281223368000155, -17.718523923999953], [31.282600330000037, -17.719071965999888], [31.282697327000164, -17.719069965999893], [31.282795324000176, -17.71906796599984], [31.282991319000132, -17.71906596599996], [31.282991319000132, -17.71915897299982], [31.283090316000084, -17.71915897299982], [31.28319031300009, -17.71925097999997], [31.28328931100009, -17.719343986999945], [31.28328931100009, -17.719437994999964], [31.283388308000042, -17.719435994999913], [31.283388308000042, -17.71953100199994], [31.283390308000037, -17.719625008999913], [31.283392308000032, -17.719718016999877], [31.28359430200004, -17.720277059999944], [31.28379229700016, -17.72046407499988], [31.283794297000156, -17.720558081999854], [31.283891294000114, -17.720556081999973], [31.283893294000052, -17.72074309599998], [31.28497926400007, -17.72138714599987], [31.285372253000162, -17.721477152999967], [31.285469250000062, -17.72147515299997], [31.285763242000087, -17.721565159999955], [31.285862238999982, -17.721565159999955], [31.28605623400017, -17.72156315999996], [31.286155231000066, -17.721561159999965], [31.286155231000066, -17.72165416699994], [31.28644922300009, -17.72165016599996], [31.286646217000055, -17.721649165999963], [31.286743214000182, -17.721649165999963], [31.287622190000036, -17.721637164999947], [31.28772118700016, -17.72173117199992], [31.28801517800008, -17.72172717199993], [31.28821217300009, -17.721725171999935], [31.288309170000048, -17.72172317099995], [31.288406167000176, -17.72172317099995], [31.290561107000144, -17.72188518299987], [31.290659104000156, -17.721883182999875], [31.290756101000113, -17.721883182999875], [31.291055093000125, -17.722349218999966], [31.29115509000013, -17.722440225999947], [31.291254088000187, -17.72253423399991], [31.291355085000077, -17.722719247999976], [31.29145408200003, -17.72281225499995], [31.29145408200003, -17.72290626299997], [31.291553079000153, -17.72290426199993], [31.291553079000153, -17.722999269999946], [31.29224806000019, -17.723646319999943], [31.29234505700009, -17.723646319999943], [31.29244205500015, -17.72364431999995], [31.292541052000104, -17.72364431999995], [31.292541052000104, -17.72373732699998], [31.29264004900017, -17.72373532699993], [31.29273804600001, -17.72373532699993], [31.292740046, -17.72382933399996], [31.292934041000024, -17.723825333999912], [31.293131035000158, -17.723916340999892], [31.293230033000157, -17.724010347999922], [31.29332903000011, -17.72400834799987], [31.29342602700001, -17.72400834799987], [31.2941000080001, -17.72324928799992], [31.294195005000063, -17.723062273999915], [31.294195005000063, -17.722967265999955], [31.294290002000025, -17.722873258999982], [31.294290002000025, -17.72278025199995], [31.294387999000037, -17.722778250999966], [31.294484997000097, -17.72268224399994], [31.294579994, -17.72258723599998], [31.29467799100007, -17.722494228999892], [31.294774987999972, -17.722492228999897], [31.294871986000032, -17.722396220999883], [31.29496898300016, -17.722396220999883], [31.29516397700013, -17.722394220999888], [31.295165977000124, -17.72248822799986], [31.295262975000128, -17.72248622799998], [31.295264975000123, -17.72257923499984], [31.29536197200008, -17.72257923499984], [31.295363972000075, -17.722673242999974], [31.295573966, -17.723701322999943], [31.29557596600017, -17.72379432999992], [31.29557596600017, -17.723890337999876], [31.295676964, -17.724075351999886], [31.295775961000118, -17.724168358999975], [31.295777961000113, -17.72435537399997], [31.295779961000108, -17.724449380999943], [31.295876958000065, -17.724449380999943], [31.29587895800006, -17.724542388999907], [31.296670936, -17.725189438999962], [31.296767933000126, -17.725187438999967], [31.296864931000187, -17.725187438999967], [31.296963928000082, -17.725185437999983], [31.296962928000028, -17.725091430999953], [31.297059925000156, -17.725089430999958], [31.297156922000056, -17.725089430999958], [31.29725592000011, -17.72508843099996], [31.297253920000117, -17.72499442299994], [31.297351917000128, -17.724992422999946], [31.297448914000086, -17.72489941599997], [31.297740906000058, -17.72480140799985], [31.29803389799997, -17.72479840799997], [31.29822889200011, -17.7247023999999], [31.29891387300006, -17.724693398999875], [31.29901087000019, -17.724693398999875], [31.299107867000146, -17.72469139899988], [31.299304862000156, -17.724782405999974], [31.299500856000066, -17.72478040599998], [31.299597853000137, -17.724779405999982], [31.299697851000076, -17.724779405999982], [31.29989184500016, -17.724777404999884], [31.300187837000124, -17.724866411999812], [31.30057882600005, -17.724862411999936], [31.300969814999974, -17.72485741099996], [31.30126380700017, -17.72485341099997], [31.301360804000126, -17.72485341099997], [31.301457801000026, -17.724851410999975], [31.301554798000154, -17.724851410999975], [31.30155679800015, -17.72494441799995], [31.301654796000093, -17.724943417999953], [31.301753793000046, -17.725036424999928], [31.301951787000064, -17.725128431999906], [31.302048785000068, -17.725219438999886], [31.30224577900003, -17.72521743899989], [31.302247779000027, -17.725311445999864], [31.302344776000155, -17.725311445999864], [31.302441773999988, -17.72530944599987], [31.30401173000007, -17.725665472999935], [31.304110727000193, -17.725664472999938], [31.304208724000034, -17.725664472999938], [31.304305721000162, -17.725662472999943], [31.304404718000058, -17.72575547999992], [31.304698710000082, -17.72575147999993], [31.305186696000135, -17.72574647899995], [31.30538269100009, -17.7257444789999], [31.305480688000102, -17.725742478999905], [31.30557768500006, -17.725646470999948], [31.305575685000065, -17.725553463999972], [31.30567268300007, -17.725458455999956], [31.305865677000043, -17.725269441999956], [31.305863677000104, -17.72517543399988], [31.305960674, -17.72508042699991], [31.30595967400012, -17.724986418999947], [31.306056672000125, -17.72489141199992], [31.306153669000082, -17.72489141199992], [31.30625066600004, -17.724889411999925], [31.306350663000046, -17.724983418999898], [31.306449661000045, -17.72507442599988], [31.30645166100004, -17.725168432999908], [31.306548658000168, -17.725168432999908], [31.30664765500012, -17.72525943999989], [31.306649655000115, -17.725353447999964], [31.306746652000015, -17.725353447999964], [31.30674865200001, -17.72544645499994], [31.306847650000066, -17.725538461999975], [31.307042644000035, -17.72553646199998], [31.307338636000168, -17.725721475999933], [31.30753463000002, -17.725717475999886], [31.30763162800008, -17.725717475999886], [31.307729625000093, -17.72571547599989], [31.30801861600014, -17.72533744599997], [31.308116614000085, -17.725335445999974], [31.30811461400009, -17.725242438999942], [31.308306608000123, -17.725053423999896], [31.30840460500019, -17.724958415999936], [31.308501603000025, -17.724956415999884], [31.308501603000025, -17.72486240899991], [31.308596600000158, -17.72476740099995], [31.30869459700017, -17.72476740099995], [31.30879359400012, -17.724765400999956], [31.308890592000125, -17.724765400999956], [31.308987589000083, -17.724763400999905], [31.308989589000078, -17.724857407999934], [31.30908758600009, -17.724857407999934], [31.30908858600003, -17.72495041499991], [31.30918658300004, -17.724948414999915], [31.309188583000036, -17.725042421999888], [31.30928558100004, -17.725042421999888], [31.309287581000035, -17.725135429999966], [31.30928958100003, -17.725229436999825], [31.30928958100003, -17.72532244399997], [31.309388578000153, -17.725416451999934], [31.309390578000148, -17.725509458999966], [31.309489575000043, -17.725601465999944], [31.30959057200016, -17.72588148799997], [31.309592572000156, -17.725974494999832], [31.309691570000155, -17.72616150999994], [31.309792567000102, -17.726348523999945], [31.309893564000163, -17.726533538999888], [31.309893564000163, -17.726627545999975], [31.309993561, -17.726627545999975], [31.309993561, -17.726720552999836], [31.31038755000003, -17.726997574999928], [31.31048754800014, -17.726995574999933], [31.310582545000102, -17.72690156699997], [31.310681542000168, -17.726899566999975], [31.31087653700007, -17.726898566999978], [31.310973534000027, -17.726896566999926], [31.31116952800005, -17.72689456599994], [31.311267526000165, -17.726892565999947], [31.311364523000123, -17.726892565999947], [31.311463520000075, -17.726890565999952], [31.311560516999975, -17.726890565999952], [31.31205250400012, -17.727165586999888], [31.31205650400011, -17.727352601999883], [31.31205850400005, -17.72754061699993], [31.311961506000046, -17.72763462399996], [31.31196350600004, -17.72772963099993], [31.311866509000083, -17.72772963099993], [31.31118852800006, -17.72829967599995], [31.311091531000102, -17.728395683999963], [31.310899537000182, -17.728490690999934], [31.31070454200011, -17.728587698999945], [31.31060754500004, -17.728681705999918], [31.31050954799997, -17.728683706999902], [31.31050954799997, -17.728776713999878], [31.31041255100007, -17.72877871399993], [31.310414550000132, -17.728872720999902], [31.309838567000156, -17.729629780999915], [31.30974157000003, -17.72972278799989], [31.309743570000023, -17.72981879599996], [31.309645573000182, -17.729911802999823], [31.309647573000177, -17.730005809999966], [31.309647573000177, -17.730100817999983], [31.30966657300013, -17.73141291999997], [31.30976957000007, -17.731786948999968], [31.30977357, -17.73206697099988], [31.30977557000017, -17.732160978999957], [31.30977557000017, -17.73225398599982], [31.312184504000186, -17.736634326999933], [31.312382499000137, -17.736912348999965], [31.3125794930001, -17.737004355999943], [31.312680490000048, -17.737189369999953], [31.31277748700012, -17.737189369999953], [31.312779487000114, -17.737282377999918], [31.31287848500017, -17.73737638499989], [31.31297648200018, -17.737374384999896], [31.31307747900007, -17.7375613989999], [31.314667435000047, -17.739417543999934], [31.31476543200006, -17.73941554299995], [31.322669209000026, -17.73791542299989], [31.322766206000153, -17.73791542299989], [31.330707982000035, -17.735758250999936], [31.354383318000146, -17.743164820999937], [31.35051543000003, -17.750619404999952], [31.344921594000084, -17.765992607999976], [31.347648519000074, -17.771301020999942], [31.347732517000054, -17.771303020999824], [31.37399777800016, -17.774826285999836], [31.374081776000025, -17.774828285999888], [31.36690299300011, -17.80846991599998], [31.347713527999986, -17.794863860999953], [31.343569649000074, -17.80533067999994], [31.335130895000134, -17.82546425399994], [31.312546527000052, -17.814519408999843], [31.29317606900014, -17.80522369099998], [31.31535843800009, -17.790307517999906], [31.315442435000193, -17.7903095179999], [31.31552243300007, -17.790175507999834], [31.30755965500009, -17.78576316599998], [31.30239480000006, -17.78261592299998], [31.3021238070001, -17.782451909999907], [31.30210280800003, -17.782438908999893], [31.295705986000087, -17.77854160699991], [31.286018257000137, -17.77225811999989], [31.26608681400006, -17.761694302999956], [31.267849758000125, -17.74886730099996], [31.267835759000093, -17.748504271999934], [31.267835759000093, -17.748493270999916], [31.267710761000046, -17.74643110999989], [31.26221691600017, -17.74527502199993], [31.26211991800011, -17.745277021999982], [31.249083285000154, -17.74336387799997], [31.248723295000048, -17.74339188099998], [31.237639608, -17.74444096699989], [31.223255014000188, -17.745883085999935], [31.203504568000085, -17.741318736999858], [31.203348572000152, -17.741343738999888], [31.202008585000044, -17.741175142999964]]]]}}, {"type": "Feature", "properties": {"GID_3": "ZWE.5.2.7_2", "GID_0": "ZWE", "COUNTRY": "Zimbabwe", "GID_1": "ZWE.5_1", "NAME_1": "Mashonaland East", "NL_NAME_1": "NA", "GID_2": "ZWE.5.2_2", "NAME_2": "Goromonzi", "NL_NAME_2": "NA", "NAME_3": "Ward 15", "VARNAME_3": "NA", "NL_NAME_3": "NA", "TYPE_3": "Ward", "ENGTYPE_3": "Ward", "CC_3": "NA", "HASC_3": "NA", "id": "ZWE.5.2.7_2", "name": "Ward 15"}, "geometry": {"type": "MultiPolygon", "coordinates": [[[[31.19633729400016, -17.75322455199995], [31.196041681000168, -17.752424414999837], [31.196461832000182, -17.752160814999968], [31.195926691000068, -17.74935901799995], [31.20208090100016, -17.74246567199998], [31.202008585000044, -17.741175142999964], [31.203348572000152, -17.741343738999888], [31.203504568000085, -17.741318736999858], [31.223255014000188, -17.745883085999935], [31.237639608, -17.74444096699989], [31.248723295000048, -17.74339188099998], [31.249083285000154, -17.74336387799997], [31.26211991800011, -17.745277021999982], [31.26221691600017, -17.74527502199993], [31.267710761000046, -17.74643110999989], [31.267835759000093, -17.748493270999916], [31.267835759000093, -17.748504271999934], [31.267849758000125, -17.74886730099996], [31.26608681400006, -17.761694302999956], [31.286018257000137, -17.77225811999989], [31.295705986000087, -17.77854160699991], [31.30210280800003, -17.782438908999893], [31.3021238070001, -17.782451909999907], [31.30239480000006, -17.78261592299998], [31.30755965500009, -17.78576316599998], [31.31552243300007, -17.790175507999834], [31.315442435000193, -17.7903095179999], [31.31535843800009, -17.790307517999906], [31.29317606900014, -17.80522369099998], [31.293115071000045, -17.80526369399996], [31.292324094000094, -17.805738731999952], [31.292299094000157, -17.805814737999924], [31.292215097, -17.805813737999927], [31.28009644100007, -17.811888216999932], [31.257737076000012, -17.8230530969999], [31.249120315000027, -17.815087478999942], [31.2349507080001, -17.800197321999917], [31.21493328000014, -17.818244738999965], [31.215139275000013, -17.818227737999962], [31.2139518460001, -17.819174821999923], [31.203241718000186, -17.81995040199996], [31.204338661000065, -17.818888906999973], [31.205669754000155, -17.817364884999904], [31.206827109000074, -17.81488911599996], [31.20923620500014, -17.81310936999995], [31.209473158000094, -17.812911451999923], [31.209656485000096, -17.812568444999954], [31.204640354000105, -17.81045432399992], [31.195333194000057, -17.805715391999968], [31.192102325000178, -17.804996176999964], [31.204235206000135, -17.797007887999882], [31.211834419000127, -17.792596582999977], [31.210602821, -17.78982783099991], [31.204744802, -17.78201874499996], [31.201218399000027, -17.774920320999968], [31.199755287000073, -17.769101791999958], [31.19954928100009, -17.7682825199999], [31.19898559699999, -17.76663433599998], [31.19633729400016, -17.75322455199995]]]]}}, {"type": "Feature", "properties": {"GID_3": "ZWE.5.2.8_2", "GID_0": "ZWE", "COUNTRY": "Zimbabwe", "GID_1": "ZWE.5_1", "NAME_1": "Mashonaland East", "NL_NAME_1": "NA", "GID_2": "ZWE.5.2_2", "NAME_2": "Goromonzi", "NL_NAME_2": "NA", "NAME_3": "Ward 16", "VARNAME_3": "NA", "NL_NAME_3": "NA", "TYPE_3": "Ward", "ENGTYPE_3": "Ward", "CC_3": "NA", "HASC_3": "NA", "id": "ZWE.5.2.8_2", "name": "Ward 16"}, "geometry": {"type": "MultiPolygon", "coordinates": [[[[31.29317606900014, -17.80522369099998], [31.312546527000052, -17.814519408999843], [31.335130895000134, -17.82546425399994], [31.343569649000074, -17.80533067999994], [31.347713527999986, -17.794863860999953], [31.36690299300011, -17.80846991599998], [31.367150986000127, -17.808635927999944], [31.36723498300006, -17.80863792899993], [31.372111847000156, -17.81222420599994], [31.378823660000137, -17.8165695429999], [31.382701555000097, -17.826261297999963], [31.394950212000026, -17.831470698999965], [31.42567435100011, -17.84422868299987], [31.42553735500013, -17.84452970599989], [31.425451357000156, -17.84460771199997], [31.425367360000052, -17.844605711999975], [31.36569005000007, -17.86233411799992], [31.36851097100015, -17.86401524799993], [31.366457030000106, -17.86687247099991], [31.363407115000086, -17.864299271999982], [31.355449343000146, -17.872260895999887], [31.335054907000085, -17.84644089099993], [31.31173457200009, -17.86533437299994], [31.31157057700011, -17.86501034799994], [31.300114891000135, -17.845530832999884], [31.29230709400008, -17.805887742999914], [31.292299094000157, -17.805814737999924], [31.292324094000094, -17.805738731999952], [31.293115071000045, -17.80526369399996], [31.29317606900014, -17.80522369099998]]]]}}, {"type": "Feature", "properties": {"GID_3": "ZWE.5.2.9_2", "GID_0": "ZWE", "COUNTRY": "Zimbabwe", "GID_1": "ZWE.5_1", "NAME_1": "Mashonaland East", "NL_NAME_1": "NA", "GID_2": "ZWE.5.2_2", "NAME_2": "Goromonzi", "NL_NAME_2": "NA", "NAME_3": "Ward 17", "VARNAME_3": "NA", "NL_NAME_3": "NA", "TYPE_3": "Ward", "ENGTYPE_3": "Ward", "CC_3": "NA", "HASC_3": "NA", "id": "ZWE.5.2.9_2", "name": "Ward 17"}, "geometry": {"type": "MultiPolygon", "coordinates": [[[[31.47006082300004, -17.800376928999867], [31.470074081000064, -17.80037724399989], [31.4701580790001, -17.800378244999877], [31.47024407600003, -17.80038024499987], [31.470580067000014, -17.80038824499991], [31.47083106000008, -17.80039424599994], [31.47100305500004, -17.80031723899998], [31.471005055000035, -17.80023723299996], [31.47108905200014, -17.800239232999843], [31.471091052000133, -17.800157226999886], [31.47117505000017, -17.80015922699988], [31.471177050000108, -17.80007922099992], [31.47126104700004, -17.800081220999914], [31.471262047000153, -17.800001214999952], [31.471348045000184, -17.800003214999947], [31.471354045000112, -17.79976019599991], [31.471438042000045, -17.79976219599996], [31.47144004200004, -17.799682189999942], [31.471524040000077, -17.799684189999937], [31.471610037000175, -17.79960618399997], [31.471695035000096, -17.799526176999905], [31.47186703, -17.799450170999933], [31.471951028000035, -17.79945117099993], [31.47195302800003, -17.799371164999968], [31.47212102300017, -17.799375165999948], [31.472123023000165, -17.799293158999888], [31.4722070200001, -17.799295158999882], [31.473384987000145, -17.79932416099996], [31.473468985000125, -17.799326160999954], [31.47363898000009, -17.799329160999946], [31.47380697500006, -17.799333161999925], [31.47389097300004, -17.799335161999977], [31.473974971000075, -17.799337161999972], [31.477264878000085, -17.79916914699993], [31.477432873, -17.79917314799991], [31.47768586600006, -17.799099141999932], [31.47785786100019, -17.799022135999962], [31.478111854000133, -17.79894812999993], [31.478279849000103, -17.79895212999992], [31.480815777000146, -17.79860710199989], [31.480985772999986, -17.798528095999927], [31.481153768000127, -17.798532095999974], [31.481409761000066, -17.798458089999883], [31.481578756000147, -17.798381083999914], [31.481748751000055, -17.79830507799994], [31.48183274900009, -17.798307078999926], [31.48183674900008, -17.79822507199998], [31.481920746000185, -17.798227071999975], [31.483890690000123, -17.79690096799993], [31.48406068500003, -17.79682496199996], [31.484144683000068, -17.796826961999955], [31.484401676000118, -17.796670949999907], [31.484655668000187, -17.796595943999932], [31.48474166600016, -17.796517937999965], [31.484825664000027, -17.79651993799996], [31.484828662999973, -17.7964379309999], [31.48491266100018, -17.796439931999885], [31.48499865900004, -17.79636192499993], [31.48712759800003, -17.79544185299983], [31.487463589000072, -17.79544985299998], [31.487718582000127, -17.795374846999948], [31.487888577000035, -17.795298840999976], [31.48814357000009, -17.79522283499989], [31.488395562000164, -17.79522883599998], [31.48864955500011, -17.79515382999989], [31.488819550000073, -17.795157829999937], [31.488986546000035, -17.795161829999927], [31.48907054300014, -17.79516382999992], [31.4915144740001, -17.795138827999892], [31.49193546300006, -17.795148827999924], [31.49218745600018, -17.795153828999958], [31.492439448000084, -17.795159828999942], [31.492609444000095, -17.795163828999932], [31.492607444000157, -17.795245835999935], [31.494874380000113, -17.79545785099998], [31.495210370000052, -17.795546857999966], [31.495544361000043, -17.795634864999897], [31.495794354000054, -17.7957208709999], [31.495962348999967, -17.795806877999837], [31.496046347000174, -17.79580787799989], [31.49604434700018, -17.795888883999964], [31.496128345000045, -17.79588988499995], [31.500055235000048, -17.797108977999926], [31.500476223000078, -17.797118978999947], [31.500728216000027, -17.797124978999932], [31.50084421200006, -17.79710697799993], [31.500843212000177, -17.796992968999916], [31.501188202000094, -17.795954887999926], [31.501308199000164, -17.795954887999926], [31.50142819500013, -17.79595288699994], [31.5016681890001, -17.79594988699995], [31.50202717800005, -17.79594588699996], [31.502267172000188, -17.79594188599998], [31.50250616500017, -17.79593988599993], [31.502508165000165, -17.79605489499994], [31.50274815800003, -17.796052894999946], [31.502988151000068, -17.79616290299998], [31.503229145000148, -17.796160902999816], [31.503231145000086, -17.796275911999828], [31.50335114100011, -17.796273911999947], [31.503469138000185, -17.796271911999952], [31.503589135000084, -17.796271911999952], [31.50382912800012, -17.796267910999973], [31.503950124000028, -17.796265910999978], [31.504068121000103, -17.796265910999978], [31.504186118000177, -17.796149901999968], [31.50430411400015, -17.796033892999958], [31.50442511100016, -17.796031892999963], [31.50442511100016, -17.79591688399995], [31.504543108000064, -17.795914882999966], [31.50477910100011, -17.795682864999947], [31.504898097000194, -17.79556585599994], [31.505018094000093, -17.79556585599994], [31.505016094000098, -17.795449846999873], [31.505136091000168, -17.795333837999863], [31.505132091000178, -17.795104819999835], [31.505249087000095, -17.794873801999813], [31.505241087000172, -17.79429975699992], [31.505239087000177, -17.794070738999892], [31.505233087000192, -17.793725711999855], [31.505231087000027, -17.793496693999828], [31.505229087000032, -17.793381684999815], [31.505226087000153, -17.79315166699996], [31.505226087000153, -17.79303665799995], [31.505344084000058, -17.793034657999954], [31.505342084000063, -17.792805639999926], [31.5055820770001, -17.792801639999936], [31.505701074000115, -17.792801639999936], [31.505701074000115, -17.792685630999927], [31.505939067000156, -17.792683630999875], [31.506059064000056, -17.79268162999989], [31.506422053000165, -17.792790638999918], [31.506542050000064, -17.792788638999923], [31.50654405000006, -17.793019656999945], [31.506546050000054, -17.79313366599996], [31.506666047000124, -17.793131664999976], [31.506671047000168, -17.79359170099997], [31.506673047000163, -17.79370670999998], [31.506681047000086, -17.794394763999946], [31.506685047000076, -17.794623781999974], [31.50669004700012, -17.795083817999966], [31.506692047000115, -17.79519782699998], [31.50669404700011, -17.79542884499989], [31.506702047000033, -17.796002888999965], [31.506706047000193, -17.796231906999935], [31.50670804700019, -17.79634591599995], [31.506710047000183, -17.796576933999972], [31.506713047000062, -17.796805951999886], [31.506715047000057, -17.797034969999913], [31.506599050000148, -17.797265987999936], [31.506603050000138, -17.79749600599996], [31.506603050000138, -17.797611014999973], [31.50648605400005, -17.797842032999824], [31.506492053999978, -17.79818705999986], [31.506374057000073, -17.79830306899987], [31.506376057000068, -17.7985320869999], [31.506258060000164, -17.798649095999963], [31.506141064000076, -17.79887911399993], [31.50614306400007, -17.799108131999958], [31.506029067000156, -17.799455158999876], [31.50603106700015, -17.79957016799989], [31.50591207100007, -17.79980118599991], [31.505916070000126, -17.80002920399994], [31.505920070000116, -17.800260221999963], [31.505802074000087, -17.80049123999993], [31.505809074000183, -17.80106528499988], [31.505813074000116, -17.801294302999906], [31.505821074000096, -17.80186834799997], [31.50582307400009, -17.802097364999838], [31.50582607400014, -17.80232838299986], [31.505832074000125, -17.802786418999915], [31.50595407100019, -17.80290042799993], [31.505956071000128, -17.803129445999957], [31.506078067000146, -17.803243454999972], [31.506080067000084, -17.803472472999943], [31.506200063999984, -17.803470471999958], [31.50620206400015, -17.80358548099997], [31.50632206100005, -17.80369948999987], [31.506567054000186, -17.803926507999904], [31.506811047000042, -17.804268534999892], [31.5075700270001, -17.807357774999957], [31.507572027000094, -17.80758879299998], [31.507455030000074, -17.80781981099983], [31.507459030000064, -17.80804882899986], [31.507341034000092, -17.80827984699988], [31.507226037000066, -17.808624873999918], [31.507110040000157, -17.808857892999924], [31.506992044000185, -17.80908791099995], [31.50687604700005, -17.80931892899997], [31.506761051000126, -17.809663955999895], [31.506290064000154, -17.810359009999956], [31.506174067000075, -17.81059002799998], [31.505939074000082, -17.810937054999897], [31.50582307800005, -17.81128408199993], [31.505706081000085, -17.81151509999995], [31.505590084000175, -17.811860126999818], [31.505355091000183, -17.81220715499984], [31.50523909500015, -17.81243817299986], [31.50512309800007, -17.81278519999995], [31.505128098000114, -17.813128226999936], [31.505012101000034, -17.813473253999973], [31.505016101000024, -17.81370427199988], [31.505022101000122, -17.814164306999942], [31.505027101000053, -17.81462234299994], [31.505151098000056, -17.81496536999998], [31.505155098000046, -17.815310396999905], [31.50516709800013, -17.81611345999994], [31.505178098000158, -17.81703153099994], [31.505184098000143, -17.817490566999936], [31.505067102000055, -17.81772158499996], [31.505071102000045, -17.817952602999867], [31.505075101999978, -17.81829562999991], [31.50495910500007, -17.81852664799993], [31.504842108000105, -17.818873674999963], [31.504728112000066, -17.819218701999887], [31.504611115000046, -17.81956472899992], [31.504615115000036, -17.819794746999946], [31.504499118000126, -17.82002576499997], [31.504501119000054, -17.82025478299994], [31.50438312200015, -17.82037079199995], [31.504386122000028, -17.820599809999976], [31.504268125000124, -17.82071681899987], [31.504268125000124, -17.820830827999885], [31.50403213200002, -17.821063845999902], [31.504034132000186, -17.82117985499997], [31.50391313500006, -17.82117985499997], [31.503795139000033, -17.82129586399998], [31.50367514200019, -17.821297864999963], [31.503557146000162, -17.82141487399997], [31.503318152000134, -17.821532882999975], [31.503200156000105, -17.821648891999814], [31.50308215900003, -17.821648891999814], [31.50308215900003, -17.821763900999827], [31.502964162000126, -17.82176590099988], [31.50189419300017, -17.8224679569999], [31.501415206000047, -17.822587965999958], [31.501176213000065, -17.822705974999963], [31.50117821300006, -17.822819983999977], [31.501060217000088, -17.82293699299987], [31.501062217000083, -17.82305100199983], [31.500942220000184, -17.823053002999814], [31.500823223000168, -17.823169011999823], [31.500825223000163, -17.823284020999836], [31.500705227000026, -17.823286020999888], [31.500585230000127, -17.823288020999883], [31.500413235, -17.823257018999982], [31.499904249000167, -17.823406029999887], [31.499732254000094, -17.823482035999973], [31.499649257000044, -17.823480035999978], [31.49964725700005, -17.823562042999924], [31.499563259000013, -17.82356004299993], [31.498540288000015, -17.82402007899998], [31.498537288000136, -17.824182091999887], [31.49852928900009, -17.824505116999944], [31.49852328900016, -17.824747135999928], [31.498432292000132, -17.824985153999876], [31.49842429200004, -17.825310179999974], [31.49842029200005, -17.825470191999955], [31.498550289000036, -17.827007311999978], [31.498548289000098, -17.82708731799994], [31.498628287000145, -17.827249330999905], [31.498624287000155, -17.827411342999824], [31.49862128700005, -17.8275743559999], [31.49861928700011, -17.827654361999862], [31.4998152550001, -17.830343571999947], [31.499813255000106, -17.83042357799991], [31.499895253000147, -17.830507584999964], [31.499893253000153, -17.830587590999983], [31.49997525000009, -17.83066959699994], [31.4999712500001, -17.830831609999848], [31.500053248000143, -17.830913615999975], [31.500051247999977, -17.830993621999937], [31.500047248000044, -17.8311566349999], [31.500043249000157, -17.83131864799998], [31.49995825100001, -17.831396653999946], [31.499954251000077, -17.83155666599987], [31.499866254000153, -17.831636672999934], [31.499862254000163, -17.831796684999915], [31.499776256000132, -17.831877690999875], [31.499774255999966, -17.83195769799994], [31.499691259000144, -17.831955697999945], [31.49968925900015, -17.832035703999907], [31.499603261000118, -17.832113709999874], [31.49951526400008, -17.832193715999836], [31.499513264000086, -17.832273721999968], [31.49942926600005, -17.832271721999973], [31.499341269000126, -17.83243073499989], [31.49925827100003, -17.832428734999894], [31.499172274000102, -17.83250874099997], [31.49908627600007, -17.832506740999975], [31.498487292999982, -17.832895770999926], [31.498317298000075, -17.832971776999898], [31.498231300000043, -17.833051783999963], [31.498142303000066, -17.833210795999946], [31.4979723080001, -17.83328680199986], [31.497886310000126, -17.833366807999823], [31.497802313000193, -17.833364807999942], [31.497800313000027, -17.83344481399996], [31.497713315000112, -17.833523820999915], [31.49762931800018, -17.83352182099992], [31.497180331000038, -17.834640907999812], [31.497175331000165, -17.834882926999853], [31.49717333100017, -17.83496393299987], [31.497081334000086, -17.83520395199986], [31.496992336, -17.835443970999904], [31.49690433900014, -17.835602982999944], [31.49690033900015, -17.83576499599991], [31.496898339000154, -17.83584500199987], [31.496114362000014, -17.836877082999933], [31.495859369000186, -17.83695108899991], [31.495687374000056, -17.83710910099984], [31.495515379000153, -17.83718610699998], [31.495431381000117, -17.837184106999928], [31.495346383000026, -17.83726211299995], [31.495260386000098, -17.83734011899986], [31.49517638800006, -17.83733811899998], [31.494140418000143, -17.83828419299988], [31.494136418000153, -17.838445205999903], [31.494129418000114, -17.838767230999963], [31.49536138400009, -17.84000732699991], [31.495693375000087, -17.840256346999922], [31.49602136600015, -17.84058637199996], [31.496183361000135, -17.840833390999876], [31.496343357000057, -17.841159416999858], [31.496339357000068, -17.841319428999952], [31.49633635700019, -17.841481441999917], [31.49633235700003, -17.841641453999955], [31.496330358000137, -17.841723460999958], [31.496326357999976, -17.841883472999882], [31.496320358000048, -17.84204648599996], [31.496234360000187, -17.842124491999925], [31.496233360000133, -17.842204497999887], [31.496278360000133, -17.843739617999915], [31.496362357000066, -17.843741617999967], [31.496360358000118, -17.84382162399993], [31.49635835800018, -17.84390163099988], [31.496356358000185, -17.84398363699995], [31.496439355000177, -17.844065642999965], [31.496437356000115, -17.844146649999914], [31.496597351000105, -17.844472674999906], [31.496673349, -17.84479669999996], [31.496755347000033, -17.844880706999902], [31.496831345000146, -17.8452047319999], [31.496912343000076, -17.84536674499998], [31.496994340000185, -17.84545075099993], [31.496990341000128, -17.8456107639999], [31.496988341000133, -17.84569276999997], [31.49645435600013, -17.846808856999928], [31.496366359000035, -17.846968869999955], [31.49627836100018, -17.847129881999933], [31.496191364000026, -17.847287894999965], [31.496101366, -17.847447906999946], [31.495927371000107, -17.847684925999943], [31.495840374000124, -17.847844937999923], [31.495574382000143, -17.84832397599996], [31.495571382000037, -17.848483987999884], [31.495483384000067, -17.84864400099997], [31.495395387000144, -17.848722006999935], [31.495245392000072, -17.851381213999957], [31.495323390000124, -17.851625232999936], [31.495317390000025, -17.85186825199986], [31.49531139000004, -17.8521102709999], [31.495307391000154, -17.85227028399993], [31.495306391000042, -17.852352289999942], [31.495304391000104, -17.852432295999904], [31.495342390000133, -17.854288440999824], [31.495252393000044, -17.854448453999908], [31.495166396000116, -17.854526459999875], [31.49516139600007, -17.854769478999913], [31.49507539800004, -17.85484748499988], [31.495073398000045, -17.85492949099995], [31.494987401000117, -17.854927490999955], [31.49498540100018, -17.855007496999974], [31.494899403000147, -17.85508550299994], [31.49481340600005, -17.85516350999984], [31.494728408000128, -17.85524451599997], [31.49464241100003, -17.855322521999938], [31.494554413, -17.855400527999905], [31.494552413, -17.85548253399986], [31.494468416000075, -17.85548053399998], [31.494297421000056, -17.855636546999904], [31.49403942800012, -17.855793558999835], [31.494037428000127, -17.855873564999968], [31.493953430000147, -17.855871564999973], [31.493869432999986, -17.855869564999978], [31.49286046100019, -17.85576455699993], [31.492609468000126, -17.855759556999942], [31.49227147800002, -17.855751555999916], [31.492103482000175, -17.855747555999926], [31.49201948500007, -17.85574555599993], [31.491931487000045, -17.855825561999893], [31.49107951200017, -17.856289598999922], [31.490903517000106, -17.856527616999927], [31.490818519000186, -17.85660562299995], [31.490732521000155, -17.8566856299999], [31.490730522000092, -17.856766635999975], [31.490646524000056, -17.85676463599998], [31.49064452400006, -17.856844641999942], [31.48965055300016, -17.859484847999965], [31.489559556000188, -17.859804872999973], [31.48918956700004, -17.861088973999927], [31.48918556700005, -17.86124898599985], [31.48909756900008, -17.861408998999934], [31.489095570000188, -17.861489004999896], [31.489051571000175, -17.863183136999908], [31.489133569000046, -17.863265142999865], [31.48921956700002, -17.863267142999916], [31.489213567000093, -17.86342915599994], [31.48937456300007, -17.86375518099993], [31.48926556600003, -17.864802262999945], [31.489263566000034, -17.864882268999907], [31.48917556900011, -17.864961275999974], [31.489089571000136, -17.865041281999936], [31.4890005740001, -17.865279299999884], [31.488910576000137, -17.865439312999968], [31.48882157900016, -17.865680331999954], [31.48873158200007, -17.865920350999886], [31.488641584000106, -17.86615836899989], [31.488552587000072, -17.866319381999972], [31.488693583000043, -17.867452469999932], [31.488689583000053, -17.867612481999856], [31.48877358100009, -17.86761448299984], [31.48885557900013, -17.867698488999963], [31.488853579000136, -17.867778494999982], [31.488935577000177, -17.867860501999928], [31.488933577000182, -17.867942507999885], [31.489013575000058, -17.868104520999964], [31.489007575000073, -17.868346539999948], [31.489000575000034, -17.868588557999942], [31.488996575000044, -17.868749570999967], [31.489074573000096, -17.86899358999989], [31.489072573000158, -17.86907559599996], [31.48903257500018, -17.870686721999846], [31.48902857500002, -17.870849734999922], [31.489027575000136, -17.87092974099994], [31.489021576000084, -17.87117175999998], [31.48893157800012, -17.87132977199991], [31.48892757800013, -17.871491784999932], [31.487958606000063, -17.873164915999894], [31.487873609000076, -17.873242921999974], [31.487787611000044, -17.87332092799994], [31.48778561100005, -17.873402933999955], [31.487615616000085, -17.873479939999925], [31.487525619000053, -17.873637952999957], [31.487440621000133, -17.87371795899992], [31.48782361100018, -17.875259078999875], [31.48790560900005, -17.87534108499983], [31.48798760600016, -17.875425091999944], [31.487983607000103, -17.87558610399992], [31.48797860700006, -17.875828122999962], [31.488060605000044, -17.87591012999991], [31.48805660500011, -17.87607214199994], [31.48804860500013, -17.876314160999982], [31.488042604999976, -17.876554179999914], [31.48803960600003, -17.876717192999934], [31.488033606000045, -17.87695921099987], [31.488029606000055, -17.877119223999955], [31.488023606000127, -17.877361242999825], [31.488101604000178, -17.877605261999918], [31.48809460400014, -17.877848280999956], [31.488084605000097, -17.87825031199992], [31.488080605000107, -17.878412324999942], [31.488164603000143, -17.878414324999937], [31.48816360300009, -17.878494330999956], [31.4877226160001, -17.879284392999978], [31.487638618000062, -17.879282392999983], [31.486120661000143, -17.879328396999938], [31.486036663000107, -17.879326396999886], [31.484857696000176, -17.879299394999975], [31.484853696000187, -17.879379400999937], [31.484769699000083, -17.879377400999942], [31.484684701000162, -17.879456406999964], [31.484680701000173, -17.879618419999872], [31.484594704000074, -17.879696425999953], [31.4845087060001, -17.87977443199992], [31.484136717000126, -17.881138538999892], [31.48413271800007, -17.881298550999816], [31.484045720000154, -17.8814585639999], [31.484037720000174, -17.88170058199995], [31.483947723000142, -17.881941600999824], [31.48393672399999, -17.88242363899991], [31.48393072400006, -17.882585650999886], [31.484012722000102, -17.882748663999962], [31.484004722000122, -17.882990682999946], [31.484087720000048, -17.883074689999944], [31.484085720000053, -17.883154695999906], [31.48369473200006, -17.885323864999975], [31.48369073200007, -17.885485877999884], [31.483688732000076, -17.885565883999845], [31.48368673200008, -17.885647889999973], [31.483684732000143, -17.885727895999935], [31.48359873400011, -17.88580590299989], [31.483593735000113, -17.88596791499998], [31.483587735000185, -17.886208933999853], [31.483583735000025, -17.886370946999932], [31.483049751000067, -17.887488033999887], [31.482963753000035, -17.887567039999965], [31.482877756000164, -17.887645045999932], [31.48287575600017, -17.887727052999935], [31.48279075800002, -17.887805058999845], [31.482788758000083, -17.887885064999978], [31.48278675800009, -17.887967070999935], [31.482698761000165, -17.88804507699996], [31.48269676100017, -17.888125083999853], [31.48261076299997, -17.888204089999817], [31.482606763000035, -17.888366102999896], [31.482238774000052, -17.889567195999973], [31.482236774000057, -17.889647202999925], [31.482151777000183, -17.889728208999884], [31.482149777000018, -17.88980821499996], [31.482065779000038, -17.889806214999965], [31.482063779000043, -17.889886220999927], [31.481977782000115, -17.88996422699995], [31.481969782000135, -17.890206245999934], [31.481884785000148, -17.890286251999953], [31.481880785000158, -17.890447264999978], [31.481515796000053, -17.89156835199998], [31.48151379600006, -17.891648358999873], [31.48151079600018, -17.891728364999892], [31.481424797999978, -17.891809370999965], [31.481338801000106, -17.891887376999932], [31.48133680100011, -17.891967383999884], [31.48125080300008, -17.892047389999846], [31.481166806000147, -17.892045389999964], [31.48116480600015, -17.892125395999926], [31.481161806000102, -17.892205401999945], [31.480991811000138, -17.892282407999915], [31.480905813000163, -17.89236241499998], [31.480819816000064, -17.892440420999947], [31.480733818000033, -17.89243842099995], [31.480648820000113, -17.89251642699992], [31.480646820000118, -17.89259643299988], [31.480562823000184, -17.892594432999886], [31.48056082300019, -17.892676438999956], [31.480474824999988, -17.892755444999977], [31.48038882800006, -17.892833451999934], [31.480384828000126, -17.89291545799989], [31.48030083000009, -17.892913457999896], [31.48029982999998, -17.89299346399997], [31.480297831000087, -17.893073469999933], [31.480213833000107, -17.89307146999994], [31.480043838000142, -17.89314747599991], [31.479959840000106, -17.893146475999913], [31.479955840000116, -17.89322848199987], [31.479871843000012, -17.893226481999875], [31.479869843000017, -17.89330648899994], [31.479702847000055, -17.89330248799996], [31.479700847000117, -17.893382494999912], [31.479616850000184, -17.893380493999928], [31.479532852000148, -17.893378493999933], [31.479528852000158, -17.893458500999884], [31.479360857000188, -17.893455499999902], [31.479358857000022, -17.893537506999962], [31.47927486000009, -17.893535506999967], [31.47919086200011, -17.893533506999972], [31.479188862000115, -17.893613512999934], [31.479105864000132, -17.89361151299994], [31.479019867000034, -17.893609512999944], [31.479017867000096, -17.893689518999906], [31.47893386900006, -17.89368751899991], [31.478931869000064, -17.893767524999873], [31.47884787200013, -17.89376552499988], [31.478845872000136, -17.89384753099995], [31.4787618740001, -17.89384653099995], [31.478675877, -17.893924536999975], [31.47859087900008, -17.893922536999924], [31.478588879000085, -17.894002542999942], [31.478502881999987, -17.894080548999852], [31.478418884000178, -17.89407854899997], [31.478416884000183, -17.894160555999974], [31.478246889000047, -17.894237561999944], [31.478076894000083, -17.894233560999965], [31.477821901000084, -17.89438757399995], [31.477735903000053, -17.894385572999965], [31.477563908000093, -17.894544585999938], [31.47747991099999, -17.894542585999886], [31.477478911000105, -17.89462259199985], [31.477392913000074, -17.894700597999815], [31.47722091800017, -17.894778603999953], [31.47704892300004, -17.894935616999874], [31.476877928000192, -17.895013622999954], [31.476875928000027, -17.895093628999916], [31.47679193, -17.89509162899992], [31.476789930000052, -17.895171634999883], [31.476272945000176, -17.895644671999946], [31.476184948000082, -17.895802683999875], [31.47609995000016, -17.895801683999878], [31.476011953000068, -17.89596169699996], [31.475843957000166, -17.895957696999915], [31.475841957, -17.896037702999934], [31.475753960000134, -17.896115708999844], [31.475669962000097, -17.896113708999962], [31.475584965000053, -17.896192714999927], [31.47541297000015, -17.896350726999913], [31.47524097500019, -17.896426732999885], [31.47515297700005, -17.89658674599991], [31.47498198200003, -17.896743757999957], [31.474893984000175, -17.896823764999965], [31.474721989000102, -17.8969797769999], [31.474636992000057, -17.897058782999977], [31.474634992000063, -17.897140788999934], [31.474548994000088, -17.89713878899994], [31.474546994000093, -17.897218794999958], [31.474544994999974, -17.897298801999852], [31.47445899700017, -17.897376807999933], [31.47445499700018, -17.89753881999991], [31.474370000000192, -17.89761682699998], [31.474368, -17.897698832999822], [31.474364, -17.897859844999914], [31.474274002000072, -17.898019857999827], [31.474272003000124, -17.89809986399996], [31.474270003000186, -17.89817986999992], [31.474185005000038, -17.898259876999873], [31.474183005000043, -17.89833988299995], [31.47409900800011, -17.898337882999954], [31.47392501200011, -17.898494894999942], [31.47375501700003, -17.89857290099991], [31.473582022000187, -17.898728912999957], [31.473496025000088, -17.89880791999991], [31.47341202700005, -17.898805919999916], [31.473326030000123, -17.898885925999878], [31.473242032000087, -17.898883925999826], [31.473155034000172, -17.898961931999963], [31.473071037000068, -17.89895993199997], [31.47195906800016, -17.899659986999893], [31.471955069000103, -17.899821998999982], [31.471867071000133, -17.89990000499995], [31.471859071000154, -17.90022303099994], [31.471854072000042, -17.90046504899982], [31.47176407400019, -17.90070506799998], [31.47167407700016, -17.900864080999952], [31.471587079000017, -17.901024092999876], [31.471581080000192, -17.901266111999917], [31.471497082000155, -17.90126411199992], [31.47149508200016, -17.901344117999884], [31.46945414000004, -17.90202317199993], [31.469285145000185, -17.90210017799984], [31.46920114700015, -17.90209817799996], [31.469113150000055, -17.90217818399998], [31.468943155000147, -17.90225418999995], [31.468857157000116, -17.902332195999918], [31.46877315900008, -17.902330195999866], [31.46860216400006, -17.90240720199995], [31.468518167000127, -17.902405201999954], [31.468432169000152, -17.902485207999973], [31.468348171000116, -17.90248320799998], [31.468262174000188, -17.902561213999945], [31.468176176000156, -17.902559213999893], [31.468092179000053, -17.9025572139999], [31.46809117900017, -17.902638219999858], [31.468005181000137, -17.90271622599994], [31.467921184000033, -17.902714225999944], [31.46783118600007, -17.902874238999914], [31.467743189000146, -17.903032250999956], [31.467742189000035, -17.90311425699997], [31.467654191000065, -17.903273269999886], [31.467566194000142, -17.90343328199998], [31.467478196000172, -17.90351128799989], [31.46747519700017, -17.90367330099997], [31.467391199000133, -17.903671300999974], [31.467387198999972, -17.903832312999896], [31.467303201000163, -17.9038303129999], [31.46617823400004, -17.905014405999907], [31.46609023600007, -17.905092411999874], [31.46583424300013, -17.905249423999976], [31.465664248000166, -17.90532542999989], [31.46557525100019, -17.905485442999975], [31.465405256000054, -17.905561448999947], [31.465231261000156, -17.90571846099988], [31.465060266000137, -17.90587647399991], [31.46497226800011, -17.90603548599995], [31.464884271000187, -17.90611549199997], [31.46480027299998, -17.906113491999974], [31.463334315000054, -17.907450596999865], [31.46316432000009, -17.90752660299995], [31.462992325000187, -17.907684614999937], [31.462821329000064, -17.907761620999906], [31.46273333200014, -17.907921633999933], [31.46264733400011, -17.9079996399999], [31.462559337000016, -17.90807764599998], [31.462388342, -17.908236658999954], [31.462298345000136, -17.908476676999953], [31.46220634700012, -17.908714695999834], [31.462119350000137, -17.908875707999982], [31.46211334999998, -17.909117726999966], [31.462027352000177, -17.909195732999933], [31.462021353000125, -17.9093577459999], [31.46201835300002, -17.909517757999936], [31.46193035500005, -17.909678770999903], [31.461926356000163, -17.90983878399993], [31.461922356000173, -17.910000795999906], [31.461838358000136, -17.909998795999854], [31.46183635799997, -17.910078801999873], [31.460526396000148, -17.911903944999835], [31.460440398000117, -17.911902944999838], [31.460270403000038, -17.91197895099998], [31.460269403000098, -17.912060956999937], [31.46018340600017, -17.912138962999904], [31.46009540800003, -17.91221696899987], [31.458989440000153, -17.91267700599991], [31.458737447000033, -17.91267100499988], [31.458567451000135, -17.91266700499989], [31.458399456, -17.91266400499984], [31.458062466, -17.912654003999876], [31.457812473000047, -17.912567997999872], [31.457558480000046, -17.912561996999898], [31.457474482000066, -17.912560996999844], [31.457392485000128, -17.912478990999887], [31.45730848700009, -17.91247699099989], [31.45588252700003, -17.912201969999956], [31.455800528999987, -17.912117962999957], [31.455716532000054, -17.912115962999962], [31.455632534000074, -17.912113962999967], [31.455546536000043, -17.91219396899993], [31.455208546000165, -17.912184968999895], [31.455123548000017, -17.91226497499997], [31.455037551000146, -17.912342980999938], [31.45486755600018, -17.912338980999948], [31.454783558000145, -17.912336980999953], [31.45469956000011, -17.912334980999958], [31.454449567000154, -17.912249973999963], [31.45394858200018, -17.912075960999857], [31.453528593000158, -17.911984953999877], [31.453362598000183, -17.911900946999936], [31.453278600000147, -17.91189894699994], [31.453024608000078, -17.9118929469999], [31.45277561400013, -17.911806939999963], [31.452693617000136, -17.911722933999954], [31.45107166300005, -17.912493993999874], [31.451069663000112, -17.91257400099994], [31.450985665000076, -17.912572000999944], [31.45090066800003, -17.91265000699991], [31.45072867300013, -17.912728012999878], [31.45055867700006, -17.91280501899996], [31.450474680000127, -17.912803018999966], [31.45038768200004, -17.912881024999933], [31.450301685000113, -17.9129590309999], [31.450049692000164, -17.91295303099986], [31.449877697000034, -17.913032036999823], [31.44970870200018, -17.913108042999966], [31.449536706000174, -17.91318404899988], [31.44945270900007, -17.913182048999886], [31.44936671100004, -17.913261054999964], [31.449282714000105, -17.91325905499997], [31.44919871600007, -17.913257054999974], [31.44919671600013, -17.913337060999936], [31.44902772100005, -17.913333060999946], [31.448941723000075, -17.913413066999908], [31.448855726000147, -17.913491072999875], [31.448685731000182, -17.91356807899996], [31.448597733000042, -17.913646084999982], [31.44851273600017, -17.913726090999944], [31.448342740000157, -17.91380209699986], [31.448168745000032, -17.91395910999995], [31.448082748000104, -17.914039115999913], [31.44791375300008, -17.914115121999885], [31.44782575500011, -17.914193127999965], [31.447823755000115, -17.914273133999927], [31.44765376000015, -17.91435214099988], [31.447566763000168, -17.91451015299998], [31.447480765000137, -17.91450815299993], [31.44747876500014, -17.914590158999943], [31.447390768000048, -17.914748171999975], [31.447304770000073, -17.91482617799994], [31.447220772000037, -17.914825177999944], [31.447218773000145, -17.9149071839999], [31.44713177500006, -17.914985189999868], [31.447129775000064, -17.91506519599983], [31.4469597800001, -17.915141201999973], [31.44687178200013, -17.915301214999886], [31.44678478500009, -17.915380220999964], [31.446612790000188, -17.91553823299995], [31.446442795000053, -17.91561423899998], [31.44626980000004, -17.915771251999956], [31.446185802, -17.915769251999905], [31.446183802000064, -17.91585125799992], [31.446097805000136, -17.915929263999885], [31.445927809000068, -17.915925263999952], [31.44575781400016, -17.91600126999998], [31.44558881900008, -17.916078275999894], [31.445502821000105, -17.9160762759999], [31.44550082100011, -17.916158281999856], [31.445416824000176, -17.916156281999974], [31.44524682900004, -17.916232287999946], [31.445075834000193, -17.91630829399992], [31.444907838000177, -17.916305293999926], [31.44473784300004, -17.916381299999898], [31.444651846000113, -17.916379299999846], [31.44456584800008, -17.916457305999813], [31.44439785300017, -17.916453304999948], [31.444228858000088, -17.91653231199996], [31.44405686200008, -17.916608317999874], [31.443886867000174, -17.91668432399996], [31.443715872000098, -17.91676132999993], [31.443629875, -17.916841335999948], [31.44354587700019, -17.916839335999896], [31.44345987900016, -17.916917341999863], [31.443375882000055, -17.91691534199998], [31.443287884000085, -17.91699334799995], [31.443118889, -17.917070353999975], [31.443032892000076, -17.917150359999937], [31.442858896000075, -17.917306372999974], [31.442856897000183, -17.917386378999936], [31.442687901000056, -17.917464384999903], [31.442597903999967, -17.917623396999943], [31.442511906000163, -17.917701402999967], [31.442339911000033, -17.91785941599983], [31.44233891100015, -17.91793942199996], [31.442250914000056, -17.918017427999928], [31.44224891400006, -17.918099434999874], [31.442162916000086, -17.918178440999952], [31.442078919000153, -17.918176440999957], [31.442074919000163, -17.918338452999933], [31.441987922000123, -17.918496465999965], [31.441899924000154, -17.918574471999932], [31.44181192700006, -17.91873548399991], [31.44172592900003, -17.918813489999877], [31.44163693200005, -17.918973502999904], [31.441378939000117, -17.919208520999973], [31.441205944000103, -17.91936653399989], [31.441033948999973, -17.91952254599994], [31.440945951000174, -17.91968355799986], [31.440774956000155, -17.919759563999946], [31.440688959000056, -17.919837570999903], [31.440602961000025, -17.91991757699992], [31.440514964000158, -17.91999558299983], [31.440428966000127, -17.920074588999967], [31.440257971000108, -17.920232600999896], [31.440255971000113, -17.92031260799996], [31.440169974000185, -17.920310607999966], [31.44016797400019, -17.920390613999928], [31.435392110000123, -17.92431492099996], [31.435390110000128, -17.924396927999908], [31.43530611200009, -17.924394927999856], [31.435133117000078, -17.92455093999996], [31.435045120000154, -17.924710951999884], [31.434871125000086, -17.92486796499992], [31.43364916000013, -17.926535094999906], [31.433561163000036, -17.92669310699995], [31.433557163000046, -17.926855119999914], [31.433469165000076, -17.927014131999954], [31.43346716500008, -17.927096138999957], [31.433378168000104, -17.927254150999886], [31.43337616800011, -17.92733415699996], [31.43329017100018, -17.92741416299998], [31.43320417299998, -17.92749216999988], [31.433202172999984, -17.927572175999842], [31.43311517600017, -17.927651181999977], [31.43293918100011, -17.927971206999928], [31.432849183000087, -17.928129218999914], [31.432676188000073, -17.928368237999962], [31.432588191000036, -17.92852624999989], [31.43163521800011, -17.929554330999963], [31.431549221000182, -17.92963233699993], [31.431461223000042, -17.929711342999894], [31.431375226000114, -17.929789348999975], [31.431291228000077, -17.92978734899998], [31.431203231000154, -17.929947361999893], [31.43111623300007, -17.930025367999974], [31.43094623800016, -17.930102373999944], [31.430858240000134, -17.930262385999924], [31.430687245000115, -17.93033839199984], [31.43068524500012, -17.930418397999972], [31.430601248000187, -17.930416397999977], [31.430599248000192, -17.930498404999923], [31.429741272000115, -17.931124453999928], [31.42965727500018, -17.931122453999876], [31.429655275000187, -17.931202459999895], [31.429569277000155, -17.931200459999843], [31.429401282000185, -17.931196459999967], [31.429231287000107, -17.931273465999936], [31.42914428900019, -17.931351471999903], [31.42897629400005, -17.931347470999924], [31.42889029600019, -17.931427477999875], [31.428720301000055, -17.931423477999886], [31.428636304000122, -17.931420476999904], [31.428384311000173, -17.931414476999976], [31.42821731500004, -17.931410476999815], [31.426365368000177, -17.93128646799994], [31.42619737200016, -17.93128246699996], [31.426195372000166, -17.931364473999906], [31.426109375000067, -17.93136247399991], [31.426023377000035, -17.93144047999988], [31.425937380000107, -17.931519485999956], [31.42576938400009, -17.931515485999967], [31.42568238700005, -17.931593491999934], [31.42439842300007, -17.93237155299994], [31.424314426000137, -17.932369552999944], [31.424312426000142, -17.932449558999963], [31.424141431000123, -17.932526564999876], [31.424057433000087, -17.93252456499988], [31.42397143600016, -17.93260257099996], [31.423969436, -17.932684577999964], [31.423885438000184, -17.93268257699998], [31.42158150400013, -17.933758661999946], [31.42141150800012, -17.933834667999918], [31.42132551100019, -17.933912673999885], [31.421241513000155, -17.933911673999887], [31.421238513000105, -17.933993680999947], [31.421154516000172, -17.933991679999963], [31.421152516000177, -17.934071686999914], [31.421066518000146, -17.93414969299988], [31.420892523000077, -17.93430770499998], [31.42080652600015, -17.934385710999948], [31.42072152800006, -17.934464716999912], [31.420633531000135, -17.93462472999994], [31.418571589000067, -17.936108845999968], [31.418235599000127, -17.93610084599993], [31.418150601000036, -17.936098845999936], [31.41814860100004, -17.936178851999898], [31.418064604000108, -17.936176851999903], [31.417896608000092, -17.936173851999854], [31.417810611000164, -17.936253857999873], [31.41764061600003, -17.93624985799994], [31.417471621000175, -17.93632586399997], [31.417303625000102, -17.936321862999932], [31.417215628000065, -17.936400869999886], [31.41636065199998, -17.936863905999928], [31.416359652000097, -17.936945911999942], [31.416275655000163, -17.936943911999947], [31.416273655000168, -17.93702391799991], [31.416271655000173, -17.937103924999974], [31.416187656999966, -17.93710192499998], [31.41618565699997, -17.93718293099994], [31.416097660000105, -17.9372629369999], [31.41609566000011, -17.937342942999862], [31.41601066200019, -17.93742094899983], [31.415922665000096, -17.937580961999913], [31.4159206650001, -17.937660967999875], [31.41591666500011, -17.93774097399995], [31.415828668000017, -17.93790198699992], [31.415741670000102, -17.93805999899996], [31.415739670000107, -17.938142005999964], [31.415735670000174, -17.938302017999888], [31.415649673000075, -17.938300017999893], [31.41564767300008, -17.93838002399997], [31.415641673000096, -17.938623042999893], [31.415556676000108, -17.938701048999974], [31.415554676000113, -17.938783055999977], [31.41546867800008, -17.938861061999944], [31.41546467800009, -17.938941067999906], [31.415378681, -17.939019073999873], [31.41503569000014, -17.939254092999875], [31.415033691000076, -17.93933409899995], [31.414947693000045, -17.93941410499997], [31.414863695000065, -17.939412104999974], [31.414777698000137, -17.939490110999884], [31.41469269999999, -17.939489110999887], [31.414608703000056, -17.93948711099989], [31.412048775000187, -17.94070920699994], [31.411964778000083, -17.940707206999946], [31.41196277800009, -17.940787212999908], [31.411960778000093, -17.94087021999985], [31.41178778300008, -17.941026231999956], [31.411701785000105, -17.941104237999923], [31.411615788000177, -17.941184243999885], [31.411430793000022, -17.941825293999898], [31.41142679300009, -17.941985306999925], [31.41142479399997, -17.94206731299994], [31.411422793999975, -17.9421473189999], [31.411419794000096, -17.942228325999963], [31.41133379600012, -17.94230633199993], [31.411329796000132, -17.942468343999906], [31.411243799000033, -17.942546349999873], [31.411239799000043, -17.94270836299995], [31.411237799000048, -17.942788368999913], [31.411150802000066, -17.942867374999878], [31.41114880200007, -17.942949381999938], [31.41106280400004, -17.943027387999905], [31.41097680700011, -17.943105393999872], [31.410802812000043, -17.94326340599997], [31.410717814000122, -17.943341412999928], [31.41062981700003, -17.943500424999968], [31.41045582200013, -17.943658436999954], [31.410200829000075, -17.943813448999947], [31.410028834000116, -17.94389145599996], [31.40994283600014, -17.94396946199987], [31.409856839000042, -17.944047467999837], [31.409767841000132, -17.944207479999932], [31.409681844000033, -17.944286486999886], [31.409511848000136, -17.944362491999982], [31.408479878000037, -17.94514455399991], [31.40839388, -17.945224559999872], [31.40830888300019, -17.945222559999877], [31.408140888000048, -17.945218559999944], [31.407970892000037, -17.94529556599997], [31.407798897000077, -17.945371571999885], [31.407629902000053, -17.94544757799997], [31.40728991200018, -17.94552058399995], [31.407119916000113, -17.945598589999918], [31.40711791700005, -17.94567859599988], [31.40703291900013, -17.945676595999885], [31.40686492400016, -17.945672595999895], [31.406866924000155, -17.945592588999943], [31.40669892800014, -17.945586588999902], [31.406616930999974, -17.945504582999945], [31.406450935000123, -17.945420575999947], [31.40619694200018, -17.94541557599996], [31.406198942000117, -17.945333568999956], [31.406114945000013, -17.94533156899996], [31.40611694500018, -17.945251562999886], [31.405948949000162, -17.94524756299984], [31.405780954000193, -17.945163555999898], [31.405531961000122, -17.9450755499999], [31.405363966000152, -17.94507154899992], [31.405193971000017, -17.945068548999927], [31.404941978000068, -17.945062548999886], [31.40485798000003, -17.94506054899989], [31.40477098300005, -17.94513855499997], [31.404684985000188, -17.945218560999933], [31.40460098699998, -17.94521656099994], [31.404430992000073, -17.945293566999908], [31.40434299500015, -17.945371572999875], [31.40417200000013, -17.945529584999974], [31.40391600700019, -17.945604590999892], [31.40374401200006, -17.94576060399993], [31.40365901400014, -17.945838609999953], [31.403571017000047, -17.945918615999915], [31.40167907100016, -17.94740673299998], [31.40159107300019, -17.94756674499996], [31.401503076000097, -17.947644750999928], [31.401417078000065, -17.947723756999892], [31.401246083000046, -17.947881769999924], [31.401158086000123, -17.94795977599989], [31.40107208800015, -17.94803778199997], [31.40098609100005, -17.94811778799982], [31.400813096000036, -17.948274799999922], [31.400557103000097, -17.948428812999964], [31.40038610800002, -17.94850781899993], [31.400214113000118, -17.948663830999976], [31.400040118, -17.948821842999962], [31.399869122000098, -17.94897885599994], [31.399695127000143, -17.949136867999925], [31.399439135000137, -17.949290879999978], [31.399350137000056, -17.94945189299989], [31.399178142000096, -17.949607904999937], [31.399090145, -17.949767916999917], [31.39891515, -17.950004935999914], [31.398827152000024, -17.950164947999895], [31.398738155000046, -17.950322960999927], [31.39865015700019, -17.950483972999848], [31.39856416000009, -17.950561978999815], [31.398480162000112, -17.950559978999934], [31.39839216500019, -17.950637984999958], [31.398307167000098, -17.95071799199991], [31.39822117000017, -17.95079599799982], [31.398137172000133, -17.950793997999938], [31.398047175000045, -17.95095300999992], [31.397963177, -17.950951009999926], [31.397877180000137, -17.951031015999888], [31.397706184000185, -17.951107021999974], [31.39770418400019, -17.951187027999936], [31.39761818700009, -17.95126603499989], [31.397530189000065, -17.951426046999813], [31.397359194000046, -17.951502052999956], [31.39735519500016, -17.951664065999978], [31.397183199000153, -17.951821077999966], [31.397093202000065, -17.95198108999989], [31.397006205000082, -17.952139102999922], [31.39692020700005, -17.95221710899989], [31.396834209000076, -17.95229711499985], [31.396744212000158, -17.952456127999938], [31.396575217000134, -17.95253213399991], [31.396485219000112, -17.952692145999947], [31.3962312270001, -17.95276715199992], [31.396062231000144, -17.952763151999932], [31.395976234000045, -17.9528411579999], [31.39580623900008, -17.952917163999928], [31.395722241000044, -17.952915163999933], [31.394879265000156, -17.952896162999934], [31.394629272000145, -17.95281115599994], [31.394375278999973, -17.952805155999954], [31.39437727899997, -17.95272314899995], [31.39429328100016, -17.952721148999956], [31.394295281000154, -17.95264114299988], [31.39412828600007, -17.952637142999833], [31.394045288000143, -17.952555135999887], [31.393880293000052, -17.952389122999932], [31.39371429700003, -17.95230511699998], [31.39354630200006, -17.952301116999934], [31.393462305000128, -17.95229911699994], [31.393298309000045, -17.95213310399987], [31.3930443160001, -17.952128103999883], [31.392878321000126, -17.95204209699989], [31.39279432300009, -17.952040096999895], [31.392625328000065, -17.952036096999905], [31.39229333700007, -17.951868083999955], [31.39203934500017, -17.951863082999978], [31.391873349000093, -17.951777076999974], [31.39179135100005, -17.95169506999997], [31.389962403000084, -17.950683991999938], [31.38971241000013, -17.95059598599994], [31.389376419000087, -17.95050797899995], [31.389208424000174, -17.95050497899996], [31.389126426000132, -17.950422971999956], [31.38904342799998, -17.95042097199996], [31.388960431000157, -17.950336965999952], [31.388625440000055, -17.95024895899985], [31.38820945200007, -17.94999693899996], [31.387793463000037, -17.949825925999846], [31.387543470000082, -17.949657912999953], [31.387377475000108, -17.949573906999944], [31.387295477000066, -17.949491899999828], [31.387213480000128, -17.949407893999876], [31.38704748400005, -17.94932388799998], [31.386967486000174, -17.94916187499996], [31.38679849100015, -17.949155874999917], [31.386470500000087, -17.948825848999945], [31.38622250700007, -17.94865983599982], [31.386140510000132, -17.94857582999998], [31.386056512000152, -17.948573828999884], [31.385972514000116, -17.948491822999927], [31.385888517000183, -17.948489822999875], [31.385890517000178, -17.948409816999913], [31.385558526000125, -17.948240803999965], [31.385392530000104, -17.948156796999854], [31.38531053300011, -17.948072790999902], [31.385224535000134, -17.948070790999907], [31.385142537000092, -17.94798878399996], [31.384976542000118, -17.947904777999952], [31.3847285490001, -17.94773676499989], [31.384478556000147, -17.94756875199994], [31.384146565000094, -17.947398738999937], [31.38381657500014, -17.94715071999991], [31.383649579000178, -17.947065712999972], [31.383565582000074, -17.947063712999977], [31.383567581000136, -17.94698370699996], [31.383231591000083, -17.946975705999932], [31.38280960300017, -17.946965705999958], [31.382725605000132, -17.946962704999976], [31.382640608000088, -17.94696070499998], [31.38255661000011, -17.94695870499993], [31.382558610000103, -17.946878698999967], [31.382474612000067, -17.946876698999972], [31.382390615000133, -17.946874698999977], [31.382136622000132, -17.946868697999946], [31.381295646000012, -17.946849696999948], [31.381041653000068, -17.94684169699991], [31.380873657, -17.94683869599993], [31.380618665000043, -17.946914701999845], [31.380450669000027, -17.946908701999973], [31.380194677000134, -17.946984707999945], [31.380025681, -17.947061713999915], [31.379941684000073, -17.94705971399992], [31.379857686000094, -17.947057713999925], [31.3798556860001, -17.947137719999887], [31.37976968900017, -17.947135719999835], [31.37968369100014, -17.947213725999973], [31.37959769400004, -17.947292731999937], [31.379511696000066, -17.94737273899989], [31.379424699000026, -17.94745074499997], [31.37925670300018, -17.947446743999876], [31.37917070600008, -17.947524750999946], [31.379086708000045, -17.947522749999962], [31.37900271, -17.947520749999967], [31.3788327150001, -17.947517749999975], [31.37866872000012, -17.947351736999963], [31.37858572199997, -17.947349736999968], [31.37858672200008, -17.947269730999892], [31.378503724000154, -17.947267730999897], [31.378420727000105, -17.94718572399995], [31.37792674000019, -17.946689685999957], [31.377844743000026, -17.94660567899996], [31.377850742000078, -17.94636566099996], [31.377854742000068, -17.946283653999956], [31.377856742000063, -17.946202647999883], [31.377860742000053, -17.94604263599996], [31.377864742000042, -17.94588062299988], [31.377951739000025, -17.9457206109999], [31.37795373900019, -17.945640603999948], [31.378041737, -17.94556259799998], [31.37804573700015, -17.94539958499996], [31.378049736000037, -17.94523957299998], [31.378050736000148, -17.945159566999905], [31.378056736000076, -17.944917547999978], [31.37805873600007, -17.94483554199985], [31.37806273600006, -17.944755534999956], [31.37806673600005, -17.944595522999975], [31.378068736000046, -17.944513515999915], [31.378071735000162, -17.944352503999937], [31.377989738000053, -17.94426849699994], [31.37799173800005, -17.944188490999977], [31.377909740000177, -17.944106484999907], [31.377661747, -17.943938471999957], [31.377581749000115, -17.943776458999878], [31.37749975100013, -17.943692452999926], [31.377329756000165, -17.943689452999877], [31.3770787630001, -17.943683451999902], [31.376994765000063, -17.943681451999907], [31.376908768000135, -17.943679451999856], [31.376656775000185, -17.94367345199987], [31.376574777000144, -17.943591444999925], [31.37649078000004, -17.94358944499993], [31.376492780000035, -17.943507438999916], [31.376328784000123, -17.943343425999956], [31.376330784000118, -17.943261419999885], [31.376332784000112, -17.943181412999934], [31.37625078600007, -17.943099406999977], [31.376252786000066, -17.943019400999958], [31.37625478600006, -17.942937393999898], [31.376174788000185, -17.942775381999923], [31.376181788000054, -17.94245335699992], [31.376185787999987, -17.942290343999957], [31.37618778799998, -17.94221033799988], [31.37619178700004, -17.942128330999935], [31.376105790000167, -17.94212633099994], [31.37602179200013, -17.942125330999943], [31.375939795000193, -17.94204332499993], [31.375855797000156, -17.942041324999934], [31.375687802000186, -17.942037324999944], [31.37551880600006, -17.942033323999965], [31.375182816000176, -17.94202532399993], [31.37518081600018, -17.94210532999989], [31.375010821000046, -17.942102329999898], [31.374924823000015, -17.94218033599998], [31.374669830000187, -17.942254341999956], [31.374583833000088, -17.942334347999918], [31.37449983500005, -17.942332347999923], [31.374415838000118, -17.942329347999873], [31.37433184000008, -17.94232734799988], [31.374169844, -17.942083328999956], [31.37417184400016, -17.942001321999896], [31.37408984700005, -17.941919315999883], [31.374091847000045, -17.941838309999923], [31.374093846000108, -17.941756302999977], [31.374095846000102, -17.941676296999844], [31.374104846000137, -17.94127426599988], [31.37410684600013, -17.941192258999934], [31.374112846000116, -17.941032246999953], [31.37402884800008, -17.940950240999882], [31.374034848, -17.940787227999976], [31.37403984800011, -17.940545208999936], [31.3760277880001, -17.932120551999958], [31.377022759000056, -17.929407339999898], [31.377028758000108, -17.92924532799998], [31.377030758000103, -17.92916532199996], [31.377038758000083, -17.928843296999958], [31.376982759000157, -17.927712207999946], [31.371524904000182, -17.90733062299995], [31.37144090700008, -17.9073286229999], [31.358610267000188, -17.904846433999978], [31.32830911900004, -17.898643962999927], [31.327800134000142, -17.898791974999938], [31.327727136000135, -17.898822976999952], [31.315852460000087, -17.873665020999965], [31.31173457200009, -17.86533437299994], [31.335054907000085, -17.84644089099993], [31.355449343000146, -17.872260895999887], [31.363407115000086, -17.864299271999982], [31.366457030000106, -17.86687247099991], [31.36851097100015, -17.86401524799993], [31.36569005000007, -17.86233411799992], [31.425367360000052, -17.844605711999975], [31.425451357000156, -17.84460771199997], [31.42553735500013, -17.84452970599989], [31.42567435100011, -17.84422868299987], [31.394950212000026, -17.831470698999965], [31.382701555000097, -17.826261297999963], [31.378823660000137, -17.8165695429999], [31.372111847000156, -17.81222420599994], [31.36723498300006, -17.80863792899993], [31.367150986000127, -17.808635927999944], [31.36690299300011, -17.80846991599998], [31.367202179, -17.807740847999867], [31.367196781000132, -17.80833402299993], [31.371584894000193, -17.802438405999965], [31.379014878000135, -17.802500133999956], [31.390175870000064, -17.800812649999955], [31.398817730000133, -17.80384973299988], [31.408745629000066, -17.801557849999938], [31.416805351000107, -17.800436796999918], [31.42545815400007, -17.802286351999953], [31.435984242000075, -17.802370816999883], [31.453976404000173, -17.79836119199996], [31.462000283000123, -17.801390662999893], [31.46570020100006, -17.80319945499997], [31.47006082300004, -17.800376928999867]]]]}}, {"type": "Feature", "properties": {"GID_3": "ZWE.5.2.10_2", "GID_0": "ZWE", "COUNTRY": "Zimbabwe", "GID_1": "ZWE.5_1", "NAME_1": "Mashonaland East", "NL_NAME_1": "NA", "GID_2": "ZWE.5.2_2", "NAME_2": "Goromonzi", "NL_NAME_2": "NA", "NAME_3": "Ward 18", "VARNAME_3": "NA", "NL_NAME_3": "NA", "TYPE_3": "Ward", "ENGTYPE_3": "Ward", "CC_3": "NA", "HASC_3": "NA", "id": "ZWE.5.2.10_2", "name": "Ward 18"}, "geometry": {"type": "MultiPolygon", "coordinates": [[[[31.506059064000056, -17.79268162999989], [31.50605706400006, -17.792567620999932], [31.506055064000066, -17.792452612999966], [31.506176060000143, -17.792451611999866], [31.506172060000154, -17.79210558499983], [31.506052063000084, -17.79210758599993], [31.50602106300005, -17.789696396999886], [31.506015063000063, -17.789353370999947], [31.506132060000084, -17.789008343999967], [31.506248057000164, -17.78877532499996], [31.506475050000176, -17.787854252999978], [31.50671104300011, -17.787507225999946], [31.506826040000078, -17.78716119899991], [31.506942036000112, -17.786931180999886], [31.50706103300007, -17.786700162999978], [31.507297026000174, -17.78646714499996], [31.507413023000083, -17.78623612699994], [31.507886009000117, -17.785771089999912], [31.5081250020001, -17.785653080999907], [31.508481992000156, -17.78542006299989], [31.508837982000102, -17.785300052999844], [31.509076975000085, -17.78506703499994], [31.50919497200016, -17.78506703499994], [31.509671959000116, -17.78483101599994], [31.509789955000088, -17.784714006999934], [31.51002994800018, -17.78471200699994], [31.51014894500014, -17.78459599799993], [31.51026494200005, -17.784364979999907], [31.510382938000078, -17.784248969999908], [31.510500935000152, -17.784132960999898], [31.51061793100007, -17.783901942999876], [31.510615931000075, -17.783670924999967], [31.51072992800016, -17.78332589799993], [31.51084692500018, -17.782980870999893], [31.510962921000157, -17.78274985299987], [31.510958921, -17.782518834999962], [31.51107691800013, -17.782402825999952], [31.511074918000133, -17.782173807999982], [31.511071918000027, -17.781944789999955], [31.5110659180001, -17.781484753999905], [31.510943921000035, -17.78125573699998], [31.510939921000045, -17.781026718999954], [31.51093792100005, -17.78091270999994], [31.510935921000055, -17.780681691999973], [31.51105491800007, -17.780565682999963], [31.511170914000047, -17.78033466499994], [31.51140890800002, -17.780218654999942], [31.51176589800008, -17.779983636999873], [31.512001891000182, -17.77975061899997], [31.512122887000032, -17.77974861799987], [31.51235888100001, -17.779516599999965], [31.512356881000073, -17.779401590999953], [31.51235488100008, -17.779287581999938], [31.51247387700016, -17.77917157299993], [31.51246987700017, -17.778827545999945], [31.51246587700018, -17.778596527999923], [31.512345881000044, -17.778484519999893], [31.51234388100005, -17.77836951099988], [31.512221884000155, -17.77825550199998], [31.51221988400016, -17.778141492999964], [31.51209988700009, -17.778028483999947], [31.51197789100013, -17.777914474999932], [31.511736897000105, -17.77780146699996], [31.511494904000074, -17.777576448999923], [31.511132914000143, -17.777349430999948], [31.511008918000186, -17.777122413999905], [31.510766924000052, -17.776895395999873], [31.51064392800015, -17.77666637799996], [31.510399935000123, -17.776441360999968], [31.510155941, -17.776100333999977], [31.509913948000133, -17.775873316999935], [31.508692982000014, -17.774049174999845], [31.50869098200002, -17.773935165999887], [31.508803978000174, -17.77335912099994], [31.50879797800019, -17.772901084999887], [31.50891097500005, -17.77244004899984], [31.508904975000064, -17.771982012999956], [31.509020971999973, -17.77174899499994], [31.50913796800006, -17.771403967999902], [31.509251965000033, -17.770943931999966], [31.50936496100013, -17.770482895999976], [31.509598955000115, -17.77013486899989], [31.509716951000087, -17.769904850999865], [31.509833948000107, -17.769673832999956], [31.509829948000117, -17.769442814999934], [31.509947944000146, -17.76921179599998], [31.51006494100011, -17.768981777999954], [31.51018093800002, -17.768750759999932], [31.510296934000053, -17.768404732999898], [31.510413931000073, -17.768174714999873], [31.510409931000083, -17.767943696999964], [31.51052792800016, -17.767827687999954], [31.510519928, -17.767252642999892], [31.510518928000124, -17.76702462499992], [31.510510927000098, -17.76644958099996], [31.51050692800004, -17.76622156299993], [31.510384931000146, -17.765992544999904], [31.510380931000157, -17.765763526999933], [31.510258934000092, -17.765534508999906], [31.510254934000102, -17.765191481999977], [31.510130937999975, -17.76496246499994], [31.51012893799998, -17.76473344699997], [31.510003941000036, -17.764390419999927], [31.50999794100011, -17.76381537499998], [31.50987394400005, -17.76358735699995], [31.509871944000054, -17.76335833899998], [31.509747948000097, -17.76312932199994], [31.509745948000102, -17.76301431299993], [31.509623951000037, -17.762787294999896], [31.509501953999973, -17.76267328599988], [31.509501953999973, -17.762558276999982], [31.50937995800001, -17.76244626799985], [31.509257961000174, -17.762331258999836], [31.50925596100018, -17.762103241999966], [31.50925196100019, -17.761872223999944], [31.50925196100019, -17.761757214999932], [31.509367958000098, -17.761527196999907], [31.509484954000186, -17.761296177999895], [31.50960295100009, -17.761179168999888], [31.50972294800016, -17.76117816899989], [31.509842944000127, -17.761176168999896], [31.509961941000142, -17.761176168999896], [31.510321931000078, -17.761170167999865], [31.510441927000045, -17.761170167999865], [31.51056392400011, -17.761397185999897], [31.511288904000082, -17.761847220999925], [31.511530897000114, -17.76207423799997], [31.51165289400018, -17.762188246999813], [31.51177389000003, -17.76218724699993], [31.511891887000104, -17.762185246999934], [31.512011883000127, -17.76218324699994], [31.5122498770001, -17.76206623799993], [31.512368873000128, -17.761950227999932], [31.512604867000164, -17.761717209999915], [31.512721863000024, -17.761372182999878], [31.513190850000058, -17.760678128999928], [31.51330484600004, -17.760216092999883], [31.513419843000065, -17.759871065999846], [31.5135358390001, -17.759524038999928], [31.513771833000078, -17.759293019999973], [31.513770833000137, -17.759177010999963], [31.513888829000166, -17.759060001999956], [31.51388682900017, -17.75894599299994], [31.514004826000075, -17.75882998399993], [31.51400282600008, -17.75871497499992], [31.51412182300004, -17.75859896599991], [31.514239819000068, -17.758367947999886], [31.514355816000148, -17.758136929999978], [31.51447381200012, -17.758020920999968], [31.51447181200018, -17.757905911999956], [31.514588809000145, -17.75767589399993], [31.51470680600005, -17.757558884999924], [31.51494579900003, -17.75744087499993], [31.51506179600011, -17.757209856999907], [31.515301788999977, -17.75720585699986], [31.515419785000176, -17.757089847999964], [31.515538782000135, -17.756973838999954], [31.515658779000034, -17.756973838999954], [31.515776775000063, -17.756856828999958], [31.51601576900009, -17.756853828999965], [31.516255762000128, -17.75685182899997], [31.516495755, -17.756847827999877], [31.516734748000147, -17.756845827999825], [31.517094738000083, -17.756839827999954], [31.517334731000176, -17.756952835999982], [31.51769772100016, -17.757177853999963], [31.517939715000125, -17.757404870999892], [31.518181708000157, -17.757516879999912], [31.518422701000134, -17.757627888999878], [31.51854469799997, -17.757741897999892], [31.518664694000165, -17.75785490599992], [31.518906687000026, -17.75796691499994], [31.519026684000096, -17.758079923999958], [31.519268677000127, -17.75819293199993], [31.519507670999985, -17.75818893199994], [31.519629667000174, -17.758302940999954], [31.519869661000087, -17.758413949999976], [31.519991657000105, -17.75852795799983], [31.519873659999973, -17.758644967999828], [31.519753664000177, -17.758645967999826], [31.519757664000167, -17.758874985999853], [31.51963866699998, -17.759106003999875], [31.5194046740001, -17.759453030999964], [31.519049684000038, -17.75980205799982], [31.51881369100016, -17.760035076999827], [31.518576698000174, -17.7602680949999], [31.518340703999968, -17.76050011299992], [31.518103711000037, -17.760733130999938], [31.517867718000105, -17.76096414899996], [31.51775072100014, -17.761197167999967], [31.517514728000037, -17.761544194999885], [31.51739773200012, -17.761775212999908], [31.51716173800014, -17.762007230999927], [31.517044742000053, -17.76223824899995], [31.51692674500015, -17.76235425799996], [31.51680674800008, -17.76235425799996], [31.516686752000112, -17.762356258999944], [31.516566755000042, -17.76235825899994], [31.51644775900013, -17.762360258999934], [31.51644775900013, -17.762475267999946], [31.516329762000055, -17.762591276999956], [31.516333762000045, -17.76282029499987], [31.51633576200004, -17.762934303999884], [31.516457759000048, -17.76316332199991], [31.516579755000066, -17.76327632999994], [31.516701752000074, -17.763505347999967], [31.517064742000116, -17.763730365999947], [31.517306735000147, -17.76395738299982], [31.51754872800018, -17.764069391999953], [31.517668725000078, -17.76418240099997], [31.517788721000045, -17.764180400999976], [31.51791071800011, -17.7644094179999], [31.517912718000105, -17.764523426999915], [31.51803471500017, -17.76463743599993], [31.518036715000164, -17.7648664539999], [31.51853270100014, -17.766009542999882], [31.51853670100013, -17.766352569999924], [31.51854070100012, -17.76669759699996], [31.518546701000048, -17.767041623999944], [31.518429705000187, -17.767388650999862], [31.518435705000115, -17.767731677999905], [31.5184417050001, -17.768191713999954], [31.518563701000062, -17.76842073199998], [31.518565701000057, -17.768534739999836], [31.51868769800012, -17.768761757999982], [31.518689698000117, -17.76887676699988], [31.518811695000124, -17.768990775999896], [31.518931691000148, -17.769103784999913], [31.519053687999985, -17.76921779399993], [31.519295681000074, -17.76944481099997], [31.519415678000144, -17.76944281099992], [31.519656671000064, -17.769553819999942], [31.519776668000134, -17.769553819999942], [31.5198966640001, -17.769551818999958], [31.519894664000162, -17.769436809999945], [31.520014661, -17.76943480999995], [31.520012661000067, -17.769320800999935], [31.520251654, -17.76920279199993], [31.52072864100012, -17.768967772999872], [31.520846637000147, -17.768965772999877], [31.52096463400005, -17.76884976399998], [31.521325624000042, -17.768845763999877], [31.52144562, -17.768843763999826], [31.52144562, -17.768958771999905], [31.521567617000073, -17.76907278099992], [31.521689614000138, -17.76918578999988], [31.521813610000095, -17.769528816999923], [31.52205760300012, -17.76986984299998], [31.522421593000047, -17.770323878999875], [31.522665587000176, -17.770550895999918], [31.522788583000022, -17.770779913999945], [31.523028576000115, -17.77089092299991], [31.523150573000123, -17.771004931999926], [31.523272570000188, -17.771117939999954], [31.523390566000046, -17.77111593999996], [31.523510563000116, -17.77111593999996], [31.52363156000007, -17.771113939999964], [31.523871553000106, -17.771109939999917], [31.523871553000106, -17.771225948999927], [31.523991549000073, -17.77122494899993], [31.52423154300004, -17.77122094799995], [31.52447253600019, -17.77133295699997], [31.524594533000084, -17.77144596599993], [31.52483452600012, -17.77155797399996], [31.52507651900015, -17.77167098299998], [31.525197516000162, -17.77178299199994], [31.525320512000178, -17.77201200999997], [31.525563506000026, -17.772239026999898], [31.525685501999988, -17.77246604499993], [31.525809499000047, -17.772695062999958], [31.525931495, -17.772922079999944], [31.526053492000074, -17.773037088999956], [31.52617548900014, -17.773264106999875], [31.526299485000095, -17.77360713399986], [31.526543479000054, -17.773948159999918], [31.526665475000186, -17.77406316899993], [31.52666747500018, -17.774177177999945], [31.52678747200008, -17.774290186999963], [31.526909468000042, -17.774404195999978], [31.527029465000112, -17.774402195999983], [31.52714846200007, -17.77440019499994], [31.527270458000032, -17.774515203999954], [31.527390455000102, -17.77451320399996], [31.527630448000025, -17.774623212999927], [31.527752445000033, -17.774738220999836], [31.527754445000028, -17.77485222999985], [31.52787444100005, -17.774965238999982], [31.52799643800006, -17.775079247999884], [31.528241431000026, -17.77542127499993], [31.528727418000187, -17.77598931899996], [31.52909340800005, -17.77655736299988], [31.529459398000142, -17.77701339899994], [31.52970439100011, -17.77735542499994], [31.52994638400014, -17.77758244299997], [31.53006638100004, -17.777580442999977], [31.530186377000177, -17.77757844199982], [31.53030437400008, -17.777462432999982], [31.530543367000064, -17.77746043299993], [31.53090335700017, -17.777454431999956], [31.53102335400007, -17.777454431999956], [31.53126234700005, -17.777450431999966], [31.53150234000009, -17.77744843199997], [31.531622337000158, -17.777446431999977], [31.531743333000065, -17.777444430999935], [31.53198132700004, -17.777441430999943], [31.532101323000177, -17.777441430999943], [31.53210332300017, -17.777555439999958], [31.53234331700014, -17.777668448999975], [31.532467313000097, -17.77789546599996], [31.532708306000018, -17.77800747499998], [31.532830303000082, -17.778120483999885], [31.532715306000057, -17.77846351099987], [31.532719306000047, -17.778808537999907], [31.53272130600004, -17.77892354599993], [31.532723306000037, -17.779037554999945], [31.532723306000037, -17.779153563999955], [31.532729306000192, -17.77949759099988], [31.53284930300009, -17.779611599999896], [31.53285130300003, -17.77972660899991], [31.53285530300019, -17.77995462699994], [31.53297530000009, -17.7800676359999], [31.532977300000084, -17.78018364499991], [31.53298230000013, -17.78052767199995], [31.532988300000113, -17.780986706999897], [31.532868303000043, -17.78098870799988], [31.532872303000033, -17.78133273499992], [31.53275330700012, -17.78144874399993], [31.532759307000106, -17.78179377099997], [31.532765307000034, -17.78225380599997], [31.53276730700003, -17.782482823999885], [31.532772307000073, -17.782825850999927], [31.53289330300015, -17.782825850999927], [31.53289330300015, -17.782939859999942], [31.532895303000146, -17.783054868999955], [31.533015300000045, -17.78305286899996], [31.533019300000035, -17.78339789599994], [31.53302430000008, -17.78374192299998], [31.53290830300017, -17.784088949999898], [31.532792307000136, -17.784318967999923], [31.532675310000172, -17.784549985999945], [31.53267731000011, -17.784779003999972], [31.532559313000036, -17.78489601299998], [31.53256131300003, -17.785010021999938], [31.53244331700006, -17.785126030999834], [31.532444317000113, -17.785243039999898], [31.53232632000004, -17.785359048999908], [31.53221032400006, -17.78559006699993], [31.53173933700009, -17.786284121999927], [31.531502344000103, -17.78651713999983], [31.531384347000028, -17.786633148999897], [31.530911361000108, -17.787097184999936], [31.530795364000028, -17.787329202999956], [31.530678367, -17.787560221999968], [31.53044237400013, -17.78790724899983], [31.530327378000038, -17.788252275999866], [31.530333378000194, -17.788712311999916], [31.53021938100005, -17.789057338999953], [31.530222381000158, -17.789403365999874], [31.53010638400002, -17.7896333839999], [31.530108384000016, -17.789862400999937], [31.529993388000094, -17.790209428999958], [31.529997388000083, -17.790553454999838], [31.53000338800007, -17.790898481999875], [31.530007388, -17.791241508999917], [31.530014388000097, -17.79181555399998], [31.530255381000188, -17.791928562999942], [31.530615371000124, -17.791922561999968], [31.531094356999972, -17.791916560999823], [31.531334351000112, -17.79191556099994], [31.53145534700019, -17.791913560999944], [31.53145534700019, -17.79202756999996], [31.53157534400009, -17.79202756999996], [31.53157834400014, -17.792256587999873], [31.531580344000133, -17.792370596999888], [31.531701341000144, -17.79248360599985], [31.5318253370001, -17.792712622999943], [31.5318253370001, -17.792826631999958], [31.532069330000127, -17.793053649999933], [31.532069330000127, -17.793168658999946], [31.53231332400003, -17.793395675999818], [31.53243332, -17.793509684999833], [31.532437320000156, -17.793738702999974], [31.53267931400012, -17.793965720999893], [31.53280131000008, -17.794192738999925], [31.532923307000146, -17.79430674699995], [31.533163300000183, -17.794417755999916], [31.53340829300015, -17.79464477399995], [31.53364828700012, -17.794757781999976], [31.53377028300008, -17.79486979099994], [31.533888280000156, -17.79486979099994], [31.534008277000055, -17.794867790999945], [31.534010276000117, -17.794982799999957], [31.53557423300009, -17.795422833999964], [31.53569522900017, -17.795420832999866], [31.53605321900011, -17.795416832999877], [31.536293211999975, -17.795413832999884], [31.536772199000097, -17.795407831999967], [31.536892195000064, -17.79540583199997], [31.53689419500006, -17.79552184099998], [31.537013192000074, -17.795519840999873], [31.5372571850001, -17.795746857999916], [31.537259185000096, -17.79586186699993], [31.537379182000166, -17.795973875999948], [31.5373831820001, -17.79620489399997], [31.537503179, -17.79631790299993], [31.537505179000163, -17.796431911999946], [31.537627175000125, -17.79654692099996], [31.53762917500012, -17.79666092899987], [31.537631175000115, -17.796889946999897], [31.537634175, -17.79712096499992], [31.537638175000154, -17.79746399199996], [31.53764417500014, -17.797924027999954], [31.537529179000046, -17.798269054999878], [31.537533179000036, -17.798614081999915], [31.537539179000134, -17.798957108999957], [31.537423182000055, -17.79930513599993], [31.537426182000104, -17.799648162999972], [31.537314185000184, -17.800110198999903], [31.53719918900009, -17.800569234999955], [31.537085192000177, -17.800914261999935], [31.53708919200011, -17.801260288999856], [31.536974196000017, -17.801605315999893], [31.536978196000177, -17.80195034299993], [31.536984196000162, -17.802410377999877], [31.53699019600009, -17.80286841399993], [31.536997196000186, -17.80344245899994], [31.5370091960001, -17.804245521999917], [31.537014196000143, -17.80470455699998], [31.537264189000155, -17.80539161099989], [31.537388185999987, -17.805734637999876], [31.537510182000176, -17.80596165499992], [31.537632179000013, -17.80607666399993], [31.537754174999975, -17.806303681999964], [31.537758175000135, -17.806533699999818], [31.53788017200003, -17.806760717999964], [31.53800416900009, -17.80698973499989], [31.538248162000116, -17.807331761999933], [31.538493155000026, -17.807787797999936], [31.538859145000117, -17.80824183299984], [31.53910513800014, -17.808698867999908], [31.539229135000028, -17.809040894999953], [31.539477127999987, -17.80972694899998], [31.539721121000014, -17.80995396599991], [31.53984311800008, -17.810180983999885], [31.539967115000138, -17.810410001999912], [31.540091111000095, -17.810754027999963], [31.54009311100009, -17.81098204599988], [31.54021710800015, -17.81121106399985], [31.540339104999987, -17.81143808199988], [31.540343105000147, -17.811669099999904], [31.540350105000186, -17.812243144999968], [31.54035210500018, -17.812472161999892], [31.540358105000166, -17.81281718899993], [31.540362105000156, -17.813161215999912], [31.540244108000024, -17.81327722499998], [31.54012711100006, -17.813508242999944], [31.540011115000027, -17.813739260999967], [31.5397721220001, -17.813971279999976], [31.53953812800006, -17.814318306999894], [31.53930713500006, -17.81501136099996], [31.539315135000038, -17.81558540599991], [31.539320135000082, -17.815928432999897], [31.539322135000077, -17.81615945099992], [31.53944613200008, -17.816386467999962], [31.53944613200008, -17.816502476999972], [31.539690125000106, -17.816727494999952], [31.539814122000166, -17.81707152199988], [31.540055115000143, -17.81718352999991], [31.5401791110001, -17.81741054799994], [31.54029910800017, -17.817525556999954], [31.540423105, -17.81775257399994], [31.54054510100019, -17.81798059199997], [31.54067109800019, -17.81843862799991], [31.54067509800018, -17.81866764599988], [31.540797095000073, -17.818896663999908], [31.540801095000063, -17.819125680999946], [31.540684098000042, -17.819356699999958], [31.540686098000037, -17.81958671699988], [31.540570101000128, -17.81981773599989], [31.54045310500004, -17.820048753999913], [31.540219112000102, -17.820510789999958], [31.53998211800007, -17.820742807999977], [31.53986812200003, -17.821204843999908], [31.539874122000185, -17.821547870999893], [31.539637129000027, -17.821780888999967], [31.539402135000103, -17.822241924999958], [31.53822816900015, -17.823980060999872], [31.538231169000028, -17.824323087999915], [31.538239169000178, -17.824898132999976], [31.538245169000106, -17.825243159999843], [31.53836716600017, -17.82547217799987], [31.538369166000166, -17.825586185999953], [31.53837116600016, -17.825701194999965], [31.53837116600016, -17.825815203999923], [31.538491162000128, -17.825813203999928], [31.538493162000123, -17.825927212999943], [31.539591132, -17.827394326999922], [31.539593132, -17.82762334499995], [31.539601132000143, -17.828197389999957], [31.539608132000183, -17.82877143399992], [31.539732129000072, -17.829000451999946], [31.539736129, -17.829344478999815], [31.539740129000165, -17.82957449699984], [31.53974612900015, -17.830032532999894], [31.539748129000145, -17.830263550999916], [31.53975012900014, -17.83037755999993], [31.53975312900019, -17.83060657799996], [31.539877125000146, -17.830950603999895], [31.540001122000035, -17.83129363099988], [31.540125119000038, -17.831522648999908], [31.540249115, -17.831863674999965], [31.54037111200006, -17.832092692999936], [31.540377112000044, -17.832435719999978], [31.540497109000114, -17.832550728999877], [31.54074110200014, -17.83277774699991], [31.54074110200014, -17.832891755999924], [31.540862098000048, -17.83288975499994], [31.540863098000102, -17.833004763999952], [31.541104092000126, -17.833116772999915], [31.541226088000144, -17.833229781999933], [31.541466082000056, -17.833341789999963], [31.541949068000065, -17.833565807999946], [31.542191061000096, -17.833677815999977], [31.542431055000065, -17.833790824999824], [31.542674048000038, -17.833900833999962], [31.542914041000074, -17.834013841999877], [31.543156034000106, -17.834125850999897], [31.543398027000137, -17.834350867999888], [31.54376101700018, -17.834575885999925], [31.544003011000086, -17.834802902999968], [31.544245004000175, -17.83491591199993], [31.544367000000136, -17.835144929999956], [31.544488996999974, -17.835256938999976], [31.54449499700013, -17.835716974999855], [31.544616994000023, -17.83582998299994], [31.544620994000184, -17.836175009999977], [31.544742990000145, -17.83628701899994], [31.544746990000135, -17.836633045999974], [31.544868986999973, -17.83686006399995], [31.544870986999967, -17.83697407199986], [31.544994984000027, -17.83720308999989], [31.545118980000154, -17.83754611699993], [31.54536297300018, -17.837888143999976], [31.54561096700013, -17.83845818799989], [31.545974957, -17.83891422299996], [31.546222950000185, -17.83948426799998], [31.54646694300004, -17.83982529399998], [31.546588940000106, -17.840054311999893], [31.546714936000058, -17.840396338999938], [31.546834933000127, -17.840510347999953], [31.546958930000187, -17.84073736499994], [31.546958930000187, -17.84085337399995], [31.54708092600015, -17.840966382999966], [31.547351919999983, -17.843373570999916], [31.54699693000009, -17.843619589999946], [31.54687693300002, -17.843619589999946], [31.546878933000016, -17.84373659899984], [31.546758936000117, -17.84373659899984], [31.546758936000117, -17.84385260799985], [31.546640940000145, -17.84385260799985], [31.546640940000145, -17.843968616999916], [31.54652294300007, -17.843968616999916], [31.54652294300007, -17.844085626999856], [31.546403947000158, -17.844085626999856], [31.546403947000158, -17.84419963499994], [31.546285950000083, -17.844201635999923], [31.546285950000083, -17.84431564499988], [31.546165953000184, -17.844317644999933], [31.54604795700004, -17.84443465399994], [31.546049957000037, -17.844548662999955], [31.545928960000026, -17.84455066299995], [31.545810964000054, -17.84466667199996], [31.54581296400005, -17.844781680999972], [31.54569296700015, -17.844783680999967], [31.545694967000145, -17.844897689999982], [31.545574970000075, -17.844899689999977], [31.545455974000163, -17.845015698999873], [31.545457974000158, -17.845130707999886], [31.545337977000088, -17.84513270899987], [31.545339977000083, -17.845246717999885], [31.54522198000018, -17.845362726999895], [31.545223980000173, -17.845477735999907], [31.54510498400009, -17.84570875399993], [31.544986987000186, -17.84582476299994], [31.54499098700012, -17.84605578099996], [31.544874991000142, -17.846286798999813], [31.544757994000122, -17.846516816999838], [31.544759994000117, -17.84674583499998], [31.54452400100007, -17.84697885299994], [31.544289007000145, -17.84732587999997], [31.54417301100017, -17.847672906999946], [31.5441770110001, -17.847901924999974], [31.544060014000138, -17.848132942999882], [31.544062014000133, -17.84836196099991], [31.544066014000066, -17.848592978999932], [31.54407901400009, -17.849624058999893], [31.54408301400008, -17.849970085999928], [31.544089014, -17.850315112999965], [31.54409301400017, -17.850658139999837], [31.54509998700013, -17.85432042499997], [31.545345981000025, -17.85477646099997], [31.545589974000052, -17.855118486999913], [31.545835967000073, -17.855574522999916], [31.5460799600001, -17.855915548999974], [31.54620395700016, -17.856144566999944], [31.546325954, -17.856371584999977], [31.546447950000186, -17.85660060299989], [31.54645595000011, -17.857174646999965], [31.546337954000137, -17.857290655999975], [31.54633895400019, -17.857405664999817], [31.54634295400018, -17.85763368299996], [31.546224957000106, -17.857866700999864], [31.546108960000026, -17.858097718999943], [31.545989964000114, -17.858213728999885], [31.545873967000034, -17.858444746999908], [31.5456379740001, -17.85867776499998], [31.545520977000137, -17.858908782999947], [31.54540298100011, -17.859138800999972], [31.5454069810001, -17.859367818999885], [31.545289984000078, -17.859600836999903], [31.545291984000073, -17.85982985499993], [31.545299984000053, -17.860403899999824], [31.54530598399998, -17.86086393499994], [31.545308984000087, -17.861091952999914], [31.545310984000082, -17.861206961999926], [31.545432981000147, -17.861435979999953], [31.54543698100008, -17.86166499799998], [31.545438981000075, -17.861894015999837], [31.545442981000065, -17.862124033999862], [31.545564977000026, -17.862351050999905], [31.54557697700011, -17.863156113999878], [31.54557997800009, -17.86350014099986], [31.54558397699998, -17.863730158999886], [31.545593978000056, -17.864533220999874], [31.5455989780001, -17.864877247999914], [31.54560297800009, -17.86522227499995], [31.54560897800019, -17.86556730199993], [31.545610978000184, -17.86579631999996], [31.545627978000027, -17.86705941799994], [31.54563197800013, -17.867402444999982], [31.545637978000116, -17.867747471999905], [31.545640978, -17.868092498999943], [31.54564697800015, -17.868436525999982], [31.54565097800014, -17.868781552999963], [31.54565497800013, -17.8691245789999], [31.545778974000086, -17.86946860599994], [31.545785974000125, -17.869927641999936], [31.54590997100013, -17.87026966899998], [31.546157964000145, -17.870955721999962], [31.546281961000034, -17.871184739999933], [31.54652595400006, -17.871526765999874], [31.54677094700014, -17.871867792999865], [31.5470149410001, -17.872208818999923], [31.547500927000158, -17.872661853999944], [31.547864917000084, -17.873116889999835], [31.548229907000064, -17.873456915999896], [31.54847390000009, -17.873797942999943], [31.54859789700015, -17.87402695999998], [31.548837890000186, -17.874137968999946], [31.548961886000143, -17.874366986999974], [31.549083883000037, -17.874594003999903], [31.549207880000097, -17.87482302199993], [31.54920988000009, -17.875051039999903], [31.54933387600005, -17.875395066999943], [31.549459873000046, -17.875853101999894], [31.549467873000026, -17.8764271469999], [31.549474873000065, -17.877001191999966], [31.549495873000183, -17.87860931699987], [31.549384876000147, -17.879183361999935], [31.549392876000127, -17.879757406999943], [31.54939487600012, -17.879988424999965], [31.549396876000117, -17.88010243399998], [31.549356880000175, -17.886187907999954], [31.549842866000063, -17.886640942999975], [31.550086860000135, -17.886982969999963], [31.550453850000167, -17.887437004999924], [31.550577846000124, -17.887780031999966], [31.550950836000084, -17.88880811199988], [31.550954836000017, -17.889153138999916], [31.551078833000076, -17.889497164999966], [31.551086833000056, -17.890071209999917], [31.551210829000183, -17.890412236999907], [31.55121682900011, -17.890758263999942], [31.551217829000052, -17.890986280999982], [31.55134082600017, -17.89110128999988], [31.55134382600005, -17.891330307999908], [31.551465823000115, -17.89155932599988], [31.55158981900007, -17.89178634399991], [31.55158981900007, -17.89190235299992], [31.551711816000136, -17.89201436099995], [31.55183481200004, -17.89212736999997], [31.551954809000108, -17.892241378999927], [31.55207880600011, -17.89246839699996], [31.552200802000073, -17.892697413999883], [31.55244479600003, -17.892924431999916], [31.552566792000164, -17.89315144999989], [31.552570792000154, -17.893382467999913], [31.552692789000048, -17.893609484999956], [31.552816786000108, -17.893952511999828], [31.55282278500016, -17.89429853899992], [31.552946782000163, -17.894641565999905], [31.552947782000103, -17.894870582999943], [31.553071779000106, -17.895097600999975], [31.553075779000096, -17.895328618999883], [31.553197775000058, -17.895555636999973], [31.553201775000048, -17.895785654999884], [31.553203775000043, -17.89601467199992], [31.553207775000033, -17.896245689999944], [31.553211775000193, -17.896588716999872], [31.553216775000067, -17.896934743999907], [31.553220775, -17.897277770999892], [31.55334477200006, -17.897620797999934], [31.553350772000044, -17.89808083299988], [31.553476769000042, -17.898538868999935], [31.55372476200006, -17.899108912999964], [31.553852759000108, -17.899680957999976], [31.554099752000184, -17.900368010999955], [31.554225748000135, -17.90071103799994], [31.55434774500003, -17.900938055999973], [31.55435174500019, -17.90116907399988], [31.55654968400006, -17.904125302999887], [31.55703167100006, -17.904350320999924], [31.557275664000088, -17.90469234699998], [31.55739966100009, -17.90503337399997], [31.557521657000052, -17.905148382999982], [31.557523657000047, -17.905262391999827], [31.557529657000032, -17.905722426999944], [31.557413661, -17.90595244499997], [31.557413661, -17.90606745399998], [31.55729466400004, -17.906183462999934], [31.55705667100017, -17.906302472999982], [31.5570606710001, -17.906530489999852], [31.556941674000143, -17.906647499999963], [31.55682367800017, -17.90676350899986], [31.556707681000034, -17.90699452699988], [31.55658968400013, -17.907110535999948], [31.556470688000047, -17.90734155399997], [31.556232695000176, -17.907459562999975], [31.556116698000096, -17.907690580999827], [31.555999701000076, -17.90792159899985], [31.55600170100007, -17.908152616999928], [31.555885705000094, -17.908382634999953], [31.555889705000027, -17.908611652999923], [31.555894705000128, -17.909071688999973], [31.555900705000056, -17.90953172499991], [31.555904705000046, -17.909760742999936], [31.556026701000178, -17.909988759999976], [31.556150698000067, -17.910330786999964], [31.556276695000122, -17.910673813999836], [31.556281695000166, -17.911133848999953], [31.556405691000123, -17.911476875999938], [31.556529688000182, -17.911818902999983], [31.556533688000115, -17.912048920999837], [31.556537688000105, -17.912392946999944], [31.556545688000085, -17.91285198299994], [31.55642669100007, -17.91308300099996], [31.556428691000065, -17.913198009999974], [31.55631269500003, -17.91343002799988], [31.556314695000026, -17.913659045999907], [31.556079701000158, -17.91400607299994], [31.555963705000124, -17.91423709099996], [31.555847708000044, -17.914582117999828], [31.555732712000122, -17.914929144999917], [31.555738712000107, -17.915389180999966], [31.55574271200004, -17.915618198999937], [31.55574971200008, -17.916192243999888], [31.555751712000074, -17.916421260999925], [31.555755712000064, -17.916652278999948], [31.55587570800003, -17.916764287999968], [31.55587970800019, -17.916993305999938], [31.556001705000085, -17.91710831499995], [31.556243698000117, -17.917335332999983], [31.55636569500018, -17.917562349999855], [31.556611688000032, -17.917903376999902], [31.556613688000027, -17.918134394999925], [31.556735685000035, -17.918246402999955], [31.556739685000025, -17.91859242999982], [31.55674168500019, -17.918706438999834], [31.55662568800011, -17.918937456999856], [31.556627688000106, -17.919166474999884], [31.556634688000145, -17.919625510999936], [31.55663668800014, -17.919854528999963], [31.556642688000068, -17.92031456399991], [31.55652669100016, -17.92054558199993], [31.556529691000094, -17.92089060899997], [31.556539691000182, -17.921578662999877], [31.556547691000162, -17.92215370799994], [31.55655069100004, -17.92238172499998], [31.55660069200019, -17.926170020999905], [31.556606692000116, -17.926630055999965], [31.556611692, -17.926973082999837], [31.55656969300003, -17.927059089999943], [31.526579534000064, -17.91389607499997], [31.501136247000147, -17.9028342229999], [31.501016250000077, -17.902836222999895], [31.500871254000174, -17.902664209999955], [31.480213833000107, -17.89307146999994], [31.480297831000087, -17.893073469999933], [31.48029982999998, -17.89299346399997], [31.48030083000009, -17.892913457999896], [31.480384828000126, -17.89291545799989], [31.48038882800006, -17.892833451999934], [31.480474824999988, -17.892755444999977], [31.48056082300019, -17.892676438999956], [31.480562823000184, -17.892594432999886], [31.480646820000118, -17.89259643299988], [31.480648820000113, -17.89251642699992], [31.480733818000033, -17.89243842099995], [31.480819816000064, -17.892440420999947], [31.480905813000163, -17.89236241499998], [31.480991811000138, -17.892282407999915], [31.481161806000102, -17.892205401999945], [31.48116480600015, -17.892125395999926], [31.481166806000147, -17.892045389999964], [31.48125080300008, -17.892047389999846], [31.48133680100011, -17.891967383999884], [31.481338801000106, -17.891887376999932], [31.481424797999978, -17.891809370999965], [31.48151079600018, -17.891728364999892], [31.48151379600006, -17.891648358999873], [31.481515796000053, -17.89156835199998], [31.481880785000158, -17.890447264999978], [31.481884785000148, -17.890286251999953], [31.481969782000135, -17.890206245999934], [31.481977782000115, -17.88996422699995], [31.482063779000043, -17.889886220999927], [31.482065779000038, -17.889806214999965], [31.482149777000018, -17.88980821499996], [31.482151777000183, -17.889728208999884], [31.482236774000057, -17.889647202999925], [31.482238774000052, -17.889567195999973], [31.482606763000035, -17.888366102999896], [31.48261076299997, -17.888204089999817], [31.48269676100017, -17.888125083999853], [31.482698761000165, -17.88804507699996], [31.48278675800009, -17.887967070999935], [31.482788758000083, -17.887885064999978], [31.48279075800002, -17.887805058999845], [31.48287575600017, -17.887727052999935], [31.482877756000164, -17.887645045999932], [31.482963753000035, -17.887567039999965], [31.483049751000067, -17.887488033999887], [31.483583735000025, -17.886370946999932], [31.483587735000185, -17.886208933999853], [31.483593735000113, -17.88596791499998], [31.48359873400011, -17.88580590299989], [31.483684732000143, -17.885727895999935], [31.48368673200008, -17.885647889999973], [31.483688732000076, -17.885565883999845], [31.48369073200007, -17.885485877999884], [31.48369473200006, -17.885323864999975], [31.484085720000053, -17.883154695999906], [31.484087720000048, -17.883074689999944], [31.484004722000122, -17.882990682999946], [31.484012722000102, -17.882748663999962], [31.48393072400006, -17.882585650999886], [31.48393672399999, -17.88242363899991], [31.483947723000142, -17.881941600999824], [31.484037720000174, -17.88170058199995], [31.484045720000154, -17.8814585639999], [31.48413271800007, -17.881298550999816], [31.484136717000126, -17.881138538999892], [31.4845087060001, -17.87977443199992], [31.484594704000074, -17.879696425999953], [31.484680701000173, -17.879618419999872], [31.484684701000162, -17.879456406999964], [31.484769699000083, -17.879377400999942], [31.484853696000187, -17.879379400999937], [31.484857696000176, -17.879299394999975], [31.486036663000107, -17.879326396999886], [31.486120661000143, -17.879328396999938], [31.487638618000062, -17.879282392999983], [31.4877226160001, -17.879284392999978], [31.48816360300009, -17.878494330999956], [31.488164603000143, -17.878414324999937], [31.488080605000107, -17.878412324999942], [31.488084605000097, -17.87825031199992], [31.48809460400014, -17.877848280999956], [31.488101604000178, -17.877605261999918], [31.488023606000127, -17.877361242999825], [31.488029606000055, -17.877119223999955], [31.488033606000045, -17.87695921099987], [31.48803960600003, -17.876717192999934], [31.488042604999976, -17.876554179999914], [31.48804860500013, -17.876314160999982], [31.48805660500011, -17.87607214199994], [31.488060605000044, -17.87591012999991], [31.48797860700006, -17.875828122999962], [31.487983607000103, -17.87558610399992], [31.48798760600016, -17.875425091999944], [31.48790560900005, -17.87534108499983], [31.48782361100018, -17.875259078999875], [31.487440621000133, -17.87371795899992], [31.487525619000053, -17.873637952999957], [31.487615616000085, -17.873479939999925], [31.48778561100005, -17.873402933999955], [31.487787611000044, -17.87332092799994], [31.487873609000076, -17.873242921999974], [31.487958606000063, -17.873164915999894], [31.48892757800013, -17.871491784999932], [31.48893157800012, -17.87132977199991], [31.489021576000084, -17.87117175999998], [31.489027575000136, -17.87092974099994], [31.48902857500002, -17.870849734999922], [31.48903257500018, -17.870686721999846], [31.489072573000158, -17.86907559599996], [31.489074573000096, -17.86899358999989], [31.488996575000044, -17.868749570999967], [31.489000575000034, -17.868588557999942], [31.489007575000073, -17.868346539999948], [31.489013575000058, -17.868104520999964], [31.488933577000182, -17.867942507999885], [31.488935577000177, -17.867860501999928], [31.488853579000136, -17.867778494999982], [31.48885557900013, -17.867698488999963], [31.48877358100009, -17.86761448299984], [31.488689583000053, -17.867612481999856], [31.488693583000043, -17.867452469999932], [31.488552587000072, -17.866319381999972], [31.488641584000106, -17.86615836899989], [31.48873158200007, -17.865920350999886], [31.48882157900016, -17.865680331999954], [31.488910576000137, -17.865439312999968], [31.4890005740001, -17.865279299999884], [31.489089571000136, -17.865041281999936], [31.48917556900011, -17.864961275999974], [31.489263566000034, -17.864882268999907], [31.48926556600003, -17.864802262999945], [31.48937456300007, -17.86375518099993], [31.489213567000093, -17.86342915599994], [31.48921956700002, -17.863267142999916], [31.489133569000046, -17.863265142999865], [31.489051571000175, -17.863183136999908], [31.489095570000188, -17.861489004999896], [31.48909756900008, -17.861408998999934], [31.48918556700005, -17.86124898599985], [31.48918956700004, -17.861088973999927], [31.489559556000188, -17.859804872999973], [31.48965055300016, -17.859484847999965], [31.49064452400006, -17.856844641999942], [31.490646524000056, -17.85676463599998], [31.490730522000092, -17.856766635999975], [31.490732521000155, -17.8566856299999], [31.490818519000186, -17.85660562299995], [31.490903517000106, -17.856527616999927], [31.49107951200017, -17.856289598999922], [31.491931487000045, -17.855825561999893], [31.49201948500007, -17.85574555599993], [31.492103482000175, -17.855747555999926], [31.49227147800002, -17.855751555999916], [31.492609468000126, -17.855759556999942], [31.49286046100019, -17.85576455699993], [31.493869432999986, -17.855869564999978], [31.493953430000147, -17.855871564999973], [31.494037428000127, -17.855873564999968], [31.49403942800012, -17.855793558999835], [31.494297421000056, -17.855636546999904], [31.494468416000075, -17.85548053399998], [31.494552413, -17.85548253399986], [31.494554413, -17.855400527999905], [31.49464241100003, -17.855322521999938], [31.494728408000128, -17.85524451599997], [31.49481340600005, -17.85516350999984], [31.494899403000147, -17.85508550299994], [31.49498540100018, -17.855007496999974], [31.494987401000117, -17.854927490999955], [31.495073398000045, -17.85492949099995], [31.49507539800004, -17.85484748499988], [31.49516139600007, -17.854769478999913], [31.495166396000116, -17.854526459999875], [31.495252393000044, -17.854448453999908], [31.495342390000133, -17.854288440999824], [31.495304391000104, -17.852432295999904], [31.495306391000042, -17.852352289999942], [31.495307391000154, -17.85227028399993], [31.49531139000004, -17.8521102709999], [31.495317390000025, -17.85186825199986], [31.495323390000124, -17.851625232999936], [31.495245392000072, -17.851381213999957], [31.495395387000144, -17.848722006999935], [31.495483384000067, -17.84864400099997], [31.495571382000037, -17.848483987999884], [31.495574382000143, -17.84832397599996], [31.495840374000124, -17.847844937999923], [31.495927371000107, -17.847684925999943], [31.496101366, -17.847447906999946], [31.496191364000026, -17.847287894999965], [31.49627836100018, -17.847129881999933], [31.496366359000035, -17.846968869999955], [31.49645435600013, -17.846808856999928], [31.496988341000133, -17.84569276999997], [31.496990341000128, -17.8456107639999], [31.496994340000185, -17.84545075099993], [31.496912343000076, -17.84536674499998], [31.496831345000146, -17.8452047319999], [31.496755347000033, -17.844880706999902], [31.496673349, -17.84479669999996], [31.496597351000105, -17.844472674999906], [31.496437356000115, -17.844146649999914], [31.496439355000177, -17.844065642999965], [31.496356358000185, -17.84398363699995], [31.49635835800018, -17.84390163099988], [31.496360358000118, -17.84382162399993], [31.496362357000066, -17.843741617999967], [31.496278360000133, -17.843739617999915], [31.496233360000133, -17.842204497999887], [31.496234360000187, -17.842124491999925], [31.496320358000048, -17.84204648599996], [31.496326357999976, -17.841883472999882], [31.496330358000137, -17.841723460999958], [31.49633235700003, -17.841641453999955], [31.49633635700019, -17.841481441999917], [31.496339357000068, -17.841319428999952], [31.496343357000057, -17.841159416999858], [31.496183361000135, -17.840833390999876], [31.49602136600015, -17.84058637199996], [31.495693375000087, -17.840256346999922], [31.49536138400009, -17.84000732699991], [31.494129418000114, -17.838767230999963], [31.494136418000153, -17.838445205999903], [31.494140418000143, -17.83828419299988], [31.49517638800006, -17.83733811899998], [31.495260386000098, -17.83734011899986], [31.495346383000026, -17.83726211299995], [31.495431381000117, -17.837184106999928], [31.495515379000153, -17.83718610699998], [31.495687374000056, -17.83710910099984], [31.495859369000186, -17.83695108899991], [31.496114362000014, -17.836877082999933], [31.496898339000154, -17.83584500199987], [31.49690033900015, -17.83576499599991], [31.49690433900014, -17.835602982999944], [31.496992336, -17.835443970999904], [31.497081334000086, -17.83520395199986], [31.49717333100017, -17.83496393299987], [31.497175331000165, -17.834882926999853], [31.497180331000038, -17.834640907999812], [31.49762931800018, -17.83352182099992], [31.497713315000112, -17.833523820999915], [31.497800313000027, -17.83344481399996], [31.497802313000193, -17.833364807999942], [31.497886310000126, -17.833366807999823], [31.4979723080001, -17.83328680199986], [31.498142303000066, -17.833210795999946], [31.498231300000043, -17.833051783999963], [31.498317298000075, -17.832971776999898], [31.498487292999982, -17.832895770999926], [31.49908627600007, -17.832506740999975], [31.499172274000102, -17.83250874099997], [31.49925827100003, -17.832428734999894], [31.499341269000126, -17.83243073499989], [31.49942926600005, -17.832271721999973], [31.499513264000086, -17.832273721999968], [31.49951526400008, -17.832193715999836], [31.499603261000118, -17.832113709999874], [31.49968925900015, -17.832035703999907], [31.499691259000144, -17.831955697999945], [31.499774255999966, -17.83195769799994], [31.499776256000132, -17.831877690999875], [31.499862254000163, -17.831796684999915], [31.499866254000153, -17.831636672999934], [31.499954251000077, -17.83155666599987], [31.49995825100001, -17.831396653999946], [31.500043249000157, -17.83131864799998], [31.500047248000044, -17.8311566349999], [31.500051247999977, -17.830993621999937], [31.500053248000143, -17.830913615999975], [31.4999712500001, -17.830831609999848], [31.49997525000009, -17.83066959699994], [31.499893253000153, -17.830587590999983], [31.499895253000147, -17.830507584999964], [31.499813255000106, -17.83042357799991], [31.4998152550001, -17.830343571999947], [31.49861928700011, -17.827654361999862], [31.49862128700005, -17.8275743559999], [31.498624287000155, -17.827411342999824], [31.498628287000145, -17.827249330999905], [31.498548289000098, -17.82708731799994], [31.498550289000036, -17.827007311999978], [31.49842029200005, -17.825470191999955], [31.49842429200004, -17.825310179999974], [31.498432292000132, -17.824985153999876], [31.49852328900016, -17.824747135999928], [31.49852928900009, -17.824505116999944], [31.498537288000136, -17.824182091999887], [31.498540288000015, -17.82402007899998], [31.499563259000013, -17.82356004299993], [31.49964725700005, -17.823562042999924], [31.499649257000044, -17.823480035999978], [31.499732254000094, -17.823482035999973], [31.499904249000167, -17.823406029999887], [31.500413235, -17.823257018999982], [31.500585230000127, -17.823288020999883], [31.500705227000026, -17.823286020999888], [31.500825223000163, -17.823284020999836], [31.500823223000168, -17.823169011999823], [31.500942220000184, -17.823053002999814], [31.501062217000083, -17.82305100199983], [31.501060217000088, -17.82293699299987], [31.50117821300006, -17.822819983999977], [31.501176213000065, -17.822705974999963], [31.501415206000047, -17.822587965999958], [31.50189419300017, -17.8224679569999], [31.502964162000126, -17.82176590099988], [31.50308215900003, -17.821763900999827], [31.50308215900003, -17.821648891999814], [31.503200156000105, -17.821648891999814], [31.503318152000134, -17.821532882999975], [31.503557146000162, -17.82141487399997], [31.50367514200019, -17.821297864999963], [31.503795139000033, -17.82129586399998], [31.50391313500006, -17.82117985499997], [31.504034132000186, -17.82117985499997], [31.50403213200002, -17.821063845999902], [31.504268125000124, -17.820830827999885], [31.504268125000124, -17.82071681899987], [31.504386122000028, -17.820599809999976], [31.50438312200015, -17.82037079199995], [31.504501119000054, -17.82025478299994], [31.504499118000126, -17.82002576499997], [31.504615115000036, -17.819794746999946], [31.504611115000046, -17.81956472899992], [31.504728112000066, -17.819218701999887], [31.504842108000105, -17.818873674999963], [31.50495910500007, -17.81852664799993], [31.505075101999978, -17.81829562999991], [31.505071102000045, -17.817952602999867], [31.505067102000055, -17.81772158499996], [31.505184098000143, -17.817490566999936], [31.505178098000158, -17.81703153099994], [31.50516709800013, -17.81611345999994], [31.505155098000046, -17.815310396999905], [31.505151098000056, -17.81496536999998], [31.505027101000053, -17.81462234299994], [31.505022101000122, -17.814164306999942], [31.505016101000024, -17.81370427199988], [31.505012101000034, -17.813473253999973], [31.505128098000114, -17.813128226999936], [31.50512309800007, -17.81278519999995], [31.50523909500015, -17.81243817299986], [31.505355091000183, -17.81220715499984], [31.505590084000175, -17.811860126999818], [31.505706081000085, -17.81151509999995], [31.50582307800005, -17.81128408199993], [31.505939074000082, -17.810937054999897], [31.506174067000075, -17.81059002799998], [31.506290064000154, -17.810359009999956], [31.506761051000126, -17.809663955999895], [31.50687604700005, -17.80931892899997], [31.506992044000185, -17.80908791099995], [31.507110040000157, -17.808857892999924], [31.507226037000066, -17.808624873999918], [31.507341034000092, -17.80827984699988], [31.507459030000064, -17.80804882899986], [31.507455030000074, -17.80781981099983], [31.507572027000094, -17.80758879299998], [31.5075700270001, -17.807357774999957], [31.506811047000042, -17.804268534999892], [31.506567054000186, -17.803926507999904], [31.50632206100005, -17.80369948999987], [31.50620206400015, -17.80358548099997], [31.506200063999984, -17.803470471999958], [31.506080067000084, -17.803472472999943], [31.506078067000146, -17.803243454999972], [31.505956071000128, -17.803129445999957], [31.50595407100019, -17.80290042799993], [31.505832074000125, -17.802786418999915], [31.50582607400014, -17.80232838299986], [31.50582307400009, -17.802097364999838], [31.505821074000096, -17.80186834799997], [31.505813074000116, -17.801294302999906], [31.505809074000183, -17.80106528499988], [31.505802074000087, -17.80049123999993], [31.505920070000116, -17.800260221999963], [31.505916070000126, -17.80002920399994], [31.50591207100007, -17.79980118599991], [31.50603106700015, -17.79957016799989], [31.506029067000156, -17.799455158999876], [31.50614306400007, -17.799108131999958], [31.506141064000076, -17.79887911399993], [31.506258060000164, -17.798649095999963], [31.506376057000068, -17.7985320869999], [31.506374057000073, -17.79830306899987], [31.506492053999978, -17.79818705999986], [31.50648605400005, -17.797842032999824], [31.506603050000138, -17.797611014999973], [31.506603050000138, -17.79749600599996], [31.506599050000148, -17.797265987999936], [31.506715047000057, -17.797034969999913], [31.506713047000062, -17.796805951999886], [31.506710047000183, -17.796576933999972], [31.50670804700019, -17.79634591599995], [31.506706047000193, -17.796231906999935], [31.506702047000033, -17.796002888999965], [31.50669404700011, -17.79542884499989], [31.506692047000115, -17.79519782699998], [31.50669004700012, -17.795083817999966], [31.506685047000076, -17.794623781999974], [31.506681047000086, -17.794394763999946], [31.506673047000163, -17.79370670999998], [31.506671047000168, -17.79359170099997], [31.506666047000124, -17.793131664999976], [31.506546050000054, -17.79313366599996], [31.50654405000006, -17.793019656999945], [31.506542050000064, -17.792788638999923], [31.506422053000165, -17.792790638999918], [31.506059064000056, -17.79268162999989]]]]}}, {"type": "Feature", "properties": {"GID_3": "ZWE.5.2.11_2", "GID_0": "ZWE", "COUNTRY": "Zimbabwe", "GID_1": "ZWE.5_1", "NAME_1": "Mashonaland East", "NL_NAME_1": "NA", "GID_2": "ZWE.5.2_2", "NAME_2": "Goromonzi", "NL_NAME_2": "NA", "NAME_3": "Ward 19", "VARNAME_3": "NA", "NL_NAME_3": "NA", "TYPE_3": "Ward", "ENGTYPE_3": "Ward", "CC_3": "NA", "HASC_3": "NA", "id": "ZWE.5.2.11_2", "name": "Ward 19"}, "geometry": {"type": "MultiPolygon", "coordinates": [[[[31.460440398000117, -17.911902944999838], [31.460526396000148, -17.911903944999835], [31.46183635799997, -17.910078801999873], [31.461838358000136, -17.909998795999854], [31.461922356000173, -17.910000795999906], [31.461926356000163, -17.90983878399993], [31.46193035500005, -17.909678770999903], [31.46201835300002, -17.909517757999936], [31.462021353000125, -17.9093577459999], [31.462027352000177, -17.909195732999933], [31.46211334999998, -17.909117726999966], [31.462119350000137, -17.908875707999982], [31.46220634700012, -17.908714695999834], [31.462298345000136, -17.908476676999953], [31.462388342, -17.908236658999954], [31.462559337000016, -17.90807764599998], [31.46264733400011, -17.9079996399999], [31.46273333200014, -17.907921633999933], [31.462821329000064, -17.907761620999906], [31.462992325000187, -17.907684614999937], [31.46316432000009, -17.90752660299995], [31.463334315000054, -17.907450596999865], [31.46480027299998, -17.906113491999974], [31.464884271000187, -17.90611549199997], [31.46497226800011, -17.90603548599995], [31.465060266000137, -17.90587647399991], [31.465231261000156, -17.90571846099988], [31.465405256000054, -17.905561448999947], [31.46557525100019, -17.905485442999975], [31.465664248000166, -17.90532542999989], [31.46583424300013, -17.905249423999976], [31.46609023600007, -17.905092411999874], [31.46617823400004, -17.905014405999907], [31.467303201000163, -17.9038303129999], [31.467387198999972, -17.903832312999896], [31.467391199000133, -17.903671300999974], [31.46747519700017, -17.90367330099997], [31.467478196000172, -17.90351128799989], [31.467566194000142, -17.90343328199998], [31.467654191000065, -17.903273269999886], [31.467742189000035, -17.90311425699997], [31.467743189000146, -17.903032250999956], [31.46783118600007, -17.902874238999914], [31.467921184000033, -17.902714225999944], [31.468005181000137, -17.90271622599994], [31.46809117900017, -17.902638219999858], [31.468092179000053, -17.9025572139999], [31.468176176000156, -17.902559213999893], [31.468262174000188, -17.902561213999945], [31.468348171000116, -17.90248320799998], [31.468432169000152, -17.902485207999973], [31.468518167000127, -17.902405201999954], [31.46860216400006, -17.90240720199995], [31.46877315900008, -17.902330195999866], [31.468857157000116, -17.902332195999918], [31.468943155000147, -17.90225418999995], [31.469113150000055, -17.90217818399998], [31.46920114700015, -17.90209817799996], [31.469285145000185, -17.90210017799984], [31.46945414000004, -17.90202317199993], [31.47149508200016, -17.901344117999884], [31.471497082000155, -17.90126411199992], [31.471581080000192, -17.901266111999917], [31.471587079000017, -17.901024092999876], [31.47167407700016, -17.900864080999952], [31.47176407400019, -17.90070506799998], [31.471854072000042, -17.90046504899982], [31.471859071000154, -17.90022303099994], [31.471867071000133, -17.89990000499995], [31.471955069000103, -17.899821998999982], [31.47195906800016, -17.899659986999893], [31.473071037000068, -17.89895993199997], [31.473155034000172, -17.898961931999963], [31.473242032000087, -17.898883925999826], [31.473326030000123, -17.898885925999878], [31.47341202700005, -17.898805919999916], [31.473496025000088, -17.89880791999991], [31.473582022000187, -17.898728912999957], [31.47375501700003, -17.89857290099991], [31.47392501200011, -17.898494894999942], [31.47409900800011, -17.898337882999954], [31.474183005000043, -17.89833988299995], [31.474185005000038, -17.898259876999873], [31.474270003000186, -17.89817986999992], [31.474272003000124, -17.89809986399996], [31.474274002000072, -17.898019857999827], [31.474364, -17.897859844999914], [31.474368, -17.897698832999822], [31.474370000000192, -17.89761682699998], [31.47445499700018, -17.89753881999991], [31.47445899700017, -17.897376807999933], [31.474544994999974, -17.897298801999852], [31.474546994000093, -17.897218794999958], [31.474548994000088, -17.89713878899994], [31.474634992000063, -17.897140788999934], [31.474636992000057, -17.897058782999977], [31.474721989000102, -17.8969797769999], [31.474893984000175, -17.896823764999965], [31.47498198200003, -17.896743757999957], [31.47515297700005, -17.89658674599991], [31.47524097500019, -17.896426732999885], [31.47541297000015, -17.896350726999913], [31.475584965000053, -17.896192714999927], [31.475669962000097, -17.896113708999962], [31.475753960000134, -17.896115708999844], [31.475841957, -17.896037702999934], [31.475843957000166, -17.895957696999915], [31.476011953000068, -17.89596169699996], [31.47609995000016, -17.895801683999878], [31.476184948000082, -17.895802683999875], [31.476272945000176, -17.895644671999946], [31.476789930000052, -17.895171634999883], [31.47679193, -17.89509162899992], [31.476875928000027, -17.895093628999916], [31.476877928000192, -17.895013622999954], [31.47704892300004, -17.894935616999874], [31.47722091800017, -17.894778603999953], [31.477392913000074, -17.894700597999815], [31.477478911000105, -17.89462259199985], [31.47747991099999, -17.894542585999886], [31.477563908000093, -17.894544585999938], [31.477735903000053, -17.894385572999965], [31.477821901000084, -17.89438757399995], [31.478076894000083, -17.894233560999965], [31.478246889000047, -17.894237561999944], [31.478416884000183, -17.894160555999974], [31.478418884000178, -17.89407854899997], [31.478502881999987, -17.894080548999852], [31.478588879000085, -17.894002542999942], [31.47859087900008, -17.893922536999924], [31.478675877, -17.893924536999975], [31.4787618740001, -17.89384653099995], [31.478845872000136, -17.89384753099995], [31.47884787200013, -17.89376552499988], [31.478931869000064, -17.893767524999873], [31.47893386900006, -17.89368751899991], [31.479017867000096, -17.893689518999906], [31.479019867000034, -17.893609512999944], [31.479105864000132, -17.89361151299994], [31.479188862000115, -17.893613512999934], [31.47919086200011, -17.893533506999972], [31.47927486000009, -17.893535506999967], [31.479358857000022, -17.893537506999962], [31.479360857000188, -17.893455499999902], [31.479528852000158, -17.893458500999884], [31.479532852000148, -17.893378493999933], [31.479616850000184, -17.893380493999928], [31.479700847000117, -17.893382494999912], [31.479702847000055, -17.89330248799996], [31.479869843000017, -17.89330648899994], [31.479871843000012, -17.893226481999875], [31.479955840000116, -17.89322848199987], [31.479959840000106, -17.893146475999913], [31.480043838000142, -17.89314747599991], [31.480213833000107, -17.89307146999994], [31.500871254000174, -17.902664209999955], [31.501016250000077, -17.902836222999895], [31.501136247000147, -17.9028342229999], [31.526579534000064, -17.91389607499997], [31.55656969300003, -17.927059089999943], [31.556611692, -17.927078090999885], [31.557216675000063, -17.927426117999914], [31.55737867000005, -17.92760113199995], [31.558355648000088, -17.94057214099996], [31.558656639, -17.940862163999896], [31.558656639, -17.94100717499998], [31.558732637000105, -17.94100717499998], [31.558732637000105, -17.941079180999907], [31.558809635000046, -17.941152185999897], [31.558883633000164, -17.941224191999936], [31.558883633000164, -17.941297197999916], [31.55895963100005, -17.941297197999916], [31.55895963100005, -17.94136920299991], [31.559036629, -17.941442208999945], [31.55911062700011, -17.941514214999927], [31.55911062700011, -17.941659225999956], [31.559186625000166, -17.941877242999965], [31.559261623000168, -17.942022253999937], [31.559261623000168, -17.942311276999874], [31.559337621000054, -17.942456287999903], [31.559337621000054, -17.94361837799994], [31.559335622000162, -17.94405341199996], [31.559335622000162, -17.944125417999885], [31.559335622000162, -17.94427042899997], [31.559261624000044, -17.944415439999887], [31.559259624000106, -17.944560451999905], [31.559259625000152, -17.94659060999993], [31.559259625000152, -17.94673282499997], [31.559259625000152, -17.94680762699994], [31.559183627000095, -17.94680762699994], [31.559106629000098, -17.94680762699994], [31.559106629000098, -17.94688063199993], [31.55895663300015, -17.94688063199993], [31.55850064599997, -17.94709564899989], [31.558425648000025, -17.94716865499987], [31.55827365300013, -17.947240660999967], [31.558198655000126, -17.9473136659999], [31.558046659000183, -17.947385671999882], [31.557969661000186, -17.94753068299991], [31.557895664, -17.947602688999837], [31.557819666000114, -17.94767569499993], [31.557743668000057, -17.947820705999845], [31.55766667000006, -17.94789271199994], [31.55759267200017, -17.94796571699993], [31.557516674000112, -17.94796571699993], [31.557365679000156, -17.94811072899995], [31.557289681000043, -17.94811072899995], [31.557289681000043, -17.948182733999943], [31.557136685000046, -17.948255739999865], [31.557062687000098, -17.94840075099995], [31.556909692000147, -17.948470756999882], [31.55683369400009, -17.948615767999968], [31.55668269800003, -17.94876077999993], [31.55652970300008, -17.948905790999902], [31.556302709000136, -17.94905080199993], [31.55615271300013, -17.94926881899994], [31.55592572000012, -17.94941383099996], [31.555772724000064, -17.949557841999933], [31.55569672600018, -17.949702852999962], [31.555622729000163, -17.949775858999942], [31.55546973300011, -17.94992086999997], [31.555393735000052, -17.949992875999953], [31.55531873700005, -17.950065881999876], [31.555166741999983, -17.95013588699993], [31.55488175000005, -17.950416908999955], [31.55488175000005, -17.95032490199992], [31.55476175300015, -17.950326901999972], [31.55464175600008, -17.950326901999972], [31.554639756000086, -17.950212892999957], [31.55439976300005, -17.950216893999936], [31.55439976300005, -17.950101884999924], [31.554277767000087, -17.94998787599991], [31.554157770000188, -17.949989875999904], [31.554035773000123, -17.94987486699989], [31.554035773000123, -17.949760857999877], [31.553914777000045, -17.949762858999975], [31.553792780000038, -17.949649849999844], [31.55367078400002, -17.949535840999886], [31.553550787000177, -17.949422831999982], [31.55330879400009, -17.94931082399995], [31.55318879700002, -17.949197814999934], [31.552946803999987, -17.949084805999973], [31.552944804, -17.94897079699996], [31.55270381100007, -17.94885778899993], [31.552459817000113, -17.948631770999896], [31.552339821000146, -17.948518761999935], [31.552219824000076, -17.94852076299992], [31.55221782400008, -17.948405753999907], [31.55197583100005, -17.948178735999875], [31.551731838000023, -17.947951717999956], [31.551731838000023, -17.94783770999993], [31.551607841000134, -17.94760869199996], [31.55136484800005, -17.947381673999928], [31.551120855000192, -17.947154656999885], [31.550878861000058, -17.946929638999904], [31.550756865000096, -17.94681562999989], [31.550514871000132, -17.94658861299996], [31.550273877999985, -17.946477603999824], [31.550151882000193, -17.94636359499998], [31.55002788500019, -17.946136577999937], [31.549787892000097, -17.94602356899992], [31.54954589800019, -17.945911559999956], [31.549423902, -17.945684542999913], [31.549301905000164, -17.9455695339999], [31.548818919000155, -17.94534651699996], [31.54845492900006, -17.945007489999966], [31.54821393600008, -17.94489448199994], [31.547971942000117, -17.944783472999973], [31.547729949000086, -17.94455645599993], [31.547487956000055, -17.94444444699991], [31.54724496300014, -17.944217428999934], [31.547002969000175, -17.9441064209999], [31.546882973000038, -17.943992411999886], [31.546642980000115, -17.943996411999876], [31.508445048000112, -17.920919628999968], [31.50208822700006, -17.920766619999938], [31.501848234000192, -17.920768619999933], [31.501846234000027, -17.92067861299995], [31.50177023600014, -17.92067861299995], [31.501600241000176, -17.92067461299996], [31.463620309000078, -17.91286401899987], [31.463622309000073, -17.912784011999975], [31.463538311000036, -17.912782011999923], [31.460440398000117, -17.911902944999838]]]]}}, {"type": "Feature", "properties": {"GID_3": "ZWE.5.2.12_2", "GID_0": "ZWE", "COUNTRY": "Zimbabwe", "GID_1": "ZWE.5_1", "NAME_1": "Mashonaland East", "NL_NAME_1": "NA", "GID_2": "ZWE.5.2_2", "NAME_2": "Goromonzi", "NL_NAME_2": "NA", "NAME_3": "Ward 2", "VARNAME_3": "NA", "NL_NAME_3": "NA", "TYPE_3": "Ward", "ENGTYPE_3": "Ward", "CC_3": "NA", "HASC_3": "NA", "id": "ZWE.5.2.12_2", "name": "Ward 2"}, "geometry": {"type": "MultiPolygon", "coordinates": [[[[31.30160669500009, -17.48616571899987], [31.301741691000075, -17.48620772199996], [31.30216367899999, -17.486286727999925], [31.302180679000173, -17.486293728999897], [31.30233567400012, -17.48629572899995], [31.30275266200016, -17.48629972899994], [31.303170651000187, -17.48630372899993], [31.303307647000167, -17.486438739999983], [31.303447643000027, -17.486438739999983], [31.303586639000173, -17.486440739999978], [31.303862631000072, -17.486711760999924], [31.304002627000102, -17.486711760999924], [31.304415616000085, -17.487117791999935], [31.30455361200012, -17.487251802999936], [31.304671609000025, -17.48725380299993], [31.304688608000106, -17.487237801999925], [31.305562584000143, -17.486965779999878], [31.305670581000072, -17.48686277199988], [31.305672581000067, -17.486726760999943], [31.305812577000097, -17.486728760999938], [31.305951573000073, -17.48673076099982], [31.306231565000132, -17.486598750999974], [31.306370561000108, -17.48660075099997], [31.306510557000138, -17.4864677409999], [31.306536556000083, -17.4864677409999], [31.30665155300005, -17.486469740999894], [31.306790549000027, -17.486471740999946], [31.30692754500018, -17.48660475099996], [31.307067541000038, -17.486606750999954], [31.307202538000126, -17.486875771999905], [31.307341534000045, -17.48701078299996], [31.307338534000166, -17.487277803999973], [31.307338534000166, -17.487411813999927], [31.30733653400017, -17.48754482499993], [31.307334534000177, -17.48767883499994], [31.307334534000177, -17.487812845999883], [31.30733253400018, -17.48799385999996], [31.307296535000148, -17.488027862999957], [31.30671655200001, -17.489240957999925], [31.30671655200001, -17.489400970999952], [31.306718552, -17.489562982999928], [31.306720552000172, -17.48996601499988], [31.306721552000113, -17.49012802799996], [31.306721552000113, -17.490288039999882], [31.30672155299999, -17.490368046999947], [31.306723553000154, -17.49045005299996], [31.306395562000148, -17.491904166999916], [31.306311564999987, -17.49198417399998], [31.306227567000178, -17.492066179999938], [31.30614557000007, -17.492228192999903], [31.306061572000033, -17.49230819899998], [31.305978574000108, -17.492470211999944], [31.305812579000133, -17.492632224999966], [31.30572858200003, -17.49279523699994], [31.305646584000158, -17.49303725599998], [31.305478589000188, -17.493199268999888], [31.305396591000147, -17.493361281999967], [31.305396591000147, -17.49352129399989], [31.305312594000043, -17.49360330099995], [31.305314594000038, -17.49368330699997], [31.305314594000038, -17.493845319999878], [31.305316594000033, -17.49400633299996], [31.30540759200011, -17.49537743999997], [31.30540759200011, -17.495457445999932], [31.305409592000103, -17.49561745899996], [31.305409592000103, -17.495699464999973], [31.30541159200004, -17.49594048399996], [31.305329594000057, -17.496264509999946], [31.305329594000057, -17.496506528999873], [31.30524759700006, -17.496666540999968], [31.30524759700006, -17.496829553999873], [31.305165599000077, -17.497071572999914], [31.305133600000147, -17.49713657799998], [31.30516160000019, -17.499257744999966], [31.305068603, -17.49953976699993], [31.304707614000108, -17.501793943999928], [31.304612617000146, -17.501889950999896], [31.30461461700014, -17.50207696599989], [31.30462061700007, -17.502546002999907], [31.30472361400018, -17.502826024999877], [31.304724614000065, -17.50301303899994], [31.303569647000188, -17.504245135999895], [31.303473650000115, -17.504341143999852], [31.303473650000115, -17.504434150999884], [31.303376652999987, -17.504436151999982], [31.303279655000154, -17.504436151999982], [31.303183658000137, -17.504625165999983], [31.302891666000107, -17.504722173999937], [31.302697672000022, -17.50481918199995], [31.302504677000172, -17.504915188999917], [31.302115688000015, -17.505107204999888], [31.302020691000052, -17.505201211999974], [31.30202769100015, -17.505764255999907], [31.302029691000087, -17.505952270999842], [31.301932694000186, -17.50604627799987], [31.301839697000048, -17.506235292999975], [31.301839697000048, -17.50632830099994], [31.3017436990001, -17.50651731499994], [31.30155170500018, -17.506708329999867], [31.301455708000162, -17.50689734499997], [31.301265713000134, -17.507179367999925], [31.301169716000118, -17.507274374999895], [31.301074719000155, -17.507463389999884], [31.301074719000155, -17.507556396999973], [31.301078719000145, -17.507743411999968], [31.301078719000145, -17.507839418999936], [31.30117771600004, -17.507930425999973], [31.301179716000036, -17.508024433999935], [31.30118171600003, -17.50811744099991], [31.30118171600003, -17.508211448999873], [31.30128271300015, -17.50839846299982], [31.301284713000086, -17.508491469999967], [31.301284713000086, -17.50858547799993], [31.301285713000027, -17.508680484999957], [31.302174689000026, -17.509418542999924], [31.30237568300015, -17.509698564999837], [31.302376683000034, -17.509885578999956], [31.30237868300003, -17.509979586999975], [31.302380683000024, -17.510166600999924], [31.302283686000067, -17.510168601999908], [31.30228568600006, -17.510261608999883], [31.30209069099999, -17.51045262399998], [31.301898697000127, -17.51064163899997], [31.301707702000044, -17.51092566099993], [31.301417711000113, -17.51120968399988], [31.301224716000036, -17.51139869799988], [31.301032722000116, -17.51149570599995], [31.301032722000116, -17.511589713999967], [31.300359741000136, -17.512346772999933], [31.30026374400012, -17.51244178099995], [31.30026374400012, -17.512535787999923], [31.300269744000047, -17.512910816999977], [31.30017474600004, -17.513099831999966], [31.300177746000088, -17.513380853999934], [31.300179746000083, -17.5134738619999], [31.300280744000077, -17.513753883999982], [31.300284744000066, -17.514034905999893], [31.30028674400006, -17.514223919999893], [31.30029074400005, -17.514503941999976], [31.300141748000158, -17.515372010999954], [31.300091750000092, -17.515420013999915], [31.30009074999998, -17.515488019999964], [31.300017751999974, -17.515557024999964], [31.299943754000083, -17.51569603599995], [31.29965176200011, -17.516108067999937], [31.299504767000087, -17.516314084999976], [31.299430769000026, -17.516522100999964], [31.299355771000023, -17.516728116999957], [31.299281773000132, -17.517005138999878], [31.29920677500013, -17.51721215499998], [31.29920577600012, -17.51742017199996], [31.299203776000127, -17.517628187999946], [31.29920177600019, -17.51776619899988], [31.299622764000162, -17.5189482909999], [31.299765760000128, -17.519087301999946], [31.29990875700014, -17.519227312999874], [31.29997975500015, -17.519366323999918], [31.30012275100006, -17.519505334999963], [31.300193749000073, -17.51964434599995], [31.300191749000078, -17.519784356999878], [31.300261747000036, -17.519923366999933], [31.300257747000046, -17.520339399999898], [31.30011175100003, -17.52061342199994], [31.299964756000065, -17.520751431999884], [31.299891758000058, -17.520751432999873], [31.299746762000154, -17.520888442999933], [31.299529768000127, -17.52095544899987], [31.299384772000053, -17.52102345399993], [31.299166778000085, -17.521159464999982], [31.29902178200018, -17.52122746999993], [31.298949784000115, -17.52129647599986], [31.298877786000162, -17.52129447599998], [31.298875786, -17.521365480999975], [31.299126780000165, -17.521609499999897], [31.299088781000137, -17.52164350299995], [31.299018783, -17.52164350299995], [31.298873787000105, -17.5217105079999], [31.298285804000045, -17.522675583999842], [31.298281804000055, -17.522952605999933], [31.298281804000055, -17.52302061099988], [31.29828080400017, -17.523228626999924], [31.298278804000176, -17.523367637999968], [31.29827680400018, -17.523575654999945], [31.298272805000124, -17.523852675999876], [31.29827080500013, -17.524129697999967], [31.298167808000073, -17.524510727999882], [31.298087810000027, -17.524748746999933], [31.297992813000064, -17.52493776199998], [31.297896816, -17.52503376899989], [31.297801818000153, -17.52522178399994], [31.297803818000148, -17.525408798999933], [31.297610824000174, -17.525599813999918], [31.297745821000035, -17.528410033999933], [31.29774782100003, -17.52850504099996], [31.297749821000025, -17.528692055999898], [31.29775182100019, -17.528785062999873], [31.297658824000052, -17.52906808599994], [31.29756282699998, -17.52925609999994], [31.297370832000183, -17.52944511499993], [31.29717783800004, -17.52963612999997], [31.296887846, -17.529827144999956], [31.296307863000095, -17.53030218299989], [31.29573387900018, -17.531246256999964], [31.29563888200005, -17.531435271999953], [31.29564288200004, -17.531623286999945], [31.295544885000027, -17.531717293999918], [31.295546885000192, -17.53190630899985], [31.295451887000127, -17.53209332399996], [31.295262893000142, -17.532564360999913], [31.295266893000132, -17.532846382999935], [31.29517189600017, -17.532941389999962], [31.29507589800005, -17.533128404999957], [31.29500390100003, -17.534912544999884], [31.29500790100019, -17.53528657399994], [31.295008901000074, -17.535381581999957], [31.294911904000116, -17.535474588999932], [31.29481890700015, -17.535663603999865], [31.294722910000132, -17.535852618999968], [31.294530915000166, -17.536043633999952], [31.294337921000135, -17.536325655999917], [31.294146926000053, -17.536609677999877], [31.293956932000185, -17.536987707999913], [31.29385893400007, -17.537080714999945], [31.293763937000108, -17.537176722999902], [31.29366694000015, -17.537178722999897], [31.29366694000015, -17.537271729999873], [31.293473945000073, -17.537367737999887], [31.293376948000116, -17.53746274499997], [31.292676968000137, -17.538381817999948], [31.292224981000118, -17.53897486399984], [31.2921289840001, -17.539070871999968], [31.292130984000096, -17.539257886999962], [31.29213298400009, -17.539446900999906], [31.292136984000024, -17.539726922999876], [31.292140984000184, -17.539913937999927], [31.292144984000174, -17.54019595999995], [31.292144984000174, -17.540222961999973], [31.292176983000047, -17.540317969999933], [31.292342979000125, -17.540474981999978], [31.292443976000015, -17.540661996999972], [31.29254297300014, -17.540753003999953], [31.29254297300014, -17.540847010999926], [31.292544973000133, -17.540942018999885], [31.292546973000128, -17.54112903299989], [31.292550973000118, -17.541316047999942], [31.292454976000045, -17.54150506299993], [31.292359979000082, -17.541693076999934], [31.292264981000073, -17.541882091999867], [31.292073987000094, -17.54216611499993], [31.292075987000032, -17.542353128999935], [31.291978990000132, -17.54244913699995], [31.291884992000178, -17.542636151999886], [31.291884992000178, -17.54273115899997], [31.291789995000045, -17.542918173999965], [31.291793994999978, -17.543107188999954], [31.291796995000084, -17.54348121799984], [31.291802995000012, -17.54385624699995], [31.291804995000177, -17.543950254999913], [31.291804995000177, -17.54404326199989], [31.291808995000167, -17.544230276999883], [31.290479034000157, -17.547059498999943], [31.290481034000152, -17.54724651399988], [31.29038603700019, -17.54743552799988], [31.29029103900018, -17.54762354299993], [31.290197042000102, -17.54781255799992], [31.290199042000097, -17.547999572999856], [31.290201042000092, -17.54818858699997], [31.290312039000128, -17.54902965299982], [31.290312039000128, -17.54912466099995], [31.290314039000123, -17.54921866799998], [31.290315039000177, -17.54934267799996], [31.290315039000177, -17.549405682999918], [31.290317039000172, -17.549498689999893], [31.290319039000167, -17.54968570499983], [31.290224042000034, -17.54978171199997], [31.29012904500007, -17.54996972699996], [31.290033048000055, -17.550158741999894], [31.289827054000057, -17.550360757999897], [31.289648059000058, -17.55053877199998], [31.28945506399998, -17.55082279399994], [31.289264070000172, -17.551104815999906], [31.288986078000107, -17.552140897999948], [31.288986078000107, -17.55223390499998], [31.288891081000145, -17.552422919999913], [31.28889308100014, -17.552516926999942], [31.28889608100019, -17.55279694899997], [31.28880308400005, -17.553078970999934], [31.288709086000097, -17.553455000999975], [31.288614089000134, -17.553644015999964], [31.288521092000167, -17.553833030999954], [31.288521092000167, -17.55392603799993], [31.28842509500015, -17.554022044999954], [31.288326097000095, -17.554023045999884], [31.28832809700009, -17.554117052999914], [31.28813310300012, -17.554212059999884], [31.28794310800015, -17.554497082999944], [31.287845111000138, -17.554590089999976], [31.287847111000076, -17.554685097999936], [31.287750114000175, -17.55477910499991], [31.28775211400017, -17.554874111999936], [31.28786811100008, -17.556278221999946], [31.287967107999975, -17.55637122999991], [31.28806910600008, -17.556556243999978], [31.28807010600019, -17.55665025199994], [31.28807010600019, -17.556745258999968], [31.288074106000124, -17.556932273999962], [31.288074106000124, -17.557026280999935], [31.287979108000116, -17.557121288999895], [31.28798110800011, -17.5573083029999], [31.287885111000037, -17.557497317999946], [31.287790114000074, -17.557686332999936], [31.287695117000112, -17.557874347999928], [31.287697117000107, -17.5579683549999], [31.287599120000095, -17.5579683549999], [31.28760112000009, -17.55806336199987], [31.287603120000085, -17.55825037699998], [31.28760512000008, -17.55834438499994], [31.28760512000008, -17.558437391999973], [31.287607120000075, -17.558531398999946], [31.287609120000013, -17.55871941399988], [31.28741412500017, -17.558721413999933], [31.28721813100009, -17.558723413999928], [31.28721813100009, -17.558630406999953], [31.28320124300012, -17.55792635299997], [31.28300524900004, -17.557834345999936], [31.28270925700008, -17.55774533999994], [31.28231626800016, -17.55756232499988], [31.28202227600019, -17.557472317999895], [31.28182628200011, -17.557380310999918], [31.281629287000044, -17.557382310999913], [31.26939663100012, -17.556024209999975], [31.26880864800006, -17.555843195999955], [31.26831866100008, -17.55575518899991], [31.26802267, -17.555666181999925], [31.267633681000063, -17.555670182999904], [31.259708903000046, -17.555011133999926], [31.2579469530001, -17.554846121999958], [31.25735896900011, -17.55475811499997], [31.25716297500003, -17.55466610799988], [31.256967980000184, -17.554668108999977], [31.256870983000056, -17.55467010899997], [31.256771986000103, -17.55467010899997], [31.250806153000042, -17.554178072999832], [31.243989755000086, -17.55387910999997], [31.237164259000053, -17.558850562999964], [31.234318679000125, -17.56380933099996], [31.23068112900006, -17.567994171999885], [31.23068485500005, -17.567610810999952], [31.21979746800008, -17.577481328999966], [31.219397822000076, -17.57747772999994], [31.218347078000136, -17.57939706199994], [31.216810123000073, -17.582094273999928], [31.216810123000073, -17.582340292999845], [31.216318509000075, -17.582055708999917], [31.215616990000058, -17.58090988799995], [31.214191142000175, -17.578580944999942], [31.212234343000034, -17.574345962999928], [31.211480278000067, -17.56973845499988], [31.211080650000042, -17.569734840999956], [31.21068102300012, -17.569731226999977], [31.21028139599997, -17.569727610999962], [31.20988176900005, -17.569723994999947], [31.207506660000092, -17.567402143999914], [31.20710703800006, -17.567398522999895], [31.20513539000018, -17.56469691399991], [31.204735775000074, -17.564693287999887], [31.19963446000014, -17.558797195999944], [31.199434601, -17.558771452999906], [31.198923616000116, -17.55877145399984], [31.19841263000012, -17.55852543499998], [31.19662367900014, -17.555336184999817], [31.196625679000135, -17.55484414699987], [31.19636768600003, -17.55484414699987], [31.196112693000146, -17.554598127999952], [31.195600707000096, -17.5541070889999], [31.195089721000045, -17.55361505099995], [31.19406974900005, -17.551161858999933], [31.19406974900005, -17.550915839999902], [31.19381375600011, -17.550915839999902], [31.19381375600011, -17.55042580199995], [31.193558763000055, -17.55017978199993], [31.193558763000055, -17.549933762999842], [31.193302770000116, -17.549689743999977], [31.19330477000011, -17.549197705999973], [31.193048777000115, -17.548953685999948], [31.193048777000115, -17.548707666999974], [31.193048777000115, -17.548461647999886], [31.192793783000184, -17.547970609999936], [31.192793783000184, -17.547724589999916], [31.192793783000184, -17.54748057099988], [31.19203280200003, -17.54036401399992], [31.192032801000096, -17.5401179939999], [31.191776809000032, -17.5401179939999], [31.191521815999977, -17.539627955999947], [31.191009830000098, -17.538890897999977], [31.18998785800011, -17.537662802999876], [31.187942915000065, -17.537660802999824], [31.187687923000112, -17.537660802999824], [31.185127996000176, -17.54035801599997], [31.18487300300012, -17.540604034999888], [31.184871003000126, -17.541094073999943], [31.183846033000066, -17.543793285999982], [31.183844024000166, -17.546097585999973], [31.178545400000132, -17.546051390999935], [31.16861760600011, -17.547882470999923], [31.16236064000003, -17.54720956199992], [31.162616632000038, -17.547211561999916], [31.164155587000096, -17.54279621599983], [31.164155587000096, -17.54255019599998], [31.16415758700009, -17.54181413899994], [31.164157586000044, -17.541323099999886], [31.16390159300005, -17.540833061999933], [31.16390159300005, -17.53985098499993], [31.163903593000043, -17.539114926999957], [31.163903592000167, -17.538868907999927], [31.164672570000164, -17.53739779199998], [31.164672570000164, -17.53715177299989], [31.16492756300005, -17.53715177299989], [31.16492756300005, -17.53641571499992], [31.16492956200011, -17.535434637999913], [31.164418576000116, -17.534452560999853], [31.16442057600011, -17.533962522999957], [31.16416358300006, -17.533962522999957], [31.164164583000172, -17.53371650399987], [31.16390759000012, -17.53371650399987], [31.163909590000117, -17.533470484999953], [31.163653597000177, -17.533470484999953], [31.163653597000177, -17.533226465999917], [31.163398604000122, -17.53273442699998], [31.163142611000126, -17.532243388999916], [31.162887618000127, -17.531997369999942], [31.162887618000127, -17.53126131199997], [31.16288861800018, -17.531017292999934], [31.16288861700008, -17.53077127299997], [31.163144610000074, -17.530525253999883], [31.163144610000074, -17.53028123499996], [31.163144610000074, -17.53003521599993], [31.163400603000184, -17.53003521499994], [31.16340060200008, -17.529544176999877], [31.16365759500013, -17.529054137999935], [31.16391358800007, -17.528564099999983], [31.163913586999968, -17.528072060999932], [31.166732506000073, -17.522675636999907], [31.166732506000073, -17.522431617999814], [31.166987498000026, -17.52194157899993], [31.167243491000193, -17.52169555999984], [31.181313092000153, -17.514589996999973], [31.186170955000193, -17.515330052999957], [31.186426948000133, -17.515330052999957], [31.187960905000182, -17.515332051999906], [31.189495861000125, -17.514104954999823], [31.18975185400012, -17.514104954999823], [31.19051783200007, -17.513860935999958], [31.191797796000117, -17.513616915999933], [31.19230878200011, -17.513616915999933], [31.193844738000166, -17.51116372299998], [31.19409973000012, -17.51091970399989], [31.194355723000115, -17.510427664999952], [31.195637685000122, -17.507240414999842], [31.195892678000178, -17.50724041399991], [31.196403664000172, -17.506750375999957], [31.196659656, -17.506504355999937], [31.197939620000056, -17.5047872209999], [31.193851733000145, -17.5006138949999], [31.19346874300004, -17.499733826999943], [31.1934667430001, -17.499510808999958], [31.19369573700004, -17.499283790999982], [31.196209664000094, -17.495238472999972], [31.19644265700009, -17.495236472999977], [31.196440657000096, -17.495013454999878], [31.19690164400015, -17.494784436999964], [31.197363631000087, -17.49433240099995], [31.197590625000032, -17.493884365999918], [31.198049610999988, -17.493432329999905], [31.19827660500016, -17.492983294999874], [31.20011555200017, -17.490954134999924], [31.200113552000175, -17.49073111799987], [31.20080453200012, -17.490054063999878], [31.20126351900018, -17.48960202899997], [31.20172750600011, -17.48937300999995], [31.20218649300017, -17.488922974999923], [31.202417486000172, -17.488695956999948], [31.202648480000107, -17.488693956999896], [31.20287947300011, -17.488468938999915], [31.20311246700004, -17.488464938999925], [31.203342460000158, -17.488239920999888], [31.203575454000088, -17.488237920999893], [31.203571454000098, -17.488014902999907], [31.204037441000025, -17.488008901999876], [31.20450042700014, -17.48777988399985], [31.204731421000076, -17.487554865999982], [31.20658336800011, -17.486864811999965], [31.206816361999984, -17.48686281099998], [31.20681436199999, -17.48663879399993], [31.207046355000102, -17.486637793999932], [31.20751234200003, -17.486631792999958], [31.207973329000083, -17.486404774999926], [31.208664309000028, -17.48572572099988], [31.20889730300013, -17.485723720999886], [31.209127296000077, -17.485498702999905], [31.20959128300018, -17.485269684999878], [31.209822277000114, -17.485267684999883], [31.209818277000124, -17.484821649999958], [31.210050270000067, -17.484817649999968], [31.210045270000023, -17.48437161499993], [31.21003927000004, -17.48392457899996], [31.210037270000043, -17.483701561999908], [31.21002927000012, -17.483032508999884], [31.210020270000086, -17.48213943899998], [31.209783276000167, -17.48191842199998], [31.209782276000112, -17.481695404999925], [31.209780276000117, -17.481471386999942], [31.209774276000132, -17.481025351999904], [31.209541283000135, -17.481027351999955], [31.20953928300014, -17.480804334999902], [31.20953528300015, -17.480581316999917], [31.209301289000166, -17.48035929999986], [31.209062296000184, -17.479915264999875], [31.208822302000044, -17.47924821299995], [31.201221509999982, -17.46570615299993], [31.201446074000103, -17.46504236399994], [31.201557945000047, -17.46504337599987], [31.201679497000157, -17.46503309999997], [31.201912490000154, -17.465029099999924], [31.202148484000134, -17.465250116999925], [31.20238147700013, -17.46524811699993], [31.20261447100006, -17.465247116999933], [31.20354844500008, -17.465681149999966], [31.204479418000062, -17.465672148999943], [31.204712412000163, -17.465670148999948], [31.22783676500012, -17.473683768999877], [31.228068758000177, -17.473681767999892], [31.22806675800001, -17.473458750999896], [31.228995732000158, -17.473448749999875], [31.229924706000077, -17.47321473099987], [31.233634601000176, -17.472058638999954], [31.233867594, -17.472056638999902], [31.234328581000057, -17.471827619999942], [31.234561575000157, -17.471825619999947], [31.23479256800016, -17.471598601999915], [31.23502456199998, -17.47159660199992], [31.235055560999967, -17.47156659999996], [31.238601377000123, -17.470604715999855], [31.239493342000117, -17.47154943299995], [31.239676431000078, -17.47154759599988], [31.240144418000114, -17.47176461299989], [31.240376411000057, -17.471762612999896], [31.240613405000147, -17.471981629999902], [31.24108039200013, -17.472201646999906], [31.241546378000123, -17.472195645999932], [31.24154737900011, -17.472418663999917], [31.241780372000164, -17.472416663999923], [31.242015365000157, -17.47263868099992], [31.242251359000136, -17.472857697999927], [31.242717346000063, -17.472853697999938], [31.242951339000115, -17.473072714999944], [31.243184333000045, -17.473071713999957], [31.243419326000037, -17.473292731999948], [31.243651320000026, -17.473290730999963], [31.243882313000086, -17.47306371399992], [31.24411530700013, -17.473061712999936], [31.244344300000193, -17.47283469499996], [31.24480528700002, -17.472384659999932], [31.245038280000074, -17.472380658999953], [31.245034280000084, -17.4721576419999], [31.245267274000184, -17.472155641999905], [31.24550326700006, -17.472376658999906], [31.245734261000166, -17.472372658999916], [31.245738261000156, -17.47259667599991], [31.245972254000037, -17.472817692999968], [31.246209248000127, -17.47303871099996], [31.24644424100012, -17.47325972799996], [31.246446241000115, -17.473483744999953], [31.246678235000104, -17.473479744999963], [31.246682235000094, -17.47370276299995], [31.24691522800009, -17.473700761999964], [31.246917228000086, -17.47392377999995], [31.247149222000075, -17.473921779999955], [31.24715122200007, -17.474144796999838], [31.247384215000068, -17.474142796999956], [31.24784920200011, -17.47413779599998], [31.2478532020001, -17.474360813999965], [31.248084195000104, -17.47435881399997], [31.248088195000093, -17.474581830999853], [31.24855318200008, -17.47457582999988], [31.248555182000075, -17.47479984799986], [31.248788176000176, -17.47479784799998], [31.24943215800016, -17.475325888999862], [31.249516156000027, -17.475405894999824], [31.25279706400005, -17.47627396199988], [31.252883061000148, -17.47627396199988], [31.252967059000184, -17.47635396799984], [31.25321805200008, -17.47643197399998], [31.253386047, -17.47651197999994], [31.25531999300017, -17.476823003999925], [31.25540399099998, -17.47682100399993], [31.25557198600012, -17.47682100399993], [31.25573998100009, -17.476819003999935], [31.25607797200007, -17.47681800299995], [31.256328965000137, -17.476735996999935], [31.25817391200013, -17.476401969999813], [31.258341908000148, -17.476401969999813], [31.258508903000063, -17.476319962999867], [31.25884489400005, -17.47631796299987], [31.259266882000134, -17.476313961999892], [31.25951787500003, -17.476231955999936], [31.25997786199997, -17.476187951999975], [31.260097858000165, -17.476139947999968], [31.260237854000025, -17.476141948999953], [31.260376850000114, -17.476141948999953], [31.260376850000114, -17.476008937999893], [31.26093583500011, -17.475880927999867], [31.261352823000152, -17.475884927999914], [31.261770811000076, -17.475888927999904], [31.261909807000052, -17.4758909279999], [31.26204980300008, -17.476025938999953], [31.262325796000084, -17.47616094899996], [31.262602788000095, -17.476298959999895], [31.26287878000005, -17.47643396999996], [31.263294769000083, -17.47670499199984], [31.267723645000046, -17.47942120299996], [31.267860641000027, -17.479557213999954], [31.268139633000033, -17.479558213999837], [31.26813963400008, -17.479692223999905], [31.26855662200012, -17.47969622399995], [31.26869461800004, -17.47983123499995], [31.268972610000105, -17.479833234999944], [31.269249602000116, -17.47997024499989], [31.269388598000035, -17.479972245999875], [31.269666591000032, -17.47997424599987], [31.271904527000117, -17.47919218299984], [31.272045523000088, -17.479061172999934], [31.272045523000088, -17.478927161999934], [31.272323515000153, -17.47892916299992], [31.272465511000178, -17.478797151999913], [31.272745503000067, -17.478666141999838], [31.272886499000037, -17.478534130999947], [31.27316549200009, -17.47840312099993], [31.27344548399998, -17.478406120999978], [31.2737234760001, -17.478408120999973], [31.274141464000024, -17.47827911099995], [31.27428046000017, -17.478280110999947], [31.274698448000095, -17.478284110999937], [31.27483744400007, -17.478284110999937], [31.275116437000122, -17.478288110999927], [31.275533425000162, -17.478292110999973], [31.275951413000143, -17.478429121999852], [31.276367402000176, -17.4785671329999], [31.276644394000186, -17.47870414299996], [31.276783390000105, -17.47870414299996], [31.28092627400008, -17.480558286999894], [31.28281422100008, -17.48132834699993], [31.282982217000097, -17.481409352999947], [31.283150212000066, -17.481487358999914], [31.28331920700009, -17.481567364999876], [31.283571200000097, -17.48164737099995], [31.283909191000077, -17.48172537699992], [31.284328179000113, -17.481803382999885], [31.28462217100008, -17.481964395999967], [31.284689169000103, -17.481986397999947], [31.285106157000143, -17.48212440799989], [31.285522146, -17.48226141899994], [31.288706057000127, -17.48416356699994], [31.289400037000178, -17.484437587999878], [31.289955022000186, -17.484710608999933], [31.290230013999974, -17.48497962999994], [31.290508006000096, -17.48498362999993], [31.290786999000147, -17.48511864099993], [31.291339983000114, -17.485391661999927], [31.29189696800006, -17.48553067299997], [31.29231095600005, -17.48580169399986], [31.292588948000116, -17.485803693999912], [31.295377870000152, -17.485563673999877], [31.295460866999974, -17.485563673999877], [31.295655862000046, -17.485565673999872], [31.295794858000193, -17.485567673999924], [31.296630834000098, -17.485708684999963], [31.29746381100017, -17.485849695999946], [31.298142792000135, -17.486118716999954], [31.299306759000046, -17.486143717999937], [31.29947475500012, -17.486141717999942], [31.29964175000015, -17.486141717999942], [31.299725748000185, -17.486059710999882], [31.299893743000155, -17.486059710999882], [31.300145736000104, -17.486057710999887], [31.300313731000074, -17.486055710999892], [31.300481726000044, -17.486055710999892], [31.300565724000023, -17.486053709999908], [31.300900714000022, -17.486051709999856], [31.301154707000023, -17.486131715999875], [31.30149069800018, -17.486129715999823], [31.30160669500009, -17.48616571899987]]]]}}, {"type": "Feature", "properties": {"GID_3": "ZWE.5.2.13_2", "GID_0": "ZWE", "COUNTRY": "Zimbabwe", "GID_1": "ZWE.5_1", "NAME_1": "Mashonaland East", "NL_NAME_1": "NA", "GID_2": "ZWE.5.2_2", "NAME_2": "Goromonzi", "NL_NAME_2": "NA", "NAME_3": "Ward 20", "VARNAME_3": "NA", "NL_NAME_3": "NA", "TYPE_3": "Ward", "ENGTYPE_3": "Ward", "CC_3": "NA", "HASC_3": "NA", "id": "ZWE.5.2.13_2", "name": "Ward 20"}, "geometry": {"type": "MultiPolygon", "coordinates": [[[[31.327727136000135, -17.898822976999952], [31.327800134000142, -17.898791974999938], [31.32830911900004, -17.898643962999927], [31.358610267000188, -17.904846433999978], [31.37144090700008, -17.9073286229999], [31.371524904000182, -17.90733062299995], [31.376982759000157, -17.927712207999946], [31.377038758000083, -17.928843296999958], [31.377030758000103, -17.92916532199996], [31.377028758000108, -17.92924532799998], [31.377022759000056, -17.929407339999898], [31.3760277880001, -17.932120551999958], [31.37403984800011, -17.940545208999936], [31.374034848, -17.940787227999976], [31.37402884800008, -17.940950240999882], [31.374112846000116, -17.941032246999953], [31.37410684600013, -17.941192258999934], [31.374104846000137, -17.94127426599988], [31.374095846000102, -17.941676296999844], [31.374093846000108, -17.941756302999977], [31.374091847000045, -17.941838309999923], [31.37408984700005, -17.941919315999883], [31.37417184400016, -17.942001321999896], [31.374169844, -17.942083328999956], [31.37433184000008, -17.94232734799988], [31.374415838000118, -17.942329347999873], [31.37449983500005, -17.942332347999923], [31.374583833000088, -17.942334347999918], [31.374669830000187, -17.942254341999956], [31.374924823000015, -17.94218033599998], [31.375010821000046, -17.942102329999898], [31.37518081600018, -17.94210532999989], [31.375182816000176, -17.94202532399993], [31.37551880600006, -17.942033323999965], [31.375687802000186, -17.942037324999944], [31.375855797000156, -17.942041324999934], [31.375939795000193, -17.94204332499993], [31.37602179200013, -17.942125330999943], [31.376105790000167, -17.94212633099994], [31.37619178700004, -17.942128330999935], [31.37618778799998, -17.94221033799988], [31.376185787999987, -17.942290343999957], [31.376181788000054, -17.94245335699992], [31.376174788000185, -17.942775381999923], [31.37625478600006, -17.942937393999898], [31.376252786000066, -17.943019400999958], [31.37625078600007, -17.943099406999977], [31.376332784000112, -17.943181412999934], [31.376330784000118, -17.943261419999885], [31.376328784000123, -17.943343425999956], [31.376492780000035, -17.943507438999916], [31.37649078000004, -17.94358944499993], [31.376574777000144, -17.943591444999925], [31.376656775000185, -17.94367345199987], [31.376908768000135, -17.943679451999856], [31.376994765000063, -17.943681451999907], [31.3770787630001, -17.943683451999902], [31.377329756000165, -17.943689452999877], [31.37749975100013, -17.943692452999926], [31.377581749000115, -17.943776458999878], [31.377661747, -17.943938471999957], [31.377909740000177, -17.944106484999907], [31.37799173800005, -17.944188490999977], [31.377989738000053, -17.94426849699994], [31.378071735000162, -17.944352503999937], [31.378068736000046, -17.944513515999915], [31.37806673600005, -17.944595522999975], [31.37806273600006, -17.944755534999956], [31.37805873600007, -17.94483554199985], [31.378056736000076, -17.944917547999978], [31.378050736000148, -17.945159566999905], [31.378049736000037, -17.94523957299998], [31.37804573700015, -17.94539958499996], [31.378041737, -17.94556259799998], [31.37795373900019, -17.945640603999948], [31.377951739000025, -17.9457206109999], [31.377864742000042, -17.94588062299988], [31.377860742000053, -17.94604263599996], [31.377856742000063, -17.946202647999883], [31.377854742000068, -17.946283653999956], [31.377850742000078, -17.94636566099996], [31.377844743000026, -17.94660567899996], [31.37792674000019, -17.946689685999957], [31.378420727000105, -17.94718572399995], [31.378503724000154, -17.947267730999897], [31.37858672200008, -17.947269730999892], [31.37858572199997, -17.947349736999968], [31.37866872000012, -17.947351736999963], [31.3788327150001, -17.947517749999975], [31.37900271, -17.947520749999967], [31.379086708000045, -17.947522749999962], [31.37917070600008, -17.947524750999946], [31.37925670300018, -17.947446743999876], [31.379424699000026, -17.94745074499997], [31.379511696000066, -17.94737273899989], [31.37959769400004, -17.947292731999937], [31.37968369100014, -17.947213725999973], [31.37976968900017, -17.947135719999835], [31.3798556860001, -17.947137719999887], [31.379857686000094, -17.947057713999925], [31.379941684000073, -17.94705971399992], [31.380025681, -17.947061713999915], [31.380194677000134, -17.946984707999945], [31.380450669000027, -17.946908701999973], [31.380618665000043, -17.946914701999845], [31.380873657, -17.94683869599993], [31.381041653000068, -17.94684169699991], [31.381295646000012, -17.946849696999948], [31.382136622000132, -17.946868697999946], [31.382390615000133, -17.946874698999977], [31.382474612000067, -17.946876698999972], [31.382558610000103, -17.946878698999967], [31.38255661000011, -17.94695870499993], [31.382640608000088, -17.94696070499998], [31.382725605000132, -17.946962704999976], [31.38280960300017, -17.946965705999958], [31.383231591000083, -17.946975705999932], [31.383567581000136, -17.94698370699996], [31.383565582000074, -17.947063712999977], [31.383649579000178, -17.947065712999972], [31.38381657500014, -17.94715071999991], [31.384146565000094, -17.947398738999937], [31.384478556000147, -17.94756875199994], [31.3847285490001, -17.94773676499989], [31.384976542000118, -17.947904777999952], [31.385142537000092, -17.94798878399996], [31.385224535000134, -17.948070790999907], [31.38531053300011, -17.948072790999902], [31.385392530000104, -17.948156796999854], [31.385558526000125, -17.948240803999965], [31.385890517000178, -17.948409816999913], [31.385888517000183, -17.948489822999875], [31.385972514000116, -17.948491822999927], [31.386056512000152, -17.948573828999884], [31.386140510000132, -17.94857582999998], [31.38622250700007, -17.94865983599982], [31.386470500000087, -17.948825848999945], [31.38679849100015, -17.949155874999917], [31.386967486000174, -17.94916187499996], [31.38704748400005, -17.94932388799998], [31.387213480000128, -17.949407893999876], [31.387295477000066, -17.949491899999828], [31.387377475000108, -17.949573906999944], [31.387543470000082, -17.949657912999953], [31.387793463000037, -17.949825925999846], [31.38820945200007, -17.94999693899996], [31.388625440000055, -17.95024895899985], [31.388960431000157, -17.950336965999952], [31.38904342799998, -17.95042097199996], [31.389126426000132, -17.950422971999956], [31.389208424000174, -17.95050497899996], [31.389376419000087, -17.95050797899995], [31.38971241000013, -17.95059598599994], [31.389962403000084, -17.950683991999938], [31.39179135100005, -17.95169506999997], [31.391873349000093, -17.951777076999974], [31.39203934500017, -17.951863082999978], [31.39229333700007, -17.951868083999955], [31.392625328000065, -17.952036096999905], [31.39279432300009, -17.952040096999895], [31.392878321000126, -17.95204209699989], [31.3930443160001, -17.952128103999883], [31.393298309000045, -17.95213310399987], [31.393462305000128, -17.95229911699994], [31.39354630200006, -17.952301116999934], [31.39371429700003, -17.95230511699998], [31.393880293000052, -17.952389122999932], [31.394045288000143, -17.952555135999887], [31.39412828600007, -17.952637142999833], [31.394295281000154, -17.95264114299988], [31.39429328100016, -17.952721148999956], [31.39437727899997, -17.95272314899995], [31.394375278999973, -17.952805155999954], [31.394629272000145, -17.95281115599994], [31.394879265000156, -17.952896162999934], [31.395722241000044, -17.952915163999933], [31.39580623900008, -17.952917163999928], [31.395976234000045, -17.9528411579999], [31.396062231000144, -17.952763151999932], [31.3962312270001, -17.95276715199992], [31.396485219000112, -17.952692145999947], [31.396575217000134, -17.95253213399991], [31.396744212000158, -17.952456127999938], [31.396834209000076, -17.95229711499985], [31.39692020700005, -17.95221710899989], [31.397006205000082, -17.952139102999922], [31.397093202000065, -17.95198108999989], [31.397183199000153, -17.951821077999966], [31.39735519500016, -17.951664065999978], [31.397359194000046, -17.951502052999956], [31.397530189000065, -17.951426046999813], [31.39761818700009, -17.95126603499989], [31.39770418400019, -17.951187027999936], [31.397706184000185, -17.951107021999974], [31.397877180000137, -17.951031015999888], [31.397963177, -17.950951009999926], [31.398047175000045, -17.95095300999992], [31.398137172000133, -17.950793997999938], [31.39822117000017, -17.95079599799982], [31.398307167000098, -17.95071799199991], [31.39839216500019, -17.950637984999958], [31.398480162000112, -17.950559978999934], [31.39856416000009, -17.950561978999815], [31.39865015700019, -17.950483972999848], [31.398738155000046, -17.950322960999927], [31.398827152000024, -17.950164947999895], [31.39891515, -17.950004935999914], [31.399090145, -17.949767916999917], [31.399178142000096, -17.949607904999937], [31.399350137000056, -17.94945189299989], [31.399439135000137, -17.949290879999978], [31.399695127000143, -17.949136867999925], [31.399869122000098, -17.94897885599994], [31.400040118, -17.948821842999962], [31.400214113000118, -17.948663830999976], [31.40038610800002, -17.94850781899993], [31.400557103000097, -17.948428812999964], [31.400813096000036, -17.948274799999922], [31.40098609100005, -17.94811778799982], [31.40107208800015, -17.94803778199997], [31.401158086000123, -17.94795977599989], [31.401246083000046, -17.947881769999924], [31.401417078000065, -17.947723756999892], [31.401503076000097, -17.947644750999928], [31.40159107300019, -17.94756674499996], [31.40167907100016, -17.94740673299998], [31.403571017000047, -17.945918615999915], [31.40365901400014, -17.945838609999953], [31.40374401200006, -17.94576060399993], [31.40391600700019, -17.945604590999892], [31.40417200000013, -17.945529584999974], [31.40434299500015, -17.945371572999875], [31.404430992000073, -17.945293566999908], [31.40460098699998, -17.94521656099994], [31.404684985000188, -17.945218560999933], [31.40477098300005, -17.94513855499997], [31.40485798000003, -17.94506054899989], [31.404941978000068, -17.945062548999886], [31.405193971000017, -17.945068548999927], [31.405363966000152, -17.94507154899992], [31.405531961000122, -17.9450755499999], [31.405780954000193, -17.945163555999898], [31.405948949000162, -17.94524756299984], [31.40611694500018, -17.945251562999886], [31.406114945000013, -17.94533156899996], [31.406198942000117, -17.945333568999956], [31.40619694200018, -17.94541557599996], [31.406450935000123, -17.945420575999947], [31.406616930999974, -17.945504582999945], [31.40669892800014, -17.945586588999902], [31.406866924000155, -17.945592588999943], [31.40686492400016, -17.945672595999895], [31.40703291900013, -17.945676595999885], [31.40711791700005, -17.94567859599988], [31.407119916000113, -17.945598589999918], [31.40728991200018, -17.94552058399995], [31.407629902000053, -17.94544757799997], [31.407798897000077, -17.945371571999885], [31.407970892000037, -17.94529556599997], [31.408140888000048, -17.945218559999944], [31.40830888300019, -17.945222559999877], [31.40839388, -17.945224559999872], [31.408479878000037, -17.94514455399991], [31.409511848000136, -17.944362491999982], [31.409681844000033, -17.944286486999886], [31.409767841000132, -17.944207479999932], [31.409856839000042, -17.944047467999837], [31.40994283600014, -17.94396946199987], [31.410028834000116, -17.94389145599996], [31.410200829000075, -17.943813448999947], [31.41045582200013, -17.943658436999954], [31.41062981700003, -17.943500424999968], [31.410717814000122, -17.943341412999928], [31.410802812000043, -17.94326340599997], [31.41097680700011, -17.943105393999872], [31.41106280400004, -17.943027387999905], [31.41114880200007, -17.942949381999938], [31.411150802000066, -17.942867374999878], [31.411237799000048, -17.942788368999913], [31.411239799000043, -17.94270836299995], [31.411243799000033, -17.942546349999873], [31.411329796000132, -17.942468343999906], [31.41133379600012, -17.94230633199993], [31.411419794000096, -17.942228325999963], [31.411422793999975, -17.9421473189999], [31.41142479399997, -17.94206731299994], [31.41142679300009, -17.941985306999925], [31.411430793000022, -17.941825293999898], [31.411615788000177, -17.941184243999885], [31.411701785000105, -17.941104237999923], [31.41178778300008, -17.941026231999956], [31.411960778000093, -17.94087021999985], [31.41196277800009, -17.940787212999908], [31.411964778000083, -17.940707206999946], [31.412048775000187, -17.94070920699994], [31.414608703000056, -17.93948711099989], [31.41469269999999, -17.939489110999887], [31.414777698000137, -17.939490110999884], [31.414863695000065, -17.939412104999974], [31.414947693000045, -17.93941410499997], [31.415033691000076, -17.93933409899995], [31.41503569000014, -17.939254092999875], [31.415378681, -17.939019073999873], [31.41546467800009, -17.938941067999906], [31.41546867800008, -17.938861061999944], [31.415554676000113, -17.938783055999977], [31.415556676000108, -17.938701048999974], [31.415641673000096, -17.938623042999893], [31.41564767300008, -17.93838002399997], [31.415649673000075, -17.938300017999893], [31.415735670000174, -17.938302017999888], [31.415739670000107, -17.938142005999964], [31.415741670000102, -17.93805999899996], [31.415828668000017, -17.93790198699992], [31.41591666500011, -17.93774097399995], [31.4159206650001, -17.937660967999875], [31.415922665000096, -17.937580961999913], [31.41601066200019, -17.93742094899983], [31.41609566000011, -17.937342942999862], [31.416097660000105, -17.9372629369999], [31.41618565699997, -17.93718293099994], [31.416187656999966, -17.93710192499998], [31.416271655000173, -17.937103924999974], [31.416273655000168, -17.93702391799991], [31.416275655000163, -17.936943911999947], [31.416359652000097, -17.936945911999942], [31.41636065199998, -17.936863905999928], [31.417215628000065, -17.936400869999886], [31.417303625000102, -17.936321862999932], [31.417471621000175, -17.93632586399997], [31.41764061600003, -17.93624985799994], [31.417810611000164, -17.936253857999873], [31.417896608000092, -17.936173851999854], [31.418064604000108, -17.936176851999903], [31.41814860100004, -17.936178851999898], [31.418150601000036, -17.936098845999936], [31.418235599000127, -17.93610084599993], [31.418571589000067, -17.936108845999968], [31.420633531000135, -17.93462472999994], [31.42072152800006, -17.934464716999912], [31.42080652600015, -17.934385710999948], [31.420892523000077, -17.93430770499998], [31.421066518000146, -17.93414969299988], [31.421152516000177, -17.934071686999914], [31.421154516000172, -17.933991679999963], [31.421238513000105, -17.933993680999947], [31.421241513000155, -17.933911673999887], [31.42132551100019, -17.933912673999885], [31.42141150800012, -17.933834667999918], [31.42158150400013, -17.933758661999946], [31.423885438000184, -17.93268257699998], [31.423969436, -17.932684577999964], [31.42397143600016, -17.93260257099996], [31.424057433000087, -17.93252456499988], [31.424141431000123, -17.932526564999876], [31.424312426000142, -17.932449558999963], [31.424314426000137, -17.932369552999944], [31.42439842300007, -17.93237155299994], [31.42568238700005, -17.931593491999934], [31.42576938400009, -17.931515485999967], [31.425937380000107, -17.931519485999956], [31.426023377000035, -17.93144047999988], [31.426109375000067, -17.93136247399991], [31.426195372000166, -17.931364473999906], [31.42619737200016, -17.93128246699996], [31.426365368000177, -17.93128646799994], [31.42821731500004, -17.931410476999815], [31.428384311000173, -17.931414476999976], [31.428636304000122, -17.931420476999904], [31.428720301000055, -17.931423477999886], [31.42889029600019, -17.931427477999875], [31.42897629400005, -17.931347470999924], [31.42914428900019, -17.931351471999903], [31.429231287000107, -17.931273465999936], [31.429401282000185, -17.931196459999967], [31.429569277000155, -17.931200459999843], [31.429655275000187, -17.931202459999895], [31.42965727500018, -17.931122453999876], [31.429741272000115, -17.931124453999928], [31.430599248000192, -17.930498404999923], [31.430601248000187, -17.930416397999977], [31.43068524500012, -17.930418397999972], [31.430687245000115, -17.93033839199984], [31.430858240000134, -17.930262385999924], [31.43094623800016, -17.930102373999944], [31.43111623300007, -17.930025367999974], [31.431203231000154, -17.929947361999893], [31.431291228000077, -17.92978734899998], [31.431375226000114, -17.929789348999975], [31.431461223000042, -17.929711342999894], [31.431549221000182, -17.92963233699993], [31.43163521800011, -17.929554330999963], [31.432588191000036, -17.92852624999989], [31.432676188000073, -17.928368237999962], [31.432849183000087, -17.928129218999914], [31.43293918100011, -17.927971206999928], [31.43311517600017, -17.927651181999977], [31.433202172999984, -17.927572175999842], [31.43320417299998, -17.92749216999988], [31.43329017100018, -17.92741416299998], [31.43337616800011, -17.92733415699996], [31.433378168000104, -17.927254150999886], [31.43346716500008, -17.927096138999957], [31.433469165000076, -17.927014131999954], [31.433557163000046, -17.926855119999914], [31.433561163000036, -17.92669310699995], [31.43364916000013, -17.926535094999906], [31.434871125000086, -17.92486796499992], [31.435045120000154, -17.924710951999884], [31.435133117000078, -17.92455093999996], [31.43530611200009, -17.924394927999856], [31.435390110000128, -17.924396927999908], [31.435392110000123, -17.92431492099996], [31.44016797400019, -17.920390613999928], [31.440169974000185, -17.920310607999966], [31.440255971000113, -17.92031260799996], [31.440257971000108, -17.920232600999896], [31.440428966000127, -17.920074588999967], [31.440514964000158, -17.91999558299983], [31.440602961000025, -17.91991757699992], [31.440688959000056, -17.919837570999903], [31.440774956000155, -17.919759563999946], [31.440945951000174, -17.91968355799986], [31.441033948999973, -17.91952254599994], [31.441205944000103, -17.91936653399989], [31.441378939000117, -17.919208520999973], [31.44163693200005, -17.918973502999904], [31.44172592900003, -17.918813489999877], [31.44181192700006, -17.91873548399991], [31.441899924000154, -17.918574471999932], [31.441987922000123, -17.918496465999965], [31.442074919000163, -17.918338452999933], [31.442078919000153, -17.918176440999957], [31.442162916000086, -17.918178440999952], [31.44224891400006, -17.918099434999874], [31.442250914000056, -17.918017427999928], [31.44233891100015, -17.91793942199996], [31.442339911000033, -17.91785941599983], [31.442511906000163, -17.917701402999967], [31.442597903999967, -17.917623396999943], [31.442687901000056, -17.917464384999903], [31.442856897000183, -17.917386378999936], [31.442858896000075, -17.917306372999974], [31.443032892000076, -17.917150359999937], [31.443118889, -17.917070353999975], [31.443287884000085, -17.91699334799995], [31.443375882000055, -17.91691534199998], [31.44345987900016, -17.916917341999863], [31.44354587700019, -17.916839335999896], [31.443629875, -17.916841335999948], [31.443715872000098, -17.91676132999993], [31.443886867000174, -17.91668432399996], [31.44405686200008, -17.916608317999874], [31.444228858000088, -17.91653231199996], [31.44439785300017, -17.916453304999948], [31.44456584800008, -17.916457305999813], [31.444651846000113, -17.916379299999846], [31.44473784300004, -17.916381299999898], [31.444907838000177, -17.916305293999926], [31.445075834000193, -17.91630829399992], [31.44524682900004, -17.916232287999946], [31.445416824000176, -17.916156281999974], [31.44550082100011, -17.916158281999856], [31.445502821000105, -17.9160762759999], [31.44558881900008, -17.916078275999894], [31.44575781400016, -17.91600126999998], [31.445927809000068, -17.915925263999952], [31.446097805000136, -17.915929263999885], [31.446183802000064, -17.91585125799992], [31.446185802, -17.915769251999905], [31.44626980000004, -17.915771251999956], [31.446442795000053, -17.91561423899998], [31.446612790000188, -17.91553823299995], [31.44678478500009, -17.915380220999964], [31.44687178200013, -17.915301214999886], [31.4469597800001, -17.915141201999973], [31.447129775000064, -17.91506519599983], [31.44713177500006, -17.914985189999868], [31.447218773000145, -17.9149071839999], [31.447220772000037, -17.914825177999944], [31.447304770000073, -17.91482617799994], [31.447390768000048, -17.914748171999975], [31.44747876500014, -17.914590158999943], [31.447480765000137, -17.91450815299993], [31.447566763000168, -17.91451015299998], [31.44765376000015, -17.91435214099988], [31.447823755000115, -17.914273133999927], [31.44782575500011, -17.914193127999965], [31.44791375300008, -17.914115121999885], [31.448082748000104, -17.914039115999913], [31.448168745000032, -17.91395910999995], [31.448342740000157, -17.91380209699986], [31.44851273600017, -17.913726090999944], [31.448597733000042, -17.913646084999982], [31.448685731000182, -17.91356807899996], [31.448855726000147, -17.913491072999875], [31.448941723000075, -17.913413066999908], [31.44902772100005, -17.913333060999946], [31.44919671600013, -17.913337060999936], [31.44919871600007, -17.913257054999974], [31.449282714000105, -17.91325905499997], [31.44936671100004, -17.913261054999964], [31.44945270900007, -17.913182048999886], [31.449536706000174, -17.91318404899988], [31.44970870200018, -17.913108042999966], [31.449877697000034, -17.913032036999823], [31.450049692000164, -17.91295303099986], [31.450301685000113, -17.9129590309999], [31.45038768200004, -17.912881024999933], [31.450474680000127, -17.912803018999966], [31.45055867700006, -17.91280501899996], [31.45072867300013, -17.912728012999878], [31.45090066800003, -17.91265000699991], [31.450985665000076, -17.912572000999944], [31.451069663000112, -17.91257400099994], [31.45107166300005, -17.912493993999874], [31.452693617000136, -17.911722933999954], [31.45277561400013, -17.911806939999963], [31.453024608000078, -17.9118929469999], [31.453278600000147, -17.91189894699994], [31.453362598000183, -17.911900946999936], [31.453528593000158, -17.911984953999877], [31.45394858200018, -17.912075960999857], [31.454449567000154, -17.912249973999963], [31.45469956000011, -17.912334980999958], [31.454783558000145, -17.912336980999953], [31.45486755600018, -17.912338980999948], [31.455037551000146, -17.912342980999938], [31.455123548000017, -17.91226497499997], [31.455208546000165, -17.912184968999895], [31.455546536000043, -17.91219396899993], [31.455632534000074, -17.912113962999967], [31.455716532000054, -17.912115962999962], [31.455800528999987, -17.912117962999957], [31.45588252700003, -17.912201969999956], [31.45730848700009, -17.91247699099989], [31.457392485000128, -17.912478990999887], [31.457474482000066, -17.912560996999844], [31.457558480000046, -17.912561996999898], [31.457812473000047, -17.912567997999872], [31.458062466, -17.912654003999876], [31.458399456, -17.91266400499984], [31.458567451000135, -17.91266700499989], [31.458737447000033, -17.91267100499988], [31.458989440000153, -17.91267700599991], [31.46009540800003, -17.91221696899987], [31.46018340600017, -17.912138962999904], [31.460269403000098, -17.912060956999937], [31.460270403000038, -17.91197895099998], [31.460440398000117, -17.911902944999838], [31.463538311000036, -17.912782011999923], [31.463622309000073, -17.912784011999975], [31.463620309000078, -17.91286401899987], [31.501600241000176, -17.92067461299996], [31.50177023600014, -17.92067861299995], [31.501846234000027, -17.92067861299995], [31.501848234000192, -17.920768619999933], [31.50208822700006, -17.920766619999938], [31.508445048000112, -17.920919628999968], [31.546642980000115, -17.943996411999876], [31.546882973000038, -17.943992411999886], [31.547002969000175, -17.9441064209999], [31.54724496300014, -17.944217428999934], [31.547487956000055, -17.94444444699991], [31.547729949000086, -17.94455645599993], [31.547971942000117, -17.944783472999973], [31.54821393600008, -17.94489448199994], [31.54845492900006, -17.945007489999966], [31.548818919000155, -17.94534651699996], [31.549301905000164, -17.9455695339999], [31.549423902, -17.945684542999913], [31.54954589800019, -17.945911559999956], [31.549787892000097, -17.94602356899992], [31.55002788500019, -17.946136577999937], [31.550151882000193, -17.94636359499998], [31.550273877999985, -17.946477603999824], [31.550514871000132, -17.94658861299996], [31.550756865000096, -17.94681562999989], [31.550878861000058, -17.946929638999904], [31.551120855000192, -17.947154656999885], [31.55136484800005, -17.947381673999928], [31.551607841000134, -17.94760869199996], [31.551731838000023, -17.94783770999993], [31.551731838000023, -17.947951717999956], [31.55197583100005, -17.948178735999875], [31.55221782400008, -17.948405753999907], [31.552219824000076, -17.94852076299992], [31.552339821000146, -17.948518761999935], [31.552459817000113, -17.948631770999896], [31.55270381100007, -17.94885778899993], [31.552944804, -17.94897079699996], [31.552946803999987, -17.949084805999973], [31.55318879700002, -17.949197814999934], [31.55330879400009, -17.94931082399995], [31.553550787000177, -17.949422831999982], [31.55367078400002, -17.949535840999886], [31.553792780000038, -17.949649849999844], [31.553914777000045, -17.949762858999975], [31.554035773000123, -17.949760857999877], [31.554035773000123, -17.94987486699989], [31.554157770000188, -17.949989875999904], [31.554277767000087, -17.94998787599991], [31.55439976300005, -17.950101884999924], [31.55439976300005, -17.950216893999936], [31.554639756000086, -17.950212892999957], [31.55464175600008, -17.950326901999972], [31.55476175300015, -17.950326901999972], [31.55488175000005, -17.95032490199992], [31.55488175000005, -17.950416908999955], [31.552818809000144, -17.95245406899994], [31.552741811000033, -17.952671085999953], [31.552286824000134, -17.95332413699998], [31.552209826000137, -17.953541152999946], [31.551982833000068, -17.953831175999937], [31.55183283700012, -17.95404819299995], [31.55167984200017, -17.954266209999957], [31.551452848000054, -17.954481226999974], [31.551225855000155, -17.954626237999832], [31.55107385900004, -17.954916260999937], [31.55099886100004, -17.955134277999946], [31.55076986800003, -17.955569311999966], [31.55069387000009, -17.955641317999948], [31.55054287400003, -17.955931339999893], [31.550466877000076, -17.956003345999818], [31.55039087900019, -17.956221362999827], [31.550315881000188, -17.956293367999933], [31.550163885000075, -17.956438379999952], [31.550012890000062, -17.956583390999924], [31.549936892000176, -17.956728401999953], [31.54970989800006, -17.956873413999972], [31.54955690300011, -17.95701642499995], [31.549482905, -17.957089430999872], [31.549329909000164, -17.957234441999958], [31.549102916000095, -17.957451458999913], [31.549026918000038, -17.957524464999892], [31.549026918000038, -17.957596469999828], [31.548950920000152, -17.95766947599992], [31.548799924000093, -17.957813486999953], [31.548723926000036, -17.957886492999933], [31.548572931000024, -17.958031503999962], [31.548496933000138, -17.958103509999944], [31.54841993499997, -17.958103509999944], [31.548269939000193, -17.958176515999924], [31.54804294600018, -17.958321526999953], [31.547815952, -17.958464537999873], [31.547738955000113, -17.958609549999892], [31.54758695900017, -17.958609549999892], [31.54751196100017, -17.958681554999885], [31.54728396700017, -17.958826566999903], [31.546981976000097, -17.958971577999932], [31.54629899500003, -17.959187594999946], [31.54607200200013, -17.959187594999946], [31.54576901000013, -17.95925960099993], [31.545315023000114, -17.959404611999958], [31.545163028000104, -17.959404611999958], [31.544936034000102, -17.959477617999937], [31.544632043000092, -17.959475617999942], [31.54357407200007, -17.959475618999875], [31.543271081000114, -17.959400612999957], [31.54311808500006, -17.959400612999957], [31.542967089, -17.959400612999957], [31.542817094000156, -17.959328606999975], [31.54258809999999, -17.959328607999964], [31.542361107000147, -17.95925560199987], [31.54213411300003, -17.95925560199987], [31.54160412800013, -17.959254601999874], [31.541377134000186, -17.959254601999874], [31.54130013600019, -17.95932660799997], [31.541073143000176, -17.95932660799997], [31.54084614900006, -17.959398613999895], [31.538876205000122, -17.960556703999885], [31.538725210000166, -17.960627709999812], [31.538649212000053, -17.9607727209999], [31.538498216, -17.960844726999937], [31.538269223000157, -17.96098973799991], [31.53796823100015, -17.96113474999993], [31.537739238000086, -17.961279760999957], [31.537589242000138, -17.961279760999957], [31.537589242000138, -17.961352766999937], [31.53751224400014, -17.961352766999937], [31.537436246000084, -17.961424772999862], [31.537362248000193, -17.961497777999966], [31.53288937600007, -17.964971049999917], [31.532662382000126, -17.9650430559999], [31.532435389000113, -17.965186066999934], [31.5320554, -17.965331078999952], [31.531828406000045, -17.965331078999952], [31.531678410000097, -17.965331078999952], [31.526905545000147, -17.96561610299989], [31.526755548999972, -17.965686107999943], [31.52667955200019, -17.965759113999923], [31.52667955200019, -17.965831119999848], [31.52660255400002, -17.965831119999848], [31.526312562000044, -17.965743112999917], [31.526202565000062, -17.96574511299991], [31.52614656700007, -17.96579911699996], [31.526091568000027, -17.965801116999955], [31.526091568000027, -17.965854121999882], [31.52598057100016, -17.965854121999882], [31.525923573000057, -17.965856121999934], [31.525925573000052, -17.965909125999815], [31.525870574000066, -17.965909125999815], [31.525870575000113, -17.96596312999992], [31.525814576000016, -17.96596312999992], [31.525759578000077, -17.966018133999967], [31.52570457900009, -17.966018133999967], [31.525647581000158, -17.966018133999967], [31.525649581000152, -17.966071138999894], [31.525593582000056, -17.96607313899989], [31.525481586000183, -17.96607313899989], [31.525425587000086, -17.966129142999876], [31.52542758700008, -17.966182146999927], [31.525370589000147, -17.966182146999927], [31.52531559000016, -17.966235150999978], [31.52525959200011, -17.966237151999962], [31.525204593000126, -17.966237151999962], [31.525094597000077, -17.966239151999957], [31.525036598000156, -17.966239151999957], [31.524981600000046, -17.966241151999952], [31.52487060300018, -17.966241151999952], [31.524703608000152, -17.966243151999834], [31.52459061100012, -17.966245152999818], [31.52453561200008, -17.966192147999948], [31.52419962199997, -17.966197148999925], [31.52408862500016, -17.966197148999925], [31.52392063000019, -17.96619914899992], [31.52386563100015, -17.96620114899997], [31.52386563100015, -17.966255153999953], [31.52381063300004, -17.966255153999953], [31.523812633000034, -17.966308157999947], [31.523699636000174, -17.966310157999942], [31.52364463700019, -17.96636316199988], [31.523646637000184, -17.96641716599993], [31.52358963900008, -17.96641716599993], [31.523478642000043, -17.966472170999964], [31.523367645000178, -17.96647417099996], [31.523257648000026, -17.966527174999953], [31.523200650000092, -17.96652917499995], [31.523146652000094, -17.966583178999883], [31.52309165300005, -17.966636183999924], [31.523035655000058, -17.96669118799997], [31.522925658000077, -17.966745191999962], [31.52287065900009, -17.966800195999895], [31.52281466100004, -17.966853199999946], [31.522704664000116, -17.96685520099993], [31.522704664000116, -17.96690920499998], [31.522648666000123, -17.966962208999973], [31.52259366700008, -17.966962208999973], [31.522480671000153, -17.96696420899997], [31.522314675000075, -17.96701921399989], [31.522147680000046, -17.967021213999885], [31.52198168500007, -17.96707721799993], [31.521925686000145, -17.96713222299985], [31.521815689, -17.96713222299985], [31.521758691000116, -17.967134222999903], [31.521702693000066, -17.967134222999903], [31.52159269600014, -17.967136222999898], [31.52147969900011, -17.967082218999963], [31.52119970700005, -17.966926206999858], [31.52103171100015, -17.966874202999975], [31.520916715000055, -17.966769194999927], [31.52080671800013, -17.96677119499998], [31.5206937210001, -17.966720190999865], [31.520468727000093, -17.966615182999874], [31.520302732000175, -17.96661718299987], [31.520245733000138, -17.966563178999934], [31.520077738000168, -17.96656517899993], [31.519967741000073, -17.96656717899998], [31.519799746000103, -17.966516174999924], [31.519686749000073, -17.966518175999852], [31.519297760000143, -17.9665221759999], [31.519129765000173, -17.966523175999896], [31.518795774000182, -17.96652917699987], [31.518572781000103, -17.966531176999922], [31.518294788000105, -17.966535176999912], [31.517958798, -17.96653917799989], [31.51773580400004, -17.966541177999886], [31.517456812000034, -17.96649117399994], [31.51723381800008, -17.966493174999982], [31.51701082500017, -17.966497174999972], [31.516787831000045, -17.96644517099992], [31.51645184, -17.96639616699997], [31.51611685, -17.966401167999948], [31.516005852999967, -17.966401167999948], [31.515894856000102, -17.966403167999943], [31.515727861000073, -17.96645917199993], [31.515559866000103, -17.966460172999916], [31.515393870000082, -17.96651617699996], [31.515171877000057, -17.96657118099995], [31.515004881000095, -17.966626185999814], [31.514838886000177, -17.96662818599998], [31.514615892000165, -17.96663218599997], [31.5143349, -17.96663618699995], [31.51422490300007, -17.966583182999898], [31.51399891000011, -17.9664801749999], [31.513661919000185, -17.96627015899992], [31.513491924000107, -17.966111145999832], [31.51337992700013, -17.966007137999952], [31.5132669300001, -17.96590212999996], [31.51315493300018, -17.965848125999912], [31.51287394100018, -17.965692113999978], [31.51264894700006, -17.96558910599998], [31.512537951000127, -17.96558910599998], [31.512202960000025, -17.96559310599997], [31.511815971000033, -17.965759118999927], [31.511649976000115, -17.965867127999957], [31.51153897900008, -17.965974135999943], [31.51142998199998, -17.966136148999965], [31.5113749840001, -17.966243156999894], [31.511376984000037, -17.96635016599987], [31.511322985000106, -17.96651217799996], [31.5113249850001, -17.966672190999873], [31.511330985000086, -17.96709822399987], [31.51133298500008, -17.967204231999858], [31.511334985000076, -17.96736524499994], [31.511391984000056, -17.967525256999863], [31.51144898200016, -17.967632264999907], [31.511506981000082, -17.967737273999887], [31.511563979000186, -17.96789728599998], [31.51162297700006, -17.968108301999962], [31.511624977000054, -17.96832231899998], [31.511628977000044, -17.96858933999988], [31.51163097700004, -17.968749351999975], [31.511574978999988, -17.96880335599991], [31.511521981000044, -17.968911364999883], [31.511521981000044, -17.968965368999932], [31.51146698200006, -17.969018372999926], [31.511355985000193, -17.96907437799996], [31.511076993000188, -17.969075377999957], [31.510185018000186, -17.96898037099993], [31.50929204300013, -17.968938367999897], [31.508955053000136, -17.9688353599999], [31.50873105900007, -17.96873035199991], [31.508506066, -17.968574339999975], [31.508337070000096, -17.968469331999927], [31.508169075000126, -17.96831131899995], [31.5080540780001, -17.968099302999917], [31.50788308300008, -17.967887286999883], [31.507656089000136, -17.967462253999884], [31.50754109200011, -17.967304240999965], [31.50742909500019, -17.967145228999925], [31.50720210200012, -17.966934212999888], [31.50703210600011, -17.966777199999967], [31.50686411100014, -17.966619187999925], [31.506750114000056, -17.96651217999988], [31.506694116, -17.96646017599994], [31.506582119000086, -17.96646017599994], [31.506414124000116, -17.96641117199988], [31.506248128000095, -17.966413171999932], [31.50602313500019, -17.966361167999935], [31.50596813599998, -17.966361167999935], [31.505912138000156, -17.966363168999976], [31.505857139000113, -17.966363168999976], [31.505800141000066, -17.966363168999976], [31.50574614300018, -17.966419172999906], [31.505691143999968, -17.966472176999957], [31.50547015000018, -17.966687193999974], [31.505304155000033, -17.966743197999904], [31.505193158000168, -17.96685220699993], [31.504972165000083, -17.966960214999915], [31.504861168000048, -17.967069223999943], [31.504751171000123, -17.967178232999913], [31.50458517600015, -17.967286240999897], [31.504476179000108, -17.96739324899994], [31.50442318000006, -17.967555261999962], [31.50436918200006, -17.96782228299992], [31.504373182, -17.968036298999948], [31.50437518200016, -17.968250315999967], [31.50437518200016, -17.968303319999848], [31.50443418000009, -17.968461331999947], [31.50443418000009, -17.96851533699987], [31.50454717700012, -17.968568340999923], [31.50465917400004, -17.968673348999914], [31.504716173000077, -17.968778356999962], [31.504774171000065, -17.968938368999886], [31.504833169000165, -17.96909838199997], [31.504890168000145, -17.969257393999897], [31.50489216800014, -17.969363402999875], [31.504894168000135, -17.969577418999904], [31.50489616800013, -17.96973743199993], [31.504898168000125, -17.969844439999974], [31.504844168999966, -17.9700044519999], [31.504791171000022, -17.970166464999977], [31.50468217399998, -17.97038048199994], [31.504571177000116, -17.970542493999915], [31.50457317700011, -17.970596498999953], [31.504518179, -17.97070250699994], [31.504407182000136, -17.97081151499998], [31.504299185000036, -17.970971527999893], [31.50413319000006, -17.97113454099997], [31.503967195000087, -17.971242548999953], [31.503913196000155, -17.971298553999873], [31.503801199, -17.97135155799998], [31.503690203000076, -17.971406561999913], [31.503635204000034, -17.971460565999962], [31.50358020600015, -17.971462565999957], [31.503524207, -17.971462565999957], [31.503469209000116, -17.971515570999884], [31.503301214000146, -17.97151757099988], [31.502969223000093, -17.9716285799999], [31.502748229000133, -17.971738587999937], [31.502525236000054, -17.971847596999908], [31.502248243000167, -17.97201160999998], [31.501916253000047, -17.972228626999822], [31.501806256000066, -17.972284630999923], [31.50169525900003, -17.97239063899997], [31.501642261000086, -17.97249964799994], [31.50164426100008, -17.97265765999998], [31.501646261000076, -17.972764667999854], [31.501646261000076, -17.97287167699983], [31.50164726100013, -17.972978684999873], [31.501649261000125, -17.973138697999957], [31.50165126100012, -17.973245705999943], [31.501653261000115, -17.97335271399993], [31.501598262000073, -17.973459722999962], [31.501600262000068, -17.97356573099995], [31.501489266000135, -17.97362173499988], [31.500501294000117, -17.974860831999933], [31.500402297000164, -17.974889833999896], [31.50024630100006, -17.974887833999844], [31.500169303000064, -17.974809827999877], [31.500017308000054, -17.974731821999967], [31.49986431200017, -17.974578809999855], [31.499708316000067, -17.974576809999974], [31.49963131800007, -17.974498803999893], [31.499555320000184, -17.974422797999978], [31.49948132300017, -17.97434579199995], [31.49948332200006, -17.97419778099993], [31.499486322000166, -17.974048768999978], [31.499492322000094, -17.973825751999982], [31.49957632000013, -17.97360273399994], [31.499586319000173, -17.973230704999935], [31.499509321000176, -17.973153699999955], [31.49951132100017, -17.973077693999983], [31.499359325000057, -17.972925681999925], [31.499284327000055, -17.972848675999956], [31.499208330000044, -17.97277266999987], [31.49913233200016, -17.972696663999898], [31.499055334, -17.972619657999928], [31.498979336000104, -17.972543651999956], [31.49882734000016, -17.9723906399999], [31.498750342000164, -17.97231463499992], [31.498676344000103, -17.97216362299997], [31.498523349000152, -17.97208561699989], [31.498371352999982, -17.971933604999947], [31.498292355000046, -17.971931604999952], [31.498214357000165, -17.971929604999957], [31.49813835900011, -17.97185359899987], [31.497983364000163, -17.97184959899988], [31.497671373000173, -17.97184159799997], [31.497282384000073, -17.971832597999935], [31.496969392000096, -17.97182659699996], [31.49689139500009, -17.971824596999966], [31.496267412000066, -17.971809595999957], [31.496032419000073, -17.971879601999888], [31.49571942800003, -17.971872600999916], [31.495328439000104, -17.97193660599993], [31.495092445000125, -17.972007611999913], [31.494936450000125, -17.972078617999955], [31.494777454000086, -17.972148622999953], [31.494697457000143, -17.972221628999932], [31.49461945900009, -17.97221962899988], [31.494539461000045, -17.972293633999982], [31.494220470000187, -17.972583656999973], [31.494138473000078, -17.97273266899998], [31.493978477000155, -17.972877679999954], [31.49389848000004, -17.973024691999967], [31.49373448400013, -17.973319714999946], [31.493732484000134, -17.97339471999993], [31.493650487000025, -17.973541731999944], [31.49364048700005, -17.97391476099989], [31.493556490000117, -17.974136777999945], [31.493553490000068, -17.97435979599993], [31.49346949200003, -17.974582812999927], [31.493383495000103, -17.974878835999903], [31.49337549500018, -17.975177858999928], [31.49337149500019, -17.975326870999936], [31.49328849799997, -17.975547887999937], [31.493206500000156, -17.97569689999989], [31.493127502000164, -17.975768904999825], [31.49312550200017, -17.97584391099997], [31.493045505000055, -17.975915916999895], [31.492500520000192, -17.975904915999877], [31.49234352500008, -17.975900915999887], [31.492345524000143, -17.97582690999991], [31.492267526999967, -17.975824909999915], [31.49219152900008, -17.975747903999945], [31.49211353100003, -17.97574590399995], [31.492036533000032, -17.97566989799998], [31.491886537000084, -17.97551788599992], [31.491655544000082, -17.97536287399987], [31.491500548000033, -17.975284867999903], [31.491346552000095, -17.975206861999936], [31.491271554000093, -17.975129855999967], [31.491195557000083, -17.975053850999814], [31.491119559000026, -17.974975843999914], [31.490964562999977, -17.974897837999947], [31.49088856500009, -17.974820831999978], [31.49073257000009, -17.974818831999983], [31.490734569000153, -17.97474282599984], [31.490579574000037, -17.97474082599996], [31.49050357600015, -17.974664820999976], [31.48941260700019, -17.974637818999952], [31.489177613000095, -17.974633818999962], [31.489099616000146, -17.974632818999964], [31.489021618000095, -17.97463081799998], [31.48886462200005, -17.97470082399991], [31.48870862700005, -17.97469682399992], [31.488706627000056, -17.97477182999984], [31.488628629000175, -17.974769828999854], [31.488391636000188, -17.974839834999955], [31.488000647000092, -17.97490483999991], [31.487527660000126, -17.975118856999927], [31.48720966899998, -17.975333873999887], [31.48697467599999, -17.975404878999882], [31.48697267600005, -17.975478884999973], [31.48689467800017, -17.975477884999975], [31.48681668000006, -17.97547588499998], [31.486738683000112, -17.97547388499993], [31.486505689000182, -17.975467883999954], [31.48619269800014, -17.975459883999918], [31.485803709000038, -17.97545288399988], [31.485647713000105, -17.9754488829999], [31.4855697160001, -17.975446882999904], [31.485023731000126, -17.97543388199989], [31.484710740000082, -17.97550188799994], [31.48455474400015, -17.975498887999947], [31.48439774900004, -17.975494886999968], [31.484396749000155, -17.97556889299989], [31.484317751000162, -17.975566892999893], [31.484085757000173, -17.97556089299991], [31.483692769000186, -17.97562789799997], [31.483222782000098, -17.97569090299993], [31.482831793000173, -17.975757907999878], [31.48259580000007, -17.97582691399998], [31.482439804000137, -17.975896918999922], [31.482358806000036, -17.97596992499996], [31.482200811000155, -17.97604193099994], [31.48212081300011, -17.97611493699992], [31.478429918000188, -17.97714801799998], [31.478427918000193, -17.977223023999954], [31.47827192200009, -17.977219023999908], [31.478113927000038, -17.97729102999989], [31.477876933000175, -17.977360034999947], [31.47756394200013, -17.977427039999952], [31.47725195100014, -17.977496045999885], [31.476549971000168, -17.97747804499994], [31.476314977000072, -17.977473043999964], [31.476081984000075, -17.977469043999974], [31.475925988000142, -17.977465043999928], [31.475770993000026, -17.97738703799996], [31.475692995000145, -17.977385037999966], [31.475536998999985, -17.977381037999976], [31.475306006000153, -17.977301030999854], [31.4749970150001, -17.977145018999977], [31.474766021000164, -17.97706401299996], [31.474690023000107, -17.976988006999875], [31.47453402800005, -17.976984006999885], [31.474455030000115, -17.976982006999833], [31.474299034000182, -17.976979006999954], [31.474143039000126, -17.977051011999947], [31.473984043000144, -17.977122017999875], [31.47374805000004, -17.977190022999878], [31.473509057000058, -17.977410040999814], [31.473465058999977, -17.979124173999878], [31.47354005700015, -17.97927518599994], [31.473536057, -17.979426196999896], [31.473609055000168, -17.979651214999876], [31.473683053000116, -17.97980122699994], [31.473679053000126, -17.979950237999844], [31.473753051000187, -17.980101249999905], [31.47375005100014, -17.980252261999965], [31.473826049000024, -17.980328267999937], [31.47382404900003, -17.980402272999925], [31.47389804700009, -17.980553284999928], [31.473895047000042, -17.98070229699988], [31.473969045000104, -17.980852307999953], [31.47396104500018, -17.98115233199991], [31.473959046000118, -17.981226336999896], [31.473881048000067, -17.9812243369999], [31.47387904800007, -17.981299342999932], [31.473799050000025, -17.981371348999915], [31.473561057000097, -17.981516359999944], [31.473170068000172, -17.981581364999954], [31.472075099000108, -17.981705374999933], [31.471682110000188, -17.981846385999972], [31.471446117000085, -17.981915391999905], [31.471364119000043, -17.982062402999816], [31.471283121000113, -17.98213440899991], [31.47127812200017, -17.98235942699995], [31.47119612400013, -17.982506437999973], [31.471186124000155, -17.982880466999973], [31.471261122000158, -17.983031478999976], [31.47133512000005, -17.983181489999936], [31.471331121000162, -17.983330501999944], [31.471407118000172, -17.983406507999916], [31.471400119, -17.98370653099994], [31.471396119000076, -17.983855542999947], [31.47138112000016, -17.984452588999943], [31.47130312200011, -17.984524594999982], [31.471057129000087, -17.984967629999915], [31.4709761310001, -17.985039634999964], [31.46945217500013, -17.98672176699995], [31.469206182000107, -17.987164800999835], [31.469122185, -17.987459823999927], [31.469119185000125, -17.98760883599988], [31.469033187000093, -17.987906858999963], [31.469021188000113, -17.988354893999883], [31.469019188000118, -17.988428899999974], [31.469018188, -17.98850390499996], [31.468285209000044, -17.989680996999937], [31.468281209000054, -17.98982900899989], [31.468199212000115, -17.989978019999967], [31.46811521400008, -17.990199037999957], [31.4679512190001, -17.990569066999967], [31.46786722100012, -17.990791083999852], [31.467705226000135, -17.99101210099991], [31.467623228000093, -17.991159112999924], [31.46746523300004, -17.991304123999953], [31.467461233000108, -17.991454135999902], [31.466580258000135, -17.992330203999927], [31.46642426300008, -17.99240120999991], [31.466185270000096, -17.992544220999946], [31.465945276000127, -17.992763237999952], [31.465788281000016, -17.99283424399988], [31.46570628300003, -17.992980254999964], [31.46562628600003, -17.993053260999886], [31.465624286000036, -17.993127265999874], [31.465546287999985, -17.993127265999874], [31.46492630500012, -17.99296325399996], [31.464772310000114, -17.992885247999936], [31.464617314000066, -17.992881247999946], [31.46454131600018, -17.992805241999974], [31.464463318000128, -17.99280324199998], [31.46438532000002, -17.992801241999814], [31.464306323000187, -17.99279924099983], [31.462761366000166, -17.992240198999923], [31.46260737, -17.992162192999956], [31.462374377000174, -17.99208218599989], [31.46214338300007, -17.992002179999872], [31.461989388000063, -17.991924173999962], [31.46175439400014, -17.991920173999915], [31.46167639700019, -17.99191817399992], [31.45997344400007, -17.991430136999952], [31.459588455000073, -17.991271123999866], [31.459200466000027, -17.991113111999937], [31.458891475000144, -17.99103110599998], [31.458813477000092, -17.99103110599998], [31.45873547900004, -17.991029105999928], [31.45865748100016, -17.991027105999933], [31.4520756660001, -17.98915796299997], [31.449004757000125, -17.999538771999937], [31.448775764000118, -17.99979279099989], [31.44167697400019, -18.022670572999857], [31.439544033000175, -18.020965441999977], [31.439243042000044, -18.020969441999966], [31.439088046, -18.02068141999996], [31.438936050000052, -18.020540408999977], [31.43878305400017, -18.020397397999886], [31.43862705900017, -18.019966363999913], [31.438322067000172, -18.01968034199996], [31.43801707600005, -18.019395319999944], [31.437711084000114, -18.01911129799987], [31.43740609300005, -18.018825275999916], [31.437103101, -18.018684264999877], [31.436952105000103, -18.01868626499987], [31.436800110000092, -18.018545254999935], [31.436649114000033, -18.018545254999935], [31.43649611800015, -18.018404243999896], [31.436346121999975, -18.018405243999894], [31.436042131000136, -18.018264232999968], [31.435892135000188, -18.018266232999963], [31.435739139000134, -18.01812322199993], [31.435287152000114, -18.01812922299996], [31.43513515600017, -18.017986211999983], [31.43498416099999, -18.017988211999864], [31.4345301730001, -18.017993211999908], [31.434379178000142, -18.017995212999892], [31.43349420300018, -18.019447325999977], [31.433347208000043, -18.019739348999963], [31.43304621600015, -18.019886359999873], [31.432748225000125, -18.020177382999975], [31.43229823700017, -18.020328394999865], [31.43185025000014, -18.020620417999965], [31.431551259000173, -18.020769428999927], [31.43125126700005, -18.020915440999943], [31.431100272000094, -18.021062451999853], [31.430952276000085, -18.02120746399993], [31.430652284000132, -18.021356474999948], [31.430353293, -18.021503486999904], [31.430053301000044, -18.021652498999913], [31.429754310000078, -18.02179950999988], [31.42960331400002, -18.021800509999878], [31.42930432300011, -18.021949521999886], [31.429002331000163, -18.021951521999938], [31.428701340000032, -18.021955522999917], [31.428398347999973, -18.021959522999907], [31.42809635700013, -18.021963523999887], [31.427644369000063, -18.02196852399993], [31.427192382000044, -18.02197252499991], [31.426590399000077, -18.021980525999936], [31.425983416, -18.021697503999974], [31.42552942900005, -18.021560492999924], [31.424923446000093, -18.02127847199995], [31.424617454000156, -18.020992448999834], [31.42461545400016, -18.02084943799997], [31.422491514000114, -18.019720350999933], [31.422340518000055, -18.019720350999933], [31.422187522000172, -18.019578339999953], [31.42143454400008, -18.019586340999922], [31.420982556000126, -18.019592341999896], [31.41992558600009, -18.019603342999915], [31.41841862900003, -18.019620344999964], [31.417062667000096, -18.019638346999955], [31.41660868000008, -18.019641347999936], [31.41630968800007, -18.019790358999956], [31.41600869700011, -18.01979435999982], [31.415708705000156, -18.019941370999902], [31.415559709999968, -18.020088382999973], [31.415258718000132, -18.020090382999967], [31.41510972300017, -18.02023639399988], [31.414808731000107, -18.020240394999973], [31.41465773500005, -18.020242394999855], [31.41390275700013, -18.02025039599988], [31.413599765000072, -18.020109384999955], [31.412994782000055, -18.019971374999898], [31.412538795000046, -18.019689352999933], [31.41193281200009, -18.019407330999968], [31.41147482500014, -18.018980297999974], [31.411169833000145, -18.018695275999903], [31.410865842000078, -18.018554264999977], [31.410713846000135, -18.018411253999943], [31.40191909200007, -18.014327939999873], [31.400059153000086, -18.03469152399998], [31.399909158000185, -18.034693523999977], [31.384411591000173, -18.025058780999927], [31.38441059100012, -18.0249137699999], [31.373826886000074, -18.017387188999976], [31.369751012000165, -18.04181408999989], [31.352462491000097, -18.021089484999948], [31.35231249500015, -18.021091484999943], [31.333647023000083, -18.023605687999975], [31.32980013400004, -18.029707163999944], [31.329802134000033, -18.029852175999963], [31.32965013800009, -18.029854175999958], [31.32965213800003, -18.02999718699988], [31.329501143000073, -18.029999186999873], [31.329503143000068, -18.03014419799996], [31.329505143000063, -18.030287209999813], [31.329354147000174, -18.030289209999978], [31.328805163000027, -18.03040721899987], [31.32874616400005, -18.03015219899993], [31.32873816400013, -18.029574153999874], [31.328728164000154, -18.02870808699987], [31.328721164000115, -18.028132041999925], [31.32871516400013, -18.02755399699987], [31.328711164000026, -18.02726597499992], [31.328704164000158, -18.026689929999975], [31.328698164000173, -18.02611188499992], [31.328692164000188, -18.025678851999885], [31.328688164000027, -18.025390828999946], [31.328683164000154, -18.02495779599991], [31.32868116399999, -18.02466977299997], [31.32867516400006, -18.024236738999946], [31.32882015900003, -18.023801705999915], [31.328810159000113, -18.02293563799992], [31.328807159000064, -18.022647615999915], [31.32880115900008, -18.022214581999947], [31.32894815500015, -18.02178154799992], [31.328944154999988, -18.021492525999975], [31.32893815500006, -18.02105949199995], [31.328933155000186, -18.02062745899991], [31.328915155000118, -18.019184345999975], [31.328913155000123, -18.018896323999968], [31.32891015400014, -18.018608301999905], [31.328755159000025, -18.018321278999963], [31.32874615900016, -18.0174562119999], [31.328591163000112, -18.01716818999995], [31.328585163000128, -18.01673615599998], [31.32858216300008, -18.016447133999975], [31.32842716700003, -18.016016099999945], [31.3284211670001, -18.015583066999966], [31.328414167, -18.015007021999907], [31.32826117100018, -18.01486301099993], [31.328259171000184, -18.01457498799988], [31.328255171000023, -18.01428696599993], [31.32810317500008, -18.014143954999952], [31.32809917500009, -18.0138559319999], [31.328089175000116, -18.013134875999924], [31.32808817500006, -18.01284485399998], [31.328084175000072, -18.01255683099987], [31.328080175000082, -18.01226880899992], [31.32807217500016, -18.011691763999977], [31.32791817900005, -18.01125973099994], [31.327912179000066, -18.010827696999968], [31.327756183000133, -18.01039566299994], [31.327752183000143, -18.0099646299999], [31.327597188000027, -18.00967660799995], [31.327290196000035, -18.00924757399997], [31.327134200000103, -18.00881654099993], [31.326827209000157, -18.008387507999885], [31.326674213000103, -18.00810148499994], [31.32652221700016, -18.007958473999906], [31.326367221000112, -18.007670451999957], [31.326213226000107, -18.007384429999945], [31.326058230000058, -18.007098407999877], [31.325906234000115, -18.006955396999956], [31.325751238000066, -18.006669373999898], [31.325598243000115, -18.006380351999894], [31.32544424700012, -18.00609432999994], [31.32483026400007, -18.00523426299992], [31.324675268000192, -18.00480322999988], [31.324521272000084, -18.004517206999935], [31.324214280999968, -18.004088173999946], [31.324059285000146, -18.003802151999935], [31.32390528899998, -18.00351412999987], [31.323600298000088, -18.003085095999893], [31.32344530200004, -18.002798073999884], [31.323140310000042, -18.00251205199993], [31.321908344000065, -18.000362884999902], [31.322119338000107, -17.99971183499997], [31.322121338000102, -17.999631827999906], [31.32203934000006, -17.99954982199995], [31.32204734000004, -17.999313803999883], [31.321967342000164, -17.999151790999974], [31.321973342000092, -17.998992778999877], [31.32189134400005, -17.99891077199993], [31.32189234400016, -17.998832765999964], [31.321894344000157, -17.998752759999945], [31.321900344000085, -17.998594747999903], [31.321822346000033, -17.998353728999973], [31.32183134500019, -17.9980377039999], [31.321839345000114, -17.997718679999878], [31.321769347000043, -17.99724164299994], [31.32169434900004, -17.99692161799993], [31.321698348000098, -17.9967636049999], [31.321618351000154, -17.99668359899988], [31.321624350000036, -17.99644458099982], [31.32154735200004, -17.996204561999946], [31.321467355000095, -17.99604454999985], [31.321391356999982, -17.99580353099998], [31.321311359000163, -17.995721524999965], [31.321234361000165, -17.995481505999976], [31.321160363000104, -17.995162480999966], [31.321084365, -17.994844455999953], [31.321004367000114, -17.994762449999882], [31.32084337200007, -17.994520430999955], [31.32060737800009, -17.994037393999974], [31.320454382000037, -17.993558356999927], [31.32029638600011, -17.993236331999924], [31.320138391000057, -17.992994312999883], [31.320061393000117, -17.992755293999835], [31.31998139500007, -17.992593281999916], [31.31990339700019, -17.992433268999832], [31.31982939900007, -17.99211424399988], [31.31983339900006, -17.99195623199995], [31.319848398000147, -17.99139918899988], [31.319770400000095, -17.991161169999828], [31.31977540000014, -17.991001157999904], [31.319785400000114, -17.990604126999926], [31.319794399000045, -17.99020709599995], [31.31980639900013, -17.98981006499986], [31.31981339800012, -17.989494040999887], [31.31982739800003, -17.989017002999958], [31.319848397000044, -17.98822294199988], [31.319855397000083, -17.987906916999975], [31.31988039500004, -17.986954842999978], [31.319808397000145, -17.986555811999892], [31.319812397000078, -17.986397799999963], [31.319735399000137, -17.986157780999918], [31.31966140100002, -17.985836755999912], [31.31906041700006, -17.983441569999968], [31.318900421000137, -17.98319855099993], [31.318742426000142, -17.982878525999922], [31.31866742800014, -17.982558500999914], [31.318511432000037, -17.98223747599991], [31.318429434000166, -17.982155469999952], [31.31843143400016, -17.982077463999815], [31.318351436000114, -17.98199545799997], [31.318272439000054, -17.981835444999945], [31.316277492000097, -17.975593959999912], [31.31620149400004, -17.975354941999967], [31.316128496000033, -17.97495691099988], [31.31597650000009, -17.97447587299996], [31.315819504000046, -17.974075841999877], [31.31558351100017, -17.973592804999896], [31.315285518999985, -17.972314705999906], [31.315049525000177, -17.97183366799993], [31.31497352700012, -17.97159364999993], [31.314814532000184, -17.97127162499993], [31.314738534000128, -17.97103260599988], [31.31466253600007, -17.97079258699995], [31.314505540000027, -17.97039255599998], [31.3143475440001, -17.97014953699994], [31.314271546000043, -17.96982951299998], [31.314116550000165, -17.969428480999966], [31.313878557000123, -17.969026449999888], [31.313720561000025, -17.968705424999882], [31.31356756500014, -17.96822538799995], [31.31332857200016, -17.967822356999932], [31.31317057600006, -17.967502331999924], [31.313016580000124, -17.967101300999957], [31.31294158200012, -17.96678127599995], [31.312783587000126, -17.966460250999944], [31.311770614000068, -17.963975057999903], [31.311696616000177, -17.963655032999895], [31.311457623000024, -17.963252001999876], [31.311299627000096, -17.96293197699987], [31.311143631000164, -17.962609951999866], [31.310984636000057, -17.96228892699986], [31.310828640000125, -17.961966901999972], [31.31066864400003, -17.96172488299993], [31.310591646000034, -17.96148586499993], [31.31051564800015, -17.961245845999883], [31.310435650999977, -17.96108583299997], [31.31027765500005, -17.96084281499992], [31.310199657, -17.960602795999876], [31.310120659000063, -17.96044278399995], [31.308459705000132, -17.957384545999957], [31.308301709000034, -17.95706452099995], [31.308303708999972, -17.95698451499993], [31.30820571200013, -17.956820501999914], [31.314879515000143, -17.936813941999958], [31.327750135000144, -17.8988719809999], [31.327727136000135, -17.898822976999952]]]]}}, {"type": "Feature", "properties": {"GID_3": "ZWE.5.2.14_2", "GID_0": "ZWE", "COUNTRY": "Zimbabwe", "GID_1": "ZWE.5_1", "NAME_1": "Mashonaland East", "NL_NAME_1": "NA", "GID_2": "ZWE.5.2_2", "NAME_2": "Goromonzi", "NL_NAME_2": "NA", "NAME_3": "Ward 21", "VARNAME_3": "NA", "NL_NAME_3": "NA", "TYPE_3": "Ward", "ENGTYPE_3": "Ward", "CC_3": "NA", "HASC_3": "NA", "id": "ZWE.5.2.14_2", "name": "Ward 21"}, "geometry": {"type": "MultiPolygon", "coordinates": [[[[31.328805163000027, -18.03040721899987], [31.329354147000174, -18.030289209999978], [31.329505143000063, -18.030287209999813], [31.329503143000068, -18.03014419799996], [31.329501143000073, -18.029999186999873], [31.32965213800003, -18.02999718699988], [31.32965013800009, -18.029854175999958], [31.329802134000033, -18.029852175999963], [31.32980013400004, -18.029707163999944], [31.333647023000083, -18.023605687999975], [31.35231249500015, -18.021091484999943], [31.352462491000097, -18.021089484999948], [31.369751012000165, -18.04181408999989], [31.373826886000074, -18.017387188999976], [31.38441059100012, -18.0249137699999], [31.384411591000173, -18.025058780999927], [31.399909158000185, -18.034693523999977], [31.400059153000086, -18.03469152399998], [31.40191909200007, -18.014327939999873], [31.410713846000135, -18.018411253999943], [31.410865842000078, -18.018554264999977], [31.411169833000145, -18.018695275999903], [31.41147482500014, -18.018980297999974], [31.41193281200009, -18.019407330999968], [31.412538795000046, -18.019689352999933], [31.412994782000055, -18.019971374999898], [31.413599765000072, -18.020109384999955], [31.41390275700013, -18.02025039599988], [31.41465773500005, -18.020242394999855], [31.414808731000107, -18.020240394999973], [31.41510972300017, -18.02023639399988], [31.415258718000132, -18.020090382999967], [31.415559709999968, -18.020088382999973], [31.415708705000156, -18.019941370999902], [31.41600869700011, -18.01979435999982], [31.41630968800007, -18.019790358999956], [31.41660868000008, -18.019641347999936], [31.417062667000096, -18.019638346999955], [31.41841862900003, -18.019620344999964], [31.41992558600009, -18.019603342999915], [31.420982556000126, -18.019592341999896], [31.42143454400008, -18.019586340999922], [31.422187522000172, -18.019578339999953], [31.422340518000055, -18.019720350999933], [31.422491514000114, -18.019720350999933], [31.42461545400016, -18.02084943799997], [31.424617454000156, -18.020992448999834], [31.424923446000093, -18.02127847199995], [31.42552942900005, -18.021560492999924], [31.425983416, -18.021697503999974], [31.426590399000077, -18.021980525999936], [31.427192382000044, -18.02197252499991], [31.427644369000063, -18.02196852399993], [31.42809635700013, -18.021963523999887], [31.428398347999973, -18.021959522999907], [31.428701340000032, -18.021955522999917], [31.429002331000163, -18.021951521999938], [31.42930432300011, -18.021949521999886], [31.42960331400002, -18.021800509999878], [31.429754310000078, -18.02179950999988], [31.430053301000044, -18.021652498999913], [31.430353293, -18.021503486999904], [31.430652284000132, -18.021356474999948], [31.430952276000085, -18.02120746399993], [31.431100272000094, -18.021062451999853], [31.43125126700005, -18.020915440999943], [31.431551259000173, -18.020769428999927], [31.43185025000014, -18.020620417999965], [31.43229823700017, -18.020328394999865], [31.432748225000125, -18.020177382999975], [31.43304621600015, -18.019886359999873], [31.433347208000043, -18.019739348999963], [31.43349420300018, -18.019447325999977], [31.434379178000142, -18.017995212999892], [31.4345301730001, -18.017993211999908], [31.43498416099999, -18.017988211999864], [31.43513515600017, -18.017986211999983], [31.435287152000114, -18.01812922299996], [31.435739139000134, -18.01812322199993], [31.435892135000188, -18.018266232999963], [31.436042131000136, -18.018264232999968], [31.436346121999975, -18.018405243999894], [31.43649611800015, -18.018404243999896], [31.436649114000033, -18.018545254999935], [31.436800110000092, -18.018545254999935], [31.436952105000103, -18.01868626499987], [31.437103101, -18.018684264999877], [31.43740609300005, -18.018825275999916], [31.437711084000114, -18.01911129799987], [31.43801707600005, -18.019395319999944], [31.438322067000172, -18.01968034199996], [31.43862705900017, -18.019966363999913], [31.43878305400017, -18.020397397999886], [31.438936050000052, -18.020540408999977], [31.439088046, -18.02068141999996], [31.439243042000044, -18.020969441999966], [31.439544033000175, -18.020965441999977], [31.44167697400019, -18.022670572999857], [31.448775764000118, -17.99979279099989], [31.449004757000125, -17.999538771999937], [31.4520756660001, -17.98915796299997], [31.45865748100016, -17.991027105999933], [31.45873547900004, -17.991029105999928], [31.458813477000092, -17.99103110599998], [31.458891475000144, -17.99103110599998], [31.459200466000027, -17.991113111999937], [31.459588455000073, -17.991271123999866], [31.45997344400007, -17.991430136999952], [31.46167639700019, -17.99191817399992], [31.46175439400014, -17.991920173999915], [31.461989388000063, -17.991924173999962], [31.46214338300007, -17.992002179999872], [31.462374377000174, -17.99208218599989], [31.46260737, -17.992162192999956], [31.462761366000166, -17.992240198999923], [31.464306323000187, -17.99279924099983], [31.46438532000002, -17.992801241999814], [31.464463318000128, -17.99280324199998], [31.46454131600018, -17.992805241999974], [31.464617314000066, -17.992881247999946], [31.464772310000114, -17.992885247999936], [31.46492630500012, -17.99296325399996], [31.465546287999985, -17.993127265999874], [31.465624286000036, -17.993127265999874], [31.46562628600003, -17.993053260999886], [31.46570628300003, -17.992980254999964], [31.465788281000016, -17.99283424399988], [31.465945276000127, -17.992763237999952], [31.466185270000096, -17.992544220999946], [31.46642426300008, -17.99240120999991], [31.466580258000135, -17.992330203999927], [31.467461233000108, -17.991454135999902], [31.46746523300004, -17.991304123999953], [31.467623228000093, -17.991159112999924], [31.467705226000135, -17.99101210099991], [31.46786722100012, -17.990791083999852], [31.4679512190001, -17.990569066999967], [31.46811521400008, -17.990199037999957], [31.468199212000115, -17.989978019999967], [31.468281209000054, -17.98982900899989], [31.468285209000044, -17.989680996999937], [31.469018188, -17.98850390499996], [31.469019188000118, -17.988428899999974], [31.469021188000113, -17.988354893999883], [31.469033187000093, -17.987906858999963], [31.469119185000125, -17.98760883599988], [31.469122185, -17.987459823999927], [31.469206182000107, -17.987164800999835], [31.46945217500013, -17.98672176699995], [31.4709761310001, -17.985039634999964], [31.471057129000087, -17.984967629999915], [31.47130312200011, -17.984524594999982], [31.47138112000016, -17.984452588999943], [31.471396119000076, -17.983855542999947], [31.471400119, -17.98370653099994], [31.471407118000172, -17.983406507999916], [31.471331121000162, -17.983330501999944], [31.47133512000005, -17.983181489999936], [31.471261122000158, -17.983031478999976], [31.471186124000155, -17.982880466999973], [31.47119612400013, -17.982506437999973], [31.47127812200017, -17.98235942699995], [31.471283121000113, -17.98213440899991], [31.471364119000043, -17.982062402999816], [31.471446117000085, -17.981915391999905], [31.471682110000188, -17.981846385999972], [31.472075099000108, -17.981705374999933], [31.473170068000172, -17.981581364999954], [31.473561057000097, -17.981516359999944], [31.473799050000025, -17.981371348999915], [31.47387904800007, -17.981299342999932], [31.473881048000067, -17.9812243369999], [31.473959046000118, -17.981226336999896], [31.47396104500018, -17.98115233199991], [31.473969045000104, -17.980852307999953], [31.473895047000042, -17.98070229699988], [31.47389804700009, -17.980553284999928], [31.47382404900003, -17.980402272999925], [31.473826049000024, -17.980328267999937], [31.47375005100014, -17.980252261999965], [31.473753051000187, -17.980101249999905], [31.473679053000126, -17.979950237999844], [31.473683053000116, -17.97980122699994], [31.473609055000168, -17.979651214999876], [31.473536057, -17.979426196999896], [31.47354005700015, -17.97927518599994], [31.473465058999977, -17.979124173999878], [31.473509057000058, -17.977410040999814], [31.47374805000004, -17.977190022999878], [31.473984043000144, -17.977122017999875], [31.474143039000126, -17.977051011999947], [31.474299034000182, -17.976979006999954], [31.474455030000115, -17.976982006999833], [31.47453402800005, -17.976984006999885], [31.474690023000107, -17.976988006999875], [31.474766021000164, -17.97706401299996], [31.4749970150001, -17.977145018999977], [31.475306006000153, -17.977301030999854], [31.475536998999985, -17.977381037999976], [31.475692995000145, -17.977385037999966], [31.475770993000026, -17.97738703799996], [31.475925988000142, -17.977465043999928], [31.476081984000075, -17.977469043999974], [31.476314977000072, -17.977473043999964], [31.476549971000168, -17.97747804499994], [31.47725195100014, -17.977496045999885], [31.47756394200013, -17.977427039999952], [31.477876933000175, -17.977360034999947], [31.478113927000038, -17.97729102999989], [31.47827192200009, -17.977219023999908], [31.478427918000193, -17.977223023999954], [31.478429918000188, -17.97714801799998], [31.48212081300011, -17.97611493699992], [31.482200811000155, -17.97604193099994], [31.482358806000036, -17.97596992499996], [31.482439804000137, -17.975896918999922], [31.48259580000007, -17.97582691399998], [31.482831793000173, -17.975757907999878], [31.483222782000098, -17.97569090299993], [31.483692769000186, -17.97562789799997], [31.484085757000173, -17.97556089299991], [31.484317751000162, -17.975566892999893], [31.484396749000155, -17.97556889299989], [31.48439774900004, -17.975494886999968], [31.48455474400015, -17.975498887999947], [31.484710740000082, -17.97550188799994], [31.485023731000126, -17.97543388199989], [31.4855697160001, -17.975446882999904], [31.485647713000105, -17.9754488829999], [31.485803709000038, -17.97545288399988], [31.48619269800014, -17.975459883999918], [31.486505689000182, -17.975467883999954], [31.486738683000112, -17.97547388499993], [31.48681668000006, -17.97547588499998], [31.48689467800017, -17.975477884999975], [31.48697267600005, -17.975478884999973], [31.48697467599999, -17.975404878999882], [31.48720966899998, -17.975333873999887], [31.487527660000126, -17.975118856999927], [31.488000647000092, -17.97490483999991], [31.488391636000188, -17.974839834999955], [31.488628629000175, -17.974769828999854], [31.488706627000056, -17.97477182999984], [31.48870862700005, -17.97469682399992], [31.48886462200005, -17.97470082399991], [31.489021618000095, -17.97463081799998], [31.489099616000146, -17.974632818999964], [31.489177613000095, -17.974633818999962], [31.48941260700019, -17.974637818999952], [31.49050357600015, -17.974664820999976], [31.490579574000037, -17.97474082599996], [31.490734569000153, -17.97474282599984], [31.49073257000009, -17.974818831999983], [31.49088856500009, -17.974820831999978], [31.490964562999977, -17.974897837999947], [31.491119559000026, -17.974975843999914], [31.491195557000083, -17.975053850999814], [31.491271554000093, -17.975129855999967], [31.491346552000095, -17.975206861999936], [31.491500548000033, -17.975284867999903], [31.491655544000082, -17.97536287399987], [31.491886537000084, -17.97551788599992], [31.492036533000032, -17.97566989799998], [31.49211353100003, -17.97574590399995], [31.49219152900008, -17.975747903999945], [31.492267526999967, -17.975824909999915], [31.492345524000143, -17.97582690999991], [31.49234352500008, -17.975900915999887], [31.492500520000192, -17.975904915999877], [31.493045505000055, -17.975915916999895], [31.49312550200017, -17.97584391099997], [31.493127502000164, -17.975768904999825], [31.493206500000156, -17.97569689999989], [31.49328849799997, -17.975547887999937], [31.49337149500019, -17.975326870999936], [31.49337549500018, -17.975177858999928], [31.493383495000103, -17.974878835999903], [31.49346949200003, -17.974582812999927], [31.493553490000068, -17.97435979599993], [31.493556490000117, -17.974136777999945], [31.49364048700005, -17.97391476099989], [31.493650487000025, -17.973541731999944], [31.493732484000134, -17.97339471999993], [31.49373448400013, -17.973319714999946], [31.49389848000004, -17.973024691999967], [31.493978477000155, -17.972877679999954], [31.494138473000078, -17.97273266899998], [31.494220470000187, -17.972583656999973], [31.494539461000045, -17.972293633999982], [31.49461945900009, -17.97221962899988], [31.494697457000143, -17.972221628999932], [31.494777454000086, -17.972148622999953], [31.494936450000125, -17.972078617999955], [31.495092445000125, -17.972007611999913], [31.495328439000104, -17.97193660599993], [31.49571942800003, -17.971872600999916], [31.496032419000073, -17.971879601999888], [31.496267412000066, -17.971809595999957], [31.49689139500009, -17.971824596999966], [31.496969392000096, -17.97182659699996], [31.497282384000073, -17.971832597999935], [31.497671373000173, -17.97184159799997], [31.497983364000163, -17.97184959899988], [31.49813835900011, -17.97185359899987], [31.498214357000165, -17.971929604999957], [31.498292355000046, -17.971931604999952], [31.498371352999982, -17.971933604999947], [31.498523349000152, -17.97208561699989], [31.498676344000103, -17.97216362299997], [31.498750342000164, -17.97231463499992], [31.49882734000016, -17.9723906399999], [31.498979336000104, -17.972543651999956], [31.499055334, -17.972619657999928], [31.49913233200016, -17.972696663999898], [31.499208330000044, -17.97277266999987], [31.499284327000055, -17.972848675999956], [31.499359325000057, -17.972925681999925], [31.49951132100017, -17.973077693999983], [31.499509321000176, -17.973153699999955], [31.499586319000173, -17.973230704999935], [31.49957632000013, -17.97360273399994], [31.499492322000094, -17.973825751999982], [31.499486322000166, -17.974048768999978], [31.49948332200006, -17.97419778099993], [31.49948132300017, -17.97434579199995], [31.499555320000184, -17.974422797999978], [31.49963131800007, -17.974498803999893], [31.499708316000067, -17.974576809999974], [31.49986431200017, -17.974578809999855], [31.500017308000054, -17.974731821999967], [31.500169303000064, -17.974809827999877], [31.50024630100006, -17.974887833999844], [31.500402297000164, -17.974889833999896], [31.500391297000135, -17.97496984099996], [31.50033529900014, -17.97496984099996], [31.5002803000001, -17.97496984099996], [31.500169303000064, -17.975024844999894], [31.499397325000132, -17.975675895999927], [31.503086225, -17.984972617999972], [31.520247742000038, -17.98818286099987], [31.520304741000075, -17.988180860999876], [31.520359739000185, -17.988180860999876], [31.52059873200011, -17.98822486399996], [31.52067473, -17.98822486399996], [31.52657956500019, -17.991132087999972], [31.526730560000146, -17.991205093999895], [31.52688355600003, -17.99135010499998], [31.527033551999978, -17.9914241109999], [31.527110550000145, -17.9914241109999], [31.527110550000145, -17.99149611699994], [31.52718654800003, -17.991496115999894], [31.52726054600015, -17.99156912199993], [31.527337542999987, -17.991641127999912], [31.527487539000163, -17.99178613899994], [31.52756453700016, -17.991931149999857], [31.527714533000108, -17.99222117299996], [31.527714533000108, -17.992294177999952], [31.527714533000108, -17.99233018099983], [31.527714533000108, -17.992366183999877], [31.527714533000108, -17.99243918999997], [31.52763853500005, -17.99243918999997], [31.52763853500005, -17.992511194999963], [31.52763853500005, -17.992584200999886], [31.527487540000095, -17.992584200999886], [31.527487540000095, -17.992656206999982], [31.52741154199998, -17.992656206999982], [31.527184548000037, -17.992656206999982], [31.527033551999978, -17.992729211999972], [31.526881557000138, -17.99272921299996], [31.52673056100008, -17.992799217999902], [31.526577565000025, -17.992799217999902], [31.526427570000124, -17.992872223999825], [31.52620057600018, -17.99294422999992], [31.526047581000057, -17.9941763249999], [31.525895585000058, -17.994321336999974], [31.525895585000058, -17.994394341999907], [31.525818587000117, -17.994394341999907], [31.52551559600016, -17.994539353999983], [31.525364600000103, -17.99468436499984], [31.525212605000036, -17.99468236499996], [31.525061608999977, -17.994754370999942], [31.52498561100009, -17.994827375999932], [31.52445562600002, -17.994827376999922], [31.52430463000013, -17.994827376999922], [31.523850643000173, -17.99482537699987], [31.523547652000047, -17.99482537699987], [31.523320658000102, -17.99482537699987], [31.523243660000105, -17.99482537699987], [31.52210769300018, -17.995548433999943], [31.52210769300018, -17.995693444999915], [31.522030695000012, -17.995838455999944], [31.52187869900007, -17.995983467999963], [31.521727704000114, -17.996127478999938], [31.521651706000057, -17.996272489999967], [31.52157470800006, -17.996272489999967], [31.52144571200006, -17.99650550799987], [31.520361743000137, -17.998445659999902], [31.520134750000125, -17.998662676999913], [31.52013275000013, -17.999406734999923], [31.5200947510001, -17.999444736999976], [31.519959755000116, -17.99957674799998], [31.51955176700011, -17.99983976799996], [31.519413770000142, -17.999971778999964], [31.519278774000156, -18.000234798999884], [31.51914377800017, -18.00036680999989], [31.51900778200013, -18.000497819999964], [31.51887078600015, -18.00049981999996], [31.51873479000011, -18.000631829999975], [31.51859779400013, -18.000762840999982], [31.51846479800014, -18.001026860999957], [31.51818980500019, -18.001157870999975], [31.51791681300017, -18.001291881999975], [31.517645821000144, -18.001554902999942], [31.517508825000164, -18.001556902999937], [31.517373829000178, -18.001687912999955], [31.517100836000054, -18.00181992299997], [31.51696284000019, -18.001951933999862], [31.516964840000185, -18.002082943999937], [31.516692848000048, -18.002216953999948], [31.516282860000103, -18.00234996499995], [31.516009868000026, -18.00248197499991], [31.515871871000115, -18.002483974999905], [31.515871871000115, -18.002612984999928], [31.515461883000114, -18.002616985999907], [31.51491489800003, -18.002620985999954], [31.514504910000028, -18.00262298699994], [31.51368493300015, -18.002628987999913], [31.51327494500015, -18.002761997999983], [31.513136949000113, -18.002761997999983], [31.512999953000133, -18.002763997999978], [31.5128649560001, -18.002763997999978], [31.512591964000023, -18.002898008999978], [31.512591964000023, -18.003027018999887], [31.512455968000154, -18.003159028999903], [31.512455968000154, -18.003291039999908], [31.51245796800015, -18.00368306999991], [31.512459968000144, -18.003945089999945], [31.51246196800014, -18.004338120999932], [31.512463968000134, -18.00459914099997], [31.51246596800013, -18.004731151999977], [31.512465969000175, -18.004862161999938], [31.512465969000175, -18.00499217199996], [31.51247196900016, -18.005778232999887], [31.512473969000155, -18.006041252999978], [31.51247896900003, -18.006957324999917], [31.512480969000023, -18.007349354999974], [31.51248296900019, -18.007611375999943], [31.512484969000184, -18.007874395999977], [31.51248696900018, -18.008397436999815], [31.512488969000117, -18.00878946699993], [31.512354973000072, -18.00918449799991], [31.51235697400017, -18.009577528999955], [31.512358974000108, -18.009839548999935], [31.512223977000076, -18.010102568999855], [31.51222597700007, -18.010231578999935], [31.512089980999974, -18.010495599999956], [31.512089980999974, -18.010626609999974], [31.509231063000072, -18.013001795999912], [31.509096067000087, -18.013264815999946], [31.50909806700008, -18.01352583699986], [31.50909806700008, -18.013657846999934], [31.502223259, -18.00806841499997], [31.502170260000184, -18.008057413999836], [31.48940261700011, -17.99851267599996], [31.48151784900017, -18.023231601999896], [31.48137685300003, -18.02323360199989], [31.463187375000132, -18.043239163999942], [31.473359094000045, -18.05718324399993], [31.479003938000062, -18.06491984299987], [31.44274697600008, -18.09939453499993], [31.44260598000011, -18.09939453499993], [31.422615546000088, -18.10441093199995], [31.407796976000043, -18.131968076999897], [31.40728799100009, -18.13183506699994], [31.40728799100009, -18.13169005599991], [31.401574151000034, -18.128580816999943], [31.401272159000087, -18.128584816999933], [31.401271158999975, -18.1284418059999], [31.400967168000136, -18.128300794999973], [31.400513180000075, -18.12816078499992], [31.400056193000182, -18.12773375199987], [31.399750538000035, -18.12754336799992], [31.39960020600006, -18.127449729999967], [31.399295214, -18.12716570799995], [31.39868623100017, -18.12673767499996], [31.39822824400005, -18.126310641999964], [31.398076248000052, -18.126167630999873], [31.3979232530001, -18.126026619999948], [31.39777125700016, -18.12588360899997], [31.397313270000154, -18.12545657599992], [31.3968572820001, -18.12517255399996], [31.396702287000153, -18.124885531999837], [31.396397295000156, -18.124599509999882], [31.396092304000035, -18.124315487999922], [31.39578731200004, -18.124029465999968], [31.395482321000088, -18.123745443999894], [31.395024333000038, -18.123461421999934], [31.394564346000095, -18.122890377999965], [31.394259354999974, -18.122604355999897], [31.393954363000148, -18.122320333999937], [31.39349637600003, -18.12189130099989], [31.393037389000142, -18.121321256999977], [31.392424406000146, -18.12046018999996], [31.392117414000154, -18.12003115699997], [31.39196341799999, -18.11974513499996], [31.3916564270001, -18.11931610199997], [31.391499431000057, -18.11888506799994], [31.391186439000137, -18.118023001999916], [31.390881448000187, -18.11773697899997], [31.39072745200008, -18.11745095699996], [31.390570456000034, -18.117019923999976], [31.39041646100003, -18.116732901999967], [31.39026146500015, -18.11630186799988], [31.389952473000164, -18.11572782399992], [31.38964348200011, -18.115153778999854], [31.389485486000183, -18.11457973499995], [31.389025499000184, -18.11400769099987], [31.388867503000085, -18.11343164599998], [31.388713507000148, -18.11300061299994], [31.3885585110001, -18.112714589999825], [31.388404516000094, -18.11242856799987], [31.38825152000004, -18.112284556999953], [31.38809652400016, -18.111998534999884], [31.388091524000117, -18.111565500999973], [31.387938528000063, -18.11142248999994], [31.387784533, -18.111136467999813], [31.387475541000015, -18.11056242399991], [31.387320545000193, -18.110276401999954], [31.387168550000126, -18.110133390999863], [31.387013554000077, -18.109845367999924], [31.38670856200008, -18.109561345999964], [31.38640357100013, -18.109275323999896], [31.385943583000085, -18.108704279999927], [31.385485596000137, -18.108275246999938], [31.38502660900008, -18.107705202999966], [31.38456862200013, -18.107133158999943], [31.384263630000135, -18.10684713699993], [31.383958639000184, -18.106562114999974], [31.383803643000135, -18.106276091999916], [31.383652647000076, -18.106276091999916], [31.37742182100004, -18.102451797999947], [31.377118830000143, -18.102310786999908], [31.376507847000084, -18.101740742999937], [31.37346393200005, -18.09961157899994], [31.373160940000048, -18.099470567999845], [31.37255395700015, -18.099188545999937], [31.371947974000193, -18.098905524999964], [31.37134099100018, -18.098625502999823], [31.370886004000113, -18.098341480999864], [31.370582013000046, -18.098200469999938], [31.370128025000156, -18.098060459999942], [31.36997603000009, -18.097917448999965], [31.369823034000092, -18.097776437999983], [31.369671038000092, -18.09763342699989], [31.36951804200004, -18.09749041599997], [31.36906005500009, -18.097063382999977], [31.368602068000143, -18.096636349999926], [31.368295076000095, -18.09620631699994], [31.36814108100009, -18.09591829399983], [31.367834089000098, -18.095489260999955], [31.367529098000148, -18.09520523899988], [31.367222106000156, -18.094776205999835], [31.36691611500015, -18.09449018399988], [31.36646112700015, -18.094208161999973], [31.366155136000145, -18.093921139999964], [31.365246161000186, -18.09349810699996], [31.364942170000177, -18.093359096999905], [31.36463717800018, -18.09307307499995], [31.364334187000054, -18.09293206399991], [31.36388020000004, -18.092792052999982], [31.363273217000028, -18.092512031999888], [31.36266723400007, -18.092230009999923], [31.362058251, -18.091801976999932], [31.361602263000123, -18.091519954999967], [31.36129727200006, -18.09123393299984], [31.36099228, -18.090949910999882], [31.36068728900011, -18.090663888999927], [31.360384297000053, -18.090523877999885], [31.359926310000105, -18.090094844999896], [31.359470323000153, -18.08981282299993], [31.3591653310001, -18.089526800999977], [31.358860340000035, -18.08924277899996], [31.358404353000026, -18.088958757999876], [31.35794836500014, -18.088675735999914], [31.35734038200019, -18.08824870299992], [31.35688239500007, -18.087821669999926], [31.356727399000192, -18.087535647999914], [31.356424408000066, -18.087393636999877], [31.356271412000012, -18.087250625999957], [31.355966420000186, -18.08696460399989], [31.355510433000063, -18.086682581999924], [31.354904450000106, -18.08640055999996], [31.354599459000156, -18.086116537999885], [31.35429446700016, -18.085829515999876], [31.353988476000154, -18.085545493999916], [31.353683484000157, -18.08525947199996], [31.353225497000153, -18.084832438999968], [31.352770510000084, -18.084548416999837], [31.352312522000034, -18.08412038399996], [31.351854535000086, -18.083693350999965], [31.35154754400014, -18.083264317999976], [31.351242552000144, -18.082978295999965], [31.35093956100002, -18.08269427399989], [31.350631569000143, -18.082265240999845], [31.349081611000145, -18.07881797399989], [31.34877262000009, -18.07824592899982], [31.348467628000037, -18.077816895999945], [31.34815663700016, -18.077097839999965], [31.347696649000113, -18.076524795999944], [31.347234662000176, -18.075809740999944], [31.346927671000117, -18.07523569599988], [31.346468683000126, -18.07466365199997], [31.34615969200007, -18.074089606999905], [31.346004696000193, -18.07380358499995], [31.34569770400003, -18.073373551999907], [31.34539271300008, -18.07294451899992], [31.34477873000003, -18.072086451999894], [31.344621734000157, -18.071655418999967], [31.34139882300002, -18.066929052999967], [31.340938836000078, -18.06635800899994], [31.34062984400009, -18.065783963999877], [31.340627844000096, -18.065495941999927], [31.34047784800015, -18.065495941999927], [31.33330204200007, -18.045538393999948], [31.332991051000192, -18.044820337999965], [31.33268005900004, -18.04395827099995], [31.33267705900016, -18.04366824899995], [31.332524063000108, -18.043527237999967], [31.332518063000123, -18.043094203999942], [31.332362068000123, -18.0426631709999], [31.332360067000025, -18.042375147999962], [31.332206072000133, -18.042087125999956], [31.33205107600014, -18.041801103999887], [31.33204707600015, -18.041513080999948], [31.331893080000043, -18.04122505899994], [31.331891080000048, -18.041082047999907], [31.33173608400017, -18.040651013999934], [31.33142909300011, -18.040219980999893], [31.331275097000116, -18.03993395899994], [31.331120101000124, -18.039647936999927], [31.33081311000018, -18.039216902999954], [31.330502118000027, -18.038353835999942], [31.33019112700015, -18.037636780999946], [31.330035131000045, -18.037205746999973], [31.329880135000167, -18.036774713999932], [31.329875135000123, -18.036341679999907], [31.329566143000136, -18.035767635999946], [31.329409148000025, -18.03519359099994], [31.329398148000166, -18.034327523999877], [31.329394148, -18.03403950099994], [31.329392147000135, -18.033751478999932], [31.32939014700014, -18.033606467999903], [31.32938614700015, -18.033318444999964], [31.329385147000096, -18.033173433999877], [31.329381147000106, -18.032885411999928], [31.328805163000027, -18.03040721899987]]]]}}, {"type": "Feature", "properties": {"GID_3": "ZWE.5.2.15_2", "GID_0": "ZWE", "COUNTRY": "Zimbabwe", "GID_1": "ZWE.5_1", "NAME_1": "Mashonaland East", "NL_NAME_1": "NA", "GID_2": "ZWE.5.2_2", "NAME_2": "Goromonzi", "NL_NAME_2": "NA", "NAME_3": "Ward 22", "VARNAME_3": "NA", "NL_NAME_3": "NA", "TYPE_3": "Ward", "ENGTYPE_3": "Ward", "CC_3": "NA", "HASC_3": "NA", "id": "ZWE.5.2.15_2", "name": "Ward 22"}, "geometry": {"type": "MultiPolygon", "coordinates": [[[[31.30820571200013, -17.956820501999914], [31.308303708999972, -17.95698451499993], [31.308301709000034, -17.95706452099995], [31.308459705000132, -17.957384545999957], [31.310120659000063, -17.96044278399995], [31.310199657, -17.960602795999876], [31.31027765500005, -17.96084281499992], [31.310435650999977, -17.96108583299997], [31.31051564800015, -17.961245845999883], [31.310591646000034, -17.96148586499993], [31.31066864400003, -17.96172488299993], [31.310828640000125, -17.961966901999972], [31.310984636000057, -17.96228892699986], [31.311143631000164, -17.962609951999866], [31.311299627000096, -17.96293197699987], [31.311457623000024, -17.963252001999876], [31.311696616000177, -17.963655032999895], [31.311770614000068, -17.963975057999903], [31.312783587000126, -17.966460250999944], [31.31294158200012, -17.96678127599995], [31.313016580000124, -17.967101300999957], [31.31317057600006, -17.967502331999924], [31.31332857200016, -17.967822356999932], [31.31356756500014, -17.96822538799995], [31.313720561000025, -17.968705424999882], [31.313878557000123, -17.969026449999888], [31.314116550000165, -17.969428480999966], [31.314271546000043, -17.96982951299998], [31.3143475440001, -17.97014953699994], [31.314505540000027, -17.97039255599998], [31.31466253600007, -17.97079258699995], [31.314738534000128, -17.97103260599988], [31.314814532000184, -17.97127162499993], [31.31497352700012, -17.97159364999993], [31.315049525000177, -17.97183366799993], [31.315285518999985, -17.972314705999906], [31.31558351100017, -17.973592804999896], [31.315819504000046, -17.974075841999877], [31.31597650000009, -17.97447587299996], [31.316128496000033, -17.97495691099988], [31.31620149400004, -17.975354941999967], [31.316277492000097, -17.975593959999912], [31.318272439000054, -17.981835444999945], [31.318351436000114, -17.98199545799997], [31.31843143400016, -17.982077463999815], [31.318429434000166, -17.982155469999952], [31.318511432000037, -17.98223747599991], [31.31866742800014, -17.982558500999914], [31.318742426000142, -17.982878525999922], [31.318900421000137, -17.98319855099993], [31.31906041700006, -17.983441569999968], [31.31966140100002, -17.985836755999912], [31.319735399000137, -17.986157780999918], [31.319812397000078, -17.986397799999963], [31.319808397000145, -17.986555811999892], [31.31988039500004, -17.986954842999978], [31.319855397000083, -17.987906916999975], [31.319848397000044, -17.98822294199988], [31.31982739800003, -17.989017002999958], [31.31981339800012, -17.989494040999887], [31.31980639900013, -17.98981006499986], [31.319794399000045, -17.99020709599995], [31.319785400000114, -17.990604126999926], [31.31977540000014, -17.991001157999904], [31.319770400000095, -17.991161169999828], [31.319848398000147, -17.99139918899988], [31.31983339900006, -17.99195623199995], [31.31982939900007, -17.99211424399988], [31.31990339700019, -17.992433268999832], [31.31998139500007, -17.992593281999916], [31.320061393000117, -17.992755293999835], [31.320138391000057, -17.992994312999883], [31.32029638600011, -17.993236331999924], [31.320454382000037, -17.993558356999927], [31.32060737800009, -17.994037393999974], [31.32084337200007, -17.994520430999955], [31.321004367000114, -17.994762449999882], [31.321084365, -17.994844455999953], [31.321160363000104, -17.995162480999966], [31.321234361000165, -17.995481505999976], [31.321311359000163, -17.995721524999965], [31.321391356999982, -17.99580353099998], [31.321467355000095, -17.99604454999985], [31.32154735200004, -17.996204561999946], [31.321624350000036, -17.99644458099982], [31.321618351000154, -17.99668359899988], [31.321698348000098, -17.9967636049999], [31.32169434900004, -17.99692161799993], [31.321769347000043, -17.99724164299994], [31.321839345000114, -17.997718679999878], [31.32183134500019, -17.9980377039999], [31.321822346000033, -17.998353728999973], [31.321900344000085, -17.998594747999903], [31.321894344000157, -17.998752759999945], [31.32189234400016, -17.998832765999964], [31.32189134400005, -17.99891077199993], [31.321973342000092, -17.998992778999877], [31.321967342000164, -17.999151790999974], [31.32204734000004, -17.999313803999883], [31.32203934000006, -17.99954982199995], [31.322121338000102, -17.999631827999906], [31.322119338000107, -17.99971183499997], [31.321908344000065, -18.000362884999902], [31.323140310000042, -18.00251205199993], [31.32344530200004, -18.002798073999884], [31.323600298000088, -18.003085095999893], [31.32390528899998, -18.00351412999987], [31.324059285000146, -18.003802151999935], [31.324214280999968, -18.004088173999946], [31.324521272000084, -18.004517206999935], [31.324675268000192, -18.00480322999988], [31.32483026400007, -18.00523426299992], [31.32544424700012, -18.00609432999994], [31.325598243000115, -18.006380351999894], [31.325751238000066, -18.006669373999898], [31.325906234000115, -18.006955396999956], [31.326058230000058, -18.007098407999877], [31.326213226000107, -18.007384429999945], [31.326367221000112, -18.007670451999957], [31.32652221700016, -18.007958473999906], [31.326674213000103, -18.00810148499994], [31.326827209000157, -18.008387507999885], [31.327134200000103, -18.00881654099993], [31.327290196000035, -18.00924757399997], [31.327597188000027, -18.00967660799995], [31.327752183000143, -18.0099646299999], [31.327756183000133, -18.01039566299994], [31.327912179000066, -18.010827696999968], [31.32791817900005, -18.01125973099994], [31.32807217500016, -18.011691763999977], [31.328080175000082, -18.01226880899992], [31.328084175000072, -18.01255683099987], [31.32808817500006, -18.01284485399998], [31.328089175000116, -18.013134875999924], [31.32809917500009, -18.0138559319999], [31.32810317500008, -18.014143954999952], [31.328255171000023, -18.01428696599993], [31.328259171000184, -18.01457498799988], [31.32826117100018, -18.01486301099993], [31.328414167, -18.015007021999907], [31.3284211670001, -18.015583066999966], [31.32842716700003, -18.016016099999945], [31.32858216300008, -18.016447133999975], [31.328585163000128, -18.01673615599998], [31.328591163000112, -18.01716818999995], [31.32874615900016, -18.0174562119999], [31.328755159000025, -18.018321278999963], [31.32891015400014, -18.018608301999905], [31.328913155000123, -18.018896323999968], [31.328915155000118, -18.019184345999975], [31.328933155000186, -18.02062745899991], [31.32893815500006, -18.02105949199995], [31.328944154999988, -18.021492525999975], [31.32894815500015, -18.02178154799992], [31.32880115900008, -18.022214581999947], [31.328807159000064, -18.022647615999915], [31.328810159000113, -18.02293563799992], [31.32882015900003, -18.023801705999915], [31.32867516400006, -18.024236738999946], [31.32868116399999, -18.02466977299997], [31.328683164000154, -18.02495779599991], [31.328688164000027, -18.025390828999946], [31.328692164000188, -18.025678851999885], [31.328698164000173, -18.02611188499992], [31.328704164000158, -18.026689929999975], [31.328711164000026, -18.02726597499992], [31.32871516400013, -18.02755399699987], [31.328721164000115, -18.028132041999925], [31.328728164000154, -18.02870808699987], [31.32873816400013, -18.029574153999874], [31.32874616400005, -18.03015219899993], [31.328805163000027, -18.03040721899987], [31.329381147000106, -18.032885411999928], [31.329385147000096, -18.033173433999877], [31.32938614700015, -18.033318444999964], [31.32939014700014, -18.033606467999903], [31.329392147000135, -18.033751478999932], [31.329394148, -18.03403950099994], [31.329398148000166, -18.034327523999877], [31.329409148000025, -18.03519359099994], [31.329566143000136, -18.035767635999946], [31.329875135000123, -18.036341679999907], [31.329880135000167, -18.036774713999932], [31.330035131000045, -18.037205746999973], [31.33019112700015, -18.037636780999946], [31.330502118000027, -18.038353835999942], [31.33081311000018, -18.039216902999954], [31.331120101000124, -18.039647936999927], [31.331275097000116, -18.03993395899994], [31.33142909300011, -18.040219980999893], [31.33173608400017, -18.040651013999934], [31.331891080000048, -18.041082047999907], [31.331893080000043, -18.04122505899994], [31.33204707600015, -18.041513080999948], [31.33205107600014, -18.041801103999887], [31.332206072000133, -18.042087125999956], [31.332360067000025, -18.042375147999962], [31.332362068000123, -18.0426631709999], [31.332518063000123, -18.043094203999942], [31.332524063000108, -18.043527237999967], [31.33267705900016, -18.04366824899995], [31.33268005900004, -18.04395827099995], [31.332991051000192, -18.044820337999965], [31.33330204200007, -18.045538393999948], [31.34047784800015, -18.065495941999927], [31.340627844000096, -18.065495941999927], [31.34062984400009, -18.065783963999877], [31.340938836000078, -18.06635800899994], [31.34139882300002, -18.066929052999967], [31.344621734000157, -18.071655418999967], [31.34477873000003, -18.072086451999894], [31.34539271300008, -18.07294451899992], [31.34569770400003, -18.073373551999907], [31.346004696000193, -18.07380358499995], [31.34615969200007, -18.074089606999905], [31.346468683000126, -18.07466365199997], [31.346927671000117, -18.07523569599988], [31.347234662000176, -18.075809740999944], [31.347696649000113, -18.076524795999944], [31.34815663700016, -18.077097839999965], [31.348467628000037, -18.077816895999945], [31.34877262000009, -18.07824592899982], [31.349081611000145, -18.07881797399989], [31.350631569000143, -18.082265240999845], [31.35093956100002, -18.08269427399989], [31.351242552000144, -18.082978295999965], [31.35154754400014, -18.083264317999976], [31.351854535000086, -18.083693350999965], [31.352312522000034, -18.08412038399996], [31.352770510000084, -18.084548416999837], [31.353225497000153, -18.084832438999968], [31.353683484000157, -18.08525947199996], [31.353988476000154, -18.085545493999916], [31.35429446700016, -18.085829515999876], [31.354599459000156, -18.086116537999885], [31.354904450000106, -18.08640055999996], [31.355510433000063, -18.086682581999924], [31.355966420000186, -18.08696460399989], [31.356271412000012, -18.087250625999957], [31.356424408000066, -18.087393636999877], [31.356727399000192, -18.087535647999914], [31.35688239500007, -18.087821669999926], [31.35734038200019, -18.08824870299992], [31.35794836500014, -18.088675735999914], [31.358404353000026, -18.088958757999876], [31.358860340000035, -18.08924277899996], [31.3591653310001, -18.089526800999977], [31.359470323000153, -18.08981282299993], [31.359926310000105, -18.090094844999896], [31.360384297000053, -18.090523877999885], [31.36068728900011, -18.090663888999927], [31.36099228, -18.090949910999882], [31.36129727200006, -18.09123393299984], [31.361602263000123, -18.091519954999967], [31.362058251, -18.091801976999932], [31.36266723400007, -18.092230009999923], [31.363273217000028, -18.092512031999888], [31.36388020000004, -18.092792052999982], [31.364334187000054, -18.09293206399991], [31.36463717800018, -18.09307307499995], [31.364942170000177, -18.093359096999905], [31.365246161000186, -18.09349810699996], [31.366155136000145, -18.093921139999964], [31.36646112700015, -18.094208161999973], [31.36691611500015, -18.09449018399988], [31.367222106000156, -18.094776205999835], [31.367529098000148, -18.09520523899988], [31.367834089000098, -18.095489260999955], [31.36814108100009, -18.09591829399983], [31.368295076000095, -18.09620631699994], [31.368602068000143, -18.096636349999926], [31.36906005500009, -18.097063382999977], [31.36951804200004, -18.09749041599997], [31.369671038000092, -18.09763342699989], [31.369823034000092, -18.097776437999983], [31.36997603000009, -18.097917448999965], [31.370128025000156, -18.098060459999942], [31.370582013000046, -18.098200469999938], [31.370886004000113, -18.098341480999864], [31.37134099100018, -18.098625502999823], [31.371947974000193, -18.098905524999964], [31.37255395700015, -18.099188545999937], [31.373160940000048, -18.099470567999845], [31.37346393200005, -18.09961157899994], [31.376507847000084, -18.101740742999937], [31.377118830000143, -18.102310786999908], [31.37742182100004, -18.102451797999947], [31.383652647000076, -18.106276091999916], [31.383803643000135, -18.106276091999916], [31.383958639000184, -18.106562114999974], [31.384263630000135, -18.10684713699993], [31.38456862200013, -18.107133158999943], [31.38502660900008, -18.107705202999966], [31.385485596000137, -18.108275246999938], [31.385943583000085, -18.108704279999927], [31.38640357100013, -18.109275323999896], [31.38670856200008, -18.109561345999964], [31.387013554000077, -18.109845367999924], [31.387168550000126, -18.110133390999863], [31.387320545000193, -18.110276401999954], [31.387475541000015, -18.11056242399991], [31.387784533, -18.111136467999813], [31.387938528000063, -18.11142248999994], [31.388091524000117, -18.111565500999973], [31.38809652400016, -18.111998534999884], [31.38825152000004, -18.112284556999953], [31.388404516000094, -18.11242856799987], [31.3885585110001, -18.112714589999825], [31.388713507000148, -18.11300061299994], [31.388867503000085, -18.11343164599998], [31.389025499000184, -18.11400769099987], [31.389485486000183, -18.11457973499995], [31.38964348200011, -18.115153778999854], [31.389952473000164, -18.11572782399992], [31.39026146500015, -18.11630186799988], [31.39041646100003, -18.116732901999967], [31.390570456000034, -18.117019923999976], [31.39072745200008, -18.11745095699996], [31.390881448000187, -18.11773697899997], [31.391186439000137, -18.118023001999916], [31.391499431000057, -18.11888506799994], [31.3916564270001, -18.11931610199997], [31.39196341799999, -18.11974513499996], [31.392117414000154, -18.12003115699997], [31.392424406000146, -18.12046018999996], [31.393037389000142, -18.121321256999977], [31.39349637600003, -18.12189130099989], [31.393954363000148, -18.122320333999937], [31.394259354999974, -18.122604355999897], [31.394564346000095, -18.122890377999965], [31.395024333000038, -18.123461421999934], [31.395482321000088, -18.123745443999894], [31.39578731200004, -18.124029465999968], [31.396092304000035, -18.124315487999922], [31.396397295000156, -18.124599509999882], [31.396702287000153, -18.124885531999837], [31.3968572820001, -18.12517255399996], [31.397313270000154, -18.12545657599992], [31.39777125700016, -18.12588360899997], [31.3979232530001, -18.126026619999948], [31.398076248000052, -18.126167630999873], [31.39822824400005, -18.126310641999964], [31.39868623100017, -18.12673767499996], [31.399295214, -18.12716570799995], [31.39960020600006, -18.127449729999967], [31.399750538000035, -18.12754336799992], [31.384560881000084, -18.14092359199998], [31.398613665000028, -18.14884202999997], [31.393307397000115, -18.15835513099995], [31.393187400000045, -18.158294125999873], [31.39303740400004, -18.158296125999982], [31.39303840400015, -18.158441136999954], [31.392890409000074, -18.158586148999973], [31.39289240900007, -18.15873115999989], [31.39274141300018, -18.158732159999886], [31.391684443000088, -18.158744160999902], [31.39153444700014, -18.158746161999886], [31.390780468000173, -18.158753162999858], [31.390175485000157, -18.158761162999895], [31.389422507000177, -18.15876916399992], [31.389119515000175, -18.158772164999903], [31.388667528000155, -18.158778164999944], [31.388363537000146, -18.158637153999848], [31.38791054900014, -18.158498143999964], [31.387456562000125, -18.15835913299992], [31.387152571000115, -18.1583621339999], [31.386849579000113, -18.158221122999976], [31.386548588000153, -18.158225122999966], [31.386094600000092, -18.15808611299991], [31.38548961700019, -18.157949101999918], [31.38488163500017, -18.157666080999945], [31.38442764700011, -18.1575270699999], [31.3839716600001, -18.157245047999936], [31.38336467700009, -18.156962026999963], [31.382001715000115, -18.156544994999933], [31.381545728000106, -18.156260972999974], [31.381241737000096, -18.15612096199993], [31.3809367450001, -18.155834939999977], [31.380482758000085, -18.155695928999933], [31.380175766000093, -18.155411906999973], [31.379870774999972, -18.155125884999848], [31.379717779000146, -18.154982873999927], [31.375296902000173, -18.151136577999978], [31.374085937000075, -18.150862556999982], [31.37362994900019, -18.15057853499991], [31.373175962, -18.150440524999965], [31.373023966000062, -18.15029751399993], [31.372719975000052, -18.15015650299989], [31.372113992000095, -18.149874480999927], [31.371658005000086, -18.149734469999885], [31.37135701300008, -18.149738470999978], [31.37120601700019, -18.14974047099986], [31.370603034000112, -18.14974647199989], [31.37030204299998, -18.149895482999966], [31.370153047000088, -18.150040494999814], [31.369854056000122, -18.150188505999893], [31.369705060000058, -18.150333517999968], [31.369405069000038, -18.150482528999873], [31.368953081000143, -18.15063154099994], [31.36850309400012, -18.150780552999947], [31.3680511070001, -18.150928563999912], [31.36759912000008, -18.150934564999886], [31.367450124000186, -18.151081576999957], [31.367300128000068, -18.151081576999957], [31.36654415000004, -18.151091577999978], [31.366092162000086, -18.15109457799997], [31.365339184000163, -18.151104578999934], [31.364883196000108, -18.15096556899988], [31.364431209000088, -18.150970568999924], [31.36397922200007, -18.150974569999903], [31.363678230000062, -18.150978569999893], [31.363222243000052, -18.15083955899985], [31.362919252000097, -18.15069854899997], [31.362463265000144, -18.150413526999955], [31.36215927300003, -18.150274515999968], [31.361705286000017, -18.150135504999923], [31.361402294000186, -18.14999449499993], [31.360948307, -18.149855483999943], [31.360794311000063, -18.149567461999936], [31.36049232000005, -18.14957046199993], [31.360035333000155, -18.14928843999985], [31.359428350000144, -18.149006418999875], [31.358669371000133, -18.148581385999876], [31.358062388000064, -18.148300363999965], [31.357456405000107, -18.148018342999933], [31.357000418000155, -18.147734320999973], [31.3566954260001, -18.147449298999902], [31.356237439000154, -18.147165276999942], [31.35562945600003, -18.146740243999943], [31.35487047700019, -18.146315211999934], [31.35425949400019, -18.145744167999965], [31.35380150700007, -18.14531713499997], [31.353344520000178, -18.144890101999977], [31.353037528000186, -18.14446106899993], [31.35273153700018, -18.144175046999976], [31.349327630000175, -18.13699849099993], [31.349022638000122, -18.13671446899997], [31.348716647000117, -18.136428446999844], [31.34841165500012, -18.136144424999884], [31.347955668000168, -18.135859402999927], [31.347648676000176, -18.135430369999938], [31.347191689000113, -18.135003336999944], [31.346885698000108, -18.134717314999932], [31.346430710000107, -18.134435292999967], [31.346124719000102, -18.1341492709999], [31.345819727000105, -18.13386424899994], [31.34551673600015, -18.133723237999902], [31.345211744000153, -18.133437215999948], [31.34445076600008, -18.13286917199997], [31.343689787000073, -18.13230012899993], [31.34323180000007, -18.13187309599988], [31.342926808000072, -18.131587073999924], [31.34262181700018, -18.131303051999964], [31.342317825000066, -18.131162040999925], [31.342165829000066, -18.13101902999989], [31.34201483400011, -18.13102002999989], [31.341713842000104, -18.131024029999878], [31.34156084600005, -18.131026030999976], [31.34125985500009, -18.131028030999857], [31.341110859000025, -18.13117504199994], [31.34066087200017, -18.131324053999833], [31.340358881000157, -18.1314730659999], [31.340059889000088, -18.131619076999982], [31.339460906, -18.131915099999958], [31.3391579150001, -18.131917100999942], [31.338707927000144, -18.132068112999946], [31.33825794000012, -18.13221612399991], [31.337654957000098, -18.13236713599997], [31.336900979000063, -18.13237513699994], [31.336446991000116, -18.132235125999898], [31.335843008000154, -18.132243126999924], [31.335391021000135, -18.132247127999904], [31.334937034000177, -18.132108116999973], [31.33463404200012, -18.131967105999934], [31.334178055000166, -18.13168408499996], [31.33372406800015, -18.131545073999916], [31.333419076000155, -18.13125905199996], [31.332509102000188, -18.13098003099998], [31.332207111000173, -18.130984030999855], [31.331753123000055, -18.13084501999998], [31.331000145000132, -18.13085302099995], [31.33024516600011, -18.130862021999974], [31.329795179000087, -18.13101103399987], [31.329343191000135, -18.131015034999848], [31.3285892130001, -18.131167046999963], [31.328139226000133, -18.131318058999966], [31.327685238000186, -18.131322058999956], [31.326781264000033, -18.13133105999998], [31.326478271999974, -18.131192048999935], [31.326024285000187, -18.13105303899988], [31.325719294000066, -18.130767016999926], [31.325415302000124, -18.130626005999886], [31.324960315000055, -18.13034098399993], [31.32435133200005, -18.12991595099993], [31.323439357000154, -18.129492918999915], [31.322680379000076, -18.129068885999914], [31.322072396000124, -18.128641852999863], [31.321769404000122, -18.12850284299998], [31.321616408000068, -18.128359831999887], [31.321311417000118, -18.128073809999933], [31.320855430000165, -18.12779078799997], [31.320401442000104, -18.127651776999926], [31.319794459000036, -18.12736975499996], [31.31797751000005, -18.126812712999936], [31.31707153600007, -18.126676702999873], [31.31631355700017, -18.126396680999903], [31.315406583000083, -18.126118659999975], [31.31464660400019, -18.12583763899994], [31.314042621, -18.125700627999947], [31.3137396300001, -18.125559616999908], [31.31237766800018, -18.12514158599987], [31.312073676000068, -18.12514558599986], [31.31177068500017, -18.125004574999934], [31.31146769300011, -18.124863563999952], [31.31131469800016, -18.124719552999977], [31.310862710000094, -18.124725553999838], [31.310256727000137, -18.12444353199993], [31.309804740000118, -18.124449532999904], [31.30965374400006, -18.124449532999904], [31.30889876600014, -18.124458533999928], [31.308745770000087, -18.124315522999837], [31.30814278700018, -18.12432152399998], [31.308144787000174, -18.124466534999897], [31.307542804000036, -18.124472535999928], [31.30723881299997, -18.124330524999834], [31.30693582100014, -18.12433452499988], [31.306632830000012, -18.124193513999955], [31.306176842000127, -18.12391149299998], [31.305873851000058, -18.12377048199994], [31.30556785900012, -18.12348445999993], [31.305112872000052, -18.123201437999853], [31.304806881000047, -18.1229154159999], [31.30434989300005, -18.122488382999904], [31.304044902000157, -18.12220236099995], [31.30343191900016, -18.121343293999928], [31.303124927000113, -18.120914260999882], [31.30296893100018, -18.120483227999898], [31.30266194000012, -18.120054194999966], [31.302506944000072, -18.11962316099988], [31.30220195300018, -18.119337138999924], [31.302195953000023, -18.1189041049999], [31.30188896100003, -18.118475071999853], [31.301734965000037, -18.11804403899987], [31.30142797400015, -18.117615005999937], [31.3012729780001, -18.117326982999884], [31.301118982000162, -18.11704096099993], [31.301114982000172, -18.116751938999926], [31.30095998600018, -18.116463915999873], [31.30050399900017, -18.116181894999897], [31.299896016000048, -18.115754861999847], [31.299137037000037, -18.115186817999927], [31.29822306300008, -18.114474762999976], [31.297312088000126, -18.113908719999927], [31.296701105000125, -18.11333767499997], [31.296396114000174, -18.1130516529999], [31.29624311800012, -18.11290864199998], [31.296093122000173, -18.112910642999964], [31.296091122000178, -18.11276763099994], [31.292732216000104, -18.10934036699996], [31.292276228, -18.109057344999826], [31.291818241000044, -18.10862831199995], [31.291363254000146, -18.108346289999872], [31.291210258000092, -18.10820327899995], [31.290607275000013, -18.10820827999993], [31.290157288000046, -18.108359291999875], [31.289856296000153, -18.108506302999956], [31.289705301000026, -18.10850830299995], [31.289556305000133, -18.10865331499997], [31.289408309000123, -18.10880032599988], [31.289108318000103, -18.10894733799995], [31.28895932200004, -18.109237359999952], [31.288660331000074, -18.109383371999968], [31.288513335000175, -18.10967339399997], [31.288214343000107, -18.1099654169999], [31.28806734800014, -18.110257439999828], [31.28791835200002, -18.110402450999914], [31.28731536900017, -18.110408451999888], [31.287012378000043, -18.110411451999937], [31.286560390000147, -18.11041745299991], [31.286106403000133, -18.11027844199998], [31.285805412000173, -18.110280442999965], [31.285503420000055, -18.11028444299984], [31.284899437000092, -18.110289443999875], [31.28475044100003, -18.110436454999956], [31.284300454000174, -18.110585466999964], [31.284000463000154, -18.110732477999875], [31.28369947100009, -18.11088148999994], [31.283548476000135, -18.110883489999935], [31.28339948000007, -18.111028501999954], [31.283249484000123, -18.11102950199995], [31.283100488, -18.111174512999924], [31.282652500999973, -18.111613546999934], [31.282352510000123, -18.111760558999947], [31.28205351800011, -18.111907569999914], [31.28175152700004, -18.11205658199998], [31.280998548000184, -18.11206358299995], [31.280395565000106, -18.112069583999926], [31.280393565000168, -18.11192657299989], [31.280243569000163, -18.111928572999886], [31.279939578000153, -18.11178756199996], [31.279789581999978, -18.11178756199996], [31.279484591000084, -18.11150253999989], [31.279182599000137, -18.11150653999988], [31.279030602999967, -18.11136352899996], [31.27887960800018, -18.111365529999944], [31.278726612000128, -18.11122251899991], [31.27857261600019, -18.11093449599997], [31.278269625000064, -18.110795485999915], [31.277963633000184, -18.11050946399996], [31.277658642000063, -18.11022344099996], [31.27750664600012, -18.11008142999998], [31.277200654000183, -18.109795407999968], [31.277046659000177, -18.1095093859999], [31.276741667000124, -18.109223363999888], [31.274910718000058, -18.107367220999947], [31.27445273100011, -18.106940187999953], [31.273996743000055, -18.106656165999937], [31.273691752000104, -18.106227132999948], [31.273233765000157, -18.105800099999954], [31.272775777000106, -18.10537006699991], [31.272468786, -18.104941032999932], [31.27201179800005, -18.104514], [31.271705807000046, -18.104084966999892], [31.27109982400009, -18.103802945999917], [31.270946828000035, -18.103658933999895], [31.270794832000036, -18.103515922999975], [31.270641837000085, -18.10337291199994], [31.270338845000083, -18.10323390199983], [31.27018584900003, -18.103090890999965], [31.270033854000133, -18.102947879999874], [31.269882858000074, -18.10294987999987], [31.269729862000077, -18.10280686899995], [31.269579866000072, -18.102808868999944], [31.26897288300006, -18.102525846999868], [31.26882288800016, -18.10252784699992], [31.268669892000105, -18.102384835999942], [31.267914913000084, -18.102392836999968], [31.267311930000176, -18.102400837999824], [31.266708947000097, -18.10240583899997], [31.266256960000135, -18.102411839999945], [31.26580297300012, -18.10241583999982], [31.265199990000042, -18.102421840999966], [31.26339004100015, -18.102442842999835], [31.262639062000062, -18.102592854999898], [31.262185075000104, -18.10259885599993], [31.26203607900004, -18.10274386699996], [31.261887084000023, -18.102890878999972], [31.26173908800007, -18.103035889999944], [31.261439096000117, -18.103184901999953], [31.261138105000157, -18.103330912999866], [31.26084011300003, -18.103622935999965], [31.25993613900016, -18.103632936999873], [31.259631147000164, -18.103346914999918], [31.259478152000042, -18.10320590399982], [31.259328156000038, -18.10320590399982], [31.259326156000043, -18.10306189299996], [31.259173160000046, -18.10291888199987], [31.25917116000005, -18.102773870999954], [31.259169160000056, -18.10263085899993], [31.259168160000115, -18.102485847999844], [31.259166160000177, -18.10234083699993], [31.259164160000182, -18.102197825999895], [31.259162160000187, -18.101909802999955], [31.259154160000037, -18.101331758999834], [31.259152160000042, -18.101043735999895], [31.25914816000011, -18.100755713999945], [31.25914316, -18.100323679999974], [31.25899216400012, -18.10032467999997], [31.25899016400018, -18.100179668999886], [31.25883816800018, -18.100036657999965], [31.258532177000177, -18.09975263599989], [31.258229185000175, -18.099466613999937], [31.25792619400005, -18.09932560299984], [31.257773198000166, -18.099182591999977], [31.257470207000097, -18.09904158099988], [31.257165215000043, -18.098757558999978], [31.25686322400003, -18.09876055999996], [31.25625724100007, -18.098478537999938], [31.25595424900007, -18.09848053799982], [31.254899279000142, -18.09849153999994], [31.254598287000135, -18.098495539999817], [31.25444729200018, -18.098497539999983], [31.25414430000012, -18.098356529999933], [31.2536923130001, -18.098360529999923], [31.253539317000104, -18.09821751899989], [31.253388321000045, -18.098219518999883], [31.25308533000009, -18.098078507999958], [31.252932334000036, -18.09793649699992], [31.252782338000088, -18.09793649799991], [31.251567372000068, -18.097229442999947], [31.251565372000073, -18.09708443199986], [31.251103385000135, -18.0969714229999], [31.25110538500013, -18.096851413999957], [31.25097938900018, -18.096849413999962], [31.250981389000174, -18.096729404999962], [31.25085539200012, -18.096727403999978], [31.250857392000114, -18.096607394999978], [31.250731396, -18.096605394999926], [31.250733396000157, -18.096485385999927], [31.250609399000155, -18.096363375999886], [31.250483403000032, -18.09636137599989], [31.250485402000095, -18.09624136699989], [31.250359406000143, -18.09623936699984], [31.250359406000143, -18.096119356999964], [31.25036140600014, -18.095999347999964], [31.250235409000084, -18.09599734799997], [31.250111413000127, -18.095875338999917], [31.250113413000122, -18.09575432899993], [31.249741423000103, -18.095386300999962], [31.249619426000038, -18.09514428199998], [31.249493430000086, -18.095142281999927], [31.249368433000143, -18.095020271999942], [31.249244437000186, -18.09489826299989], [31.24911844000013, -18.094896262999896], [31.249120440000127, -18.09477625399984], [31.248994444000175, -18.094774252999912], [31.247371489000102, -18.09379017799995], [31.24724549300015, -18.093788177999954], [31.247247493000145, -18.093668167999965], [31.246871503000136, -18.093542158999867], [31.24637351700011, -18.093054120999966], [31.245873531000143, -18.092806101999884], [31.24562353800013, -18.09256208299996], [31.245625538000127, -18.09243907399997], [31.24549954100013, -18.09243907399997], [31.24261662200007, -18.091435996999962], [31.242240633000108, -18.09130998699993], [31.241738647000147, -18.091183977999947], [31.24148665399997, -18.091180977999898], [31.24123766100007, -18.09105696799992], [31.240857672000175, -18.09105296799987], [31.240231689000154, -18.090802948999965], [31.239856700000132, -18.090676938999934], [31.23973070400018, -18.09067493899994], [31.237588764000066, -18.09064793799996], [31.237336771000116, -18.090523927999982], [31.23695878200016, -18.090518927999938], [31.236207803000127, -18.090266908999922], [31.23557782100005, -18.090138898999896], [31.235326828000154, -18.090134898999963], [31.2352008310001, -18.09013289899997], [31.233941867000055, -18.09011789799996], [31.23356387700005, -18.08999188799993], [31.233186888000034, -18.08998688799994], [31.232936895000023, -18.089862878999895], [31.23281089900007, -18.0898608789999], [31.232812898000134, -18.089740868999854], [31.23268690200001, -18.089738868999973], [31.23256290500018, -18.08961685999998], [31.232438909000052, -18.08949384999994], [31.232186916000046, -18.089370840999948], [31.232062918999986, -18.08924783099991], [31.231936923000035, -18.08924683099991], [31.23193892300003, -18.089125821999858], [31.231812926000032, -18.089123821999976], [31.231688930000075, -18.08900181199988], [31.230326968000156, -18.08741668999994], [31.229956978000132, -18.08681064299998], [31.229712984000173, -18.086323604999905], [31.22946699100015, -18.085959576999983], [31.22921699799997, -18.085715557999947], [31.22922099800013, -18.0854755389999], [31.22909700100007, -18.085353529999907], [31.228971005000176, -18.085351529999855], [31.226997059000098, -18.08255331299995], [31.226997059000098, -18.082391300999973], [31.226789064000172, -18.079657087999976], [31.226803063000034, -18.078812022999955], [31.22681406200013, -18.07808896699987], [31.22681806200012, -18.07772893899994], [31.22682806200004, -18.07712589199997], [31.22683106100004, -18.07688387299993], [31.226843061000125, -18.07616081699996], [31.226847061000115, -18.07592079799997], [31.22672506400005, -18.07567877899993], [31.2267280640001, -18.07531575099995], [31.226486070000135, -18.074709703999872], [31.226490070000125, -18.074468684999943], [31.2262460770001, -18.073984647999907], [31.225998083000036, -18.073618619999934], [31.225878087000012, -18.073255590999906], [31.225630094000053, -18.073011572999974], [31.22550809700016, -18.072767553999938], [31.225511097000037, -18.072527534999892], [31.225140107000072, -18.07216050699998], [31.224893114000167, -18.071674468999902], [31.224895114000162, -18.07155445999996], [31.226313073000142, -18.069536301999847], [31.226314073000026, -18.06941629299996], [31.226440068999977, -18.069418292999956], [31.226566066000032, -18.06942029299995], [31.226692062000154, -18.069421292999834], [31.2268200580001, -18.06930128399995], [31.2269460550001, -18.069303283999943], [31.22707205100005, -18.069305283999938], [31.227074051000045, -18.06918527499994], [31.22719904800016, -18.069187274999933], [31.22720104700005, -18.069067264999944], [31.227203047000046, -18.06894525599995], [31.227331044000096, -18.06882624699989], [31.22733304400009, -18.0687062369999], [31.227337043000148, -18.068464218999964], [31.227215047000186, -18.068222199999923], [31.22721704700018, -18.068102189999934], [31.22709305000012, -18.067979180999885], [31.227095050000116, -18.067859171999885], [31.22709605000017, -18.067739161999896], [31.226971053000057, -18.067737161999844], [31.226971053000057, -18.067617152999958], [31.2268470570001, -18.067495142999974], [31.22672306000004, -18.067371133999927], [31.226726060000146, -18.06713111499988], [31.226732060000074, -18.066770086999952], [31.22673406000007, -18.066648077999957], [31.226745059000166, -18.06592502199993], [31.226749059000156, -18.065685002999942], [31.226879055000097, -18.065444983999896], [31.2271370470001, -18.064965946999962], [31.22713804700004, -18.064845936999973], [31.227268044000027, -18.064606918999914], [31.227272043000085, -18.064364899999873], [31.227402040000072, -18.064126881999982], [31.227276043000074, -18.06412488099994], [31.22727804300007, -18.06400487199994], [31.227026050000063, -18.06400087199995], [31.226902054000107, -18.06387886199991], [31.22677605700011, -18.063876861999915], [31.226650061000157, -18.06387486199992], [31.226652061000152, -18.063754852999864], [31.226526064000097, -18.063752852999983], [31.226528064000092, -18.06363284299988], [31.226404067000033, -18.063510833999942], [31.226406067000028, -18.063389824999945], [31.226408067000193, -18.063269814999956], [31.226408067000193, -18.063147805999904], [31.226410067000188, -18.063027796999904], [31.226538063000135, -18.06290978699991], [31.226540063000073, -18.062789777999967], [31.22666905900013, -18.06254875899998], [31.226923052000075, -18.06243274999997], [31.227053048000187, -18.062192730999925], [31.22717804500013, -18.06219473099992], [31.227306041000077, -18.062075721999918], [31.22756003400019, -18.061957712999913], [31.22756403400018, -18.06171769399998], [31.227690030000133, -18.061719693999976], [31.22794502300019, -18.061480675999974], [31.228073019000078, -18.06136266599998], [31.228075019000073, -18.061242656999923], [31.228077019000068, -18.06112064799993], [31.228205015000185, -18.06100163799988], [31.22833101200007, -18.06100363799993], [31.22833401200012, -18.060763619999875], [31.22846000800007, -18.06076561999987], [31.228462008000065, -18.06064360999983], [31.22871600100018, -18.060526600999935], [31.228970994000065, -18.06028858299993], [31.228972993000127, -18.06016857299994], [31.22910299000017, -18.059929554999883], [31.22910499000011, -18.059807544999842], [31.22923498600005, -18.05956952699995], [31.229249985000138, -18.05860445199994], [31.229253985000128, -18.058364432999895], [31.229132988000117, -18.05800140499997], [31.22901099100011, -18.057637376999935], [31.22889099400004, -18.057274347999964], [31.228896994000138, -18.056912319999924], [31.228774997000073, -18.056670300999883], [31.228778997000063, -18.056430282999827], [31.228655001000106, -18.05630727299996], [31.22853300400004, -18.056063253999923], [31.22853300400004, -18.055943244999924], [31.22840900700004, -18.055821235999872], [31.228413006999972, -18.05558121699994], [31.22828701100002, -18.055579216999945], [31.22692704800005, -18.05387408499996], [31.226431062000074, -18.053383046999954], [31.226181069000063, -18.05326103799996], [31.2258050800001, -18.05301501899993], [31.225681083000097, -18.052893008999888], [31.225557086000038, -18.052769], [31.22530909300019, -18.052524980999976], [31.225057100000072, -18.052522980999925], [31.22493410400017, -18.05240097099994], [31.22481010700011, -18.05227896199989], [31.224684110999988, -18.052276961999894], [31.224434118000033, -18.052032942999972], [31.22430812100015, -18.052030942999977], [31.224184125000193, -18.051908932999936], [31.224058128000024, -18.05190693299994], [31.22406012800019, -18.05178692399994], [31.22394013100012, -18.05142289599985], [31.223696138000093, -18.05093785799994], [31.22357414100003, -18.050573829999962], [31.223452145000067, -18.050331810999978], [31.22345314500012, -18.05021180199992], [31.223455145000116, -18.050090791999935], [31.22332914800006, -18.05008879199994], [31.223331148000057, -18.049968782999883], [31.223207151, -18.049844772999904], [31.22308315500004, -18.049722763999966], [31.223085155000035, -18.049602754999967], [31.222961158000032, -18.049480744999983], [31.222841161000133, -18.049118716999885], [31.222591168000122, -18.048873697999966], [31.222473171000047, -18.04838965999994], [31.22223317800018, -18.047662603999925], [31.22211318100011, -18.047300575999827], [31.222118181000155, -18.046938547999957], [31.22199618400009, -18.046575519999976], [31.222013183000172, -18.045490434999977], [31.221891186000107, -18.045248416999925], [31.221897186000092, -18.044885387999898], [31.221901186000082, -18.044645369999955], [31.221910185000183, -18.043922312999882], [31.221914185000173, -18.043680294999945], [31.2219201850001, -18.0433192669999], [31.221926184000154, -18.042957237999815], [31.22192918400009, -18.04271721999993], [31.221933184000022, -18.042476200999886], [31.221811187000185, -18.042232181999964], [31.221689191, -18.041870153999923], [31.221441198000036, -18.041626134999888], [31.221323201000132, -18.04114109699998], [31.221077207000178, -18.040777068999887], [31.22095721100004, -18.040414040999963], [31.22070721800003, -18.040168021999875], [31.220219231000044, -18.039197946999877], [31.22009523400004, -18.039074936999953], [31.220096234000096, -18.038954927999953], [31.219971238000085, -18.038952927999958], [31.219847241000025, -18.038830918999906], [31.21984924100019, -18.038710908999917], [31.21972324500007, -18.038708908999922], [31.219597248000014, -18.038706908999927], [31.219469252000124, -18.038704908999875], [31.219341256000178, -18.03882591799993], [31.219086263000122, -18.03906193699993], [31.218958267000176, -18.03918194599993], [31.218832270000178, -18.039179945999933], [31.218830270000183, -18.039300954999874], [31.218578277000177, -18.03929695499994], [31.21845028100006, -18.039416964999816], [31.218325284000116, -18.039414964999935], [31.218073292000042, -18.039410963999956], [31.217947295000045, -18.03940896399996], [31.217821299000093, -18.039406963999966], [31.21769530200004, -18.03940496399997], [31.21756730600009, -18.039525972999968], [31.217441309000094, -18.039523972999973], [31.217190317000075, -18.039519972999813], [31.21706632000007, -18.03939796399993], [31.21694032400012, -18.039395963999937], [31.216942323000183, -18.039275953999947], [31.216818327000055, -18.039153944999896], [31.21669233, -18.0391519449999], [31.216694330000166, -18.03903193499991], [31.216698330000156, -18.03879091699997], [31.216572334000034, -18.038788916999977], [31.21657433400003, -18.038546897999936], [31.216577333000032, -18.03830687899989], [31.21658333300013, -18.037943850999966], [31.216586199, -18.03772093599997], [31.21659133300011, -18.03746381399992], [31.21634733900015, -18.03697677599996], [31.216349339000146, -18.03685676599997], [31.21635033900003, -18.036736756999915], [31.21635033900003, -18.036614747999863], [31.216352339000025, -18.036494737999874], [31.21635433900019, -18.036374728999874], [31.216106346, -18.036129709999955], [31.21585635300005, -18.036006700999906], [31.21573235600016, -18.035883690999924], [31.2156083590001, -18.035761681999873], [31.21535936600003, -18.03563767199995], [31.215235370000073, -18.035515662999956], [31.215109373000075, -18.03551366299996], [31.214859380000064, -18.035389652999925], [31.214733384000112, -18.03526764399993], [31.2144833910001, -18.035143633999894], [31.214109401000087, -18.034897614999977], [31.212004460000117, -18.032580435999932], [31.21200646000011, -18.032460425999943], [31.211880463000057, -18.03245842599995], [31.211880463000057, -18.03233841699995], [31.211754467000105, -18.032336416999897], [31.21162847000005, -18.032334416999902], [31.211502474000156, -18.032332416999907], [31.21112648400009, -18.032206406999876], [31.210497502000123, -18.032198406999953], [31.21049950200012, -18.032078396999964], [31.210247509000112, -18.032074396999974], [31.210125512000047, -18.031832377999933], [31.209875519000093, -18.031708368999887], [31.20962552600008, -18.03146234999997], [31.209251537000114, -18.031218330999934], [31.209125540000116, -18.03121633099994], [31.20912754000011, -18.031094320999955], [31.209003544000154, -18.030972311999903], [31.20900554400015, -18.030852302999847], [31.208879547000095, -18.030850302999966], [31.20888154700009, -18.030730292999976], [31.208883547000084, -18.030610283999977], [31.20876155000019, -18.03036726499994], [31.208763550000185, -18.030247255999882], [31.208767550000175, -18.03000523699984], [31.208769550000113, -18.029885227999955], [31.20877454900011, -18.029402189999928], [31.208776549000106, -18.02928218099987], [31.2087785490001, -18.029162170999882], [31.208780549000096, -18.029042161999826], [31.208815547000142, -18.026870992999932], [31.20805756900012, -18.026861992999898], [31.20793057200018, -18.026980001999902], [31.207804576000058, -18.026980001999902], [31.207678579, -18.026978001999908], [31.207302590000097, -18.026851991999877], [31.207178593000037, -18.026729982999825], [31.206928600000026, -18.02660597299996], [31.20680260400013, -18.026603972999965], [31.20680460400007, -18.026483963999965], [31.20668260700006, -18.026241944999924], [31.206558610000172, -18.026119935999873], [31.206434614000045, -18.02599592599995], [31.20643661400004, -18.025754906999964], [31.206442613000092, -18.02539487899992], [31.206447613000137, -18.025032850999935], [31.20644961300013, -18.024911841999938], [31.206451613000127, -18.024791832999938], [31.20658160900001, -18.024551813999892], [31.206583609000177, -18.024431803999903], [31.206587609000167, -18.024190785999963], [31.206592608000165, -18.023828757999922], [31.20646861199998, -18.02370674799988], [31.206470611999976, -18.02358673899988], [31.216530317000036, -18.000404931999924], [31.217401292000034, -17.998393774999954], [31.22540805800014, -17.980528380999885], [31.225445057000115, -17.980509379999944], [31.248938389000045, -17.96832042199992], [31.249453374000154, -17.967996395999933], [31.25683116400006, -17.96317201799991], [31.258883098000183, -17.946115688999896], [31.286497318000045, -17.944116521999945], [31.28658131600008, -17.94411852199994], [31.28781527800004, -17.935595857999886], [31.28882824900012, -17.93553785299997], [31.288914247000093, -17.935539852999966], [31.28908124200018, -17.935543852999956], [31.289331235000134, -17.935631859999944], [31.28958322800014, -17.935717866999937], [31.28975122300011, -17.935721866999927], [31.28983522100009, -17.935722866999924], [31.291761166000015, -17.93617390099996], [31.291931162000083, -17.93617690099984], [31.292267152000136, -17.93618490199998], [31.29243614699999, -17.936190901999908], [31.292688140000166, -17.936196902999882], [31.29361911400008, -17.936056890999964], [31.293789109000045, -17.935980884999935], [31.293875107000076, -17.935982885999863], [31.293960104000064, -17.93590287899997], [31.2940441020001, -17.935906879999948], [31.294046102000095, -17.935824872999945], [31.294105099999967, -17.935825872999942], [31.29413010000013, -17.935825872999942], [31.294216097, -17.935827872999823], [31.294548088000056, -17.93599788599994], [31.294960076000052, -17.936331911999957], [31.295042074000094, -17.936413918999904], [31.29512407200008, -17.936495924999917], [31.29512207200014, -17.93657593099988], [31.29520607000012, -17.936579931999972], [31.295204070000125, -17.936659937999934], [31.296762026000067, -17.93831006599993], [31.29692602200015, -17.938476078999827], [31.29701201900008, -17.93847807899988], [31.300677916999973, -17.94171332899998], [31.30067591800008, -17.941793334999943], [31.300759915000015, -17.941795334999938], [31.300841913000056, -17.94187734199994], [31.301005908000036, -17.94204335499984], [31.301249902000166, -17.942371379999884], [31.301490895000143, -17.94286141799995], [31.301654890000123, -17.943027430999905], [31.30173488800017, -17.943189443999813], [31.30181288600005, -17.943433462999906], [31.301894884000035, -17.94351746899997], [31.302134877000128, -17.94400750699998], [31.30229687299999, -17.944251525999846], [31.302376871000035, -17.94441553899992], [31.302459868000085, -17.944497544999933], [31.302621864000173, -17.944743563999964], [31.302785859000153, -17.94490957699992], [31.30286585700003, -17.945073589999936], [31.302945855000075, -17.94523560199991], [31.303109850000055, -17.94540161499998], [31.30310585100017, -17.945562627999948], [31.303267846000153, -17.94580864699998], [31.30334484400015, -17.9460526659999], [31.303504840000016, -17.946378690999893], [31.303664835000063, -17.946706716999927], [31.30374083300012, -17.947030741999924], [31.30382283100016, -17.94711274799988], [31.303820831000166, -17.947192753999843], [31.30381883100017, -17.94727476099996], [31.30443581500009, -17.949468930999956], [31.304515813000137, -17.949630943999978], [31.304591811000194, -17.94995496899986], [31.304675808000127, -17.949956968999913], [31.304673808000132, -17.950038975999973], [31.30820571200013, -17.956820501999914]]]]}}, {"type": "Feature", "properties": {"GID_3": "ZWE.5.2.16_2", "GID_0": "ZWE", "COUNTRY": "Zimbabwe", "GID_1": "ZWE.5_1", "NAME_1": "Mashonaland East", "NL_NAME_1": "NA", "GID_2": "ZWE.5.2_2", "NAME_2": "Goromonzi", "NL_NAME_2": "NA", "NAME_3": "Ward 23", "VARNAME_3": "NA", "NL_NAME_3": "NA", "TYPE_3": "Ward", "ENGTYPE_3": "Ward", "CC_3": "NA", "HASC_3": "NA", "id": "ZWE.5.2.16_2", "name": "Ward 23"}, "geometry": {"type": "MultiPolygon", "coordinates": [[[[31.136123960000077, -17.928883753999912], [31.13716595800014, -17.928857478999873], [31.150674102000096, -17.928516356999978], [31.165834327000084, -17.928132391999895], [31.163184092000108, -17.923281917999873], [31.163558287000058, -17.921906753999963], [31.17003016600006, -17.92073088399991], [31.170029309000086, -17.920826493999925], [31.170018593000123, -17.92097076699997], [31.17008759100014, -17.92103977299996], [31.1701525900001, -17.921176782999964], [31.1701525900001, -17.92124378799997], [31.170216588000073, -17.921380798999962], [31.170216588000073, -17.921447803999968], [31.1702815860001, -17.921582814999965], [31.17027858600005, -17.921784830999968], [31.170276586000057, -17.921851835999917], [31.17027258700017, -17.92198784599998], [31.17032358500012, -17.922660898999823], [31.17039458300013, -17.922662898999874], [31.17039258400007, -17.92273190399993], [31.17046358200008, -17.92273190399993], [31.170461582000087, -17.922799909999867], [31.170602578, -17.92280190999992], [31.170667576000085, -17.92293891999998], [31.17080857200017, -17.922942920999958], [31.170876570000132, -17.9230119259999], [31.170947568000145, -17.923013925999896], [31.171016566000162, -17.923081930999842], [31.17108656400012, -17.923083930999894], [31.171153562000143, -17.92321994199989], [31.171220560000165, -17.923287946999835], [31.171216561000108, -17.92349096299995], [31.171214561000113, -17.923556967999957], [31.171212561000118, -17.92362597399989], [31.171208561000128, -17.9237599839999], [31.17120656100019, -17.923827988999847], [31.17113656300006, -17.923825988999965], [31.17113256300007, -17.92396], [31.171060565000175, -17.924025004999976], [31.17105856500018, -17.924093009999922], [31.171054566000123, -17.924296025999922], [31.171050566000133, -17.924429035999935], [31.171048566000138, -17.92449604099994], [31.17118556200012, -17.92456604699987], [31.17125256000014, -17.924704057999918], [31.17132155800016, -17.924772062999978], [31.171319558, -17.924839067999926], [31.17131355900011, -17.92504108399993], [31.171311559000173, -17.925108088999878], [31.17130955900018, -17.92524409999993], [31.17137655700003, -17.925312104999875], [31.171445555000048, -17.925381109999933], [31.17158255100003, -17.925518120999982], [31.171580551000034, -17.925587125999982], [31.17171854700007, -17.925724136999975], [31.171788546000073, -17.92572613699997], [31.171786546000078, -17.925793141999975], [31.17206753800008, -17.925800142999947], [31.172137536000037, -17.92580214299994], [31.172629522000022, -17.92581414299997], [31.172767518000114, -17.925951153999904], [31.17283151600003, -17.926088164999953], [31.172969512000122, -17.926226174999954], [31.172967513, -17.92629318099989], [31.173037511000132, -17.926294180999946], [31.173036511000078, -17.92636318599989], [31.173034511000083, -17.92643019099995], [31.173091509000187, -17.9269032279999], [31.173160507000034, -17.926972232999958], [31.17322650600005, -17.9271072439999], [31.17322250600006, -17.927242253999964], [31.17329350400007, -17.92724425499989], [31.17858435400018, -17.926565198999924], [31.179761323000093, -17.92982545299992], [31.181657272000052, -17.935188869999877], [31.17790337800011, -17.936239952999813], [31.16311579900008, -17.94495563799984], [31.16311079899998, -17.945157653999956], [31.163039800999968, -17.94515565399996], [31.16303780100003, -17.94522265899991], [31.163035801000035, -17.94528966399986], [31.1630328010001, -17.945424674999913], [31.163032802000032, -17.945491679999975], [31.163030802000037, -17.94555868499998], [31.16309880000017, -17.945560684999975], [31.16309480000018, -17.94576270099998], [31.163089800000137, -17.945964716999924], [31.163159798000038, -17.94596671699992], [31.1631577980001, -17.946033721999868], [31.163155798000105, -17.946099726999932], [31.166848696000102, -17.949961025999983], [31.157918951000113, -17.957815641999844], [31.15791295200006, -17.957831642999906], [31.161261858000046, -17.958975730999896], [31.176068443000077, -17.964387145999922], [31.184705200000167, -17.96742637899996], [31.183568234000063, -17.970495617999973], [31.191794002000165, -17.9705616199999], [31.19294096900012, -17.969714552999903], [31.193033966000087, -17.969680550999954], [31.204872629000192, -17.96260199499983], [31.2253530590001, -17.98033036599992], [31.22542205800005, -17.98039837099998], [31.225420058000054, -17.98046737699991], [31.225445057000115, -17.980509379999944], [31.22540805800014, -17.980528380999885], [31.217401292000034, -17.998393774999954], [31.216530317000036, -18.000404931999924], [31.206470611999976, -18.02358673899988], [31.20633961600015, -18.023584738999887], [31.20596762600013, -18.02357873799997], [31.205459640000186, -18.02369374799997], [31.205080651000173, -18.023807756999872], [31.204828658000054, -18.023805756999877], [31.204702662000102, -18.023803755999893], [31.204574665000052, -18.023921765999887], [31.20432367300009, -18.023918765999838], [31.20394368300009, -18.024034774999848], [31.203689691000193, -18.024150783999914], [31.203562694000084, -18.02427179299991], [31.20356069400009, -18.0243918029999], [31.20330670200002, -18.024507811999968], [31.203052709000076, -18.024625820999972], [31.202927712000132, -18.024623820999977], [31.198742831000175, -18.026376958999947], [31.198616835000053, -18.026374958999952], [31.198614835000058, -18.026494967999895], [31.198110849000102, -18.026489967999964], [31.19798585300009, -18.02648796799997], [31.197481867000135, -18.026479967999933], [31.196979881000118, -18.026351957999964], [31.196728888000052, -18.02635095799991], [31.19660489100005, -18.026227947999928], [31.196478895000098, -18.02622694799993], [31.19635489800004, -18.02610393899988], [31.19623090200008, -18.02598192899984], [31.19598090900007, -18.025737909999975], [31.195858912, -18.025493891999872], [31.19573491600005, -18.025371881999888], [31.195738915000163, -18.025131862999956], [31.19561491899998, -18.02500985399996], [31.195621918000143, -18.024526815999877], [31.195627918000127, -18.024166787999945], [31.195757914000183, -18.02392576999995], [31.195887910000124, -18.023687750999898], [31.196016907000057, -18.023447731999966], [31.196272899000064, -18.023208713999963], [31.196400896000114, -18.02309070399997], [31.196401896, -18.022970694999913], [31.196655888000066, -18.022853685999905], [31.19665788800006, -18.02273167599992], [31.196659888000056, -18.02261166699998], [31.19678788500005, -18.022493657999973], [31.196791884000106, -18.022251638999933], [31.196792884000047, -18.022010619999946], [31.196796884000037, -18.02177060199989], [31.19680088399997, -18.021528582999963], [31.19668088700007, -18.021165554999925], [31.196556890000068, -18.021043544999884], [31.19630889700005, -18.020799525999962], [31.196184901000095, -18.020677516999967], [31.196060904000035, -18.020555506999926], [31.19568491500013, -18.020429497999885], [31.195434922000118, -18.020305487999906], [31.19530792500018, -18.02030348799991], [31.195181929000057, -18.02030148799986], [31.195057932, -18.020179478999978], [31.194807939000043, -18.020055468999942], [31.194559946000027, -18.019811449999906], [31.194309953000015, -18.01968744099986], [31.19418595700006, -18.019565430999876], [31.193935964000104, -18.019441421999943], [31.193687971000088, -18.019197402999964], [31.193437978000077, -18.01907339299993], [31.19318698500018, -18.01894938399988], [31.193064988000117, -18.018707364999955], [31.192816995000157, -18.01846334599992], [31.192321009000125, -18.01797230799997], [31.192073015000062, -18.017728288999933], [31.19170102600009, -18.01736226099996], [31.191703026000084, -18.01724225199996], [31.191451033000078, -18.01711824199998], [31.191327036000075, -18.01699623299993], [31.191201040000124, -18.016994232999934], [31.190949047000117, -18.016990231999955], [31.190700054000047, -18.01686622299991], [31.19019606800009, -18.01686022299998], [31.189692082000136, -18.016853221999895], [31.189567086000068, -18.016851221999843], [31.18944108900007, -18.016849221999962], [31.189443089000065, -18.016729212999962], [31.189193096000054, -18.016605202999926], [31.188691110000093, -18.016479193999885], [31.188189124000132, -18.01623117399987], [31.187688138000055, -18.016103164999947], [31.1875641420001, -18.015981154999963], [31.187438145000044, -18.015979154999968], [31.18744014500004, -18.01585914599991], [31.187314149000088, -18.015857145999917], [31.187190152000085, -18.015735135999932], [31.18719215200008, -18.015615126999876], [31.187068156000123, -18.01549311699989], [31.18694615900006, -18.01524909899996], [31.186698166000042, -18.015005079999924], [31.186574169000153, -18.014883069999883], [31.186450173000026, -18.014640050999958], [31.18645217300019, -18.01452004199996], [31.18620018000007, -18.01451604199997], [31.18620218, -18.01439603299991], [31.186076183000182, -18.014394031999927], [31.186078183000177, -18.014274022999928], [31.185952187000055, -18.014272022999933], [31.185956186000112, -18.014032003999887], [31.185832190000156, -18.01390999499995], [31.18571019300009, -18.01366597599997], [31.18571419300008, -18.013424956999927], [31.185592196000187, -18.013182937999886], [31.185466200000064, -18.013180937999834], [31.185470200000054, -18.012938919999954], [31.185222206000105, -18.012694900999918], [31.18497221300015, -18.012450881999825], [31.18472222000014, -18.01232687199996], [31.184346231000063, -18.01220086299992], [31.184096238000052, -18.01207685299994], [31.183845245000157, -18.012074852999888], [31.18384624500004, -18.011952842999904], [31.183721248000097, -18.011952843999893], [31.183722248000038, -18.011830833999966], [31.18359725200014, -18.011830833999966], [31.18347325500008, -18.011706824999976], [31.183022266000023, -18.008206551999933], [31.18302426600019, -18.00808454299994], [31.183026266000184, -18.007964533999882], [31.18290027000006, -18.007962533999887], [31.18290427, -18.007721514999844], [31.182778273000167, -18.007719514999962], [31.182528280000156, -18.007475495999927], [31.182279287000085, -18.007351485999948], [31.182153291000134, -18.007349485999953], [31.181649305000178, -18.00734448599991], [31.181523308000124, -18.007342485999914], [31.181395312000063, -18.00746049499992], [31.181270316000166, -18.007458494999923], [31.18076233000005, -18.007693512999936], [31.18063333400005, -18.007931531999816], [31.1803813410001, -18.007929531999935], [31.180379341000105, -18.008049540999878], [31.180125348000104, -18.008166550999874], [31.179870355000048, -18.008404568999936], [31.179616363000036, -18.008521577999943], [31.179488366000157, -18.008641587999932], [31.17936037000004, -18.008759596999937], [31.179234374000146, -18.008757596999942], [31.179233374000034, -18.008877605999942], [31.178981381000085, -18.008873605999952], [31.178603391000024, -18.00887060599996], [31.177974409000058, -18.00886060499994], [31.177976409000053, -18.00874059599994], [31.1778504130001, -18.008738595999887], [31.17760042000009, -18.008494576999965], [31.177226430000076, -18.008248557999934], [31.176976437000064, -18.008124548999888], [31.17685444, -18.007882529999847], [31.17660644700004, -18.007637510999928], [31.176234458000067, -18.007271482999897], [31.175988464000113, -18.006905453999934], [31.175740471000154, -18.006661434999955], [31.175242485000126, -18.00617339799993], [31.174869495, -18.0059273789999], [31.17449750600008, -18.005560349999882], [31.174121516000014, -18.005434340999955], [31.173997520000057, -18.00531233099997], [31.17387152300006, -18.00531033099992], [31.173745527000108, -18.00530933099992], [31.173747527000103, -18.005188321999924], [31.173495534000097, -18.005185320999942], [31.173367537000104, -18.005303330999936], [31.173242541000036, -18.005301330999885], [31.17324054100004, -18.005423339999936], [31.17311454500009, -18.00542133999994], [31.172986548000097, -18.005539348999946], [31.17285855200015, -18.005658358999938], [31.172856552000155, -18.00578036799982], [31.172604559000035, -18.005776367999943], [31.172479563000138, -18.005774367999948], [31.172357566000073, -18.005532348999964], [31.17210757300012, -18.00528832999987], [31.172110573000168, -18.005045310999947], [31.17198757600005, -18.004923301999952], [31.171864580000147, -18.00468128299991], [31.17186657900004, -18.00456127399991], [31.171868579000034, -18.00443926399987], [31.171742583000082, -18.00443926399987], [31.17148959000002, -18.00455527299988], [31.17110760100013, -18.004792291999934], [31.17072661200018, -18.00502630999995], [31.17047261900018, -18.00514531999994], [31.170346623000057, -18.005143319999945], [31.170344623000062, -18.005263328999945], [31.170218626000064, -18.00526132899995], [31.17009163, -18.00538133799995], [31.169835637000062, -18.00561835699989], [31.16970564100012, -18.005858374999946], [31.169579645, -18.00585637499995], [31.16945264800006, -18.005974384999945], [31.169198655000116, -18.006091393999952], [31.166667727000117, -18.00678144799997], [31.166539731000057, -18.006899457999964], [31.16641173500011, -18.007018466999853], [31.166284738000172, -18.00713847599991], [31.166156742000055, -18.007256485999903], [31.166030745, -18.00725448599991], [31.16590474900005, -18.007252484999924], [31.16577675300016, -18.00737049499992], [31.16539976300004, -18.007367494999926], [31.165147770000033, -18.00736349399989], [31.165021774000138, -18.007361493999895], [31.16489777700008, -18.007239484999843], [31.164521788000116, -18.007113474999983], [31.1641477980001, -18.006867455999952], [31.163522816000068, -18.006617436999875], [31.16327482300005, -18.006373417999953], [31.16315082600005, -18.006251408999958], [31.163024830000097, -18.006249408999963], [31.163024830000097, -18.006129398999917], [31.162900833000037, -18.006007389999922], [31.162648840000088, -18.006003389999876], [31.16252684400007, -18.00576137099995], [31.16227485100012, -18.00575737099996], [31.16215085400006, -18.005635360999975], [31.16177586500004, -18.005509351999933], [31.16165186799998, -18.005387341999892], [31.161527872000022, -18.005265332999898], [31.161277879000068, -18.005141322999975], [31.160525900000096, -18.004891303999955], [31.16027390700009, -18.004887303999908], [31.16015091000014, -18.004765293999924], [31.16002491400019, -18.00476329399993], [31.15977292100007, -18.004639284999882], [31.159774921000064, -18.004519274999836], [31.15964892400018, -18.004517274999955], [31.159522928000058, -18.00451527499996], [31.159400931000164, -18.004273255999976], [31.15927493500004, -18.00427125599998], [31.159026942000082, -18.00402723699989], [31.158778948000133, -18.003781217999972], [31.158530955000117, -18.003537199999926], [31.158404959, -18.00353519899994], [31.158280962000163, -18.00341318999989], [31.158156966000035, -18.003291180999895], [31.15790897300019, -18.003046161999976], [31.157411986, -18.002558123999904], [31.15704199700002, -18.002070085999947], [31.156795003000013, -18.001706057999968], [31.15667300700005, -18.00146303899993], [31.15654901000005, -18.001341029999935], [31.156555010000147, -18.000979000999905], [31.15631101700012, -18.00049396399993], [31.156139021000115, -17.99997792399995], [31.1561720200001, -17.99997792399995], [31.1561720200001, -17.99987591599995], [31.156170020000104, -17.99977490799995], [31.156275016999984, -17.999671899999953], [31.156275016999984, -17.99957089199995], [31.156380014000092, -17.99946988399995], [31.156483011000148, -17.999366875999954], [31.156481011000153, -17.999164859999894], [31.15658600800009, -17.999063851999892], [31.156689005000146, -17.998758828999883], [31.156794002000026, -17.998655820999886], [31.156897999000023, -17.998554812999885], [31.15783897199998, -17.99743072499996], [31.157836971999984, -17.997329716999957], [31.157834972000046, -17.997228708999955], [31.157727975000114, -17.997028693999937], [31.157725975000176, -17.99692768599982], [31.157725975000176, -17.996826677999877], [31.15772397500018, -17.996724669999878], [31.15761797800019, -17.996623661999877], [31.15761797800019, -17.996522653999875], [31.157510981000144, -17.99652465399987], [31.157510981000144, -17.996423646999972], [31.15740398400004, -17.996423646999972], [31.157296987000166, -17.99632463899991], [31.15718999000012, -17.996122622999906], [31.156871999000032, -17.996024615999886], [31.156765002000157, -17.995925607999936], [31.15666000500005, -17.995925607999936], [31.156658005000054, -17.995824599999935], [31.156553008000174, -17.99582660099992], [31.15591802500012, -17.99583260099996], [31.154865055000073, -17.996147625999924], [31.154760058000136, -17.99625063399992], [31.154655061000085, -17.99625063399992], [31.154655061000085, -17.996351641999922], [31.15455106400009, -17.99645464999992], [31.1543410700001, -17.996456650999903], [31.154024079000123, -17.996560658999897], [31.153919082000186, -17.996662666999896], [31.153814085000135, -17.996663666999893], [31.15370708800009, -17.996663666999893], [31.153709088000085, -17.996765674999892], [31.153603091000093, -17.99676667499989], [31.15318110300018, -17.99677067499988], [31.152758115000154, -17.996776675999854], [31.152334127000074, -17.99678067699989], [31.15212213300009, -17.996681668999884], [31.15191113900005, -17.99668366899988], [31.151699145000123, -17.996684668999876], [31.151699145000123, -17.996583661999978], [31.15148715100014, -17.99658566199986], [31.1505341780001, -17.996292638999932], [31.150322184000117, -17.99629363999992], [31.15021518700007, -17.996295639999914], [31.15021518599997, -17.996194631999913], [31.150003192000042, -17.996196631999908], [31.14989719500005, -17.996097623999958], [31.14979219800017, -17.99609762499989], [31.149790198000176, -17.995996616999946], [31.149685201000125, -17.99599861699994], [31.149578204000022, -17.99599861699994], [31.149471207000147, -17.995899608999935], [31.14926121299999, -17.99590160899993], [31.149155216000054, -17.995902609999916], [31.14894322200007, -17.995904609999968], [31.14883822500019, -17.995904609999968], [31.14873322800014, -17.995906609999963], [31.148626231000037, -17.995906609999963], [31.148521234000157, -17.995908609999958], [31.14809824600013, -17.995912610999937], [31.14746326400018, -17.995819603999962], [31.145771312000193, -17.995836605999955], [31.145561318000034, -17.99583860599995], [31.145456321000154, -17.995941613999946], [31.145349324000108, -17.995941613999946], [31.14503333300013, -17.995944614999928], [31.14482333899997, -17.996047622999924], [31.140697455, -17.99578660399993], [31.140486460999966, -17.995788603999813], [31.140167470000165, -17.99559058899996], [31.13974448200014, -17.99549258199994], [31.13910749900009, -17.99529656699997], [31.138576514000135, -17.995099551999886], [31.138258523000047, -17.99490153599993], [31.138046529000064, -17.994802528999912], [31.13793953200019, -17.994802528999912], [31.137728538000147, -17.994806528999902], [31.13571259500003, -17.994016468999973], [31.135500601000103, -17.993917460999967], [31.13518361000007, -17.993921460999957], [31.135077612000032, -17.993820453999945], [31.1349706150001, -17.99382245399994], [31.134758621000174, -17.993722445999936], [31.134653624000123, -17.993724445999817], [31.134439630000145, -17.99362543899997], [31.13412363900005, -17.993526430999964], [31.13391164500007, -17.993530431999943], [31.133804648000023, -17.993530431999943], [31.13179470500006, -17.99324740999998], [31.131371717000093, -17.993150402999902], [31.13094572900019, -17.99295238799988], [31.13073273500015, -17.99275137199993], [31.130625737000173, -17.992652364999913], [31.130306746000144, -17.992452348999905], [31.130095752000102, -17.99235534199994], [31.12988175800018, -17.992256333999933], [31.129776761000073, -17.992256333999933], [31.129669764000027, -17.99225733399993], [31.129562767000152, -17.99215632599993], [31.12723383300016, -17.99177729799993], [31.12723383300016, -17.991676289999816], [31.127127836, -17.991676289999816], [31.126177863, -17.991685290999953], [31.126070866000134, -17.99168729099995], [31.125965869000083, -17.991687291999938], [31.12396092500012, -17.99211332599998], [31.123751931000015, -17.992216333999977], [31.123646934000135, -17.992319341999973], [31.123541937000084, -17.992420349999918], [31.123331943000096, -17.992525357999966], [31.123016952000057, -17.992729373999907], [31.123016952000057, -17.99283038199991], [31.123018952000052, -17.99293138999991], [31.122911955000177, -17.992933389999905], [31.122276973000055, -17.992837382999937], [31.122065979000183, -17.99273837499993], [31.12185398500003, -17.992639366999924], [31.121746988000154, -17.992540359999964], [31.12163999100011, -17.99254235999996], [31.12163999100011, -17.992439351999963], [31.12142699700007, -17.992341343999954], [31.121322000000134, -17.992341343999954], [31.12121500300009, -17.992242336999936], [31.121108006000043, -17.992141328999935], [31.121003009000162, -17.99214332899993], [31.120790015000125, -17.99204432199997], [31.120580021000137, -17.992046321999965], [31.119626047000054, -17.99185330699987], [31.11951905000018, -17.99185530699998], [31.119414053000128, -17.99175429999997], [31.119203059000085, -17.991756299999963], [31.118779071000176, -17.991659291999895], [31.118672074000074, -17.99155928499988], [31.11846108000003, -17.991561284999875], [31.118144089, -17.99156528499998], [31.118037092000122, -17.99156528499998], [31.11562165000015, -17.99152159199997], [31.11615632000013, -17.99077071699992], [31.111779280000178, -17.987999439999953], [31.111795111000163, -17.986511226999937], [31.114952609000113, -17.982076852999853], [31.11654971100006, -17.978123385999936], [31.11865191300012, -17.97541511099996], [31.120500142000026, -17.972208220999903], [31.123115270000028, -17.970000979999895], [31.125219887000185, -17.967044574999875], [31.127337497000042, -17.962847947999933], [31.141631845000063, -17.95901633799997], [31.133946203000107, -17.950508393999826], [31.137322620000134, -17.949796621999894], [31.13630691100019, -17.947802354999908], [31.135019105000026, -17.94704579599994], [31.136322499000073, -17.94631411499995], [31.136123960000077, -17.928883753999912]]]]}}, {"type": "Feature", "properties": {"GID_3": "ZWE.5.2.17_2", "GID_0": "ZWE", "COUNTRY": "Zimbabwe", "GID_1": "ZWE.5_1", "NAME_1": "Mashonaland East", "NL_NAME_1": "NA", "GID_2": "ZWE.5.2_2", "NAME_2": "Goromonzi", "NL_NAME_2": "NA", "NAME_3": "Ward 24", "VARNAME_3": "NA", "NL_NAME_3": "NA", "TYPE_3": "Ward", "ENGTYPE_3": "Ward", "CC_3": "NA", "HASC_3": "NA", "id": "ZWE.5.2.17_2", "name": "Ward 24"}, "geometry": {"type": "MultiPolygon", "coordinates": [[[[31.17003016600006, -17.92073088399991], [31.170727536000072, -17.92060416499993], [31.172086924000098, -17.917327411999963], [31.17209053300013, -17.917203472999915], [31.17220253000005, -17.91700145699997], [31.172204530000045, -17.916898448999973], [31.172208530000034, -17.916795440999977], [31.172213528999976, -17.916589424999927], [31.17221552900014, -17.91648641699993], [31.17221952900013, -17.916383408999934], [31.17222352900012, -17.91617739299994], [31.17222752900011, -17.916074384999945], [31.17222952900005, -17.91597137699995], [31.172233528000163, -17.915868368999952], [31.172234528000047, -17.915765360999956], [31.172244528000135, -17.915456336999966], [31.172248528000125, -17.915250320999974], [31.172252528000115, -17.915147312999977], [31.172254527000177, -17.91504430499998], [31.17236452400016, -17.914945296999917], [31.172370524000087, -17.914739280999925], [31.172374524000077, -17.914575267999965], [31.172467521000044, -17.914487260999977], [31.172467521000044, -17.914449257999934], [31.172471521000034, -17.914174236999827], [31.17258251800007, -17.91406922899995], [31.172585517000016, -17.91354718799988], [31.17269651400005, -17.913442179999834], [31.17270051400004, -17.913129154999865], [31.172810511000193, -17.912921138999877], [31.17281251100019, -17.912816130999886], [31.172994505000133, -17.911525029999837], [31.173049503000072, -17.911141], [31.173057503, -17.910399941999913], [31.17313550000017, -17.910328936999974], [31.173137500000166, -17.910225928999978], [31.17314250000004, -17.91001991299993], [31.173144500000035, -17.909916904999932], [31.17325549700007, -17.909815896999817], [31.173261497, -17.909609880999824], [31.17329873000017, -17.90821598599996], [31.173606201000098, -17.907524986999874], [31.18094668200007, -17.911385216999975], [31.18470350500013, -17.913140131999967], [31.18626204399999, -17.91294177799989], [31.189577674000077, -17.914888709999957], [31.190924685000084, -17.913623882999957], [31.190532011000073, -17.912562103999846], [31.190642008000054, -17.91245909599985], [31.19096999900006, -17.9124610959999], [31.190969998000185, -17.91235608699992], [31.19108099500005, -17.912358086999916], [31.191082995000045, -17.911986057999968], [31.191084994999983, -17.91193905499989], [31.191194285000165, -17.910105121999948], [31.2098374790001, -17.916706396999928], [31.211798191000184, -17.913454264999928], [31.22152229900007, -17.91708265999995], [31.21912294400005, -17.92023450099998], [31.22019321200014, -17.921737913999948], [31.223842798000135, -17.92307008599994], [31.225342714000078, -17.922304505999932], [31.23112460500016, -17.92066875699993], [31.23505175800011, -17.918859575999875], [31.23936338100009, -17.91614322199996], [31.241507531000025, -17.91194149799992], [31.239208010000084, -17.91127129199998], [31.242691187000105, -17.900150086999872], [31.24291959800007, -17.899420749999933], [31.24769953100008, -17.898238763999927], [31.251970922000055, -17.897182414999975], [31.252312854000138, -17.899767043999873], [31.25353991300011, -17.900909782999918], [31.263558989000103, -17.91242450599998], [31.267584415999977, -17.909442451999894], [31.25862271000011, -17.899145672999964], [31.262580376000187, -17.89422661699996], [31.262730327999975, -17.894263346999878], [31.278212416000088, -17.89958161899989], [31.28098386500011, -17.901778682999975], [31.288017534000062, -17.914541872999962], [31.291695599000036, -17.931453427999884], [31.294105099999967, -17.935825872999942], [31.294046102000095, -17.935824872999945], [31.2940441020001, -17.935906879999948], [31.293960104000064, -17.93590287899997], [31.293875107000076, -17.935982885999863], [31.293789109000045, -17.935980884999935], [31.29361911400008, -17.936056890999964], [31.292688140000166, -17.936196902999882], [31.29243614699999, -17.936190901999908], [31.292267152000136, -17.93618490199998], [31.291931162000083, -17.93617690099984], [31.291761166000015, -17.93617390099996], [31.28983522100009, -17.935722866999924], [31.28975122300011, -17.935721866999927], [31.28958322800014, -17.935717866999937], [31.289331235000134, -17.935631859999944], [31.28908124200018, -17.935543852999956], [31.288914247000093, -17.935539852999966], [31.28882824900012, -17.93553785299997], [31.28781527800004, -17.935595857999886], [31.28658131600008, -17.94411852199994], [31.286497318000045, -17.944116521999945], [31.258883098000183, -17.946115688999896], [31.25683116400006, -17.96317201799991], [31.249453374000154, -17.967996395999933], [31.248938389000045, -17.96832042199992], [31.225445057000115, -17.980509379999944], [31.225420058000054, -17.98046737699991], [31.22542205800005, -17.98039837099998], [31.2253530590001, -17.98033036599992], [31.204872629000192, -17.96260199499983], [31.193033966000087, -17.969680550999954], [31.19294096900012, -17.969714552999903], [31.191794002000165, -17.9705616199999], [31.183568234000063, -17.970495617999973], [31.184705200000167, -17.96742637899996], [31.176068443000077, -17.964387145999922], [31.161261858000046, -17.958975730999896], [31.15791295200006, -17.957831642999906], [31.157918951000113, -17.957815641999844], [31.166848696000102, -17.949961025999983], [31.163155798000105, -17.946099726999932], [31.1631577980001, -17.946033721999868], [31.163159798000038, -17.94596671699992], [31.163089800000137, -17.945964716999924], [31.16309480000018, -17.94576270099998], [31.16309880000017, -17.945560684999975], [31.163030802000037, -17.94555868499998], [31.163032802000032, -17.945491679999975], [31.1630328010001, -17.945424674999913], [31.163035801000035, -17.94528966399986], [31.16303780100003, -17.94522265899991], [31.163039800999968, -17.94515565399996], [31.16311079899998, -17.945157653999956], [31.16311579900008, -17.94495563799984], [31.17790337800011, -17.936239952999813], [31.181657272000052, -17.935188869999877], [31.179761323000093, -17.92982545299992], [31.17858435400018, -17.926565198999924], [31.17329350400007, -17.92724425499989], [31.17322250600006, -17.927242253999964], [31.17322650600005, -17.9271072439999], [31.173160507000034, -17.926972232999958], [31.173091509000187, -17.9269032279999], [31.173034511000083, -17.92643019099995], [31.173036511000078, -17.92636318599989], [31.173037511000132, -17.926294180999946], [31.172967513, -17.92629318099989], [31.172969512000122, -17.926226174999954], [31.17283151600003, -17.926088164999953], [31.172767518000114, -17.925951153999904], [31.172629522000022, -17.92581414299997], [31.172137536000037, -17.92580214299994], [31.17206753800008, -17.925800142999947], [31.171786546000078, -17.925793141999975], [31.171788546000073, -17.92572613699997], [31.17171854700007, -17.925724136999975], [31.171580551000034, -17.925587125999982], [31.17158255100003, -17.925518120999982], [31.171445555000048, -17.925381109999933], [31.17137655700003, -17.925312104999875], [31.17130955900018, -17.92524409999993], [31.171311559000173, -17.925108088999878], [31.17131355900011, -17.92504108399993], [31.171319558, -17.924839067999926], [31.17132155800016, -17.924772062999978], [31.17125256000014, -17.924704057999918], [31.17118556200012, -17.92456604699987], [31.171048566000138, -17.92449604099994], [31.171050566000133, -17.924429035999935], [31.171054566000123, -17.924296025999922], [31.17105856500018, -17.924093009999922], [31.171060565000175, -17.924025004999976], [31.17113256300007, -17.92396], [31.17113656300006, -17.923825988999965], [31.17120656100019, -17.923827988999847], [31.171208561000128, -17.9237599839999], [31.171212561000118, -17.92362597399989], [31.171214561000113, -17.923556967999957], [31.171216561000108, -17.92349096299995], [31.171220560000165, -17.923287946999835], [31.171153562000143, -17.92321994199989], [31.17108656400012, -17.923083930999894], [31.171016566000162, -17.923081930999842], [31.170947568000145, -17.923013925999896], [31.170876570000132, -17.9230119259999], [31.17080857200017, -17.922942920999958], [31.170667576000085, -17.92293891999998], [31.170602578, -17.92280190999992], [31.170461582000087, -17.922799909999867], [31.17046358200008, -17.92273190399993], [31.17039258400007, -17.92273190399993], [31.17039458300013, -17.922662898999874], [31.17032358500012, -17.922660898999823], [31.17027258700017, -17.92198784599998], [31.170276586000057, -17.921851835999917], [31.17027858600005, -17.921784830999968], [31.1702815860001, -17.921582814999965], [31.170216588000073, -17.921447803999968], [31.170216588000073, -17.921380798999962], [31.1701525900001, -17.92124378799997], [31.1701525900001, -17.921176782999964], [31.17008759100014, -17.92103977299996], [31.170018593000123, -17.92097076699997], [31.170029309000086, -17.920826493999925], [31.17003016600006, -17.92073088399991]]]]}}, {"type": "Feature", "properties": {"GID_3": "ZWE.5.2.18_2", "GID_0": "ZWE", "COUNTRY": "Zimbabwe", "GID_1": "ZWE.5_1", "NAME_1": "Mashonaland East", "NL_NAME_1": "NA", "GID_2": "ZWE.5.2_2", "NAME_2": "Goromonzi", "NL_NAME_2": "NA", "NAME_3": "Ward 25", "VARNAME_3": "NA", "NL_NAME_3": "NA", "TYPE_3": "Ward", "ENGTYPE_3": "Ward", "CC_3": "NA", "HASC_3": "NA", "id": "ZWE.5.2.18_2", "name": "Ward 25"}, "geometry": {"type": "MultiPolygon", "coordinates": [[[[31.22031697100016, -17.850516400999936], [31.221659105000185, -17.849346162999893], [31.221651105000035, -17.849312159999954], [31.22165310500003, -17.84922815399989], [31.221655105000025, -17.849108143999842], [31.22165710500019, -17.84898713499996], [31.220051146000117, -17.839825420999944], [31.218073199000116, -17.834318991999908], [31.217052227000067, -17.83148277099997], [31.21704687600004, -17.830724372999953], [31.217440879000037, -17.830003374999876], [31.21505457700016, -17.820474831999945], [31.2139518460001, -17.819174821999923], [31.215139275000013, -17.818227737999962], [31.21493328000014, -17.818244738999965], [31.2349507080001, -17.800197321999917], [31.249120315000027, -17.815087478999942], [31.257737076000012, -17.8230530969999], [31.28009644100007, -17.811888216999932], [31.292215097, -17.805813737999927], [31.292299094000157, -17.805814737999924], [31.29230709400008, -17.805887742999914], [31.300114891000135, -17.845530832999884], [31.31157057700011, -17.86501034799994], [31.31173457200009, -17.86533437299994], [31.315852460000087, -17.873665020999965], [31.327727136000135, -17.898822976999952], [31.327750135000144, -17.8988719809999], [31.314879515000143, -17.936813941999958], [31.30820571200013, -17.956820501999914], [31.304673808000132, -17.950038975999973], [31.304675808000127, -17.949956968999913], [31.304591811000194, -17.94995496899986], [31.304515813000137, -17.949630943999978], [31.30443581500009, -17.949468930999956], [31.30381883100017, -17.94727476099996], [31.303820831000166, -17.947192753999843], [31.30382283100016, -17.94711274799988], [31.30374083300012, -17.947030741999924], [31.303664835000063, -17.946706716999927], [31.303504840000016, -17.946378690999893], [31.30334484400015, -17.9460526659999], [31.303267846000153, -17.94580864699998], [31.30310585100017, -17.945562627999948], [31.303109850000055, -17.94540161499998], [31.302945855000075, -17.94523560199991], [31.30286585700003, -17.945073589999936], [31.302785859000153, -17.94490957699992], [31.302621864000173, -17.944743563999964], [31.302459868000085, -17.944497544999933], [31.302376871000035, -17.94441553899992], [31.30229687299999, -17.944251525999846], [31.302134877000128, -17.94400750699998], [31.301894884000035, -17.94351746899997], [31.30181288600005, -17.943433462999906], [31.30173488800017, -17.943189443999813], [31.301654890000123, -17.943027430999905], [31.301490895000143, -17.94286141799995], [31.301249902000166, -17.942371379999884], [31.301005908000036, -17.94204335499984], [31.300841913000056, -17.94187734199994], [31.300759915000015, -17.941795334999938], [31.30067591800008, -17.941793334999943], [31.300677916999973, -17.94171332899998], [31.29701201900008, -17.93847807899988], [31.29692602200015, -17.938476078999827], [31.296762026000067, -17.93831006599993], [31.295204070000125, -17.936659937999934], [31.29520607000012, -17.936579931999972], [31.29512207200014, -17.93657593099988], [31.29512407200008, -17.936495924999917], [31.295042074000094, -17.936413918999904], [31.294960076000052, -17.936331911999957], [31.294548088000056, -17.93599788599994], [31.294216097, -17.935827872999823], [31.29413010000013, -17.935825872999942], [31.294105099999967, -17.935825872999942], [31.291695599000036, -17.931453427999884], [31.288017534000062, -17.914541872999962], [31.28098386500011, -17.901778682999975], [31.278212416000088, -17.89958161899989], [31.262730327999975, -17.894263346999878], [31.262580376000187, -17.89422661699996], [31.252109379000046, -17.891661500999874], [31.25207487700004, -17.89137267699988], [31.251985857000136, -17.891346750999958], [31.258395538000173, -17.88193334899995], [31.258820070000127, -17.879236477999882], [31.25882207000012, -17.879158471999915], [31.258866069000078, -17.879078465999953], [31.258868069000073, -17.878998459999934], [31.258870069000068, -17.87891845299987], [31.258872069000063, -17.878839446999905], [31.25888006800011, -17.878599428999962], [31.25888706800015, -17.878279403999954], [31.258889068000144, -17.878239400999917], [31.25889106800014, -17.878159393999965], [31.26158669100016, -17.862818337999954], [31.255012172000193, -17.862448363999874], [31.255783693000126, -17.854563682999924], [31.249814116000152, -17.85400527999991], [31.246929373000114, -17.853528104999953], [31.22031697100016, -17.850516400999936]]]]}}, {"type": "Feature", "properties": {"GID_3": "ZWE.5.2.19_2", "GID_0": "ZWE", "COUNTRY": "Zimbabwe", "GID_1": "ZWE.5_1", "NAME_1": "Mashonaland East", "NL_NAME_1": "NA", "GID_2": "ZWE.5.2_2", "NAME_2": "Goromonzi", "NL_NAME_2": "NA", "NAME_3": "Ward 3", "VARNAME_3": "NA", "NL_NAME_3": "NA", "TYPE_3": "Ward", "ENGTYPE_3": "Ward", "CC_3": "NA", "HASC_3": "NA", "id": "ZWE.5.2.19_2", "name": "Ward 3"}, "geometry": {"type": "MultiPolygon", "coordinates": [[[[31.287609120000013, -17.55871941399988], [31.28761112, -17.55881342099991], [31.287613120000174, -17.558906428999876], [31.287514122000175, -17.558906428999876], [31.28751512200006, -17.559002435999957], [31.287517122000054, -17.55909544299982], [31.28741812500016, -17.55909544299982], [31.286949139000058, -17.560413546999882], [31.28685514199998, -17.56069556899996], [31.28676014400014, -17.56088458399995], [31.28666514700018, -17.561167605999856], [31.28666914700017, -17.56135562099996], [31.286670147000052, -17.561542635999956], [31.286672147000047, -17.561729649999904], [31.286773144000165, -17.5619166649999], [31.28677514400016, -17.56201067199987], [31.286875142000042, -17.562196686999982], [31.286876142000153, -17.562290693999955], [31.28687814200015, -17.56238370099993], [31.28687814200015, -17.562477708999893], [31.286783145000186, -17.562666723999882], [31.286690147000115, -17.56294874599996], [31.286499153000136, -17.56323276799992], [31.28630615800006, -17.563514789999886], [31.286211161000097, -17.563703804999932], [31.28611416400014, -17.563705804999813], [31.286117164000075, -17.56389281999992], [31.286117164000075, -17.56398682699995], [31.286020167000117, -17.56398782699995], [31.286022167000112, -17.564174841999886], [31.286030167000035, -17.564737885999932], [31.286131164000153, -17.56492490099987], [31.286136164000027, -17.565298929999926], [31.286138164000192, -17.565487944999916], [31.286140164000187, -17.565580951999948], [31.286241161000078, -17.565860973999975], [31.286245161000068, -17.566141995999942], [31.286247161000063, -17.566329010999937], [31.2861521640001, -17.566424017999907], [31.285955169000033, -17.566333010999927], [31.285761175000175, -17.56651402499989], [31.285663178000163, -17.56651402599988], [31.285831173000076, -17.566979061999916], [31.285776174999967, -17.567084069999908], [31.285703177000187, -17.567153075999954], [31.285702177000076, -17.567221080999957], [31.284670207000147, -17.569428253999888], [31.284668207000152, -17.569566264999935], [31.284666207000157, -17.569773280999925], [31.284735205000175, -17.569981297999902], [31.284805203000133, -17.570191313999942], [31.284874202000083, -17.570468335999976], [31.285017198000162, -17.570746356999962], [31.285156194000137, -17.571093384999926], [31.28537018800006, -17.571442411999897], [31.285513183999967, -17.57165242799988], [31.28565418000011, -17.57192944999997], [31.285724178000066, -17.572139465999953], [31.285867174000145, -17.572278476999884], [31.28586617400009, -17.572346481999944], [31.285866175000137, -17.572417487999928], [31.285936173000096, -17.57248649299987], [31.285936173000096, -17.572556498999973], [31.2859341730001, -17.572694509999963], [31.285862174999977, -17.572762514999965], [31.285717179000073, -17.572831520999898], [31.285570183000175, -17.572968530999958], [31.285282191000135, -17.57303553699984], [31.284920201000034, -17.573100541999963], [31.284632210000098, -17.57309854199997], [31.28434221800012, -17.573165546999917], [31.28419722200016, -17.573163546999865], [31.28405422600008, -17.57316154699987], [31.28369123600004, -17.57315754699988], [31.283476242, -17.573155546999885], [31.283474242000068, -17.573226551999937], [31.283474242000068, -17.57329455799993], [31.28340124400006, -17.573363562999873], [31.283399244000066, -17.573500573999922], [31.283253249000154, -17.573777595999957], [31.28317825100015, -17.573914605999903], [31.283106253000085, -17.57405261699995], [31.283031255000083, -17.574260633999927], [31.28295725700019, -17.57439764399993], [31.28288225900019, -17.574605660999964], [31.28288126000018, -17.574742670999967], [31.282808262000174, -17.574811676999957], [31.282808262000174, -17.574881681999898], [31.28280626200018, -17.575019692999945], [31.28280626200018, -17.575089698999875], [31.282804262000013, -17.575158703999932], [31.28287726000019, -17.57522870899993], [31.28294725800015, -17.57536871999997], [31.283090254000058, -17.575438725999902], [31.283306247999974, -17.575578736999944], [31.283520242000122, -17.57578775299993], [31.283808234000162, -17.575999769999953], [31.283949230000076, -17.57620778599994], [31.28409422599998, -17.576278790999936], [31.28409222600004, -17.576346796999815], [31.284164224000108, -17.57641780199998], [31.28423522200012, -17.576556812999968], [31.284233222000125, -17.576764828999956], [31.284225223000078, -17.577388877999965], [31.284151225000187, -17.57766489999989], [31.284004229000118, -17.577939920999825], [31.283783236000033, -17.578284948999965], [31.283565242000122, -17.578488964999963], [31.283417246000113, -17.57876598599995], [31.283197252000036, -17.57904000799988], [31.283052257, -17.579246023999872], [31.282976259000122, -17.579523045999963], [31.282829263000053, -17.579729061999956], [31.28282726300006, -17.579937077999944], [31.28282326400017, -17.580284105999965], [31.28282326400017, -17.580421115999968], [31.282821264000177, -17.580629132999945], [31.282818264000127, -17.58083714899982], [31.282816264000132, -17.581045164999978], [31.282816264000132, -17.58118417599991], [31.282812264000142, -17.581392191999896], [31.28266726800007, -17.58152820299989], [31.282520273000046, -17.58173521899994], [31.282303279000075, -17.581871229999933], [31.28208328500017, -17.582077245999926], [31.281866291000142, -17.58228326299991], [31.281647298000053, -17.5824892789999], [31.281500302000154, -17.582695294999894], [31.28142530400015, -17.582832305999943], [31.28142530400015, -17.582903310999882], [31.278925376000075, -17.587311657999862], [31.278852378000067, -17.58737966299998], [31.27878038000017, -17.587377662999927], [31.278707383000096, -17.587446667999927], [31.278635385000143, -17.587515673999974], [31.27856038699997, -17.587583678999977], [31.278415391000067, -17.58765268499991], [31.278271395000047, -17.587858700999902], [31.277979403000074, -17.588064716999895], [31.277834407000114, -17.588199727999893], [31.277687412000148, -17.588407743999937], [31.27754041600008, -17.588543754999932], [31.27739342000018, -17.588751770999977], [31.277321422000057, -17.58888878199997], [31.277246424000055, -17.589094797999962], [31.27709942900009, -17.58923180899984], [31.27702543099997, -17.589439824999886], [31.27695143300008, -17.58971684699992], [31.276876435000077, -17.589922862999913], [31.276802437000185, -17.590130878999958], [31.27680043700019, -17.590338895999935], [31.276798438000128, -17.590545911999925], [31.276792437999973, -17.591167960999883], [31.276789438000094, -17.591514987999915], [31.276785438000104, -17.591792008999846], [31.27678343900004, -17.592069030999937], [31.276851437000175, -17.592278047999912], [31.276922435000188, -17.5925550689999], [31.2770634310001, -17.59283309099993], [31.277204427000072, -17.593181117999848], [31.277345422999986, -17.59353014499993], [31.27755941800001, -17.593808166999963], [31.27770041400015, -17.594087188999936], [31.27784141000012, -17.594434215999968], [31.27791040800014, -17.594712237999943], [31.278051404000053, -17.594991259999972], [31.278192400000023, -17.59533828699989], [31.278261399000144, -17.595685313999923], [31.27833039700016, -17.595961334999913], [31.278400395000062, -17.596240356999942], [31.27846939300008, -17.596587383999974], [31.278538391000097, -17.596864405999952], [31.278606390000164, -17.59714242799987], [31.278677388000176, -17.597350443999915], [31.27881838400009, -17.597628465999946], [31.278887382000107, -17.597976492999976], [31.279028378000078, -17.598323519999894], [31.279167374000053, -17.598740552999914], [31.27930837100007, -17.59915658499989], [31.279449366999984, -17.59950361199992], [31.279590363000125, -17.599782633999894], [31.27958836300013, -17.599921644999938], [31.279661361000137, -17.59999265099998], [31.279730359000155, -17.600200666999967], [31.279730359000155, -17.60026867199997], [31.279730359000155, -17.600339677999898], [31.279800357000113, -17.600476687999958], [31.279871355000125, -17.600615698999945], [31.28061733600009, -17.605257062999897], [31.28068733400005, -17.605328067999892], [31.280687335000096, -17.60539607299995], [31.2806853350001, -17.605535083999882], [31.280681335000168, -17.605881110999917], [31.280680335000056, -17.60615913299995], [31.280676335000067, -17.606504159999872], [31.280672336, -17.6068521869999], [31.280596338000123, -17.607265219999874], [31.280519340000183, -17.60761124699991], [31.280515340000193, -17.60795827399994], [31.280441343000177, -17.608164289999934], [31.280437343000017, -17.608580322999956], [31.280435343000022, -17.608787338999946], [31.280433343000084, -17.608995354999934], [31.280432343000143, -17.609135365999975], [31.2805023410001, -17.609343382999953], [31.280500341999982, -17.609480392999956], [31.28057134, -17.609619403999886], [31.280641338000123, -17.60982942099986], [31.280855332000044, -17.610107441999958], [31.28099832800018, -17.61031745899993], [31.281067326000027, -17.610525474999974], [31.281210322000106, -17.610733490999962], [31.28127832000007, -17.61101151299988], [31.281349318000082, -17.611290534999966], [31.2814903150001, -17.611568555999952], [31.28156131300011, -17.61177657299993], [31.28170230900008, -17.611984588999917], [31.281843305, -17.61226361099989], [31.281914303, -17.61254163199993], [31.281984301000136, -17.612680642999976], [31.28205529900015, -17.612820653999904], [31.282268293000186, -17.61302967099988], [31.282411289000095, -17.61316968099993], [31.282482287000107, -17.613308691999976], [31.28255428500006, -17.613378697999963], [31.282696281000085, -17.61358671399995], [31.282768280000084, -17.613726724999935], [31.282911276000164, -17.61386773599986], [31.282909276, -17.613935740999977], [31.282909276, -17.61400474699991], [31.282982274000176, -17.614006746999905], [31.283052272000134, -17.614075751999906], [31.283123270000146, -17.61421476299995], [31.283193268000048, -17.614424778999933], [31.283191268000053, -17.614561789999982], [31.283262266000065, -17.61470080099997], [31.283262266000065, -17.61474880499992], [31.284790224000062, -17.61715199199989], [31.284891221000123, -17.61733900699994], [31.285089216000074, -17.61752402099995], [31.285089216000074, -17.617618028999914], [31.285188213000026, -17.61771103599989], [31.285192213000187, -17.617991057999973], [31.285206213000095, -17.618930130999956], [31.285244213000055, -17.621741350999912], [31.28505321900002, -17.622119380999948], [31.284960222000052, -17.622401402999913], [31.284673230000124, -17.62287243999998], [31.28448523500009, -17.623343476999878], [31.28429424100011, -17.623815513999944], [31.28419524399999, -17.62413953999993], [31.28410324600003, -17.62419654399997], [31.283956251000063, -17.624333554999907], [31.283811255000103, -17.624402559999965], [31.283594261000133, -17.62446956599996], [31.28227229900017, -17.626603732999968], [31.28227229900017, -17.626672738999844], [31.282200301000046, -17.626672738999844], [31.282200301000046, -17.62674074399996], [31.28219830100005, -17.626811749999888], [31.28219830100005, -17.62688075499989], [31.2821253030001, -17.626948759999948], [31.282123303000105, -17.62708677099988], [31.282123303000105, -17.627156776999925], [31.282194302, -17.62729578699998], [31.282192302, -17.627433797999913], [31.282335298000135, -17.627503803999957], [31.28262129000018, -17.627784825999925], [31.282694288000187, -17.627854830999922], [31.282837284000095, -17.627994841999964], [31.28298028, -17.628064846999905], [31.28319727400003, -17.6280668469999], [31.283268272000043, -17.6280668469999], [31.283413268000174, -17.628068847999884], [31.283558263000145, -17.62807084799988], [31.2836302610001, -17.62807084799988], [31.283773257000178, -17.628140852999877], [31.283916253000086, -17.628211858999975], [31.283916253000086, -17.628282863999914], [31.283989251000094, -17.628350868999973], [31.284130248000167, -17.628560885999946], [31.284199246000185, -17.628837906999934], [31.2843402420001, -17.629254939999953], [31.284338242000103, -17.629394950999938], [31.284338242000103, -17.62946295599994], [31.28433624200011, -17.629531961999874], [31.28433624200011, -17.629670972999918], [31.284332242000175, -17.629947993999963], [31.284260245000155, -17.6300850049999], [31.284185247000153, -17.630222015999948], [31.284183247000158, -17.630362026999933], [31.284181247, -17.630501037999977], [31.28403625100009, -17.630638047999923], [31.283962253000027, -17.630844064999906], [31.28374525900017, -17.630981074999966], [31.283306272000175, -17.631392107999943], [31.283088278000093, -17.631598123999936], [31.28294228200008, -17.63180413999993], [31.282795287000113, -17.63194115099992], [31.282648290999987, -17.632147166999914], [31.28257529299998, -17.63228617799996], [31.282356299000185, -17.63249219399995], [31.28221130300011, -17.632628204999946], [31.280451354000036, -17.63517440499993], [31.280376356000033, -17.63531141599998], [31.280304358000137, -17.63545042699991], [31.280302358000142, -17.635656442999903], [31.280227361000073, -17.63586445899989], [31.280224361000023, -17.63614148099998], [31.28014936300019, -17.636417501999915], [31.280147363000026, -17.636625518999892], [31.280144363000147, -17.636902539999824], [31.28014036400009, -17.63731857299996], [31.2801363640001, -17.63759459399995], [31.28013236400011, -17.638010626999915], [31.280130364000115, -17.63814963799996], [31.280201362000128, -17.638357653999947], [31.280199363000065, -17.638496664999934], [31.28019736300007, -17.63877368699991], [31.280195363000075, -17.63891069699997], [31.28019336300008, -17.639050707999843], [31.28019336300008, -17.639189718999887], [31.280191363000085, -17.639326729999937], [31.280117365000024, -17.639534745999924], [31.28011536500003, -17.6397427629999], [31.28004136800007, -17.639948778999894], [31.280039368000075, -17.64015679499994], [31.279964370000073, -17.640364810999927], [31.27989037200018, -17.64057082699992], [31.279888372000187, -17.640778843999897], [31.27988437300013, -17.641054864999944], [31.27981037500001, -17.641262881999978], [31.279808375000016, -17.64153990299991], [31.279804375000083, -17.641747919999887], [31.279802375000088, -17.641954935999877], [31.279802375000088, -17.64209494699992], [31.279800375000093, -17.642162951999865], [31.27979837600003, -17.64237096799991], [31.279796376000036, -17.6425089789999], [31.279796376000036, -17.642647989999944], [31.27979437600004, -17.642715994999946], [31.279793376000157, -17.64285600599993], [31.279793376000157, -17.642991016999815], [31.279180393000104, -17.643153029999894], [31.279083396000033, -17.643180031999975], [31.27908539599997, -17.64327303899995], [31.27362855000007, -17.644649148999974], [31.27353155300011, -17.64465114899997], [31.2734335560001, -17.644652148999853], [31.273237561000087, -17.64465414999995], [31.272945570000047, -17.64475215799996], [31.27245758300006, -17.644757157999948], [31.268863685000042, -17.646579301999964], [31.26876668800014, -17.64658130199996], [31.249633225000025, -17.641457908999882], [31.248242264000112, -17.641249892999895], [31.235121978000052, -17.641802509999877], [31.234853441000155, -17.63787813499988], [31.23338487900014, -17.62954274499998], [31.23096353500017, -17.62357658899998], [31.22695391500008, -17.616806554999926], [31.22754983500016, -17.615375875999916], [31.227605833000155, -17.615374875999862], [31.227605833000155, -17.61532287199998], [31.227660832000026, -17.615320871999927], [31.22765883200003, -17.615267867999876], [31.22826881500015, -17.614994845999945], [31.228301814000133, -17.614994845999945], [31.228301814000133, -17.614983844999927], [31.228556806000086, -17.6147368259999], [31.228556806000086, -17.614246786999956], [31.228812799000025, -17.614000767999926], [31.229325784000082, -17.61351072899987], [31.229581777000078, -17.61351072899987], [31.229581777000078, -17.613266709999948], [31.231885711000075, -17.61154957499997], [31.23214070400013, -17.61154957499997], [31.23214070400013, -17.61130355499995], [31.232396696000023, -17.61081351699994], [31.232653689000017, -17.61056749799991], [31.232653689000017, -17.610323477999884], [31.232909682000184, -17.60983343999993], [31.23290968100008, -17.60934140099988], [31.232653689000017, -17.60934140199987], [31.23265368800014, -17.60909638199996], [31.232142703000193, -17.609095382999953], [31.232142703000193, -17.60885036299993], [31.231631717000027, -17.60885036399992], [31.231374723999977, -17.609095382999953], [31.226514862000045, -17.609583422999947], [31.22600387400007, -17.606394172999842], [31.22600387400007, -17.606148153999982], [31.225747882000178, -17.606148153999982], [31.225491889000068, -17.605658115999972], [31.223191952000093, -17.60344694399987], [31.22293696000014, -17.60344694399987], [31.222936959000037, -17.602956905999918], [31.222680966000098, -17.602710885999898], [31.222424974000035, -17.60246486699998], [31.22216998099998, -17.602219847999947], [31.222169980000103, -17.601973828999917], [31.221658994999984, -17.601481790999912], [31.22165899400011, -17.60099175199997], [31.221403001000112, -17.600501713999904], [31.220129034000138, -17.593139137999913], [31.220129034000138, -17.59289411899988], [31.219873041000028, -17.592648098999973], [31.219618048000143, -17.592156060999855], [31.219618048000143, -17.591666022999902], [31.219362055000033, -17.59117598399996], [31.21859707500016, -17.588474772999973], [31.218342082000106, -17.58823075399988], [31.218086089000167, -17.587738715999933], [31.218086089000167, -17.587248676999877], [31.21783109600011, -17.58651161999984], [31.21783109500018, -17.585775561999867], [31.217577102000064, -17.58528552399997], [31.217577102000064, -17.585039503999894], [31.217577102000064, -17.584599759999833], [31.217331966000188, -17.584360159999903], [31.216810123000073, -17.582340292999845], [31.216810123000073, -17.582094273999928], [31.218347078000136, -17.57939706199994], [31.219397822000076, -17.57747772999994], [31.21979746800008, -17.577481328999966], [31.23068485500005, -17.567610810999952], [31.23068112900006, -17.567994171999885], [31.234318679000125, -17.56380933099996], [31.237164259000053, -17.558850562999964], [31.243989755000086, -17.55387910999997], [31.250806153000042, -17.554178072999832], [31.256771986000103, -17.55467010899997], [31.256870983000056, -17.55467010899997], [31.256967980000184, -17.554668108999977], [31.25716297500003, -17.55466610799988], [31.25735896900011, -17.55475811499997], [31.2579469530001, -17.554846121999958], [31.259708903000046, -17.555011133999926], [31.267633681000063, -17.555670182999904], [31.26802267, -17.555666181999925], [31.26831866100008, -17.55575518899991], [31.26880864800006, -17.555843195999955], [31.26939663100012, -17.556024209999975], [31.281629287000044, -17.557382310999913], [31.28182628200011, -17.557380310999918], [31.28202227600019, -17.557472317999895], [31.28231626800016, -17.55756232499988], [31.28270925700008, -17.55774533999994], [31.28300524900004, -17.557834345999936], [31.28320124300012, -17.55792635299997], [31.28721813100009, -17.558630406999953], [31.28721813100009, -17.558723413999928], [31.28741412500017, -17.558721413999933], [31.287609120000013, -17.55871941399988]]]]}}, {"type": "Feature", "properties": {"GID_3": "ZWE.5.2.20_2", "GID_0": "ZWE", "COUNTRY": "Zimbabwe", "GID_1": "ZWE.5_1", "NAME_1": "Mashonaland East", "NL_NAME_1": "NA", "GID_2": "ZWE.5.2_2", "NAME_2": "Goromonzi", "NL_NAME_2": "NA", "NAME_3": "Ward 4", "VARNAME_3": "NA", "NL_NAME_3": "NA", "TYPE_3": "Ward", "ENGTYPE_3": "Ward", "CC_3": "NA", "HASC_3": "NA", "id": "ZWE.5.2.20_2", "name": "Ward 4"}, "geometry": {"type": "MultiPolygon", "coordinates": [[[[31.15824676600016, -17.57076340999987], [31.15824676600016, -17.570517390999953], [31.15824676600016, -17.570273371999917], [31.15850375800011, -17.570027351999897], [31.158759751000048, -17.570027351999897], [31.158759751000048, -17.56978133299998], [31.159015744000044, -17.569783332999975], [31.159270737000043, -17.569783332999975], [31.15978172200016, -17.569537312999955], [31.1600377150001, -17.569537312999955], [31.16029470800015, -17.569293293999976], [31.16106168600004, -17.569293293999976], [31.16106168600004, -17.569049274999884], [31.16106168600004, -17.568557235999947], [31.160806693000154, -17.568557235999947], [31.160550699999988, -17.568311216999916], [31.160294707000048, -17.568311216999916], [31.160294707000048, -17.568066197999883], [31.160039714, -17.567820178999966], [31.159530728000163, -17.566838101999963], [31.159274735000054, -17.566592082999875], [31.159274735000054, -17.565858024999898], [31.159274735000054, -17.56561200599998], [31.159274735000054, -17.56536598699995], [31.15927473400012, -17.564874947999897], [31.159276734000116, -17.56462892899998], [31.159276734000116, -17.564384909999944], [31.159532727000055, -17.564138889999924], [31.159532727000055, -17.56389487099989], [31.159276733000013, -17.562912793999942], [31.15927873300018, -17.56266677499997], [31.15927873300018, -17.56192971699994], [31.15927873300018, -17.561439678999875], [31.15927873300018, -17.560949640999922], [31.15928073200007, -17.560703620999902], [31.15928073200007, -17.560457601999815], [31.159535725000126, -17.56021358299995], [31.159535725000126, -17.559967563999862], [31.159535725000126, -17.559723543999894], [31.159535725000126, -17.559477524999977], [31.159793717000184, -17.559232505999944], [31.159793717000184, -17.55849644799997], [31.159793717000184, -17.558250428999884], [31.159793717000184, -17.558004409999967], [31.160048709000137, -17.55751437099991], [31.16005070900013, -17.557270351999875], [31.16005070900013, -17.55677831299994], [31.160563693000086, -17.55407910199989], [31.16056569300008, -17.553589062999947], [31.160565692000034, -17.552115947999937], [31.160565692000034, -17.551871928999958], [31.160567691999972, -17.551379889999964], [31.161338669000088, -17.547700600999974], [31.16133866800004, -17.54745558199994], [31.161849654000036, -17.54745558199994], [31.16236064000003, -17.54720956199992], [31.16861760600011, -17.547882470999923], [31.178545400000132, -17.546051390999935], [31.183844024000166, -17.546097585999973], [31.183846033000066, -17.543793285999982], [31.184871003000126, -17.541094073999943], [31.18487300300012, -17.540604034999888], [31.185127996000176, -17.54035801599997], [31.187687923000112, -17.537660802999824], [31.187942915000065, -17.537660802999824], [31.18998785800011, -17.537662802999876], [31.191009830000098, -17.538890897999977], [31.191521815999977, -17.539627955999947], [31.191776809000032, -17.5401179939999], [31.192032801000096, -17.5401179939999], [31.19203280200003, -17.54036401399992], [31.192793783000184, -17.54748057099988], [31.192793783000184, -17.547724589999916], [31.192793783000184, -17.547970609999936], [31.193048777000115, -17.548461647999886], [31.193048777000115, -17.548707666999974], [31.193048777000115, -17.548953685999948], [31.19330477000011, -17.549197705999973], [31.193302770000116, -17.549689743999977], [31.193558763000055, -17.549933762999842], [31.193558763000055, -17.55017978199993], [31.19381375600011, -17.55042580199995], [31.19381375600011, -17.550915839999902], [31.19406974900005, -17.550915839999902], [31.19406974900005, -17.551161858999933], [31.195089721000045, -17.55361505099995], [31.195600707000096, -17.5541070889999], [31.196112693000146, -17.554598127999952], [31.19636768600003, -17.55484414699987], [31.196625679000135, -17.55484414699987], [31.19662367900014, -17.555336184999817], [31.19841263000012, -17.55852543499998], [31.198923616000116, -17.55877145399984], [31.199434601, -17.558771452999906], [31.19963446000014, -17.558797195999944], [31.204735775000074, -17.564693287999887], [31.20513539000018, -17.56469691399991], [31.20710703800006, -17.567398522999895], [31.207506660000092, -17.567402143999914], [31.20988176900005, -17.569723994999947], [31.21028139599997, -17.569727610999962], [31.21068102300012, -17.569731226999977], [31.211080650000042, -17.569734840999956], [31.211480278000067, -17.56973845499988], [31.212234343000034, -17.574345962999928], [31.214191142000175, -17.578580944999942], [31.215616990000058, -17.58090988799995], [31.216318509000075, -17.582055708999917], [31.216810123000073, -17.582340292999845], [31.217331966000188, -17.584360159999903], [31.217577102000064, -17.584599759999833], [31.217577102000064, -17.585039503999894], [31.217577102000064, -17.58528552399997], [31.21783109500018, -17.585775561999867], [31.21783109600011, -17.58651161999984], [31.218086089000167, -17.587248676999877], [31.218086089000167, -17.587738715999933], [31.218342082000106, -17.58823075399988], [31.21859707500016, -17.588474772999973], [31.219362055000033, -17.59117598399996], [31.219618048000143, -17.591666022999902], [31.219618048000143, -17.592156060999855], [31.219873041000028, -17.592648098999973], [31.220129034000138, -17.59289411899988], [31.220129034000138, -17.593139137999913], [31.221403001000112, -17.600501713999904], [31.22165899400011, -17.60099175199997], [31.221658994999984, -17.601481790999912], [31.222169980000103, -17.601973828999917], [31.22216998099998, -17.602219847999947], [31.222424974000035, -17.60246486699998], [31.222680966000098, -17.602710885999898], [31.222936959000037, -17.602956905999918], [31.22293696000014, -17.60344694399987], [31.223191952000093, -17.60344694399987], [31.225491889000068, -17.605658115999972], [31.225747882000178, -17.606148153999982], [31.22600387400007, -17.606148153999982], [31.22600387400007, -17.606394172999842], [31.226514862000045, -17.609583422999947], [31.231374723999977, -17.609095382999953], [31.231631717000027, -17.60885036399992], [31.232142703000193, -17.60885036299993], [31.232142703000193, -17.609095382999953], [31.23265368800014, -17.60909638199996], [31.232653689000017, -17.60934140199987], [31.23290968100008, -17.60934140099988], [31.232909682000184, -17.60983343999993], [31.232653689000017, -17.610323477999884], [31.232653689000017, -17.61056749799991], [31.232396696000023, -17.61081351699994], [31.23214070400013, -17.61130355499995], [31.23214070400013, -17.61154957499997], [31.231885711000075, -17.61154957499997], [31.229581777000078, -17.613266709999948], [31.229581777000078, -17.61351072899987], [31.229325784000082, -17.61351072899987], [31.228812799000025, -17.614000767999926], [31.228556806000086, -17.614246786999956], [31.228556806000086, -17.6147368259999], [31.228301814000133, -17.614983844999927], [31.228301814000133, -17.614994845999945], [31.22826881500015, -17.614994845999945], [31.22765883200003, -17.615267867999876], [31.227660832000026, -17.615320871999927], [31.227605833000155, -17.61532287199998], [31.227605833000155, -17.615374875999862], [31.22754983500016, -17.615375875999916], [31.22695391500008, -17.616806554999926], [31.23096353500017, -17.62357658899998], [31.23338487900014, -17.62954274499998], [31.234853441000155, -17.63787813499988], [31.235121978000052, -17.641802509999877], [31.216865148000124, -17.642570008999883], [31.21369923700007, -17.642703020999875], [31.209154364000028, -17.64142692299987], [31.201420581000036, -17.639257755999893], [31.201403582000125, -17.639273757999888], [31.200653602000102, -17.638521698999966], [31.15921376400007, -17.627446848999853], [31.12928860300019, -17.620055282999942], [31.11750893900006, -17.629121997999903], [31.104465305000133, -17.626161771999932], [31.11602896000005, -17.58446150099985], [31.125571005999973, -17.587345004999975], [31.148300268000185, -17.5925432169999], [31.15195569600013, -17.586826747999964], [31.154811604000145, -17.581102727999962], [31.15739349500018, -17.57679143699994], [31.158064792, -17.57567044999996], [31.15875375400003, -17.575671793999902], [31.15977672500003, -17.57542777499998], [31.160031718000084, -17.57542777499998], [31.160287711000024, -17.57542777499998], [31.16054470300014, -17.57542777499998], [31.16080069600008, -17.57542777499998], [31.159779723999975, -17.57248254399991], [31.1597797230001, -17.57223652499988], [31.159524731000147, -17.57223652499988], [31.15926873800015, -17.57223652499988], [31.15926873800015, -17.571990505999963], [31.159013745000095, -17.571746486999928], [31.158757752000156, -17.571746486999928], [31.1585027590001, -17.57125444799982], [31.1585027590001, -17.571009428999957], [31.15824676600016, -17.57076340999987]]]]}}, {"type": "Feature", "properties": {"GID_3": "ZWE.5.2.21_2", "GID_0": "ZWE", "COUNTRY": "Zimbabwe", "GID_1": "ZWE.5_1", "NAME_1": "Mashonaland East", "NL_NAME_1": "NA", "GID_2": "ZWE.5.2_2", "NAME_2": "Goromonzi", "NL_NAME_2": "NA", "NAME_3": "Ward 5", "VARNAME_3": "NA", "NL_NAME_3": "NA", "TYPE_3": "Ward", "ENGTYPE_3": "Ward", "CC_3": "NA", "HASC_3": "NA", "id": "ZWE.5.2.21_2", "name": "Ward 5"}, "geometry": {"type": "MultiPolygon", "coordinates": [[[[31.064653388000067, -17.543885342999943], [31.089227696000137, -17.543208278999884], [31.114544983000144, -17.54274823299994], [31.114799975999972, -17.54274823199995], [31.115831944000092, -17.53587969299997], [31.119009852000147, -17.529796214999976], [31.119417840000153, -17.529993229999832], [31.121456786000124, -17.536865767999927], [31.12145478600013, -17.537355806999813], [31.12247575900011, -17.53981099899994], [31.126055658000155, -17.540061016999914], [31.12835359500008, -17.54349828599993], [31.12835359500008, -17.543744304999848], [31.12860758800008, -17.544480361999888], [31.128607589000183, -17.545216419999974], [31.12886258200001, -17.545460438999896], [31.13116151800017, -17.548163649999935], [31.131416511000054, -17.548163649999935], [31.131416511000054, -17.54840766899997], [31.13218349000016, -17.548899706999975], [31.132439483000155, -17.549390745999915], [31.132694475999983, -17.549636764999946], [31.132948469000155, -17.549882783999976], [31.135504397000034, -17.5516029179999], [31.13575939000009, -17.5516029179999], [31.136271376000025, -17.552338974999884], [31.13652636900008, -17.55282901399994], [31.13678236200019, -17.552831013999935], [31.13678236200019, -17.553076032999968], [31.137293348000185, -17.553322051999942], [31.13754834100007, -17.553568070999972], [31.13780433400018, -17.553568070999972], [31.13780433400018, -17.55381408999989], [31.138315319000128, -17.55381408999989], [31.138315319000128, -17.55406010899992], [31.138571312000067, -17.55406010899992], [31.138571312000067, -17.554304127999956], [31.138826305000123, -17.55430612799995], [31.139082298000062, -17.554550146999873], [31.139338291, -17.554796166999893], [31.14010427000005, -17.555288204999954], [31.140615256000046, -17.55602426199988], [31.14087124800011, -17.55602426199988], [31.141380235000042, -17.558233434999977], [31.141378235000047, -17.558479453999837], [31.141634227999987, -17.55872347299993], [31.141634227999987, -17.55921551199998], [31.141890221000153, -17.559705549999933], [31.14189022200003, -17.560442607999903], [31.141888222000034, -17.560688626999934], [31.141888222000034, -17.561424684999963], [31.14214321500009, -17.561668703999942], [31.14214321500009, -17.561914722999916], [31.142141216000027, -17.56289579999992], [31.142141216000027, -17.563877876999925], [31.142139216000032, -17.56436791599998], [31.142139217000135, -17.564859953999928], [31.142139217000135, -17.565103972999964], [31.142395210000075, -17.56584103099982], [31.142395210000075, -17.566087049999908], [31.14239321000008, -17.56633306899994], [31.14239321000008, -17.566577088999964], [31.142393211000183, -17.567067126999916], [31.142393211000183, -17.56780318499989], [31.142391211000188, -17.56829522299995], [31.14290019800012, -17.57148447299994], [31.14290019800012, -17.571730491999972], [31.14315619100006, -17.571730491999972], [31.145203133000166, -17.570260375999908], [31.14545812600005, -17.570260375999908], [31.149549012000136, -17.57247254799995], [31.149805004000143, -17.57247254799995], [31.150571983000134, -17.572718565999878], [31.151082968000026, -17.572718565999878], [31.151338961000135, -17.572720565999873], [31.157479788000103, -17.570761409999875], [31.15824676600016, -17.57076340999987], [31.1585027590001, -17.571009428999957], [31.1585027590001, -17.57125444799982], [31.158757752000156, -17.571746486999928], [31.159013745000095, -17.571746486999928], [31.15926873800015, -17.571990505999963], [31.15926873800015, -17.57223652499988], [31.159524731000147, -17.57223652499988], [31.1597797230001, -17.57223652499988], [31.159779723999975, -17.57248254399991], [31.16080069600008, -17.57542777499998], [31.16054470300014, -17.57542777499998], [31.160287711000024, -17.57542777499998], [31.160031718000084, -17.57542777499998], [31.15977672500003, -17.57542777499998], [31.15875375400003, -17.575671793999902], [31.158064792, -17.57567044999996], [31.15739349500018, -17.57679143699994], [31.154811604000145, -17.581102727999962], [31.15195569600013, -17.586826747999964], [31.148300268000185, -17.5925432169999], [31.125571005999973, -17.587345004999975], [31.11602896000005, -17.58446150099985], [31.116458565000187, -17.579590890999896], [31.118535987000143, -17.571943188999967], [31.121804079000185, -17.565073502999894], [31.121447986000078, -17.560852994999948], [31.109808257000054, -17.56572599899988], [31.091760638000096, -17.572652585999947], [31.064676387000077, -17.54464840299994], [31.064653388000067, -17.543885342999943]]]]}}, {"type": "Feature", "properties": {"GID_3": "ZWE.5.2.22_2", "GID_0": "ZWE", "COUNTRY": "Zimbabwe", "GID_1": "ZWE.5_1", "NAME_1": "Mashonaland East", "NL_NAME_1": "NA", "GID_2": "ZWE.5.2_2", "NAME_2": "Goromonzi", "NL_NAME_2": "NA", "NAME_3": "Ward 6", "VARNAME_3": "NA", "NL_NAME_3": "NA", "TYPE_3": "Ward", "ENGTYPE_3": "Ward", "CC_3": "NA", "HASC_3": "NA", "id": "ZWE.5.2.22_2", "name": "Ward 6"}, "geometry": {"type": "MultiPolygon", "coordinates": [[[[31.18123557900003, -17.69622398799993], [31.181210914000076, -17.696199883999896], [31.17254720300008, -17.699566362999974], [31.163773517000152, -17.696037763999982], [31.161560192000024, -17.70153198299994], [31.159915908000073, -17.70410170299982], [31.157222823000097, -17.703731782999967], [31.154369357000064, -17.701464577999957], [31.157804337000073, -17.699601062999932], [31.159094338000102, -17.696511018999956], [31.151575923000053, -17.693338337999933], [31.150370510000073, -17.68815679799991], [31.14697457000011, -17.68622908699996], [31.143886888000054, -17.689302081999926], [31.146200751000094, -17.69156432799997], [31.145814702000052, -17.694145782999954], [31.148137481000106, -17.69554639699993], [31.148264241000106, -17.70071778499988], [31.13786787300006, -17.6976897859999], [31.139142208000067, -17.69615080299991], [31.138819965000096, -17.69252863099996], [31.122113119000176, -17.691335729999935], [31.11615419400016, -17.69386378299987], [31.116151007000155, -17.693599042999892], [31.11615300700015, -17.69347903399995], [31.116044010000053, -17.692513957999836], [31.116048009000167, -17.692272939999953], [31.1160520090001, -17.692152929999963], [31.116178006000155, -17.6920349209999], [31.116179005000163, -17.691914911999902], [31.11618500500009, -17.691673892999972], [31.116187005000086, -17.69155388299987], [31.116311002000145, -17.691555882999978], [31.116317001000027, -17.69131586499998], [31.11710097800011, -17.689404714999966], [31.11711197800014, -17.688803667999878], [31.117113978000134, -17.68868365799989], [31.118055949, -17.68485135799989], [31.118059949000155, -17.684731348999833], [31.118855925000105, -17.68089304799986], [31.118736928000146, -17.680870046999928], [31.11686797900012, -17.677325769999925], [31.116869979000114, -17.677234762999944], [31.11687197900011, -17.677049748999934], [31.116228994000096, -17.6695471619999], [31.116388989000086, -17.669458154999973], [31.11538401700011, -17.667812026999968], [31.101487407000093, -17.66559085899985], [31.088807764000023, -17.665558861999955], [31.088807764000023, -17.66560486499992], [31.08539786400013, -17.673227462999932], [31.08436989400019, -17.67681874399989], [31.084409895000192, -17.680147004999924], [31.078838052000094, -17.68033202199996], [31.073952192000093, -17.687000544999933], [31.073929193000083, -17.686972542999968], [31.052250782000044, -17.641304978999926], [31.06761234600009, -17.634457436999924], [31.051783782000143, -17.61284275099996], [31.058430596000164, -17.616286017999926], [31.05843259600016, -17.615059921999887], [31.05843259600016, -17.614569883999934], [31.05843459500005, -17.613832825999964], [31.05843459500005, -17.613342787999954], [31.05843459500005, -17.613096767999934], [31.058436595000046, -17.6128527489999], [31.058436595000046, -17.612606729999982], [31.059725555000114, -17.606228229999942], [31.059725555000114, -17.60598421099985], [31.05998054800017, -17.605493171999967], [31.06023854000017, -17.605003133999958], [31.06023854000017, -17.604757113999938], [31.061026512000183, -17.591510075999963], [31.061028511000075, -17.590526998999962], [31.061028511000075, -17.590036960999953], [31.061028511000075, -17.589790941999922], [31.06130449699998, -17.57678792299987], [31.061306497000146, -17.575804845999983], [31.06156248900004, -17.575806845999978], [31.06055151400011, -17.567708211999957], [31.06055151400011, -17.567462192999926], [31.061794506000126, -17.558026944999938], [31.063870702000145, -17.54391653099998], [31.064653388000067, -17.543885342999943], [31.064676387000077, -17.54464840299994], [31.091760638000096, -17.572652585999947], [31.109808257000054, -17.56572599899988], [31.121447986000078, -17.560852994999948], [31.121804079000185, -17.565073502999894], [31.118535987000143, -17.571943188999967], [31.116458565000187, -17.579590890999896], [31.11602896000005, -17.58446150099985], [31.104465305000133, -17.626161771999932], [31.11750893900006, -17.629121997999903], [31.12928860300019, -17.620055282999942], [31.15921376400007, -17.627446848999853], [31.200653602000102, -17.638521698999966], [31.201403582000125, -17.639273757999888], [31.183494093000036, -17.65568604899994], [31.195516757000064, -17.659620351999934], [31.188856948000137, -17.668668062999927], [31.177327279000167, -17.683134198999937], [31.181838157000186, -17.69373402599996], [31.18123557900003, -17.69622398799993]]]]}}, {"type": "Feature", "properties": {"GID_3": "ZWE.5.2.23_2", "GID_0": "ZWE", "COUNTRY": "Zimbabwe", "GID_1": "ZWE.5_1", "NAME_1": "Mashonaland East", "NL_NAME_1": "NA", "GID_2": "ZWE.5.2_2", "NAME_2": "Goromonzi", "NL_NAME_2": "NA", "NAME_3": "Ward 7", "VARNAME_3": "NA", "NL_NAME_3": "NA", "TYPE_3": "Ward", "ENGTYPE_3": "Ward", "CC_3": "NA", "HASC_3": "NA", "id": "ZWE.5.2.23_2", "name": "Ward 7"}, "geometry": {"type": "MultiPolygon", "coordinates": [[[[31.20952802, -17.725561634999963], [31.20544337100017, -17.711933588999898], [31.20507694300005, -17.712619616999916], [31.20417629500014, -17.712783727999977], [31.20419001400012, -17.71140510099997], [31.203102723000143, -17.712256876999902], [31.202746583000135, -17.711908930999982], [31.200407651999967, -17.712059858999964], [31.199121635000097, -17.71480556799986], [31.19731170000017, -17.71599536699989], [31.197285870000144, -17.71858027999997], [31.19233285300004, -17.710434620999877], [31.192577532000143, -17.710277110999982], [31.18921444500012, -17.705240396999955], [31.183685713000102, -17.699652003999972], [31.18228211400003, -17.697248696999907], [31.18123557900003, -17.69622398799993], [31.181838157000186, -17.69373402599996], [31.177327279000167, -17.683134198999937], [31.188856948000137, -17.668668062999927], [31.195516757000064, -17.659620351999934], [31.183494093000036, -17.65568604899994], [31.201403582000125, -17.639273757999888], [31.201420581000036, -17.639257755999893], [31.209154364000028, -17.64142692299987], [31.21369923700007, -17.642703020999875], [31.216865148000124, -17.642570008999883], [31.235121978000052, -17.641802509999877], [31.248242264000112, -17.641249892999895], [31.249633225000025, -17.641457908999882], [31.26876668800014, -17.64658130199996], [31.268863685000042, -17.646579301999964], [31.27245758300006, -17.644757157999948], [31.272945570000047, -17.64475215799996], [31.273237561000087, -17.64465414999995], [31.2734335560001, -17.644652148999853], [31.27353155300011, -17.64465114899997], [31.27362855000007, -17.644649148999974], [31.27908539599997, -17.64327303899995], [31.279083396000033, -17.643180031999975], [31.279180393000104, -17.643153029999894], [31.279793376000157, -17.642991016999815], [31.279791376000162, -17.643064022999965], [31.27979084300017, -17.643130282999948], [31.279791376000162, -17.64320103299997], [31.279789376000167, -17.643272038999953], [31.279789376000167, -17.6433400439999], [31.279787376000172, -17.643409049999946], [31.27985937400007, -17.643479054999943], [31.279857374000073, -17.64361906599993], [31.27993037200008, -17.64361906599993], [31.27993037200008, -17.64368707099993], [31.28000037000004, -17.643689071999916], [31.280145366000113, -17.643689070999926], [31.280363360000024, -17.64369107199991], [31.280651352000064, -17.6437640769999], [31.280939344000103, -17.643767076999893], [31.281084340000177, -17.643699071999947], [31.28115833800007, -17.643630065999844], [31.281376332000036, -17.643563060999895], [31.290352078000126, -17.64143089099997], [31.29070806800013, -17.641468892999967], [31.28350229300014, -17.691879839999956], [31.28340329500014, -17.69188183999995], [31.283111304000045, -17.69188584099993], [31.27784145300018, -17.692789913999945], [31.27608350200012, -17.69281091599987], [31.275789510000152, -17.692908923999937], [31.275692513000024, -17.692908923999937], [31.273346579000076, -17.692934926999953], [31.258344691000104, -17.693443441999932], [31.25678025400009, -17.697866632999876], [31.251554860000113, -17.70342429499982], [31.249574553000116, -17.70553038899982], [31.23714078100005, -17.708688655999936], [31.23122944200003, -17.710716062999893], [31.21749907900005, -17.719508494999957], [31.211637102000054, -17.724830816999884], [31.20952802, -17.725561634999963]]]]}}, {"type": "Feature", "properties": {"GID_3": "ZWE.5.2.24_2", "GID_0": "ZWE", "COUNTRY": "Zimbabwe", "GID_1": "ZWE.5_1", "NAME_1": "Mashonaland East", "NL_NAME_1": "NA", "GID_2": "ZWE.5.2_2", "NAME_2": "Goromonzi", "NL_NAME_2": "NA", "NAME_3": "Ward 8", "VARNAME_3": "NA", "NL_NAME_3": "NA", "TYPE_3": "Ward", "ENGTYPE_3": "Ward", "CC_3": "NA", "HASC_3": "NA", "id": "ZWE.5.2.24_2", "name": "Ward 8"}, "geometry": {"type": "MultiPolygon", "coordinates": [[[[31.29070806800013, -17.641468892999967], [31.308602565000058, -17.643403037999974], [31.33524380000017, -17.60832828199989], [31.354843252000023, -17.618495069999938], [31.374518702000103, -17.628697860999978], [31.374522702000093, -17.62875686599989], [31.374516702000108, -17.628768866999906], [31.373160741999982, -17.63147007899994], [31.357843186000082, -17.661657446999982], [31.357940182999982, -17.661656446999928], [31.384820431000094, -17.6747394599999], [31.37840062500004, -17.70481081399987], [31.382696555000052, -17.71458410899993], [31.383202998000115, -17.714741328999878], [31.378546395, -17.715297416999874], [31.377286322000145, -17.715311407999877], [31.367151753000087, -17.71542364299995], [31.376387425000075, -17.730682652999917], [31.376517689000025, -17.730897853999977], [31.376420692000067, -17.730899853999972], [31.355329290000043, -17.740715628999965], [31.354480315000103, -17.742976805999888], [31.354383318000146, -17.743164820999937], [31.330707982000035, -17.735758250999936], [31.322766206000153, -17.73791542299989], [31.322669209000026, -17.73791542299989], [31.31476543200006, -17.73941554299995], [31.314667435000047, -17.739417543999934], [31.31307747900007, -17.7375613989999], [31.31297648200018, -17.737374384999896], [31.31287848500017, -17.73737638499989], [31.312779487000114, -17.737282377999918], [31.31277748700012, -17.737189369999953], [31.312680490000048, -17.737189369999953], [31.3125794930001, -17.737004355999943], [31.312382499000137, -17.736912348999965], [31.312184504000186, -17.736634326999933], [31.30977557000017, -17.73225398599982], [31.30977557000017, -17.732160978999957], [31.30977357, -17.73206697099988], [31.30976957000007, -17.731786948999968], [31.30966657300013, -17.73141291999997], [31.309647573000177, -17.730100817999983], [31.309647573000177, -17.730005809999966], [31.309645573000182, -17.729911802999823], [31.309743570000023, -17.72981879599996], [31.30974157000003, -17.72972278799989], [31.309838567000156, -17.729629780999915], [31.310414550000132, -17.728872720999902], [31.31041255100007, -17.72877871399993], [31.31050954799997, -17.728776713999878], [31.31050954799997, -17.728683706999902], [31.31060754500004, -17.728681705999918], [31.31070454200011, -17.728587698999945], [31.310899537000182, -17.728490690999934], [31.311091531000102, -17.728395683999963], [31.31118852800006, -17.72829967599995], [31.311866509000083, -17.72772963099993], [31.31196350600004, -17.72772963099993], [31.311961506000046, -17.72763462399996], [31.31205850400005, -17.72754061699993], [31.31205650400011, -17.727352601999883], [31.31205250400012, -17.727165586999888], [31.311560516999975, -17.726890565999952], [31.311463520000075, -17.726890565999952], [31.311364523000123, -17.726892565999947], [31.311267526000165, -17.726892565999947], [31.31116952800005, -17.72689456599994], [31.310973534000027, -17.726896566999926], [31.31087653700007, -17.726898566999978], [31.310681542000168, -17.726899566999975], [31.310582545000102, -17.72690156699997], [31.31048754800014, -17.726995574999933], [31.31038755000003, -17.726997574999928], [31.309993561, -17.726720552999836], [31.309993561, -17.726627545999975], [31.309893564000163, -17.726627545999975], [31.309893564000163, -17.726533538999888], [31.309792567000102, -17.726348523999945], [31.309691570000155, -17.72616150999994], [31.309592572000156, -17.725974494999832], [31.30959057200016, -17.72588148799997], [31.309489575000043, -17.725601465999944], [31.309390578000148, -17.725509458999966], [31.309388578000153, -17.725416451999934], [31.30928958100003, -17.72532244399997], [31.30928958100003, -17.725229436999825], [31.309287581000035, -17.725135429999966], [31.30928558100004, -17.725042421999888], [31.309188583000036, -17.725042421999888], [31.30918658300004, -17.724948414999915], [31.30908858600003, -17.72495041499991], [31.30908758600009, -17.724857407999934], [31.308989589000078, -17.724857407999934], [31.308987589000083, -17.724763400999905], [31.308890592000125, -17.724765400999956], [31.30879359400012, -17.724765400999956], [31.30869459700017, -17.72476740099995], [31.308596600000158, -17.72476740099995], [31.308501603000025, -17.72486240899991], [31.308501603000025, -17.724956415999884], [31.30840460500019, -17.724958415999936], [31.308306608000123, -17.725053423999896], [31.30811461400009, -17.725242438999942], [31.308116614000085, -17.725335445999974], [31.30801861600014, -17.72533744599997], [31.307729625000093, -17.72571547599989], [31.30763162800008, -17.725717475999886], [31.30753463000002, -17.725717475999886], [31.307338636000168, -17.725721475999933], [31.307042644000035, -17.72553646199998], [31.306847650000066, -17.725538461999975], [31.30674865200001, -17.72544645499994], [31.306746652000015, -17.725353447999964], [31.306649655000115, -17.725353447999964], [31.30664765500012, -17.72525943999989], [31.306548658000168, -17.725168432999908], [31.30645166100004, -17.725168432999908], [31.306449661000045, -17.72507442599988], [31.306350663000046, -17.724983418999898], [31.30625066600004, -17.724889411999925], [31.306153669000082, -17.72489141199992], [31.306056672000125, -17.72489141199992], [31.30595967400012, -17.724986418999947], [31.305960674, -17.72508042699991], [31.305863677000104, -17.72517543399988], [31.305865677000043, -17.725269441999956], [31.30567268300007, -17.725458455999956], [31.305575685000065, -17.725553463999972], [31.30557768500006, -17.725646470999948], [31.305480688000102, -17.725742478999905], [31.30538269100009, -17.7257444789999], [31.305186696000135, -17.72574647899995], [31.304698710000082, -17.72575147999993], [31.304404718000058, -17.72575547999992], [31.304305721000162, -17.725662472999943], [31.304208724000034, -17.725664472999938], [31.304110727000193, -17.725664472999938], [31.30401173000007, -17.725665472999935], [31.302441773999988, -17.72530944599987], [31.302344776000155, -17.725311445999864], [31.302247779000027, -17.725311445999864], [31.30224577900003, -17.72521743899989], [31.302048785000068, -17.725219438999886], [31.301951787000064, -17.725128431999906], [31.301753793000046, -17.725036424999928], [31.301654796000093, -17.724943417999953], [31.30155679800015, -17.72494441799995], [31.301554798000154, -17.724851410999975], [31.301457801000026, -17.724851410999975], [31.301360804000126, -17.72485341099997], [31.30126380700017, -17.72485341099997], [31.300969814999974, -17.72485741099996], [31.30057882600005, -17.724862411999936], [31.300187837000124, -17.724866411999812], [31.29989184500016, -17.724777404999884], [31.299697851000076, -17.724779405999982], [31.299597853000137, -17.724779405999982], [31.299500856000066, -17.72478040599998], [31.299304862000156, -17.724782405999974], [31.299107867000146, -17.72469139899988], [31.29901087000019, -17.724693398999875], [31.29891387300006, -17.724693398999875], [31.29822889200011, -17.7247023999999], [31.29803389799997, -17.72479840799997], [31.297740906000058, -17.72480140799985], [31.297448914000086, -17.72489941599997], [31.297351917000128, -17.724992422999946], [31.297253920000117, -17.72499442299994], [31.29725592000011, -17.72508843099996], [31.297156922000056, -17.725089430999958], [31.297059925000156, -17.725089430999958], [31.296962928000028, -17.725091430999953], [31.296963928000082, -17.725185437999983], [31.296864931000187, -17.725187438999967], [31.296767933000126, -17.725187438999967], [31.296670936, -17.725189438999962], [31.29587895800006, -17.724542388999907], [31.295876958000065, -17.724449380999943], [31.295779961000108, -17.724449380999943], [31.295777961000113, -17.72435537399997], [31.295775961000118, -17.724168358999975], [31.295676964, -17.724075351999886], [31.29557596600017, -17.723890337999876], [31.29557596600017, -17.72379432999992], [31.295573966, -17.723701322999943], [31.295363972000075, -17.722673242999974], [31.29536197200008, -17.72257923499984], [31.295264975000123, -17.72257923499984], [31.295262975000128, -17.72248622799998], [31.295165977000124, -17.72248822799986], [31.29516397700013, -17.722394220999888], [31.29496898300016, -17.722396220999883], [31.294871986000032, -17.722396220999883], [31.294774987999972, -17.722492228999897], [31.29467799100007, -17.722494228999892], [31.294579994, -17.72258723599998], [31.294484997000097, -17.72268224399994], [31.294387999000037, -17.722778250999966], [31.294290002000025, -17.72278025199995], [31.294290002000025, -17.722873258999982], [31.294195005000063, -17.722967265999955], [31.294195005000063, -17.723062273999915], [31.2941000080001, -17.72324928799992], [31.29342602700001, -17.72400834799987], [31.29332903000011, -17.72400834799987], [31.293230033000157, -17.724010347999922], [31.293131035000158, -17.723916340999892], [31.292934041000024, -17.723825333999912], [31.292740046, -17.72382933399996], [31.29273804600001, -17.72373532699993], [31.29264004900017, -17.72373532699993], [31.292541052000104, -17.72373732699998], [31.292541052000104, -17.72364431999995], [31.29244205500015, -17.72364431999995], [31.29234505700009, -17.723646319999943], [31.29224806000019, -17.723646319999943], [31.291553079000153, -17.722999269999946], [31.291553079000153, -17.72290426199993], [31.29145408200003, -17.72290626299997], [31.29145408200003, -17.72281225499995], [31.291355085000077, -17.722719247999976], [31.291254088000187, -17.72253423399991], [31.29115509000013, -17.722440225999947], [31.291055093000125, -17.722349218999966], [31.290756101000113, -17.721883182999875], [31.290659104000156, -17.721883182999875], [31.290561107000144, -17.72188518299987], [31.288406167000176, -17.72172317099995], [31.288309170000048, -17.72172317099995], [31.28821217300009, -17.721725171999935], [31.28801517800008, -17.72172717199993], [31.28772118700016, -17.72173117199992], [31.287622190000036, -17.721637164999947], [31.286743214000182, -17.721649165999963], [31.286646217000055, -17.721649165999963], [31.28644922300009, -17.72165016599996], [31.286155231000066, -17.72165416699994], [31.286155231000066, -17.721561159999965], [31.28605623400017, -17.72156315999996], [31.285862238999982, -17.721565159999955], [31.285763242000087, -17.721565159999955], [31.285469250000062, -17.72147515299997], [31.285372253000162, -17.721477152999967], [31.28497926400007, -17.72138714599987], [31.283893294000052, -17.72074309599998], [31.283891294000114, -17.720556081999973], [31.283794297000156, -17.720558081999854], [31.28379229700016, -17.72046407499988], [31.28359430200004, -17.720277059999944], [31.283392308000032, -17.719718016999877], [31.283390308000037, -17.719625008999913], [31.283388308000042, -17.71953100199994], [31.283388308000042, -17.719435994999913], [31.28328931100009, -17.719437994999964], [31.28328931100009, -17.719343986999945], [31.28319031300009, -17.71925097999997], [31.283090316000084, -17.71915897299982], [31.282991319000132, -17.71915897299982], [31.282991319000132, -17.71906596599996], [31.282795324000176, -17.71906796599984], [31.282697327000164, -17.719069965999893], [31.282600330000037, -17.719071965999888], [31.281223368000155, -17.718523923999953], [31.28122136800016, -17.718430916999978], [31.281124371000033, -17.718430916999978], [31.281122371000038, -17.718336909999834], [31.28092737700007, -17.71834090999988], [31.280729382000118, -17.718153894999944], [31.280533388000094, -17.718062887999963], [31.280433390000155, -17.71797088099993], [31.280334393000032, -17.71797288099998], [31.279938404000063, -17.717507844999886], [31.28003540100019, -17.717507844999886], [31.28003540100019, -17.71741183799992], [31.28003140100003, -17.717224822999924], [31.28003140100003, -17.71713181599995], [31.280029401000036, -17.717037807999816], [31.28012639900004, -17.717036807999932], [31.28012639900004, -17.71694280099996], [31.2801243990001, -17.71684979399987], [31.28012339900016, -17.716755785999908], [31.280222396000113, -17.716753785999856], [31.280218396000123, -17.716566771999908], [31.280218396000123, -17.716473763999943], [31.280216396000128, -17.71637975699997], [31.280117399, -17.716286749999938], [31.280115399000067, -17.71609973499983], [31.280016401000182, -17.71609973499983], [31.280016401000182, -17.716006727999968], [31.279917404000116, -17.715914720999876], [31.279718410000157, -17.715729705999934], [31.279621412000097, -17.715729705999934], [31.279619412000102, -17.71563669899996], [31.27952241500003, -17.715638698999953], [31.27942341800008, -17.71554469199998], [31.279127426000116, -17.715361677999965], [31.27892943200004, -17.71517666299991], [31.278730437000036, -17.71508465599993], [31.27822945100013, -17.71415258399992], [31.277838462000034, -17.71415558399997], [31.277643467000132, -17.714159583999958], [31.27744747300011, -17.714161584999943], [31.277448473000163, -17.714255591999915], [31.277252478000037, -17.71425759199991], [31.27725447800003, -17.714350598999943], [31.277157481000074, -17.714352599999927], [31.277059484000063, -17.714447606999897], [31.2769644870001, -17.714541614999973], [31.276867489000097, -17.71463662199983], [31.27657549800017, -17.714733629999955], [31.276184509000075, -17.71483363799996], [31.275215536000076, -17.715498689999833], [31.27511853900012, -17.715500689999885], [31.275120539000113, -17.71559469799996], [31.275020542000107, -17.715596697999956], [31.274730550000072, -17.715786712999943], [31.274147567000114, -17.715981727999917], [31.27395257200004, -17.716076735999877], [31.273855575000084, -17.71607873599993], [31.273756578000132, -17.71607873599993], [31.273758578000127, -17.716172742999902], [31.273660580000012, -17.7161737429999], [31.27356358300011, -17.71626975099997], [31.273466586000154, -17.71626975099997], [31.273466586000154, -17.716362757999832], [31.273271591000082, -17.716366758999982], [31.273174594000125, -17.716460765999955], [31.273077597, -17.716461765999952], [31.272980600000096, -17.716463765999947], [31.272882603000028, -17.716557773999966], [31.272785605000024, -17.71655977399996], [31.272688608000067, -17.71655977399996], [31.2723946160001, -17.716656781999973], [31.2704526710001, -17.717617857999926], [31.27025667700019, -17.71761985799992], [31.270159680000063, -17.71761985799992], [31.269962685000053, -17.717623857999968], [31.269865688000095, -17.717623857999968], [31.26966869400013, -17.717625858999952], [31.26947469900017, -17.717629858999942], [31.269377702000043, -17.717629858999942], [31.269083710000075, -17.717633858999932], [31.267023768000172, -17.71718882499988], [31.266716776000123, -17.71625475299993], [31.266714776000185, -17.716067737999936], [31.266811773000086, -17.71606573799994], [31.266907771000035, -17.71587672299995], [31.267006768000158, -17.71587672299995], [31.26710176500012, -17.715781714999878], [31.267099765000125, -17.715687707999905], [31.267198762000078, -17.715685707999853], [31.267193761999977, -17.715311678999967], [31.267095765000136, -17.715311678999967], [31.26709376499997, -17.715218670999946], [31.26699676800007, -17.71522067199993], [31.266994768000075, -17.715124663999973], [31.266895771000122, -17.71503365699988], [31.26689577000002, -17.714939649999963], [31.26669777600017, -17.714848642999982], [31.266500782000037, -17.71475663599989], [31.26640178400004, -17.714663627999926], [31.266302787000086, -17.714571620999948], [31.266107793000117, -17.714573620999943], [31.26600879500012, -17.714480613999967], [31.26581280100004, -17.714484614999947], [31.26551880900007, -17.714485614999944], [31.265224817000046, -17.71439660799996], [31.265028823000193, -17.714398607999954], [31.26376185900017, -17.71469363199992], [31.263664861000166, -17.714695631999916], [31.263664861000166, -17.714789638999946], [31.263567864000038, -17.71479163899994], [31.263078878000044, -17.714794639999923], [31.26297988100015, -17.714796639999918], [31.262296900000024, -17.714804640999944], [31.26219790300007, -17.71480664099994], [31.262199903000067, -17.714899647999914], [31.262102905000063, -17.714899647999914], [31.262005908000106, -17.71499565599987], [31.26181291400013, -17.715185670999972], [31.261616919000176, -17.715187670999967], [31.26161791900006, -17.71528167899993], [31.261520922000102, -17.71528367899998], [31.26054295, -17.715292679999948], [31.260248958000034, -17.71529667999988], [31.260052963000078, -17.7152056729999], [31.25955997700015, -17.71502365899994], [31.259264985000073, -17.71483864499993], [31.25906799100011, -17.71474763799995], [31.258968993999986, -17.71465563099997], [31.258867996000163, -17.714468615999976], [31.258865996000168, -17.714281600999925], [31.258863996, -17.71418859399995], [31.258863996, -17.71409458699992], [31.258861996, -17.71399957899996], [31.25885999600007, -17.713906571999928], [31.258762999000112, -17.71390857199998], [31.258760999000117, -17.713721557999975], [31.25866400200016, -17.713721557999975], [31.258565005000037, -17.71372355799997], [31.258468007000033, -17.71372355799997], [31.258174016000112, -17.71372655799985], [31.257781027000192, -17.713637551999852], [31.25768402900019, -17.713639551999904], [31.25768402900019, -17.713545543999942], [31.25758403200018, -17.713545543999942], [31.25758403200018, -17.71345253699991], [31.25748503500006, -17.71336052999993], [31.257386038000107, -17.71336052999993], [31.257287040000108, -17.71326952299995], [31.257287040000108, -17.71317551599998], [31.257090046000144, -17.713177515999973], [31.257090046000144, -17.71308450899994], [31.256892051000193, -17.71299250099986], [31.25679305400007, -17.712899493999885], [31.25669605700017, -17.712807486999907], [31.256497062000108, -17.71271547999993], [31.256398064999985, -17.712622472999954], [31.25629906800009, -17.71252946599992], [31.256102073000193, -17.71234445099998], [31.25529209500013, -17.71029129099992], [31.25529009500019, -17.710198283999944], [31.255288918000133, -17.71010434899989], [31.251554860000113, -17.70342429499982], [31.25678025400009, -17.697866632999876], [31.258344691000104, -17.693443441999932], [31.273346579000076, -17.692934926999953], [31.275692513000024, -17.692908923999937], [31.275789510000152, -17.692908923999937], [31.27608350200012, -17.69281091599987], [31.27784145300018, -17.692789913999945], [31.283111304000045, -17.69188584099993], [31.28340329500014, -17.69188183999995], [31.28350229300014, -17.691879839999956], [31.29070806800013, -17.641468892999967]]]]}}, {"type": "Feature", "properties": {"GID_3": "ZWE.5.2.25_2", "GID_0": "ZWE", "COUNTRY": "Zimbabwe", "GID_1": "ZWE.5_1", "NAME_1": "Mashonaland East", "NL_NAME_1": "NA", "GID_2": "ZWE.5.2_2", "NAME_2": "Goromonzi", "NL_NAME_2": "NA", "NAME_3": "Ward 9", "VARNAME_3": "NA", "NL_NAME_3": "NA", "TYPE_3": "Ward", "ENGTYPE_3": "Ward", "CC_3": "NA", "HASC_3": "NA", "id": "ZWE.5.2.25_2", "name": "Ward 9"}, "geometry": {"type": "MultiPolygon", "coordinates": [[[[31.436785929000052, -17.58094609799997], [31.440100835000067, -17.578244884999833], [31.458628307000026, -17.56254264799992], [31.469481010000152, -17.582846234999977], [31.46938801200008, -17.58312825699994], [31.46929001500007, -17.583130256999937], [31.469193018000112, -17.583130256999937], [31.468997023000156, -17.583134256999813], [31.468802029000187, -17.583229264999943], [31.46860903400011, -17.58332427199997], [31.468510037000158, -17.583326272999955], [31.467154076000156, -17.58409333299994], [31.467057078000153, -17.5841883409999], [31.46705907800009, -17.58428234799993], [31.46696108100008, -17.584284347999926], [31.46676908699999, -17.58447236299986], [31.466481095000177, -17.58485239299995], [31.466290100000094, -17.58513641499991], [31.46552912200019, -17.586552526999924], [31.46552912200019, -17.5866455339999], [31.465432125000063, -17.586647533999894], [31.465436125000053, -17.586927555999978], [31.46524313100008, -17.587118570999962], [31.465247131000012, -17.587305585999957], [31.465151133000063, -17.5874945999999], [31.465054136000163, -17.587496600999884], [31.464577150000082, -17.588344666999888], [31.464579150000077, -17.588533681999877], [31.464583150000067, -17.58872069699993], [31.46448615300011, -17.588816703999953], [31.4644901530001, -17.589002718999893], [31.4644901530001, -17.589096725999923], [31.464491152999983, -17.5891897329999], [31.464593149999985, -17.58937674799995], [31.464594150000096, -17.589563762999944], [31.46460015000008, -17.589939791999882], [31.46450515300012, -17.59012880699987], [31.46440915500017, -17.590317821999975], [31.46431215800004, -17.590317821999975], [31.46421716100008, -17.590412828999945], [31.464119164000067, -17.590507836999905], [31.46392516900005, -17.59060384399993], [31.463830172000144, -17.59069885199989], [31.463732175000075, -17.59079385899986], [31.46354018000011, -17.590889866999873], [31.46334518600014, -17.590986874999942], [31.46324818800008, -17.59108188199997], [31.463055194000106, -17.591177889999926], [31.46295619700004, -17.591179889999978], [31.462861199000145, -17.591272896999953], [31.462763202000133, -17.59127489699995], [31.46266420500018, -17.591276897999933], [31.462569208000048, -17.591371904999903], [31.462374212999975, -17.591467912999917], [31.461798230000056, -17.59213096499991], [31.461798230000056, -17.59222497199994], [31.46170323200016, -17.5923199799999], [31.461705232000156, -17.592413986999873], [31.46160823500003, -17.592508994999946], [31.46160923500014, -17.59269600899995], [31.461516238000172, -17.59288502399994], [31.46142124100004, -17.593074038999873], [31.46132524300009, -17.593263053999976], [31.461329243000023, -17.593449067999813], [31.461234246000117, -17.593732089999946], [31.46114024900004, -17.594014112999957], [31.46104725200007, -17.594203126999957], [31.460951255000055, -17.59448514999991], [31.460858257000154, -17.594674163999912], [31.460764260000133, -17.59495618699998], [31.46066926300017, -17.59514520099998], [31.46066926300017, -17.595239208999942], [31.4605762650001, -17.595427222999888], [31.460480268000083, -17.595616237999877], [31.460383271000126, -17.595712245999948], [31.460290274000158, -17.59590026099994], [31.46019427600004, -17.59608927499994], [31.46009727900008, -17.596185282999897], [31.46000228200012, -17.596280290999857], [31.459902285000112, -17.596280290999857], [31.459904285000107, -17.59637329799989], [31.459807287000046, -17.596375297999884], [31.459710290000146, -17.59637729799988], [31.459710290000146, -17.596471305999955], [31.459614293000072, -17.596566312999983], [31.459517296000115, -17.596566312999983], [31.459420299000044, -17.596661320999942], [31.459029310000062, -17.596667320999927], [31.458933312000113, -17.596761328999946], [31.45873731800009, -17.59676432899994], [31.458542323000188, -17.596766328999934], [31.458443326000122, -17.59676832899993], [31.45795534000007, -17.59677432999996], [31.457760345000167, -17.596776329999955], [31.457467354000187, -17.596780330999934], [31.457369356000072, -17.59678233099993], [31.457173362000162, -17.59678433099998], [31.456784373000062, -17.59688333899993], [31.456490381000094, -17.596887338999977], [31.456393384000137, -17.596887338999977], [31.456297387000063, -17.596982346999937], [31.456198389000065, -17.596984346999932], [31.45600439499998, -17.596986346999927], [31.45590639800014, -17.597081354999943], [31.455712403000177, -17.597176361999914], [31.455617406000044, -17.59727236999987], [31.455422410999972, -17.597367376999898], [31.455227417, -17.597464384999967], [31.45493942500019, -17.59774940699998], [31.453576464000093, -17.5981424389999], [31.453383469000016, -17.59833045399995], [31.45328847200011, -17.598426460999974], [31.453192475000037, -17.598615475999964], [31.453095477000033, -17.598710482999934], [31.453002480000066, -17.598899497999923], [31.45300348000012, -17.599086512999975], [31.452908483000158, -17.59918151999983], [31.452059508, -17.601348689999895], [31.451962510000158, -17.60135069099988], [31.451962510000158, -17.60144369799997], [31.45177151600018, -17.60172771999993], [31.45167451900005, -17.601821727999948], [31.45158152100015, -17.602103749999856], [31.451485524000134, -17.60229276499996], [31.451392527000166, -17.60248177899996], [31.45139452700016, -17.60267079399995], [31.45139752700004, -17.602857808999886], [31.45140152700003, -17.603230837999945], [31.45150252400009, -17.60341785299994], [31.45150652400008, -17.603604866999888], [31.45150652400008, -17.603700874999845], [31.451605521000033, -17.603791881999825], [31.451609520999966, -17.603978896999934], [31.45161152100013, -17.604167910999934], [31.451613521000127, -17.6042609189999], [31.451516524, -17.604356925999923], [31.451518524, -17.6044499329999], [31.451420527000153, -17.604543940999974], [31.45132553000019, -17.60463894799983], [31.451035538000042, -17.60482996299993], [31.450743546000183, -17.6050219789999], [31.450453553999978, -17.605212993999885], [31.450163563000103, -17.60540400899987], [31.449872571000185, -17.60550101599995], [31.449774574000116, -17.605596023999965], [31.44977657400011, -17.605690030999938], [31.449679576000108, -17.605692030999933], [31.449679576000108, -17.605785038999954], [31.449584579000145, -17.605881045999922], [31.449486582000134, -17.605974053999887], [31.44939158500017, -17.606069060999857], [31.449296587000106, -17.60625807599996], [31.449101593000137, -17.60635608399997], [31.449006596000174, -17.606449090999945], [31.448910598000055, -17.606638105999934], [31.448815601000092, -17.60682712099998], [31.448620607000123, -17.60692412799989], [31.448622607000118, -17.607017135999968], [31.44852561000016, -17.60711314299982], [31.448332615000083, -17.60730215799998], [31.448237618000178, -17.607397164999952], [31.448142620000112, -17.607586179999885], [31.448046623000096, -17.607775194999874], [31.447951626000133, -17.60796320999998], [31.44785662900017, -17.608059216999948], [31.447663634000094, -17.608248231999937], [31.44747064000012, -17.608438246999924], [31.447278645000097, -17.608721269999933], [31.447085651000123, -17.60891128399993], [31.4469916540001, -17.609194306999882], [31.446896656000035, -17.60928931399991], [31.446799659000078, -17.609384321999983], [31.446801659000073, -17.609478328999955], [31.44670366200006, -17.609573335999983], [31.446610665000094, -17.609762350999972], [31.44651366700009, -17.609856358999934], [31.446417670000187, -17.61004437299988], [31.446322673000054, -17.61023338799987], [31.446227676000092, -17.61032939599994], [31.446131677999972, -17.610517410999933], [31.446133678000137, -17.610611417999905], [31.44603668100001, -17.610706424999933], [31.446038681, -17.610800432999895], [31.44594268400016, -17.610989447999827], [31.445750689000192, -17.611177461999944], [31.445752689000187, -17.611273469999958], [31.445656692000114, -17.61146248499989], [31.445462698000085, -17.611557491999918], [31.445366700000136, -17.611652499999877], [31.445271703000174, -17.61184151499998], [31.44507770900009, -17.61193652199995], [31.44498171100014, -17.61212553699994], [31.444983711000134, -17.612219543999913], [31.444886714000177, -17.61231455199993], [31.44488871400017, -17.612408558999903], [31.444792717000155, -17.612503566999976], [31.444697720000192, -17.612692580999976], [31.444600722000132, -17.612787588999936], [31.444602722000127, -17.612881595999966], [31.44450672500011, -17.6130696109999], [31.444508725000105, -17.61316361799993], [31.444411728000148, -17.61325862599989], [31.444415728000138, -17.61344564099994], [31.444418728000187, -17.61372666299991], [31.44495171400007, -17.616720896999936], [31.444953714000064, -17.616814903999966], [31.444855717, -17.616909911999926], [31.44466372200003, -17.61709892599987], [31.444470728000056, -17.617289940999967], [31.444375731000093, -17.61747795599996], [31.444279733000144, -17.617573963999916], [31.444279733000144, -17.61766697099995], [31.44418473600018, -17.617762978999906], [31.44418473600018, -17.61785598599988], [31.444087739000054, -17.61785598599988], [31.443991742000037, -17.61804500099987], [31.443993742000032, -17.61813800799996], [31.443898744000137, -17.618234015999974], [31.44380274700012, -17.61842202999992], [31.443705750000163, -17.618518037999934], [31.44361075300003, -17.61870705299998], [31.443612753000025, -17.618800059999842], [31.44341975800012, -17.61899107499994], [31.443324760999985, -17.619084081999972], [31.443324760999985, -17.61918008999993], [31.443226764000144, -17.61918008999993], [31.44322876400014, -17.619273096999905], [31.443131766000135, -17.61936910499992], [31.443036769000173, -17.61946411199989], [31.44284377499997, -17.61965312699988], [31.442648780000127, -17.619750134999947], [31.442553783000164, -17.619939149999936], [31.442456786000037, -17.620034156999964], [31.442360788000087, -17.620128163999937], [31.442265791000125, -17.62031617899987], [31.442168794, -17.620318178999867], [31.442172794000157, -17.620599200999948], [31.442074797000146, -17.620694208999964], [31.44207679700014, -17.620788215999937], [31.442175794000036, -17.620881223999902], [31.4422757910001, -17.62097323099988], [31.442374788000166, -17.621066237999855], [31.44247378600005, -17.62115824499989], [31.442572783000116, -17.62125125199998], [31.44267178000007, -17.621343259999946], [31.44276977700008, -17.621343258999957], [31.442771777000075, -17.62143626699998], [31.442870775000074, -17.621528273999957], [31.44287277500007, -17.621623280999927], [31.44287277500007, -17.62171628899989], [31.442875775000175, -17.621903302999897], [31.442778777000115, -17.621999310999968], [31.442586783000024, -17.622188325999957], [31.442393788000174, -17.622378340999944], [31.442103797000073, -17.62256935599987], [31.441813805000038, -17.622853377999945], [31.441718808000076, -17.62294938599996], [31.441523813, -17.62304639299998], [31.441426816000103, -17.623139400999946], [31.44133081900003, -17.62332841499989], [31.441138824000063, -17.623519429999874], [31.44094583000009, -17.623708444999977], [31.439127882000093, -17.62645166099992], [31.43912988200009, -17.626544667999895], [31.439032885000188, -17.62663967499992], [31.438937888000055, -17.626828689999968], [31.438939887000117, -17.62692269799993], [31.438843890000044, -17.627110711999933], [31.438748893000138, -17.627206719999947], [31.438653896000176, -17.627393734999885], [31.438557899000102, -17.627582748999885], [31.438462901000094, -17.627677756999958], [31.438368904000185, -17.627959778999923], [31.438273907000053, -17.628148793999912], [31.438176910000152, -17.628243800999883], [31.438080911999975, -17.62833980899984], [31.437983915000075, -17.62843481599998], [31.43798591500007, -17.628528823999943], [31.43798591500007, -17.628621830999975], [31.437888918000112, -17.628621830999975], [31.437890918000107, -17.628716838999935], [31.43779292100004, -17.628716838999935], [31.437695923000035, -17.628812845999903], [31.437600926000073, -17.62890785399992], [31.43750292900006, -17.629003860999887], [31.437504929000056, -17.629096867999863], [31.4374079320001, -17.629096867999863], [31.4374079320001, -17.629191875999823], [31.43731093400004, -17.629191875999823], [31.437213937000138, -17.62928788299996], [31.437214937000192, -17.629380890999983], [31.437117940000064, -17.629382890999977], [31.43711994000006, -17.62947689799995], [31.437022943000102, -17.62957190599991], [31.437024943000097, -17.629664912999942], [31.43702694300009, -17.629758919999915], [31.437027943000032, -17.629945934999967], [31.43702994299997, -17.63003894199983], [31.437129940000034, -17.63013294999996], [31.437325934000057, -17.63022395699994], [31.437424932000056, -17.63031596399992], [31.437623926000185, -17.63050097799993], [31.43781992099997, -17.63059198499991], [31.437918918000094, -17.630685992999872], [31.438017915000046, -17.630777], [31.438115912000058, -17.630777], [31.438214910000056, -17.630869006999944], [31.43831390700018, -17.630962013999977], [31.438607898999976, -17.63105202099996], [31.438904890000117, -17.631235034999918], [31.439200882000137, -17.631420049999974], [31.439299879000032, -17.631512056999952], [31.450331571000106, -17.637188496999954], [31.4503335710001, -17.63728150399993], [31.45043056800006, -17.637280503999932], [31.45052856500007, -17.637280503999932], [31.450629563000064, -17.63746551899993], [31.450926554000034, -17.637743539999974], [31.4511235490001, -17.63783554699984], [31.451222546000054, -17.63792655399982], [31.451619535000134, -17.638296582999885], [31.45171853200003, -17.638390590999848], [31.451720532000024, -17.63848359799988], [31.451817530000085, -17.638481597999828], [31.451819530000023, -17.63857560499997], [31.459000328000172, -17.641569836999906], [31.459097326, -17.641569836999906], [31.46091128200004, -17.658705176999888], [31.46082228400013, -17.659176213999956], [31.463147229000185, -17.68455719799988], [31.464407204000054, -17.710606233999954], [31.465083688000107, -17.72738862899996], [31.444709216000092, -17.73193475099987], [31.436015468000164, -17.733054635999963], [31.429172029000142, -17.73537792499991], [31.42233884100017, -17.73651207299997], [31.42232322800004, -17.738295405999907], [31.421497567000017, -17.7381667329999], [31.421417427000165, -17.737666364999882], [31.38699039100004, -17.724397341999975], [31.386788397000032, -17.724292333999927], [31.387716492000152, -17.723746552999955], [31.377226580000126, -17.717715353999836], [31.377286322000145, -17.715311407999877], [31.378546395, -17.715297416999874], [31.383202998000115, -17.714741328999878], [31.382696555000052, -17.71458410899993], [31.37840062500004, -17.70481081399987], [31.384820431000094, -17.6747394599999], [31.357940182999982, -17.661656446999928], [31.357843186000082, -17.661657446999982], [31.373160741999982, -17.63147007899994], [31.374516702000108, -17.628768866999906], [31.374522702000093, -17.62875686599989], [31.374776695000037, -17.628270827999927], [31.37492669100004, -17.627988804999916], [31.380934520000153, -17.623542454999836], [31.42000540700019, -17.594621175999976], [31.436785929000052, -17.58094609799997]]]]}}]}