{"type": "FeatureCollection", "features": [{"type": "Feature", "properties": {"GID_3": "ZWE.10.5.1_2", "GID_0": "ZWE", "COUNTRY": "Zimbabwe", "GID_1": "ZWE.10_1", "NAME_1": "Midlands", "NL_NAME_1": "NA", "GID_2": "ZWE.10.5_2", "NAME_2": "Gweru", "NL_NAME_2": "NA", "NAME_3": "Ward 1", "VARNAME_3": "NA", "NL_NAME_3": "NA", "TYPE_3": "Ward", "ENGTYPE_3": "Ward", "CC_3": "NA", "HASC_3": "NA", "id": "ZWE.10.5.1_2", "name": "Ward 1"}, "geometry": {"type": "MultiPolygon", "coordinates": [[[[29.231907774000092, -19.48053252299985], [29.230234501000098, -19.480322908999938], [29.230198502000064, -19.480318908999948], [29.229553519999968, -19.480228901999965], [29.22671360000004, -19.47983087399996], [29.22231172400012, -19.478058743999895], [29.222274725000034, -19.478058743999895], [29.220998760000043, -19.47731468799998], [29.21916081100011, -19.47603659299989], [29.21916081100011, -19.476000589999956], [29.219124812000075, -19.476000589999956], [29.218183838000186, -19.474935509999852], [29.2175428540001, -19.47241431999987], [29.21667687700011, -19.47024715599997], [29.215437911000095, -19.46893305699996], [29.213411967000184, -19.46762095999992], [29.213375968000094, -19.46762095999992], [29.210896036000065, -19.464606732999925], [29.208865091000177, -19.46077144399993], [29.207289134000064, -19.459529350999958], [29.206242164000116, -19.45956535499988], [29.20609216800017, -19.45956535499988], [29.206053170000132, -19.459567354999876], [29.2060171710001, -19.459531351999942], [29.202613268999983, -19.461060470999882], [29.20257427000007, -19.461097473999928], [29.20077832100003, -19.461312490999944], [29.20077832100003, -19.461347493999938], [29.200740322, -19.461347493999938], [29.200740322, -19.461312490999944], [29.198641381000186, -19.460673443999838], [29.198603382000158, -19.460673443999838], [29.196240447000093, -19.458581287999834], [29.195262473000184, -19.456164104999857], [29.195262473000184, -19.456130102999964], [29.194127501000082, -19.451261734999946], [29.19416550000011, -19.451191728999845], [29.19416550000011, -19.451155726999957], [29.193446518000144, -19.447851476999972], [29.19157156900019, -19.445900329999972], [29.18851765400018, -19.443735167999876], [29.18724168900019, -19.44263408599994], [29.187205690000155, -19.442564080999887], [29.184689759000094, -19.43947384799992], [29.181950835000123, -19.437169675999883], [29.17816694100003, -19.43564556299998], [29.17812894200017, -19.435609559999932], [29.178090943000143, -19.435609559999932], [29.175018029000114, -19.433978438999873], [29.17284208899997, -19.43195428699994], [29.17284208899997, -19.431989289999876], [29.166578262000144, -19.42623785899997], [29.166616261000172, -19.42623785899997], [29.163238354000043, -19.422722594999925], [29.16083541900008, -19.419063318999918], [29.160911417000136, -19.419063318999918], [29.160911417000136, -19.41902731599987], [29.1598934430001, -19.415689063999878], [29.1598934430001, -19.415653060999944], [29.15922045900004, -19.41206278899989], [29.159176460000026, -19.412028786999826], [29.157560503000184, -19.409404588999962], [29.156763525000144, -19.408248501999935], [29.15676552500014, -19.408185496999977], [29.15661052900009, -19.40788947499982], [29.15661052900009, -19.407449440999983], [29.156534531000034, -19.407006407999916], [29.156536530000096, -19.406565373999968], [29.15646053200004, -19.40612534099995], [29.15646053200004, -19.405682306999893], [29.156461531000048, -19.405242273999818], [29.156383533000167, -19.404874245999906], [29.156307535000053, -19.404431212999953], [29.156309534000172, -19.40406318499987], [29.156154539, -19.403769161999946], [29.156154538000123, -19.40362215099998], [29.156078540000067, -19.403474139999958], [29.156000542000186, -19.403180117999966], [29.155924544000072, -19.402886095999975], [29.155847546000132, -19.40273708399991], [29.155847546000132, -19.402590072999942], [29.155693549999967, -19.402297050999948], [29.15553855500002, -19.402001028999962], [29.155384559000083, -19.40163300099988], [29.15515356500015, -19.401264972999968], [29.15484457300016, -19.40089694599982], [29.154379586000175, -19.400526917999912], [29.154070595000064, -19.40008388399997], [29.153682605000142, -19.399715856999876], [29.153452612000024, -19.39941983499989], [29.153143620000037, -19.39919881799989], [29.15298862400016, -19.39897780099983], [29.152756631000102, -19.398756784999932], [29.152601635000053, -19.398534767999934], [29.152447639000115, -19.398388756999964], [29.152368641000123, -19.39824174599994], [29.152138648000175, -19.39801972899994], [29.151983652000183, -19.397871717999976], [29.15151866500014, -19.39742868499991], [29.15136366900009, -19.397281673999828], [29.151130676000093, -19.397134662999918], [29.150821684000107, -19.39691164599992], [29.150512693000053, -19.396618623999927], [29.150203701000066, -19.396396607999975], [29.150047705000134, -19.396248596999953], [29.149738714000023, -19.396026579999898], [29.149507720000088, -19.395805562999897], [29.14919672900004, -19.39550954099991], [29.148966735000045, -19.39536352999994], [29.148655744000166, -19.395067507999954], [29.14842475000006, -19.39492049699993], [29.1446288570001, -19.39343838799988], [29.144163870000114, -19.39336438199996], [29.143854879, -19.393215370999883], [29.143467890000068, -19.393140365999898], [29.143156898000086, -19.39306635999992], [29.14300190300014, -19.392992354999933], [29.14292390500009, -19.392992354999933], [29.142536916000154, -19.392917349999948], [29.141451947000178, -19.392841344999965], [29.140365976999988, -19.392690333999894], [29.13928100800001, -19.392614328999912], [29.139050014000077, -19.392542323999976], [29.13897201700013, -19.392540323999924], [29.138894019000077, -19.392540323999924], [29.135100125000065, -19.39076419199995], [29.134867131000135, -19.390617180999982], [29.134404144000086, -19.390394163999872], [29.13417115100009, -19.390321158999882], [29.13386016000004, -19.390173147999974], [29.133397173, -19.389951131999908], [29.13231220300014, -19.389801120999948], [29.131848216000037, -19.38957910499994], [29.13076324700006, -19.38935408799989], [29.13037625800007, -19.389208076999978], [29.129988269000023, -19.389059065999902], [29.129678277000153, -19.388984060999917], [29.12944728400015, -19.388836049999952], [29.129290288000107, -19.388836049999952], [29.12921429000005, -19.38876304499985], [29.128981297000053, -19.388689038999928], [29.12782733000006, -19.38868503999987], [29.126923355000088, -19.388529028999926], [29.12617437600005, -19.38859903499997], [29.12617437600005, -19.388565031999974], [29.125529395000058, -19.3888260519999], [29.125415398000143, -19.3888260519999], [29.125104407000094, -19.388899057999822], [29.124795416000154, -19.388971063999918], [29.124562423000157, -19.38904306899991], [29.124251431000175, -19.3890430699999], [29.12409743600017, -19.389116074999947], [29.124018438000178, -19.389116074999947], [29.12386444200007, -19.389116075999937], [29.123786445000064, -19.38918808099993], [29.12117351900008, -19.389400098999886], [29.120395541, -19.389099076999855], [29.11917257500005, -19.388401024999894], [29.11765961700013, -19.38753695999992], [29.114289710000094, -19.384757751999928], [29.110162825000145, -19.38186753599996], [29.1097748360001, -19.38164651999989], [29.109387847000164, -19.381423502999894], [29.10892286000012, -19.38120148599984], [29.108613868000134, -19.38105347499993], [29.108458872000085, -19.38090646399985], [29.108380875000137, -19.38090646399985], [29.104743976000066, -19.378615292999882], [29.104356987000074, -19.37846628199992], [29.103968998000028, -19.378317270999958], [29.10381500200009, -19.37817125999993], [29.103739004000033, -19.37817125999993], [29.10071908800012, -19.376691149999942], [29.100254101000075, -19.376395127999956], [29.099171132000095, -19.376170111999897], [29.098705145000167, -19.375949095999943], [29.098396154000113, -19.375800084999923], [29.098163160000183, -19.37572507899995], [29.09808516200013, -19.37572507899995], [29.092743312000096, -19.373428908999927], [29.092417321000028, -19.373296898999968], [29.09229604, -19.37357405199998], [29.092275325000173, -19.373613923999983], [29.092033332000142, -19.373476912999934], [29.092033332000142, -19.373441910999873], [29.092138329000022, -19.373205892999977], [29.098825126000065, -19.358231749999902], [29.10230102400004, -19.354006426999888], [29.111306760000048, -19.343662633999884], [29.117785570000137, -19.336198061999937], [29.117785570000137, -19.33616405999993], [29.12604232700005, -19.32660532699998], [29.12770027800019, -19.324467163999884], [29.13125117400017, -19.31988781299998], [29.141191884000023, -19.310964126999977], [29.154245504000073, -19.29891620099994], [29.170719023000174, -19.283414009999888], [29.185820583, -19.269372930999964], [29.19459832800004, -19.262012363999872], [29.203934057000026, -19.253939742999933], [29.20446304100011, -19.253410702999872], [29.20450504000013, -19.25344970599997], [29.204909029000078, -19.25363971999991], [29.205353016000117, -19.253851734999955], [29.20542801400012, -19.253851734999955], [29.206649980000122, -19.25413375599993], [29.206674979000184, -19.25413375599993], [29.206699978000188, -19.25413375599993], [29.206798976000186, -19.254156757999965], [29.207796947000077, -19.25432276899994], [29.207821947000184, -19.25432276899994], [29.207870944999968, -19.25432276899994], [29.20794594300014, -19.25432276899994], [29.20961589600006, -19.254154754999888], [29.209640895000064, -19.254131753999957], [29.21225382000017, -19.253182678999906], [29.213672779000092, -19.25251862799996], [29.214073768000105, -19.252543628999888], [29.214122767000163, -19.252543628999888], [29.215345732, -19.253203678999967], [29.215345732, -19.253227679999895], [29.21537073200011, -19.253250681999873], [29.217092684000136, -19.25469279099991], [29.21711768299997, -19.25469279099991], [29.21711768299997, -19.25471779299994], [29.219062629000177, -19.255945883999914], [29.22038659200018, -19.256703940999955], [29.221685557000114, -19.258193052999957], [29.222433536000096, -19.258775096999898], [29.222992521000094, -19.25921012999993], [29.22563544700006, -19.26027220899988], [29.22882835700011, -19.261216277999893], [29.230024323000123, -19.261440293999954], [29.230598307000037, -19.261546301999942], [29.23062330600004, -19.261546301999942], [29.2317202750001, -19.261665309999955], [29.23174427400005, -19.26168731199988], [29.232893242000102, -19.262254353999936], [29.234914187000072, -19.264312508999865], [29.23604015600006, -19.266086642999937], [29.237564114, -19.26741074299997], [29.240308038000023, -19.269298883999966], [29.24243097900012, -19.27069298899994], [29.244403923999982, -19.27225310599988], [29.246459867000056, -19.27364820999992], [29.249112793000165, -19.27539834199996], [29.250079766000113, -19.2760363889999], [29.25010476600005, -19.2760363889999], [29.2512357330001, -19.275816371999838], [29.251290732000143, -19.27584737399991], [29.25191071600011, -19.277523500999962], [29.252011714000105, -19.278986611999926], [29.25304768600006, -19.280325712999968], [29.254582643000106, -19.2809117569999], [29.256398591000107, -19.281056765999892], [29.256398591000107, -19.28102976399998], [29.257937548000143, -19.28106776599992], [29.257966547000137, -19.28106776599992], [29.259059516000093, -19.281519799999955], [29.259829495000076, -19.28183882299993], [29.26202143400019, -19.28335093699991], [29.262032433000115, -19.283367937999913], [29.26272541500009, -19.284889052999915], [29.264550365000105, -19.287410242999954], [29.266978299000073, -19.29032646299993], [29.269305234000115, -19.291780571999823], [29.270897190000028, -19.292392616999905], [29.270924189000084, -19.292392616999905], [29.271006186000193, -19.292392616999905], [29.273018129000093, -19.29188557699996], [29.273074127000143, -19.29188557699996], [29.275080071, -19.292135594999877], [29.276164040000083, -19.29229960699996], [29.276908019000075, -19.29209558999986], [29.27937794899998, -19.29281764299992], [29.27937894900009, -19.292791641999884], [29.28104990300011, -19.293796716999907], [29.28104990300011, -19.29382371899993], [29.28180788300017, -19.295604853999976], [29.28272885800004, -19.29751599799988], [29.282993851000015, -19.2978350219999], [29.284284816000024, -19.29938213899993], [29.285038796000038, -19.30189432899988], [29.286378759000172, -19.30271439099988], [29.287891716, -19.30288240199991], [29.288656695000157, -19.303126419999955], [29.29006065500016, -19.30357645299995], [29.291925603000095, -19.30426650399994], [29.29192760300009, -19.30424250299984], [29.29200960000003, -19.30424250299984], [29.294179539000083, -19.304545523999934], [29.295770495000056, -19.305260576999956], [29.297494447000076, -19.306761689999973], [29.299188400000162, -19.308392812999955], [29.30136633900014, -19.309426889999884], [29.303426281000043, -19.309937926999964], [29.303426281000043, -19.309964928999932], [29.305532223000057, -19.311702058999913], [29.30692118500002, -19.313880223999945], [29.308483142000057, -19.31477929099998], [29.30880713300013, -19.315669357999923], [29.31034409, -19.31630540599997], [29.31077307800018, -19.316490418999933], [29.314732967000168, -19.318189545999815], [29.314732967000168, -19.318216547999896], [29.317662886, -19.3202206979999], [29.31979882600018, -19.321609801999898], [29.319819826000128, -19.321655804999978], [29.323748716000125, -19.32352694399998], [29.32377771500012, -19.32355294599995], [29.32501868100013, -19.324503017999916], [29.32618864900013, -19.32668018199996], [29.327387616000124, -19.328253300999904], [29.327883602000156, -19.32820629699995], [29.32890457300016, -19.327898272999846], [29.32940355900007, -19.32799027899989], [29.32994754400005, -19.32808928699984], [29.332560470000033, -19.328263297999854], [29.332560470000033, -19.328236295999943], [29.334702409000045, -19.328957348999893], [29.336566357000095, -19.329987425999946], [29.337777323000125, -19.330126435999887], [29.33783232200011, -19.330126434999897], [29.340388249000114, -19.33048346099997], [29.34212020000018, -19.330548463999833], [29.34212020000018, -19.330573465999862], [29.34332716600005, -19.33115650999997], [29.343350166000164, -19.33115650999997], [29.344311140000116, -19.33231259699994], [29.34601309200002, -19.332871637999915], [29.346039091000137, -19.332871637999915], [29.346095089000187, -19.33289863999994], [29.347466051000083, -19.33353568699988], [29.347466051000083, -19.333559688999912], [29.347495050000077, -19.333559688999912], [29.347548049000125, -19.333561688999907], [29.34906100600017, -19.333805706999954], [29.34906100600017, -19.333779704999927], [29.350971951000076, -19.333504681999898], [29.35206992100018, -19.33382670599991], [29.35343588300003, -19.33545382899996], [29.35417786200003, -19.335564836999936], [29.356374800000083, -19.33625688799998], [29.358402744000045, -19.337653991999957], [29.358402744000045, -19.33767999399987], [29.35842874300016, -19.33767999399987], [29.359254720000024, -19.33776399999988], [29.359281719000023, -19.33776399999988], [29.36109766800007, -19.337696992999952], [29.362337632000163, -19.337653988999932], [29.363378603000058, -19.338338039999883], [29.365680539000095, -19.339790148999953], [29.367080500000043, -19.34021717999991], [29.368015473000014, -19.340276183999947], [29.37025040900005, -19.3392711059999], [29.370306408000147, -19.339273105999894], [29.370773394000025, -19.339406115999964], [29.370773394000025, -19.339380113999937], [29.371065386000055, -19.339679136999905], [29.372302352000077, -19.34095723299987], [29.37231435199999, -19.34095723299987], [29.372686342000065, -19.341913304999935], [29.37317032900006, -19.34315639899995], [29.37317032900006, -19.343183400999976], [29.37314233000012, -19.343183400999976], [29.374055307000106, -19.34661166099994], [29.375453270000037, -19.349309864999952], [29.375802261000047, -19.350852981999935], [29.375802261000047, -19.35087998399996], [29.375902259000156, -19.352448102999915], [29.376667238000095, -19.353419175999875], [29.3766382390001, -19.353497181999956], [29.378829178000103, -19.355078299999946], [29.380165142000124, -19.35712545499996], [29.381221115000017, -19.35997667099997], [29.38126511400003, -19.36064272099992], [29.38137211200018, -19.362198838999973], [29.38134511300018, -19.362198838999973], [29.380575138000154, -19.36642616099988], [29.379478172000177, -19.370231449999892], [29.37950117200012, -19.37106951399994], [29.38056714300012, -19.3720415869999], [29.38056714300012, -19.372068588999923], [29.38276208100018, -19.37297065599995], [29.382791081000107, -19.37299565799998], [29.38476502500015, -19.373975730999973], [29.384876022000185, -19.374002732999884], [29.386326982000185, -19.37521382299991], [29.386326982000185, -19.375187820999884], [29.387743944000192, -19.377390987999945], [29.387743944000192, -19.377416989999972], [29.38881291400014, -19.37815304499992], [29.38884091300008, -19.37815304499992], [29.389885883000034, -19.37813204199989], [29.39330778500016, -19.3766659289999], [29.39479574300003, -19.376335901999937], [29.394823742000085, -19.376335901999937], [29.39572971600012, -19.37662892399993], [29.39575671600005, -19.376655925999955], [29.398638635000168, -19.378188039999884], [29.401663551000183, -19.38029719799988], [29.401663551000183, -19.380271195999967], [29.40305751300008, -19.381899318999842], [29.40305751300008, -19.381951322999953], [29.404087485, -19.384492514999977], [29.404087485, -19.384518516999947], [29.404086485000107, -19.384570520999944], [29.40408648600004, -19.384623524999824], [29.404227485000035, -19.388568823999947], [29.404200485000104, -19.388568823999947], [29.40417148600011, -19.38859282599998], [29.40409749100013, -19.39196408199996], [29.40409749100013, -19.391990083999872], [29.40409749100013, -19.39201508499997], [29.40477647299997, -19.393430191999983], [29.40477647299997, -19.39345719399995], [29.40597844000007, -19.394769292999968], [29.40600643900018, -19.394769292999968], [29.408389373000148, -19.396665434999818], [29.40920535100014, -19.398185549999937], [29.410099328000115, -19.40072274199997], [29.410456318000172, -19.400934756999902], [29.410483317, -19.400961758999927], [29.410483317, -19.400934756999902], [29.410948304000044, -19.40122477899996], [29.412354264000044, -19.401024762999896], [29.412354264000044, -19.40099776099987], [29.415450174, -19.398798591999935], [29.415478174000043, -19.398798591999935], [29.417330120000145, -19.397241471999962], [29.41735911900014, -19.397241471999962], [29.418301091000103, -19.3961503889999], [29.418301091000103, -19.396099384999957], [29.41912906800013, -19.39586636699994], [29.41915606700013, -19.39586636699994], [29.42000804300011, -19.39597537399993], [29.420037042000104, -19.39597537399993], [29.420119040000145, -19.395977373999926], [29.42151900000016, -19.396612421999976], [29.423431947999973, -19.3989485969999], [29.4257968820001, -19.401104758999963], [29.428153817000123, -19.40286889099997], [29.428867797000066, -19.40316091299991], [29.42889379600018, -19.40316091299991], [29.42889379600018, -19.40313591099988], [29.428949795000108, -19.40313591099988], [29.429059792000032, -19.40316291299996], [29.42991276700019, -19.403167912999947], [29.42991276700019, -19.40314191099992], [29.429996765000055, -19.40311690899989], [29.430105762000096, -19.40311690899989], [29.43021575900002, -19.403143910999916], [29.43090280400014, -19.403023583999982], [29.430770529000142, -19.40388164199993], [29.38051186500013, -19.44262287099997], [29.354176170000073, -19.471735235999915], [29.420640681000066, -19.562237514999936], [29.317926125000042, -19.618507294999915], [29.31791106700001, -19.618507537999847], [29.317802129000086, -19.6185092959999], [29.31771813100005, -19.6185092959999], [29.317636133, -19.61851129599995], [29.31751213700005, -19.61847329299985], [29.31742813900007, -19.61847429299985], [29.31738814000005, -19.61847429299985], [29.317386140000053, -19.618434289999982], [29.317346142000076, -19.618436290999966], [29.317344142000138, -19.61839628699994], [29.317304143000115, -19.61839628799987], [29.316461166000067, -19.61731320599995], [29.316459166000072, -19.617275202999906], [29.316457166000077, -19.617157194999947], [29.316455166000082, -19.617000182999902], [29.316454166000028, -19.61684417099997], [29.316410167000186, -19.616647155999942], [29.316366168, -19.616453140999965], [29.316280170000027, -19.61629612999991], [29.316236171000185, -19.616140117999976], [29.316150174000086, -19.615905099999964], [29.31606617600005, -19.615789091999886], [29.315980178000075, -19.61563407999995], [29.31593917900011, -19.615516070999945], [29.315853182000012, -19.615400061999935], [29.31577118399997, -19.615322055999968], [29.31560118800013, -19.615089038999884], [29.31551519100003, -19.614934026999947], [29.315473192000013, -19.61477801599989], [29.31525619700011, -19.614073962999896], [29.31525619700011, -19.614033959999972], [29.315254197000115, -19.613917950999962], [29.31525219700012, -19.613839944999825], [29.315250197000125, -19.613720935999936], [29.31524819700013, -19.61360292699993], [29.315246197000192, -19.613368908999917], [29.315244197000027, -19.613289902999952], [29.315515189000052, -19.612416836999955], [29.315877177000175, -19.611243747999936], [29.315958175000105, -19.611124738999877], [29.316040173000147, -19.611084735999952], [29.316080171000067, -19.611004729999877], [29.316080171000067, -19.610966726999948], [29.31612017000009, -19.61092672399991], [29.316160169000113, -19.610846717999948], [29.316242167000155, -19.61076871199998], [29.316324164000093, -19.610688705999962], [29.316406162000135, -19.610609699999884], [29.31648615900008, -19.610489690999827], [29.31656815700012, -19.610371681999936], [29.316608156000143, -19.61025367299993], [29.316606156000148, -19.610136663999924], [29.31664615500017, -19.610056657999962], [29.316644155000176, -19.60997865199988], [29.316684153000153, -19.609860642999934], [29.31668215300016, -19.60974263399993], [29.316680153000164, -19.60962562499992], [29.316679153000052, -19.609507616999906], [29.316679153000052, -19.60942961099994], [29.316677153000057, -19.609389607999844], [29.316677153000057, -19.609311601999934], [29.316677153000057, -19.60927259899995], [29.31667515300012, -19.60919459299987], [29.3166331540001, -19.60919459299987], [29.3166331540001, -19.609154589999946], [29.316591155000083, -19.609116586999903], [29.31650715800015, -19.60904058099993], [29.31646515900013, -19.608962574999964], [29.31545618700011, -19.60791449699991], [29.31537218900013, -19.6077984879999], [29.315288191000093, -19.60768247999988], [29.315246192000075, -19.60764447699995], [29.315160195000146, -19.607487464999906], [29.315118196000128, -19.607449461999977], [29.31503419800015, -19.60729344999993], [29.31499219900013, -19.607214444999897], [29.314951200000166, -19.607176441999968], [29.314909200999978, -19.607138438999982], [29.313167248000184, -19.60410221099994], [29.3131252500001, -19.604023204999976], [29.313041252000062, -19.60390719599991], [29.312999253000044, -19.603829189999942], [29.312957254000025, -19.603789186999904], [29.312789259000112, -19.603634175999957], [29.31266426200017, -19.60355816999987], [29.311369298000102, -19.602711106999948], [29.311203303000127, -19.6026751039999], [29.31103730799998, -19.602599098999917], [29.31087131200013, -19.602522092999948], [29.310663318000138, -19.602446086999976], [29.31049532300017, -19.602370081999823], [29.310371326000165, -19.60233207899995], [29.31020533100019, -19.60225507299998], [29.310039336000045, -19.602219070999922], [29.309873340000138, -19.60218106799988], [29.30804839200016, -19.601851043999943], [29.307922396000038, -19.601813041999833], [29.30788039700019, -19.60177503899996], [29.307840398000167, -19.60177503899996], [29.30779839900015, -19.60177503899996], [29.307714401000112, -19.60169803299982], [29.307588405, -19.601622027999838], [29.307462408000163, -19.601506018999828], [29.307338412000036, -19.60142801299986], [29.30721241500015, -19.60131300399985], [29.30708741900014, -19.601196995999942], [29.306961422000086, -19.601118989999975], [29.306900423000116, -19.599746885999934], [29.30694042200014, -19.59962887699993], [29.307022419000077, -19.599510867999925], [29.307060418000106, -19.59939185899998], [29.30710041700013, -19.5993138529999], [29.307140416000152, -19.599195844999883], [29.307180414000072, -19.599117838999916], [29.30722241300009, -19.599077835999935], [29.307262412000114, -19.59899782899987], [29.307302411000137, -19.598918822999906], [29.30734241000016, -19.59884081799993], [29.30734241000016, -19.59880081499989], [29.307910392999986, -19.598009753999918], [29.30799139000004, -19.597852741999873], [29.308071388000087, -19.597694729999944], [29.308109387000115, -19.597536717999958], [29.308149385000036, -19.597379706999902], [29.308147385000098, -19.59722369499997], [29.308185384000126, -19.59706468299987], [29.30818338400013, -19.59683066499997], [29.308181384000136, -19.596712655999966], [29.308137385000123, -19.59659564699996], [29.308137385000123, -19.596555643999864], [29.30813638500007, -19.596477637999953], [29.307708396000066, -19.595502564999947], [29.307624399000133, -19.595386555999937], [29.30758140000006, -19.595268546999932], [29.307497402000024, -19.595191541999952], [29.307413403999988, -19.59503552999996], [29.307371406000073, -19.594997526999975], [29.307329407000054, -19.594959523999933], [29.307287408000036, -19.59491952099995], [29.305950445000178, -19.59407445799991], [29.305950445000178, -19.593995451999945], [29.30586644699997, -19.59395744999989], [29.305824449000056, -19.593879443999924], [29.305740451000077, -19.593801437999957], [29.30569845200006, -19.593763434999914], [29.30569845200006, -19.593723431999933], [29.30565645300004, -19.593725431999815], [29.30565645300004, -19.593685428999947], [29.305614454000192, -19.59364642599985], [29.30356051100017, -19.591829290999954], [29.303436515000044, -19.59175228499987], [29.30326851900014, -19.591636275999974], [29.30305852500004, -19.59148226499991], [29.302724534000163, -19.591173241999854], [29.302557539000134, -19.59105623299996], [29.302431543000182, -19.590902220999965], [29.302347545000146, -19.590864217999865], [29.301343573000054, -19.590053157999876], [29.30126057500013, -19.58997515199991], [29.29836265500012, -19.587073934999978], [29.29643070800006, -19.585018780999974], [29.296304712000108, -19.584864769999967], [29.29617871500011, -19.58466975499988], [29.29605171800017, -19.584475739999903], [29.29592572200005, -19.58428072599986], [29.29583972400019, -19.58408471099989], [29.29571172800007, -19.583889695999915], [29.295627730000092, -19.583695681999927], [29.295539732000066, -19.583460663999972], [29.295496733000164, -19.583226645999957], [29.29545273400015, -19.583031631999972], [29.295408734999967, -19.582835616999944], [29.29536473600018, -19.58264060199997], [29.29536073600019, -19.582444586999884], [29.295358736000026, -19.582287574999953], [29.29535673600003, -19.582091560999913], [29.295354736000036, -19.58197255199991], [29.295393735000175, -19.581816539999977], [29.295393735000175, -19.58173853399984], [29.295431734000033, -19.58158052199991], [29.295471732000124, -19.58146151299991], [29.29555173000017, -19.581343503999904], [29.29563372800004, -19.58118749199997], [29.295755724000173, -19.581066482999915], [29.29591771900016, -19.580908470999816], [29.29612171300016, -19.580710455999963], [29.29628570800014, -19.580550442999936], [29.29644770400006, -19.580391430999953], [29.296653698000057, -19.580271421999953], [29.29685769200006, -19.580151412999953], [29.29702168700004, -19.580031403999897], [29.29718568200019, -19.579913394999892], [29.297390676000077, -19.57975238199998], [29.29755467200016, -19.579632372999924], [29.29771866700014, -19.57951436399992], [29.29788266200012, -19.579394354999863], [29.298088656000118, -19.579274345999977], [29.298250651000103, -19.579153335999877], [29.298414647000186, -19.579033326999934], [29.298536643000148, -19.57891531799993], [29.298660640000037, -19.578835311999967], [29.300539585000138, -19.577126180999926], [29.300703580000118, -19.577006171999983], [29.30082557600008, -19.576847159999943], [29.300905574000126, -19.57669114799984], [29.301027570000088, -19.576571138999952], [29.301107568000134, -19.57641312699991], [29.30118756600018, -19.57625611499998], [29.30126756300018, -19.57609810299988], [29.301307561999977, -19.57594009099995], [29.301387560000023, -19.575783078999848], [29.30142755800017, -19.57562506699992], [29.301467557000024, -19.575547060999952], [29.3015085560001, -19.57546605499988], [29.30158455300011, -19.574995019999903], [29.301582553000117, -19.574917013999936], [29.30158055300012, -19.574761001999832], [29.301578553000127, -19.57464299299994], [29.30157655300013, -19.574525983999933], [29.30157655300013, -19.574485980999896], [29.30157655300013, -19.57444597799997], [29.301534554000114, -19.57440797499993], [29.30153255400012, -19.574369971999886], [29.301490555000157, -19.57429196599992], [29.301406558, -19.574212960999944], [29.301281561000053, -19.574096951999934], [29.301239562000035, -19.574058948999834], [29.301197563000073, -19.573980942999924], [29.301071567000122, -19.573903936999955], [29.300945570000067, -19.573787928999877], [29.30082157400011, -19.573711922999962], [29.30065357900014, -19.573594913999898], [29.300529582000138, -19.573556911999958], [29.30048758300012, -19.573518908999915], [29.3004455840001, -19.573518908999915], [29.300363587000163, -19.573480905999872], [29.300321588000145, -19.573442902999943], [29.30023759000011, -19.573444902999938], [29.30019559100009, -19.573404899999957], [29.30003159600011, -19.573406900999885], [29.299947598000074, -19.573367897999958], [29.299739604000138, -19.57337189799989], [29.299575609000158, -19.573373897999886], [29.298336644000017, -19.573467905999962], [29.298004654000124, -19.573470906999944], [29.297798660000126, -19.57347290699994], [29.29750866800009, -19.573476907999975], [29.297342673000117, -19.57347890799997], [29.297260675000075, -19.573440904999927], [29.297134678000077, -19.573404902999982], [29.29701068200012, -19.57336689999994], [29.296844687000146, -19.57328989399997], [29.29663669200005, -19.57317388599995], [29.296218704000125, -19.57294486899991], [29.296093708000058, -19.572866862999945], [29.295927712000037, -19.572789856999975], [29.295759717000067, -19.57267584899995], [29.295633720000012, -19.57255983999994], [29.295509724000055, -19.57248283399997], [29.29534172800004, -19.57236682499996], [29.295175733000065, -19.572250816999883], [29.295007738000095, -19.572095804999947], [29.29483974200008, -19.571941793999883], [29.29471474600001, -19.571824784999876], [29.294546751000098, -19.571710775999975], [29.29446275300006, -19.571594767999954], [29.294378755000025, -19.571475758999952], [29.29332378400005, -19.570039650999888], [29.293195787, -19.56984563599991], [29.293069791000107, -19.56968862499997], [29.29298579300007, -19.56957261599996], [29.29294279400017, -19.569455606999952], [29.292858796000132, -19.56929959499996], [29.29277479900003, -19.569261592999908], [29.29273280000018, -19.56918358699994], [29.292648802000144, -19.56910658099997], [29.292522806000193, -19.56902857499989], [29.29244080799998, -19.568952569999908], [29.29235681000017, -19.56887456399994], [29.29223081400005, -19.568836560999898], [29.29210681700016, -19.56875955499993], [29.292022820000057, -19.568721551999886], [29.29198082100004, -19.568683549999946], [29.29193882200019, -19.568683549999946], [29.29185682399998, -19.568645546999903], [29.291688829000066, -19.56856954099993], [29.291481835000127, -19.56849253499996], [29.29127384100019, -19.56841652999998], [29.29114984400013, -19.56838052699993], [29.291107845000113, -19.56838052699993], [29.291025848000174, -19.56838052699993], [29.28878991100015, -19.568252518999884], [29.288541918000192, -19.56821651699994], [29.288292925000064, -19.56813951099997], [29.288084931000128, -19.568063505999817], [29.28787893700013, -19.568067505999977], [29.287794939000094, -19.568067505999977], [29.28622098400018, -19.567930496999907], [29.286012990000188, -19.567853490999937], [29.28576499700017, -19.56781748899988], [29.285680999000135, -19.567819488999874], [29.285641000000112, -19.567819488999874], [29.285443006000094, -19.56774348299996], [29.285275011000124, -19.56772948199989], [29.283616057000188, -19.566623399999855], [29.283616057000188, -19.56659439799995], [29.282307093000043, -19.565065282999967], [29.282305093000048, -19.56503628099989], [29.281987101000027, -19.56379618699998], [29.28126211800003, -19.55982288799993], [29.281260118000034, -19.559765882999898], [29.281260118000034, -19.559736880999935], [29.28125811800004, -19.55968187699989], [29.28125811800004, -19.55962487299996], [29.28122811900016, -19.559569867999926], [29.281197120000172, -19.559540865999963], [29.280999123000186, -19.556717652999964], [29.28099712300019, -19.556547639999906], [29.281491105000043, -19.55238632499993], [29.281487105000053, -19.552244313999836], [29.281197112000143, -19.55100522099997], [29.281132114000116, -19.550610190999976], [29.28113011400012, -19.55049718199996], [29.28109811500002, -19.550442177999855], [29.280198139000163, -19.548365021999928], [29.279730151000024, -19.547155930999907], [29.279523155000106, -19.54549180499987], [29.280078138000135, -19.54311162399995], [29.280148135000104, -19.542064544999903], [29.280146135000166, -19.541923534999967], [29.28014413500017, -19.54181052599995], [29.280173134000165, -19.541724518999843], [29.28056812000017, -19.538724291999927], [29.28056412000018, -19.53852627699996], [29.28056412000018, -19.538469272999976], [29.280339124000193, -19.535844073999897], [29.280335124000032, -19.535590054999943], [29.280232126000044, -19.534456969999894], [29.280198127000176, -19.53439596499993], [29.279830136000044, -19.532261803999972], [29.277320203999977, -19.529164570999967], [29.277289204999988, -19.529078564999963], [29.27722820700012, -19.52899455799985], [29.27713620900016, -19.528883549999875], [29.277075211000067, -19.52877154199996], [29.276984213000162, -19.528715537999858], [29.276864217000025, -19.528576526999814], [29.27674222000013, -19.52843751699993], [29.276650223000104, -19.528298505999885], [29.27658722400008, -19.52818549799997], [29.276526226000044, -19.528101490999916], [29.276436228000023, -19.527989482999885], [29.27631423200006, -19.527878474999966], [29.276192235, -19.52773946399992], [29.27607023800016, -19.527599453999983], [29.275950242000135, -19.527489445999947], [29.27480627300008, -19.525997332999907], [29.27472927500014, -19.525963330999957], [29.27460327900019, -19.525925327999914], [29.274190290000035, -19.525774316999957], [29.273940297000024, -19.5257383149999], [29.273692304, -19.525662308999927], [29.273442311000053, -19.52554729999997], [29.272860328000093, -19.525437292999925], [29.272610335000138, -19.525322283999913], [29.272402341000145, -19.52520827599983], [29.272236345000067, -19.525091266999937], [29.271985352, -19.524859248999974], [29.271901355000068, -19.524782243999937], [29.27181735700009, -19.52470423799997], [29.27164936200012, -19.524550225999917], [29.271523365000064, -19.524393214999975], [29.271355370000094, -19.524239202999922], [29.27114537500006, -19.52400618599995], [29.270930381000028, -19.523461143999953], [29.270762386000058, -19.523228126999925], [29.270594390000042, -19.52299310899997], [29.270424395000077, -19.522801094999977], [29.270299398000134, -19.522566076999965], [29.270129403, -19.52233305999988], [29.27004540500019, -19.52221705099987], [29.27000340600017, -19.522139044999903], [29.269917409000072, -19.521982032999972], [29.269917409000072, -19.521942029999934], [29.269875410000054, -19.52190402699989], [29.269833411000036, -19.521826021999914], [29.269707414000038, -19.521710012999904], [29.269623417000105, -19.52159300399984], [29.26794146300017, -19.519574852999938], [29.26772646800009, -19.51902981199993], [29.267558473000122, -19.518834796999954], [29.267348479000134, -19.518640781999977], [29.267180483000118, -19.518407764999893], [29.267054487000166, -19.518252752999956], [29.266968489000135, -19.51809674099991], [29.266842493000183, -19.51794272999996], [29.266589499000077, -19.51747269499998], [29.26646150300013, -19.517318682999928], [29.266377505000094, -19.51716167099994], [29.26633350600008, -19.51704566199993], [29.266163511000173, -19.516734638999935], [29.265147538, -19.514903500999935], [29.265105539, -19.514865497999892], [29.26489554500006, -19.514711486999943], [29.26468555100007, -19.51451647199997], [29.264435558000116, -19.514283454999884], [29.261897629000146, -19.513217375999886], [29.26164963600013, -19.51314136999997], [29.261069652000117, -19.513070364999976], [29.260800660000086, -19.51301936199991], [29.257979739000177, -19.51199328599995], [29.257949740000072, -19.511966283999925], [29.256850770000085, -19.510614182999973], [29.256575777000023, -19.510036138999908], [29.25634678400013, -19.509559102999958], [29.25634678400013, -19.509519099999864], [29.256304785000168, -19.509481096999934], [29.256304785000168, -19.50940209099997], [29.256260786000155, -19.50928608299995], [29.256175788000064, -19.509090067999978], [29.256133789000046, -19.508933055999933], [29.256129789000056, -19.50877704399994], [29.256087790000038, -19.508620031999897], [29.256079790000115, -19.508189], [29.25607779000012, -19.50803298799991], [29.25607779000012, -19.507954981999944], [29.256075790000125, -19.507835972999942], [29.25597479200013, -19.506504871999937], [29.255931793000173, -19.506386862999875], [29.255889793999984, -19.50627085499997], [29.255845795000027, -19.506113842999923], [29.255801796000185, -19.505997833999913], [29.255801796000185, -19.50587982499991], [29.25575779700017, -19.505800818999944], [29.25575779700017, -19.505722812999977], [29.255755797000177, -19.505644806999953], [29.25423383800012, -19.503191622999907], [29.25398184500017, -19.502880598999923], [29.253855849000047, -19.502766590999897], [29.253811850000034, -19.50268858499993], [29.25377185100018, -19.502647581999838], [29.253769851000186, -19.502609578999966], [29.253729852000163, -19.502609578999966], [29.251393917000087, -19.501108466999938], [29.25096692900007, -19.50083444699993], [29.249985957000092, -19.500404414999934], [29.249947958000064, -19.500382412999897], [29.2487329920001, -19.499809370999913], [29.24784601600004, -19.49927333099987], [29.24600906800015, -19.498104243999876], [29.244917097000098, -19.496008085999904], [29.24374712700012, -19.492532823999966], [29.243704126000182, -19.489972629999954], [29.242122168000037, -19.486564372999965], [29.242086169000174, -19.486564372999965], [29.239908229000093, -19.484115188999965], [29.23754529500013, -19.48273208599994], [29.237432298000158, -19.482661080999947], [29.235220360000085, -19.481883022999966], [29.235145362000083, -19.481811017999917], [29.232782428000178, -19.480640930999925], [29.23216644600018, -19.480564925999943], [29.231907774000092, -19.48053252299985]]]]}}, {"type": "Feature", "properties": {"GID_3": "ZWE.10.5.2_2", "GID_0": "ZWE", "COUNTRY": "Zimbabwe", "GID_1": "ZWE.10_1", "NAME_1": "Midlands", "NL_NAME_1": "NA", "GID_2": "ZWE.10.5_2", "NAME_2": "Gweru", "NL_NAME_2": "NA", "NAME_3": "Ward 10", "VARNAME_3": "NA", "NL_NAME_3": "NA", "TYPE_3": "Ward", "ENGTYPE_3": "Ward", "CC_3": "NA", "HASC_3": "NA", "id": "ZWE.10.5.2_2", "name": "Ward 10"}, "geometry": {"type": "MultiPolygon", "coordinates": [[[[29.898460379000085, -19.291015075999894], [29.899002335000148, -19.25060700299997], [29.898674344000085, -19.25012196599988], [29.898674344000085, -19.24995395399992], [29.898885330000155, -19.238708097999904], [29.89897332700008, -19.23854208499995], [29.89897332700008, -19.238374071999885], [29.908474046000038, -19.2229518929999], [29.908381872000064, -19.222625173999973], [29.915557338999974, -19.232039], [29.921783553000182, -19.241904138999928], [29.92424438100005, -19.24416429199988], [29.924305507000156, -19.247612545999914], [29.92676646100017, -19.24987264799995], [29.928550043000143, -19.259425245999978], [29.9291986180001, -19.27321170499988], [29.929615669000043, -19.273971505999953], [29.930019093, -19.273965032999968], [29.93042251600008, -19.273958559999926], [29.930825939000158, -19.273952084999962], [29.931229362000067, -19.27394560999994], [29.931632784000044, -19.27393913399993], [29.932036207000124, -19.273932656999932], [29.9324396290001, -19.273926178999943], [29.932843051000077, -19.273919699999908], [29.933602129000178, -19.271224794999966], [29.938012354000136, -19.26962092499997], [29.943653228000016, -19.269146855999907], [29.943660074000093, -19.269529987999817], [29.944063482000047, -19.26952348499998], [29.94449428100006, -19.27104950699993], [29.944897692000154, -19.27104300299993], [29.945321654000054, -19.272185889999832], [29.945725067000126, -19.272179383999912], [29.945731918999968, -19.2725625139999], [29.945738771000038, -19.27294564499988], [29.94574562300005, -19.27332877599997], [29.945752475000063, -19.27371190699995], [29.945759327000133, -19.274095036999938], [29.95035403100013, -19.277053003999924], [29.91596390000018, -19.315735942999936], [29.89894736600013, -19.29148611099987], [29.898460379000085, -19.291015075999894]]]]}}, {"type": "Feature", "properties": {"GID_3": "ZWE.10.5.3_2", "GID_0": "ZWE", "COUNTRY": "Zimbabwe", "GID_1": "ZWE.10_1", "NAME_1": "Midlands", "NL_NAME_1": "NA", "GID_2": "ZWE.10.5_2", "NAME_2": "Gweru", "NL_NAME_2": "NA", "NAME_3": "Ward 11", "VARNAME_3": "NA", "NL_NAME_3": "NA", "TYPE_3": "Ward", "ENGTYPE_3": "Ward", "CC_3": "NA", "HASC_3": "NA", "id": "ZWE.10.5.3_2", "name": "Ward 11"}, "geometry": {"type": "MultiPolygon", "coordinates": [[[[29.95035403100013, -19.277053003999924], [29.945759327000133, -19.274095036999938], [29.945752475000063, -19.27371190699995], [29.94574562300005, -19.27332877599997], [29.945738771000038, -19.27294564499988], [29.945731918999968, -19.2725625139999], [29.945725067000126, -19.272179383999912], [29.945321654000054, -19.272185889999832], [29.944897692000154, -19.27104300299993], [29.94449428100006, -19.27104950699993], [29.944063482000047, -19.26952348499998], [29.943660074000093, -19.269529987999817], [29.943653228000016, -19.269146855999907], [29.938012354000136, -19.26962092499997], [29.933602129000178, -19.271224794999966], [29.932843051000077, -19.273919699999908], [29.9324396290001, -19.273926178999943], [29.932036207000124, -19.273932656999932], [29.931632784000044, -19.27393913399993], [29.931229362000067, -19.27394560999994], [29.930825939000158, -19.273952084999962], [29.93042251600008, -19.273958559999926], [29.930019093, -19.273965032999968], [29.929615669000043, -19.273971505999953], [29.9291986180001, -19.27321170499988], [29.928550043000143, -19.259425245999978], [29.92676646100017, -19.24987264799995], [29.924305507000156, -19.247612545999914], [29.92424438100005, -19.24416429199988], [29.921783553000182, -19.241904138999928], [29.915557338999974, -19.232039], [29.908381872000064, -19.222625173999973], [29.907076083000106, -19.21799651699996], [29.907076082000174, -19.21749247799994], [29.90707808200017, -19.217324464999876], [29.90602111100003, -19.216063369999972], [29.905889115000093, -19.21602236699988], [29.905756119000102, -19.21598036399996], [29.90549112600013, -19.215978363999966], [29.90487314400019, -19.215978363999966], [29.90372417600014, -19.21622638399998], [29.903547181000135, -19.21622638399998], [29.90345918400004, -19.21622638399998], [29.90337018600013, -19.21622638399998], [29.903282189000095, -19.21614237799986], [29.90310519400009, -19.216140377999977], [29.903017196000064, -19.216056371999912], [29.902048223000122, -19.21521530799987], [29.902048223000122, -19.21504729499992], [29.90196022600003, -19.21496328899991], [29.90196222500009, -19.21479527599996], [29.901874228, -19.214627262999898], [29.901874228, -19.21454325699989], [29.901874228, -19.21437524399994], [29.90178723000008, -19.214208231999976], [29.90178723000008, -19.214040218999912], [29.901792228000147, -19.212193077999927], [29.90188222600017, -19.211942058999966], [29.901882225000065, -19.21169003999995], [29.90197222300003, -19.211522026999944], [29.90197222300003, -19.21143802099982], [29.90205922000007, -19.21135401399988], [29.903215186000125, -19.208923827999968], [29.903305183000043, -19.20883982199996], [29.90339318000008, -19.208588802999884], [29.903482178, -19.208504795999943], [29.90357217500008, -19.20825277699987], [29.904110158000094, -19.205652578999945], [29.904110158000094, -19.205568571999834], [29.904022160000125, -19.205484565999882], [29.90393416300003, -19.205231546999926], [29.902523202000054, -19.204306476999932], [29.90225820900008, -19.204222470999923], [29.90208221400019, -19.204136464999976], [29.901201239000045, -19.203463413999827], [29.901026244000036, -19.203211394999926], [29.90084824900015, -19.202959375999967], [29.900591254000062, -19.201036229999886], [29.900591254000062, -19.200952222999945], [29.900593254000057, -19.199945146999937], [29.900507256000083, -19.199694127999976], [29.900507256000083, -19.199526114999912], [29.900507256000083, -19.199358101999962], [29.900507256000083, -19.1991900889999], [29.900419258000056, -19.19902207599995], [29.90042125800005, -19.198770056999876], [29.90033326000008, -19.198687050999865], [29.90033326000008, -19.198603044999913], [29.90033326000008, -19.198519037999972], [29.900245262000055, -19.198351024999965], [29.900158265000073, -19.198267018999843], [29.900158265000073, -19.19818301299989], [29.900070267000046, -19.19809900599995], [29.900070267000046, -19.198015], [29.899893272000043, -19.197928993999938], [29.89971727700015, -19.197844986999826], [29.89962927900018, -19.197760980999874], [29.899540281999975, -19.197677974999863], [29.899364287000083, -19.19759396799992], [29.89909929400011, -19.197423955999966], [29.898836302000177, -19.19725594299996], [29.898658306000186, -19.197087929999896], [29.898571309000033, -19.196919917999935], [29.898483311, -19.196835910999823], [29.89839531400014, -19.196835910999823], [29.898308316, -19.19675190499987], [29.898308316, -19.19658489199992], [29.89813032100011, -19.196498885999915], [29.89804632300013, -19.195239789999903], [29.898046322000027, -19.194987770999944], [29.898136320000162, -19.194903763999832], [29.898136320000162, -19.194735751999872], [29.89822631700008, -19.194568738999976], [29.898313314000063, -19.19440272599985], [29.898403312000084, -19.1943187199999], [29.898403312000084, -19.19415070699995], [29.898403311000152, -19.193898687999877], [29.898405311000147, -19.19364666799993], [29.898405311000147, -19.193478655999968], [29.898407311000142, -19.19322763699995], [29.89831731300012, -19.19322763699995], [29.89831731300012, -19.193143629999952], [29.898229316000084, -19.193057623999948], [29.89814231800017, -19.193057623999948], [29.898054321000075, -19.192889610999885], [29.897876326000187, -19.192805604999933], [29.897701330000075, -19.192637591999983], [29.89761333300015, -19.192553585999974], [29.89761333300015, -19.192469578999862], [29.897526335000066, -19.192386572999908], [29.897350340000173, -19.192216559999963], [29.897262342000147, -19.192048547999946], [29.89717334500017, -19.191880534999882], [29.897087346999967, -19.19162851599998], [29.896997350000106, -19.191544508999982], [29.8969993500001, -19.191461502999857], [29.89690935200008, -19.191377496999905], [29.896911352000075, -19.191209483999955], [29.89682435400016, -19.19104147099989], [29.896736357000066, -19.190789451999933], [29.89673635600019, -19.19062143899987], [29.896648359000096, -19.19045342599992], [29.896648359000096, -19.190286413999956], [29.896648359000096, -19.190118400999836], [29.89656036100007, -19.18994838799989], [29.897272340000086, -19.18843927299997], [29.897449333999987, -19.188273259999846], [29.89753933200018, -19.188273259999846], [29.89710034400008, -19.18726418299991], [29.89710034400008, -19.187180176999902], [29.895075400000053, -19.185246030999906], [29.894811407000134, -19.18490900499995], [29.89463441200013, -19.184656985999936], [29.89454641400016, -19.184572979999928], [29.89437141900015, -19.184404966999978], [29.894283422000058, -19.184404966999978], [29.8904955270001, -19.18129073299997], [29.890230534000125, -19.181038713999953], [29.88996754100009, -19.180700687999888], [29.88978954600003, -19.180532674999938], [29.889791546000026, -19.180364662999978], [29.88970254900005, -19.180364662999978], [29.888475582000012, -19.177677458999938], [29.888386584000102, -19.17759345199994], [29.888387584000043, -19.17750944599993], [29.888298586000133, -19.17742343899988], [29.888300586000128, -19.177339432999872], [29.88821058900004, -19.177339432999872], [29.88803559400003, -19.17717242099991], [29.887859598000034, -19.17700440799996], [29.887594606000164, -19.176836394999896], [29.887506608000137, -19.176750388999892], [29.887329613000134, -19.176582375999942], [29.88715361800007, -19.176498369999933], [29.887066621000088, -19.17641436299988], [29.887066621000088, -19.17633035699987], [29.886890625000092, -19.176246350999918], [29.886537635000025, -19.175993331999962], [29.88609764800009, -19.17574131299989], [29.885656660000052, -19.17540328699988], [29.885568662000026, -19.17532028099987], [29.88134078000013, -19.172037033999914], [29.906780057000105, -19.169745842999873], [29.90686805400003, -19.169745842999873], [29.910994934000087, -19.16581053999994], [29.91108493200005, -19.16572653399993], [29.91134992400015, -19.16564352699993], [29.91161491600019, -19.165475513999866], [29.911702914000045, -19.165391507999914], [29.911879909, -19.165309500999967], [29.914979819000166, -19.162461281999867], [29.91661977100017, -19.1604911309999], [29.917014760000086, -19.160786153999823], [29.918690713000103, -19.161210184999902], [29.918780710000135, -19.161210184999902], [29.919045703000165, -19.161212184999897], [29.919221698000058, -19.161296190999906], [29.919486690000156, -19.161296190999906], [29.920016675, -19.1612981909999], [29.920016675, -19.16138219699991], [29.920104673000026, -19.161549209999976], [29.92010267300003, -19.161801228999877], [29.92010267300003, -19.161885234999886], [29.92010267300003, -19.16230526699991], [29.920012676000113, -19.162389273999963], [29.920012676000113, -19.162556286999916], [29.919923679000135, -19.162640292999924], [29.919923679000135, -19.162724298999933], [29.919835681000166, -19.162892311999826], [29.919745684000077, -19.163142330999904], [29.919568689000073, -19.163394350999965], [29.919478691999984, -19.163562362999926], [29.919478691999984, -19.163646369999867], [29.919390694000185, -19.163646369999867], [29.919303696999975, -19.16372937599988], [29.919213700000114, -19.163813382999933], [29.919125702000088, -19.16398139599994], [29.91903670500011, -19.164065401999892], [29.91894870700014, -19.164233414999956], [29.918858710000052, -19.16431542099997], [29.91877071300013, -19.16439942799991], [29.918681715000048, -19.164567440999974], [29.918593718000125, -19.164651446999983], [29.918593718000125, -19.164735452999935], [29.918503721000093, -19.164902465999944], [29.918414723000183, -19.165070478999837], [29.918414723000183, -19.16532249799991], [29.918502721000152, -19.165406504999908], [29.918502721000152, -19.165574516999982], [29.918589719000067, -19.16574252999993], [29.918589719000067, -19.166077555999948], [29.91867771600016, -19.166161561999957], [29.918853712000157, -19.16649758799997], [29.91894070899997, -19.166751606999924], [29.919116705000135, -19.16708663199995], [29.919203702000175, -19.16733865099991], [29.919291700000144, -19.16759067099997], [29.920874657000127, -19.169524816999967], [29.92105065200002, -19.169608822999976], [29.92140564200008, -19.169608822999976], [29.921933627000158, -19.169694828999923], [29.922198619000085, -19.169694828999923], [29.922198619000085, -19.16977883499993], [29.922373614000094, -19.169862841999873], [29.922463612000058, -19.16994684799988], [29.92272660400016, -19.17019986699995], [29.922726605000037, -19.17028387299996], [29.92281460200013, -19.1703678799999], [29.922812603000068, -19.170955924999816], [29.922902600000157, -19.170955924999816], [29.922900600000162, -19.17103893099994], [29.923165593000135, -19.1712909499999], [29.92342858600017, -19.171544968999967], [29.92369357800004, -19.171712981999917], [29.923781576000067, -19.171712981999917], [29.923781576000067, -19.171796987999926], [29.923958571000014, -19.171880993999878], [29.924134566000134, -19.172048006999944], [29.924309561000143, -19.172218019999946], [29.924399559000108, -19.172302025999898], [29.92448755600003, -19.172386031999906], [29.92457555400017, -19.17255404499997], [29.92466255100004, -19.172638051999968], [29.92475054900018, -19.17272205799992], [29.924838546000103, -19.17272205799992], [29.924926544000073, -19.17289007099987], [29.925013541999988, -19.173141089999945], [29.92510153900008, -19.173309101999905], [29.92510153900008, -19.173561121999967], [29.925101540000185, -19.17364512799992], [29.925189537000108, -19.173813140999982], [29.925187538000046, -19.174400184999968], [29.925275535000083, -19.17457019799997], [29.925275535000083, -19.174906223999983], [29.925362533, -19.174990229999935], [29.925362533, -19.175073236999935], [29.92606851300019, -19.174990229999935], [29.92615651100016, -19.174991229999932], [29.926333506000162, -19.174991229999932], [29.926598498000033, -19.174824216999866], [29.926953488000095, -19.174740209999925], [29.927218480000192, -19.174658203999968], [29.927306478, -19.17457419699997], [29.927394475000085, -19.17457419699997], [29.927659468000115, -19.17449019099996], [29.92810145500016, -19.1744081839999], [29.928454445000057, -19.17432417799995], [29.92863144000006, -19.17424017099995], [29.928719437000154, -19.17424017099995], [29.928807435000124, -19.1744081839999], [29.92889543300015, -19.17457819699996], [29.929070428000102, -19.17491322199993], [29.929070428000102, -19.17499722799988], [29.92916042500019, -19.17508123499988], [29.92915842600013, -19.175333253999952], [29.929246423000052, -19.175333253999952], [29.929335421000133, -19.175417259999904], [29.929333421000138, -19.175501266999845], [29.929423418, -19.175585272999967], [29.929423418, -19.175669278999976], [29.92959941300012, -19.17583629199993], [29.929686411000034, -19.175920297999937], [29.929686411000034, -19.17600430499988], [29.929864406000092, -19.176006304999873], [29.930482389000133, -19.176006303999884], [29.930657384000142, -19.176008303999936], [29.930834379000146, -19.175924297999927], [29.931100371000127, -19.175924297999927], [29.93118736800011, -19.17584029099993], [29.931365363000054, -19.17584029099993], [29.93189534800007, -19.175758284999972], [29.933308308000107, -19.175676276999923], [29.933839293000062, -19.175594270999966], [29.93401428800007, -19.175594270999966], [29.934104286000093, -19.175594270999966], [29.9342792810001, -19.175594270999966], [29.93463227100017, -19.17559627099996], [29.935162256000012, -19.175680276999913], [29.935515246000136, -19.175682276999964], [29.936045230000104, -19.175682275999975], [29.936133228000074, -19.17568427599997], [29.93639822000017, -19.17568427599997], [29.936663213000145, -19.17568427599997], [29.936928205000072, -19.17568427599997], [29.93728119500014, -19.175686275999965], [29.93772418300017, -19.175770281999974], [29.939135143000044, -19.175773280999977], [29.939225140000133, -19.175857286999815], [29.939665128000115, -19.175941293999927], [29.940018118000182, -19.17611130599994], [29.94045910600005, -19.17619531199989], [29.94090009300004, -19.176449331999947], [29.941077088000043, -19.176449330999958], [29.94116508600007, -19.176533337999956], [29.94143007800011, -19.176617343999908], [29.941695071000083, -19.17670034999992], [29.94204806099998, -19.176786355999923], [29.942401051000104, -19.176870362999978], [29.942576046000056, -19.17703837499994], [29.94275304100006, -19.177040374999933], [29.943019034000145, -19.17720838799994], [29.943282026000077, -19.177292393999892], [29.943635016000144, -19.177461406999953], [29.943900009000117, -19.17762941899997], [29.944075004000126, -19.17779743199992], [29.9443399970001, -19.17779743199992], [29.944870982000054, -19.17796744499998], [29.944957979000094, -19.17796744499998], [29.945045977000063, -19.17796744499998], [29.945135974000152, -19.178051450999817], [29.94548896400005, -19.178051450999817], [29.94610694700009, -19.17805344999988], [29.946371939000187, -19.178137456999934], [29.946458937000102, -19.178139456999816], [29.946546934000025, -19.178223462999938], [29.946724929000084, -19.17830646899995], [29.946899924000093, -19.17839047599989], [29.947076919000096, -19.1784744819999], [29.947164917000066, -19.178558487999908], [29.94734091200013, -19.178642493999973], [29.947517907000133, -19.178644494999958], [29.947693902000026, -19.178812506999975], [29.94787089700003, -19.178896512999927], [29.948133890000065, -19.178980519999925], [29.948311885000123, -19.179064525999877], [29.948486880000132, -19.179149531999883], [29.94866387500008, -19.179233538999938], [29.94892886800011, -19.179317544999947], [29.949104863000173, -19.179401550999955], [29.949281858000177, -19.179485556999964], [29.949545850000163, -19.1795715639999], [29.949634848000073, -19.17965556999991], [29.952802760000168, -19.183185836999883], [29.952980755000056, -19.183269842999948], [29.953243748000034, -19.183437855999955], [29.953508741000064, -19.183691874999965], [29.953684736000127, -19.183775880999974], [29.95386173100013, -19.183943893999924], [29.953949728000055, -19.184110906999877], [29.95403672600014, -19.184194912999885], [29.95412472400011, -19.18436292599995], [29.954300719, -19.184532938999894], [29.954477714000177, -19.184700950999968], [29.954565712000033, -19.184868963999975], [29.954652709000186, -19.184952969999927], [29.95474070700004, -19.18511998299988], [29.95482870400008, -19.18511998299988], [29.9549187020001, -19.185203988999888], [29.955005699000083, -19.18537200199995], [29.95509369700011, -19.18545600799996], [29.95509369700011, -19.1855400149999], [29.955269692000172, -19.185626020999905], [29.955356690000087, -19.18579403399997], [29.955621682000185, -19.18596204699992], [29.955797677000078, -19.18612905899988], [29.95597467200008, -19.186213065999937], [29.95606267000005, -19.186297071999945], [29.956150668000078, -19.186465084999895], [29.956150668000078, -19.186633096999856], [29.95623766500006, -19.186801109999976], [29.956325663000086, -19.18697112299992], [29.956325663000086, -19.187138135999874], [29.956323663999967, -19.18764217399996], [29.956321663999972, -19.18797819999986], [29.95641166100006, -19.18806220599987], [29.95641166100006, -19.18814621199988], [29.956499659000087, -19.188229218999936], [29.956586657000173, -19.188313224999945], [29.956762652000066, -19.188481237999895], [29.95693964700007, -19.188481237999895], [29.957115642000133, -19.188481237999895], [29.95738063400006, -19.18848323799989], [29.957645627000034, -19.1884832369999], [29.957822622000037, -19.18839923099995], [29.958000617000096, -19.18839923099995], [29.958175612000105, -19.18839923099995], [29.958353607000163, -19.188401230999943], [29.95852860200017, -19.188401230999943], [29.95870659700006, -19.188401229999954], [29.958883592000063, -19.188485236999952], [29.959058587000072, -19.188485236999952], [29.959146584000166, -19.188485236999952], [29.959501574, -19.1885712429999], [29.959942562000094, -19.1885712429999], [29.960119557000098, -19.188655248999908], [29.960294552000107, -19.188657248999903], [29.960382548999974, -19.188825261999966], [29.960559544000148, -19.188908267999977], [29.960735539000098, -19.189076280999927], [29.960912534000045, -19.18916028699988], [29.96100053200007, -19.189244292999888], [29.96108853000004, -19.189328299999943], [29.96126352500005, -19.189414305999946], [29.96179451, -19.189750330999914], [29.962059502000102, -19.18983433699998], [29.96223449700011, -19.18991734399998], [29.962410493000107, -19.190087355999935], [29.96258748800011, -19.190171362999934], [29.96276248300012, -19.190171362999934], [29.962940478000178, -19.190255368999885], [29.96311747300018, -19.190255368999885], [29.963293468000074, -19.19034137499989], [29.96347046300008, -19.19034137499989], [29.963558460000115, -19.19034137499989], [29.963733455000124, -19.190425380999898], [29.963911450000012, -19.190425380999898], [29.963998448000154, -19.190425380999898], [29.964176443000042, -19.190425380999898], [29.96435343799999, -19.190427380999893], [29.964441435000083, -19.190511386999844], [29.964616430000092, -19.190511386999844], [29.964706428000113, -19.190511386999844], [29.96496942000016, -19.190595393999956], [29.96505941800018, -19.190595392999967], [29.965147415000047, -19.190595392999967], [29.96787833999997, -19.19327659599992], [29.96805333500015, -19.193446608999977], [29.968141332000073, -19.193446608999977], [29.968141332000073, -19.193530614999815], [29.9682293300001, -19.193614620999938], [29.968406325000046, -19.193698627999936], [29.968494323000073, -19.193782633999945], [29.968671318000077, -19.193950646999838], [29.96884731300014, -19.19411765899997], [29.96902230800015, -19.194287671999916], [29.969200303000036, -19.19445568499998], [29.969375298000045, -19.194539690999818], [29.969553293000104, -19.19462369699994], [29.96964029100019, -19.19470770399994], [29.969728288000113, -19.194791709999947], [29.969816286000082, -19.194791709999947], [29.96990628300017, -19.1948757159999], [29.97008127800018, -19.194960722999838], [29.970346271000153, -19.194960722999838], [29.97061126300008, -19.19504472899996], [29.970787258000144, -19.19512873499997], [29.970876256000054, -19.19512873499997], [29.971052251000117, -19.195214740999972], [29.971405241000014, -19.195214740999972], [29.971494238000048, -19.195214740999972], [29.971582236000188, -19.195214740999972], [29.971758231000138, -19.19529874699998], [29.97211222100009, -19.195300746999976], [29.97228821599998, -19.195300746999976], [29.972465211000156, -19.195300746999976], [29.972553209000182, -19.195384752999928], [29.972818201000052, -19.195384752999928], [29.972994196000172, -19.195468759999926], [29.97317119100012, -19.195554765999873], [29.973259189000146, -19.19563877199988], [29.97343618400015, -19.19563877199988], [29.973524181000016, -19.195722778999937], [29.973699176000025, -19.195889790999956], [29.973789174000046, -19.195889790999956], [29.973964169, -19.195973796999965], [29.974229161000096, -19.19614380999991], [29.97467014900019, -19.196227815999976], [29.975111137000056, -19.196395828999982], [29.975465127000064, -19.19648183499993], [29.97572911900005, -19.196565840999938], [29.97625910400012, -19.196566840999935], [29.976420292000114, -19.196566840999935], [29.976789089000192, -19.196566840999935], [29.97696708400008, -19.196483833999935], [29.97714207900009, -19.196483833999935], [29.97723207600012, -19.196399827999983], [29.977319074000036, -19.196401827999978], [29.97749706900015, -19.196317820999923], [29.977672064000103, -19.196317820999923], [29.977850059000048, -19.196233814999914], [29.977939056000025, -19.196065801999964], [29.97811505100009, -19.195981794999852], [29.97820404900017, -19.1958977889999], [29.978292046000092, -19.195731775999946], [29.97847004100015, -19.195647769999937], [29.97855703800019, -19.195563762999882], [29.978647036000154, -19.195395749999932], [29.978735033000078, -19.195311743999923], [29.97882403100016, -19.195311743999923], [29.978824030000055, -19.19522873799997], [29.978912028000025, -19.19514473099997], [29.978912028000025, -19.19506072499985], [29.979002025000113, -19.194892711999955], [29.979002025000113, -19.19472469899995], [29.97909102200009, -19.194640692999826], [29.97926701700004, -19.194640692999826], [29.97935501500018, -19.194726698999943], [29.97944401300009, -19.194726698999943], [29.979620007999983, -19.19489471199995], [29.979707005000023, -19.194978717999902], [29.979795003, -19.19506272399991], [29.979795003, -19.195146730999966], [29.979883, -19.195229736999977], [29.98014799300006, -19.19531374299993], [29.980324988000064, -19.19531374299993], [29.980500983000184, -19.195399749999922], [29.98067797800013, -19.195399748999932], [29.980765976000157, -19.19548375599993], [29.981030968000027, -19.19548375599993], [29.981295961000058, -19.195567761999882], [29.98147195600012, -19.195653767999886], [29.9815609530001, -19.195653767999886], [29.981648951000125, -19.195737774999827], [29.981736948, -19.195737773999895], [29.981913943000166, -19.19582178099995], [29.98217693600003, -19.195989792999967], [29.98235493100009, -19.19607279999991], [29.982442928000182, -19.19615680599992], [29.982529926000097, -19.196158805999914], [29.982707921000156, -19.196242811999866], [29.98279491900007, -19.196326818999978], [29.98305991100017, -19.19641082499993], [29.98323590600006, -19.19649483099994], [29.983500899000035, -19.19649483099994], [29.98367789400004, -19.196580836999942], [29.98394388600019, -19.196664843999883], [29.98411888100003, -19.196664843999883], [29.984295875999976, -19.19666484299995], [29.984471871000096, -19.196748849999892], [29.98456186900006, -19.196748849999892], [29.98473686400007, -19.196834855999896], [29.984824861000163, -19.196834855999896], [29.985001856000167, -19.196917861999964], [29.98526684900014, -19.197001868999962], [29.985354846000064, -19.197001867999973], [29.985442844000033, -19.19708587499997], [29.985619839000037, -19.19708587499997], [29.98570783600013, -19.197169880999922], [29.985884831000135, -19.197171880999974], [29.98632581900017, -19.197171880999974], [29.98632581900017, -19.197255886999926], [29.986413817000027, -19.197255886999926], [29.986678809000068, -19.197255886999926], [29.986943801000166, -19.19725788699992], [29.987120797000046, -19.19734189299993], [29.989058743000157, -19.198856006999904], [29.989148740000076, -19.198856006999904], [29.98914674000008, -19.198940013999902], [29.98923573800016, -19.198940013999902], [29.989411733000054, -19.199108025999976], [29.989588728000058, -19.199276038999926], [29.98976472300012, -19.199360044999935], [29.989852721000148, -19.199528057999885], [29.99002971600015, -19.19969607099995], [29.990027716000156, -19.19986308299991], [29.99011571300008, -19.199947089999853], [29.99020471100016, -19.200117102999968], [29.990380706000053, -19.20028511499993], [29.990380706000053, -19.200369121999927], [29.990468704000023, -19.20045312799988], [29.99073369600012, -19.200621140999942], [29.9909966890001, -19.200788152999962], [29.99126168200013, -19.200956165999855], [29.991349679, -19.20112617899997], [29.991438677000076, -19.20112617899997], [29.991702669000063, -19.20112617799998], [29.991879664000066, -19.20121018499998], [29.992232654000134, -19.20121018499998], [29.99232065200016, -19.20121018399982], [29.99258564400003, -19.20121218399987], [29.992940634000092, -19.20121218399987], [29.993205627000123, -19.20121218399987], [29.993292624000105, -19.20121218399987], [29.993380622000075, -19.20121218399987], [29.993645614000172, -19.20121418399998], [29.993910607000146, -19.20121418399998], [29.99399860400007, -19.20121418399998], [29.994176599000127, -19.201298189999818], [29.994441592000157, -19.20138219599994], [29.994793582000113, -19.201384195999935], [29.994881579000037, -19.201467201999947], [29.994969577, -19.201467201999947], [29.99514657200018, -19.201635214999897], [29.995410564, -19.20180322799996], [29.995587560000104, -19.20205524699992], [29.995762555000113, -19.20230726599982], [29.99585055199998, -19.202309265999872], [29.995938550000176, -19.202393271999938], [29.99611554500018, -19.2026442909999], [29.996291540000072, -19.202812303999963], [29.996468535000076, -19.202980316999913], [29.996556533000046, -19.20314832899993], [29.996731528000055, -19.203316341999823], [29.99681952600008, -19.203400347999946], [29.996907523000175, -19.203484354999944], [29.997084518000122, -19.2036533669999], [29.997347511000157, -19.203821379999965], [29.997525506000045, -19.204073398999924], [29.997878496000112, -19.204409424999938], [29.997965494000027, -19.2045764369999], [29.99805349100012, -19.2046604439999], [29.99814148900009, -19.204830455999968], [29.9983164840001, -19.20516648199998], [29.998314485000037, -19.205921538999974], [29.998227487000122, -19.20617355899998], [29.99822548800006, -19.206676596999955], [29.99813549100014, -19.20675860299997], [29.99813549100014, -19.20684260999991], [29.998047493000172, -19.207094628999982], [29.997958496000138, -19.207262641999932], [29.99778050100008, -19.207598666999957], [29.997693504000097, -19.207682673999955], [29.997693504000097, -19.207766679999963], [29.997603506000075, -19.207849686999907], [29.99751550899998, -19.20810170599998], [29.997513509000044, -19.20826971899993], [29.997513509000044, -19.20835372499988], [29.99795449700008, -19.208773756999904], [29.998131492000084, -19.208773756999904], [29.998307487000147, -19.208773755999914], [29.99848448200015, -19.2087757569999], [29.99866247700004, -19.208775755999966], [29.99874947400008, -19.208775755999966], [29.998749475000125, -19.20885876299991], [29.998837472000048, -19.20885876299991], [29.998925470000074, -19.20902677499987], [29.99901346700011, -19.209110781999982], [29.999190462000115, -19.209362800999884], [29.99927846000014, -19.209446806999892], [29.999543453000115, -19.20970082599996], [29.999718448000124, -19.209867838999912], [29.999894443000187, -19.210035851999976], [29.99998344, -19.210119857999928], [30.00007143800019, -19.210203863999936], [30.000159435000114, -19.210203863999936], [30.000159436, -19.210371876999886], [30.000247433000084, -19.210455882999895], [30.00033443100017, -19.21053988999995], [30.000424428000088, -19.21053988999995], [30.000512426000057, -19.21062389599996], [30.01162011700012, -19.220078608999927], [30.00974917200017, -19.222064760999956], [30.00967517400005, -19.222064760999956], [30.007090249000157, -19.22505598999993], [30.003522353000164, -19.228870282999935], [29.99982946100016, -19.232988597999906], [29.99982946100016, -19.23301159999994], [29.99987146000018, -19.23306760399987], [29.999055483000063, -19.23363164799997], [29.991601701000093, -19.24216430199988], [29.991423706000035, -19.24241632099995], [29.986214858000153, -19.248117757999978], [29.98482289800006, -19.248504787999934], [29.974680193000097, -19.25898859199998], [29.95152286200016, -19.275737879999895], [29.95035403100013, -19.277053003999924]]]]}}, {"type": "Feature", "properties": {"GID_3": "ZWE.10.5.4_2", "GID_0": "ZWE", "COUNTRY": "Zimbabwe", "GID_1": "ZWE.10_1", "NAME_1": "Midlands", "NL_NAME_1": "NA", "GID_2": "ZWE.10.5_2", "NAME_2": "Gweru", "NL_NAME_2": "NA", "NAME_3": "Ward 12", "VARNAME_3": "NA", "NL_NAME_3": "NA", "TYPE_3": "Ward", "ENGTYPE_3": "Ward", "CC_3": "NA", "HASC_3": "NA", "id": "ZWE.10.5.4_2", "name": "Ward 12"}, "geometry": {"type": "MultiPolygon", "coordinates": [[[[30.01162011700012, -19.220078608999927], [30.000512426000057, -19.21062389599996], [30.000424428000088, -19.21053988999995], [30.00033443100017, -19.21053988999995], [30.000247433000084, -19.210455882999895], [30.000159436, -19.210371876999886], [30.000159435000114, -19.210203863999936], [30.00007143800019, -19.210203863999936], [29.99998344, -19.210119857999928], [29.999894443000187, -19.210035851999976], [29.999718448000124, -19.209867838999912], [29.999543453000115, -19.20970082599996], [29.99927846000014, -19.209446806999892], [29.999190462000115, -19.209362800999884], [29.99901346700011, -19.209110781999982], [29.998925470000074, -19.20902677499987], [29.998837472000048, -19.20885876299991], [29.998749475000125, -19.20885876299991], [29.99874947400008, -19.208775755999966], [29.99866247700004, -19.208775755999966], [29.99848448200015, -19.2087757569999], [29.998307487000147, -19.208773755999914], [29.998131492000084, -19.208773756999904], [29.99795449700008, -19.208773756999904], [29.997513509000044, -19.20835372499988], [29.997513509000044, -19.20826971899993], [29.99751550899998, -19.20810170599998], [29.997603506000075, -19.207849686999907], [29.997693504000097, -19.207766679999963], [29.997693504000097, -19.207682673999955], [29.99778050100008, -19.207598666999957], [29.997958496000138, -19.207262641999932], [29.998047493000172, -19.207094628999982], [29.99813549100014, -19.20684260999991], [29.99813549100014, -19.20675860299997], [29.99822548800006, -19.206676596999955], [29.998227487000122, -19.20617355899998], [29.998314485000037, -19.205921538999974], [29.9983164840001, -19.20516648199998], [29.99814148900009, -19.204830455999968], [29.99805349100012, -19.2046604439999], [29.997965494000027, -19.2045764369999], [29.997878496000112, -19.204409424999938], [29.997525506000045, -19.204073398999924], [29.997347511000157, -19.203821379999965], [29.997084518000122, -19.2036533669999], [29.996907523000175, -19.203484354999944], [29.99681952600008, -19.203400347999946], [29.996731528000055, -19.203316341999823], [29.996556533000046, -19.20314832899993], [29.996468535000076, -19.202980316999913], [29.996291540000072, -19.202812303999963], [29.99611554500018, -19.2026442909999], [29.995938550000176, -19.202393271999938], [29.99585055199998, -19.202309265999872], [29.995762555000113, -19.20230726599982], [29.995587560000104, -19.20205524699992], [29.995410564, -19.20180322799996], [29.99514657200018, -19.201635214999897], [29.994969577, -19.201467201999947], [29.994881579000037, -19.201467201999947], [29.994793582000113, -19.201384195999935], [29.994441592000157, -19.20138219599994], [29.994176599000127, -19.201298189999818], [29.99399860400007, -19.20121418399998], [29.993910607000146, -19.20121418399998], [29.993645614000172, -19.20121418399998], [29.993380622000075, -19.20121218399987], [29.993292624000105, -19.20121218399987], [29.993205627000123, -19.20121218399987], [29.992940634000092, -19.20121218399987], [29.99258564400003, -19.20121218399987], [29.99232065200016, -19.20121018399982], [29.992232654000134, -19.20121018499998], [29.991879664000066, -19.20121018499998], [29.991702669000063, -19.20112617799998], [29.991438677000076, -19.20112617899997], [29.991349679, -19.20112617899997], [29.99126168200013, -19.200956165999855], [29.9909966890001, -19.200788152999962], [29.99073369600012, -19.200621140999942], [29.990468704000023, -19.20045312799988], [29.990380706000053, -19.200369121999927], [29.990380706000053, -19.20028511499993], [29.99020471100016, -19.200117102999968], [29.99011571300008, -19.199947089999853], [29.990027716000156, -19.19986308299991], [29.99002971600015, -19.19969607099995], [29.989852721000148, -19.199528057999885], [29.98976472300012, -19.199360044999935], [29.989588728000058, -19.199276038999926], [29.989411733000054, -19.199108025999976], [29.98923573800016, -19.198940013999902], [29.98914674000008, -19.198940013999902], [29.989148740000076, -19.198856006999904], [29.989058743000157, -19.198856006999904], [29.987120797000046, -19.19734189299993], [29.986943801000166, -19.19725788699992], [29.986678809000068, -19.197255886999926], [29.986413817000027, -19.197255886999926], [29.98632581900017, -19.197255886999926], [29.98632581900017, -19.197171880999974], [29.985884831000135, -19.197171880999974], [29.98570783600013, -19.197169880999922], [29.985619839000037, -19.19708587499997], [29.985442844000033, -19.19708587499997], [29.985354846000064, -19.197001867999973], [29.98526684900014, -19.197001868999962], [29.985001856000167, -19.196917861999964], [29.984824861000163, -19.196834855999896], [29.98473686400007, -19.196834855999896], [29.98456186900006, -19.196748849999892], [29.984471871000096, -19.196748849999892], [29.984295875999976, -19.19666484299995], [29.98411888100003, -19.196664843999883], [29.98394388600019, -19.196664843999883], [29.98367789400004, -19.196580836999942], [29.983500899000035, -19.19649483099994], [29.98323590600006, -19.19649483099994], [29.98305991100017, -19.19641082499993], [29.98279491900007, -19.196326818999978], [29.982707921000156, -19.196242811999866], [29.982529926000097, -19.196158805999914], [29.982442928000182, -19.19615680599992], [29.98235493100009, -19.19607279999991], [29.98217693600003, -19.195989792999967], [29.981913943000166, -19.19582178099995], [29.981736948, -19.195737773999895], [29.981648951000125, -19.195737774999827], [29.9815609530001, -19.195653767999886], [29.98147195600012, -19.195653767999886], [29.981295961000058, -19.195567761999882], [29.981030968000027, -19.19548375599993], [29.980765976000157, -19.19548375599993], [29.98067797800013, -19.195399748999932], [29.980500983000184, -19.195399749999922], [29.980324988000064, -19.19531374299993], [29.98014799300006, -19.19531374299993], [29.979883, -19.195229736999977], [29.979795003, -19.195146730999966], [29.979795003, -19.19506272399991], [29.979707005000023, -19.194978717999902], [29.979620007999983, -19.19489471199995], [29.97944401300009, -19.194726698999943], [29.97935501500018, -19.194726698999943], [29.97926701700004, -19.194640692999826], [29.97909102200009, -19.194640692999826], [29.979002025000113, -19.19472469899995], [29.979002025000113, -19.194892711999955], [29.978912028000025, -19.19506072499985], [29.978912028000025, -19.19514473099997], [29.978824030000055, -19.19522873799997], [29.97882403100016, -19.195311743999923], [29.978735033000078, -19.195311743999923], [29.978647036000154, -19.195395749999932], [29.97855703800019, -19.195563762999882], [29.97847004100015, -19.195647769999937], [29.978292046000092, -19.195731775999946], [29.97820404900017, -19.1958977889999], [29.97811505100009, -19.195981794999852], [29.977939056000025, -19.196065801999964], [29.977850059000048, -19.196233814999914], [29.977672064000103, -19.196317820999923], [29.97749706900015, -19.196317820999923], [29.977319074000036, -19.196401827999978], [29.97723207600012, -19.196399827999983], [29.97714207900009, -19.196483833999935], [29.97696708400008, -19.196483833999935], [29.976789089000192, -19.196566840999935], [29.976420292000114, -19.196566840999935], [29.97625910400012, -19.196566840999935], [29.97572911900005, -19.196565840999938], [29.975465127000064, -19.19648183499993], [29.975111137000056, -19.196395828999982], [29.97467014900019, -19.196227815999976], [29.974229161000096, -19.19614380999991], [29.973964169, -19.195973796999965], [29.973789174000046, -19.195889790999956], [29.973699176000025, -19.195889790999956], [29.973524181000016, -19.195722778999937], [29.97343618400015, -19.19563877199988], [29.973259189000146, -19.19563877199988], [29.97317119100012, -19.195554765999873], [29.972994196000172, -19.195468759999926], [29.972818201000052, -19.195384752999928], [29.972553209000182, -19.195384752999928], [29.972465211000156, -19.195300746999976], [29.97228821599998, -19.195300746999976], [29.97211222100009, -19.195300746999976], [29.971758231000138, -19.19529874699998], [29.971582236000188, -19.195214740999972], [29.971494238000048, -19.195214740999972], [29.971405241000014, -19.195214740999972], [29.971052251000117, -19.195214740999972], [29.970876256000054, -19.19512873499997], [29.970787258000144, -19.19512873499997], [29.97061126300008, -19.19504472899996], [29.970346271000153, -19.194960722999838], [29.97008127800018, -19.194960722999838], [29.96990628300017, -19.1948757159999], [29.969816286000082, -19.194791709999947], [29.969728288000113, -19.194791709999947], [29.96964029100019, -19.19470770399994], [29.969553293000104, -19.19462369699994], [29.969375298000045, -19.194539690999818], [29.969200303000036, -19.19445568499998], [29.96902230800015, -19.194287671999916], [29.96884731300014, -19.19411765899997], [29.968671318000077, -19.193950646999838], [29.968494323000073, -19.193782633999945], [29.968406325000046, -19.193698627999936], [29.9682293300001, -19.193614620999938], [29.968141332000073, -19.193530614999815], [29.968141332000073, -19.193446608999977], [29.96805333500015, -19.193446608999977], [29.96787833999997, -19.19327659599992], [29.965147415000047, -19.190595392999967], [29.96505941800018, -19.190595392999967], [29.96496942000016, -19.190595393999956], [29.964706428000113, -19.190511386999844], [29.964616430000092, -19.190511386999844], [29.964441435000083, -19.190511386999844], [29.96435343799999, -19.190427380999893], [29.964176443000042, -19.190425380999898], [29.963998448000154, -19.190425380999898], [29.963911450000012, -19.190425380999898], [29.963733455000124, -19.190425380999898], [29.963558460000115, -19.19034137499989], [29.96347046300008, -19.19034137499989], [29.963293468000074, -19.19034137499989], [29.96311747300018, -19.190255368999885], [29.962940478000178, -19.190255368999885], [29.96276248300012, -19.190171362999934], [29.96258748800011, -19.190171362999934], [29.962410493000107, -19.190087355999935], [29.96223449700011, -19.18991734399998], [29.962059502000102, -19.18983433699998], [29.96179451, -19.189750330999914], [29.96126352500005, -19.189414305999946], [29.96108853000004, -19.189328299999943], [29.96100053200007, -19.189244292999888], [29.960912534000045, -19.18916028699988], [29.960735539000098, -19.189076280999927], [29.960559544000148, -19.188908267999977], [29.960382548999974, -19.188825261999966], [29.960294552000107, -19.188657248999903], [29.960119557000098, -19.188655248999908], [29.959942562000094, -19.1885712429999], [29.959501574, -19.1885712429999], [29.959146584000166, -19.188485236999952], [29.959058587000072, -19.188485236999952], [29.958883592000063, -19.188485236999952], [29.95870659700006, -19.188401229999954], [29.95852860200017, -19.188401230999943], [29.958353607000163, -19.188401230999943], [29.958175612000105, -19.18839923099995], [29.958000617000096, -19.18839923099995], [29.957822622000037, -19.18839923099995], [29.957645627000034, -19.1884832369999], [29.95738063400006, -19.18848323799989], [29.957115642000133, -19.188481237999895], [29.95693964700007, -19.188481237999895], [29.956762652000066, -19.188481237999895], [29.956586657000173, -19.188313224999945], [29.956499659000087, -19.188229218999936], [29.95641166100006, -19.18814621199988], [29.95641166100006, -19.18806220599987], [29.956321663999972, -19.18797819999986], [29.956323663999967, -19.18764217399996], [29.956325663000086, -19.187138135999874], [29.956325663000086, -19.18697112299992], [29.95623766500006, -19.186801109999976], [29.956150668000078, -19.186633096999856], [29.956150668000078, -19.186465084999895], [29.95606267000005, -19.186297071999945], [29.95597467200008, -19.186213065999937], [29.955797677000078, -19.18612905899988], [29.955621682000185, -19.18596204699992], [29.955356690000087, -19.18579403399997], [29.955269692000172, -19.185626020999905], [29.95509369700011, -19.1855400149999], [29.95509369700011, -19.18545600799996], [29.955005699000083, -19.18537200199995], [29.9549187020001, -19.185203988999888], [29.95482870400008, -19.18511998299988], [29.95474070700004, -19.18511998299988], [29.954652709000186, -19.184952969999927], [29.954565712000033, -19.184868963999975], [29.954477714000177, -19.184700950999968], [29.954300719, -19.184532938999894], [29.95412472400011, -19.18436292599995], [29.95403672600014, -19.184194912999885], [29.953949728000055, -19.184110906999877], [29.95386173100013, -19.183943893999924], [29.953684736000127, -19.183775880999974], [29.953508741000064, -19.183691874999965], [29.953243748000034, -19.183437855999955], [29.952980755000056, -19.183269842999948], [29.952802760000168, -19.183185836999883], [29.949634848000073, -19.17965556999991], [29.949545850000163, -19.1795715639999], [29.949281858000177, -19.179485556999964], [29.949104863000173, -19.179401550999955], [29.94892886800011, -19.179317544999947], [29.94866387500008, -19.179233538999938], [29.948486880000132, -19.179149531999883], [29.948311885000123, -19.179064525999877], [29.948133890000065, -19.178980519999925], [29.94787089700003, -19.178896512999927], [29.947693902000026, -19.178812506999975], [29.947517907000133, -19.178644494999958], [29.94734091200013, -19.178642493999973], [29.947164917000066, -19.178558487999908], [29.947076919000096, -19.1784744819999], [29.946899924000093, -19.17839047599989], [29.946724929000084, -19.17830646899995], [29.946546934000025, -19.178223462999938], [29.946458937000102, -19.178139456999816], [29.946371939000187, -19.178137456999934], [29.94610694700009, -19.17805344999988], [29.94548896400005, -19.178051450999817], [29.945135974000152, -19.178051450999817], [29.945045977000063, -19.17796744499998], [29.944957979000094, -19.17796744499998], [29.944870982000054, -19.17796744499998], [29.9443399970001, -19.17779743199992], [29.944075004000126, -19.17779743199992], [29.943900009000117, -19.17762941899997], [29.943635016000144, -19.177461406999953], [29.943282026000077, -19.177292393999892], [29.943019034000145, -19.17720838799994], [29.94275304100006, -19.177040374999933], [29.942576046000056, -19.17703837499994], [29.942401051000104, -19.176870362999978], [29.94204806099998, -19.176786355999923], [29.941695071000083, -19.17670034999992], [29.94143007800011, -19.176617343999908], [29.94116508600007, -19.176533337999956], [29.941077088000043, -19.176449330999958], [29.94090009300004, -19.176449331999947], [29.94045910600005, -19.17619531199989], [29.940018118000182, -19.17611130599994], [29.939665128000115, -19.175941293999927], [29.939225140000133, -19.175857286999815], [29.939135143000044, -19.175773280999977], [29.93772418300017, -19.175770281999974], [29.93728119500014, -19.175686275999965], [29.936928205000072, -19.17568427599997], [29.936663213000145, -19.17568427599997], [29.93639822000017, -19.17568427599997], [29.936133228000074, -19.17568427599997], [29.936045230000104, -19.175682275999975], [29.935515246000136, -19.175682276999964], [29.935162256000012, -19.175680276999913], [29.93463227100017, -19.17559627099996], [29.9342792810001, -19.175594270999966], [29.934104286000093, -19.175594270999966], [29.93401428800007, -19.175594270999966], [29.933839293000062, -19.175594270999966], [29.933308308000107, -19.175676276999923], [29.93189534800007, -19.175758284999972], [29.931365363000054, -19.17584029099993], [29.93118736800011, -19.17584029099993], [29.931100371000127, -19.175924297999927], [29.930834379000146, -19.175924297999927], [29.930657384000142, -19.176008303999936], [29.930482389000133, -19.176006303999884], [29.929864406000092, -19.176006304999873], [29.929686411000034, -19.17600430499988], [29.929686411000034, -19.175920297999937], [29.92959941300012, -19.17583629199993], [29.929423418, -19.175669278999976], [29.929423418, -19.175585272999967], [29.929333421000138, -19.175501266999845], [29.929335421000133, -19.175417259999904], [29.929246423000052, -19.175333253999952], [29.92915842600013, -19.175333253999952], [29.92916042500019, -19.17508123499988], [29.929070428000102, -19.17499722799988], [29.929070428000102, -19.17491322199993], [29.92889543300015, -19.17457819699996], [29.928807435000124, -19.1744081839999], [29.928719437000154, -19.17424017099995], [29.92863144000006, -19.17424017099995], [29.928454445000057, -19.17432417799995], [29.92810145500016, -19.1744081839999], [29.927659468000115, -19.17449019099996], [29.927394475000085, -19.17457419699997], [29.927306478, -19.17457419699997], [29.927218480000192, -19.174658203999968], [29.926953488000095, -19.174740209999925], [29.926598498000033, -19.174824216999866], [29.926333506000162, -19.174991229999932], [29.92615651100016, -19.174991229999932], [29.92606851300019, -19.174990229999935], [29.925362533, -19.175073236999935], [29.925362533, -19.174990229999935], [29.925275535000083, -19.174906223999983], [29.925275535000083, -19.17457019799997], [29.925187538000046, -19.174400184999968], [29.925189537000108, -19.173813140999982], [29.925101540000185, -19.17364512799992], [29.92510153900008, -19.173561121999967], [29.92510153900008, -19.173309101999905], [29.925013541999988, -19.173141089999945], [29.924926544000073, -19.17289007099987], [29.924838546000103, -19.17272205799992], [29.92475054900018, -19.17272205799992], [29.92466255100004, -19.172638051999968], [29.92457555400017, -19.17255404499997], [29.92448755600003, -19.172386031999906], [29.924399559000108, -19.172302025999898], [29.924309561000143, -19.172218019999946], [29.924134566000134, -19.172048006999944], [29.923958571000014, -19.171880993999878], [29.923781576000067, -19.171796987999926], [29.923781576000067, -19.171712981999917], [29.92369357800004, -19.171712981999917], [29.92342858600017, -19.171544968999967], [29.923165593000135, -19.1712909499999], [29.922900600000162, -19.17103893099994], [29.922902600000157, -19.170955924999816], [29.922812603000068, -19.170955924999816], [29.92281460200013, -19.1703678799999], [29.922726605000037, -19.17028387299996], [29.92272660400016, -19.17019986699995], [29.922463612000058, -19.16994684799988], [29.922373614000094, -19.169862841999873], [29.922198619000085, -19.16977883499993], [29.922198619000085, -19.169694828999923], [29.921933627000158, -19.169694828999923], [29.92140564200008, -19.169608822999976], [29.92105065200002, -19.169608822999976], [29.920874657000127, -19.169524816999967], [29.919291700000144, -19.16759067099997], [29.919203702000175, -19.16733865099991], [29.919116705000135, -19.16708663199995], [29.91894070899997, -19.166751606999924], [29.918853712000157, -19.16649758799997], [29.91867771600016, -19.166161561999957], [29.918589719000067, -19.166077555999948], [29.918589719000067, -19.16574252999993], [29.918502721000152, -19.165574516999982], [29.918502721000152, -19.165406504999908], [29.918414723000183, -19.16532249799991], [29.918414723000183, -19.165070478999837], [29.918503721000093, -19.164902465999944], [29.918593718000125, -19.164735452999935], [29.918593718000125, -19.164651446999983], [29.918681715000048, -19.164567440999974], [29.91877071300013, -19.16439942799991], [29.918858710000052, -19.16431542099997], [29.91894870700014, -19.164233414999956], [29.91903670500011, -19.164065401999892], [29.919125702000088, -19.16398139599994], [29.919213700000114, -19.163813382999933], [29.919303696999975, -19.16372937599988], [29.919390694000185, -19.163646369999867], [29.919478691999984, -19.163646369999867], [29.919478691999984, -19.163562362999926], [29.919568689000073, -19.163394350999965], [29.919745684000077, -19.163142330999904], [29.919835681000166, -19.162892311999826], [29.919923679000135, -19.162724298999933], [29.919923679000135, -19.162640292999924], [29.920012676000113, -19.162556286999916], [29.920012676000113, -19.162389273999963], [29.92010267300003, -19.16230526699991], [29.92010267300003, -19.161885234999886], [29.92010267300003, -19.161801228999877], [29.920104673000026, -19.161549209999976], [29.920016675, -19.16138219699991], [29.920016675, -19.1612981909999], [29.919486690000156, -19.161296190999906], [29.919221698000058, -19.161296190999906], [29.919045703000165, -19.161212184999897], [29.918780710000135, -19.161210184999902], [29.918690713000103, -19.161210184999902], [29.917014760000086, -19.160786153999823], [29.91661977100017, -19.1604911309999], [29.938779123000074, -19.133868087999872], [29.95645162500017, -19.137681367999903], [29.968227293000155, -19.140444570999932], [29.974744109000085, -19.142504723999934], [29.987912738000148, -19.145442938999963], [29.990017678000186, -19.145911973999944], [30.000994369000068, -19.14872118099987], [30.001376359000062, -19.149282222999943], [30.00941713200001, -19.15108735599989], [30.013764009000056, -19.152063427999906], [30.01725291100007, -19.152845484999887], [30.017856894000033, -19.153122505999875], [30.01793489100004, -19.153160508999918], [30.019855837000136, -19.153938566999898], [30.025564676999977, -19.156324744999893], [30.025564676999977, -19.156347746999927], [30.030614536000087, -19.15874892699992], [30.035377402, -19.16073307499994], [30.035377402, -19.160756075999927], [30.0357153920001, -19.16108410099997], [30.03404044300015, -19.166098483999974], [30.032430491000184, -19.169280727999933], [30.029832570000053, -19.176906309999936], [30.028434613000115, -19.180998622999937], [30.025772693000135, -19.187369109999906], [30.025421704000166, -19.188733213999967], [30.024000746000183, -19.192359490999877], [30.023546761000034, -19.194163627999956], [30.023704757000132, -19.195369719999917], [30.036962378000055, -19.191720433999876], [30.04141225100011, -19.19036432799993], [30.046615103000192, -19.189225237999835], [30.05015900100011, -19.188071147999892], [30.05487586600003, -19.186786046999885], [30.05629282600006, -19.186425018999955], [30.054743871000028, -19.187802124999962], [30.051480965000053, -19.19041932599987], [30.045965124000134, -19.19422261899996], [30.036954385, -19.2005231039999], [30.030134582000187, -19.20558949399998], [30.02322078100002, -19.210169846999975], [30.021944818000065, -19.211132920999887], [30.017503946000147, -19.21427216299992], [30.017240954000044, -19.214393171999973], [30.016759967000155, -19.214614188999974], [30.016500975000042, -19.214892210999892], [30.01540800700019, -19.216062299999976], [30.01162011700012, -19.220078608999927]]]]}}, {"type": "Feature", "properties": {"GID_3": "ZWE.10.5.5_2", "GID_0": "ZWE", "COUNTRY": "Zimbabwe", "GID_1": "ZWE.10_1", "NAME_1": "Midlands", "NL_NAME_1": "NA", "GID_2": "ZWE.10.5_2", "NAME_2": "Gweru", "NL_NAME_2": "NA", "NAME_3": "Ward 13", "VARNAME_3": "NA", "NL_NAME_3": "NA", "TYPE_3": "Ward", "ENGTYPE_3": "Ward", "CC_3": "NA", "HASC_3": "NA", "id": "ZWE.10.5.5_2", "name": "Ward 13"}, "geometry": {"type": "MultiPolygon", "coordinates": [[[[30.130665678000184, -19.131420781999907], [30.127201779000018, -19.135480093999945], [30.12322389500008, -19.139506402999928], [30.117078074000062, -19.14617891499995], [30.111247244000026, -19.15301943999998], [30.10783534300009, -19.15621468599994], [30.092910777000156, -19.17130284399991], [30.089246883000044, -19.175354154999923], [30.078513196000017, -19.18718006199998], [30.072638367000025, -19.193206524999823], [30.065144584000052, -19.200401076999924], [30.071896395000124, -19.203789330999882], [30.07787622700016, -19.20624351399988], [30.087350961000027, -19.21053183499987], [30.09566872800019, -19.214648142999863], [30.1045914770001, -19.218352418999928], [30.11544786800016, -19.223582637999982], [30.115583169000047, -19.223647815999925], [30.127663829000085, -19.22904221899995], [30.131039735000172, -19.230803350999906], [30.13897451200006, -19.234335614999964], [30.14641030300004, -19.237957885999947], [30.15294712000008, -19.24120212799994], [30.162219859, -19.245347437999897], [30.16817669200003, -19.24800863699994], [30.17075562000008, -19.249066715999902], [30.17107961000005, -19.249177723999935], [30.169183671000155, -19.25918248599993], [30.166265763000126, -19.273570581999934], [30.152481148000106, -19.262777769999957], [30.135405624000157, -19.250146818999895], [30.125979897000036, -19.25885648799988], [30.114789222000184, -19.26951330499992], [30.10549548800003, -19.272304522999946], [30.095846764000157, -19.27559077799998], [30.07158345900018, -19.28397843099998], [30.071564460000104, -19.28397843099998], [30.071461463, -19.28397843099998], [30.01200712600007, -19.248174745999904], [30.026414698000053, -19.220809654999925], [30.02628970100011, -19.22081165499992], [30.016738968000084, -19.215095225999903], [30.016500975000042, -19.214892210999892], [30.016759967000155, -19.214614188999974], [30.017240954000044, -19.214393171999973], [30.017503946000147, -19.21427216299992], [30.021944818000065, -19.211132920999887], [30.02322078100002, -19.210169846999975], [30.030134582000187, -19.20558949399998], [30.036954385, -19.2005231039999], [30.045965124000134, -19.19422261899996], [30.051480965000053, -19.19041932599987], [30.054743871000028, -19.187802124999962], [30.05629282600006, -19.186425018999955], [30.05487586600003, -19.186786046999885], [30.05015900100011, -19.188071147999892], [30.046615103000192, -19.189225237999835], [30.04141225100011, -19.19036432799993], [30.036962378000055, -19.191720433999876], [30.023704757000132, -19.195369719999917], [30.023546761000034, -19.194163627999956], [30.024000746000183, -19.192359490999877], [30.025421704000166, -19.188733213999967], [30.025772693000135, -19.187369109999906], [30.028434613000115, -19.180998622999937], [30.029832570000053, -19.176906309999936], [30.032430491000184, -19.169280727999933], [30.03404044300015, -19.166098483999974], [30.0357153920001, -19.16108410099997], [30.035377402, -19.160756075999927], [30.035377402, -19.16073307499994], [30.030614536000087, -19.15874892699992], [30.025564676999977, -19.156347746999927], [30.025564676999977, -19.156324744999893], [30.019855837000136, -19.153938566999898], [30.01793489100004, -19.153160508999918], [30.017856894000033, -19.153122505999875], [30.01788389300009, -19.153070501999935], [30.01788389300009, -19.152988495999978], [30.01788389300009, -19.15297749499996], [30.017675896000185, -19.148504153999966], [30.017677895000077, -19.14848115199993], [30.017362900000023, -19.14210666699995], [30.017337898999983, -19.13983049299992], [30.017248900000027, -19.137997352999946], [30.017129901000033, -19.13416906199984], [30.01664990400019, -19.118678880999823], [30.015989912000123, -19.10244364299996], [30.015871913000012, -19.099512419999826], [30.015840913000147, -19.09895537699998], [30.015436921000116, -19.09397699799996], [30.015419922000035, -19.093764981999982], [30.01656988900004, -19.09333394799995], [30.01656988900004, -19.093310945999974], [30.01661888700005, -19.093264942999895], [30.016666886000166, -19.09321893899994], [30.017944849000116, -19.091931839999916], [30.017993847000128, -19.091862834999972], [30.018682827000077, -19.091010768999922], [30.018707827000185, -19.090987767999877], [30.01878182400003, -19.090964765999843], [30.019487804000164, -19.091063772999973], [30.019535803000167, -19.09110977699993], [30.019584802, -19.09113477799997], [30.0196578, -19.09117978199987], [30.019752797000137, -19.09125078699998], [30.020578774, -19.091790827999887], [30.020601773000067, -19.091790827999887], [30.02067577100013, -19.09181382999992], [30.020795768000028, -19.091815829999916], [30.02089376500004, -19.091837830999964], [30.020942764000097, -19.09183983099996], [30.020992762000162, -19.09183983099996], [30.021015762000104, -19.09183983099996], [30.02235472400008, -19.09203484499983], [30.022401723000144, -19.092082848999894], [30.023490692000053, -19.09240287299997], [30.023531691000187, -19.09240687299996], [30.023531691000187, -19.09239187199995], [30.023603689000083, -19.092392871999948], [30.024431665000066, -19.092469876999928], [30.02452866300007, -19.092469876999928], [30.024602660000085, -19.092469876999928], [30.02470065800003, -19.092471876999923], [30.0247976550001, -19.092494878999958], [30.024869653000053, -19.092495878999955], [30.025699629000144, -19.092316864999873], [30.025749628000085, -19.092293862999952], [30.025774627000146, -19.092270860999975], [30.025823626000033, -19.09224785899994], [30.025871624000104, -19.092225857999892], [30.025945622000165, -19.09220285599997], [30.026018620000173, -19.092179853999937], [30.02606761900006, -19.09215685199996], [30.02719158600007, -19.091702816999884], [30.02721658600018, -19.091702816999884], [30.02729058400007, -19.091679814999964], [30.027557576000106, -19.091681814999845], [30.02762957400006, -19.091681814999845], [30.02770457200006, -19.091683814999897], [30.028385553000135, -19.091712816999916], [30.028532548000157, -19.091782821999914], [30.028652545000057, -19.091828825999926], [30.02877454200012, -19.091923832999953], [30.02889453800009, -19.09199483799989], [30.02896853600015, -19.092017839999926], [30.02896853600015, -19.09204084199996], [30.028991536000092, -19.092062842999837], [30.0290645340001, -19.0921108469999], [30.02911353200011, -19.09215684999998], [30.02918653000006, -19.09220485399993], [30.029914510000083, -19.09239486799993], [30.03037649700002, -19.092700890999936], [30.030468495000036, -19.093325938999897], [30.030468495000036, -19.093441947999906], [30.03044149599998, -19.09355895699997], [30.030191503000026, -19.094507028999942], [30.030166504000192, -19.094530030999977], [30.030164504000027, -19.09459803599998], [30.030139505000136, -19.094667040999923], [30.030139505000136, -19.0947600479999], [30.030115506000016, -19.094877056999962], [30.02981351500017, -19.095893134999926], [30.02981351500017, -19.095939138999938], [30.02978951600005, -19.096010143999933], [30.02973951700011, -19.09607814899988], [30.02971451800005, -19.096147153999823], [30.029392528000074, -19.096771201999957], [30.029392528000074, -19.096817205999912], [30.029392528000074, -19.096887210999967], [30.02939052800008, -19.096954215999972], [30.02939052800008, -19.09710282599991], [30.02939052800008, -19.09714122999992], [30.029604522000056, -19.097837282999933], [30.029626522000058, -19.09788528699994], [30.02965152100012, -19.097930290999898], [30.02967452000013, -19.097978293999972], [30.029724519000126, -19.09802429799987], [30.029747518000136, -19.09809530299998], [30.02977151800019, -19.09814030599989], [30.029819516000032, -19.098163307999926], [30.02984451599997, -19.098234313999853], [30.029916514000092, -19.098304318999965], [30.0299895120001, -19.09835032199993], [30.031124480000187, -19.099634419999973], [30.031221478000077, -19.09970442499997], [30.031221478000077, -19.099681422999936], [30.03134347400004, -19.099727426999948], [30.031440471000167, -19.099752427999874], [30.031900459000042, -19.099987445999943], [30.03195045700005, -19.100011447999975], [30.032022455000174, -19.10008045299992], [30.032142452000073, -19.100128456999983], [30.032239448999974, -19.100175459999946], [30.032314447000147, -19.100198461999923], [30.03236244600015, -19.100223463999953], [30.032411444000104, -19.100223463999953], [30.033355418000042, -19.10095051899998], [30.033355418000042, -19.100975520999896], [30.033380417000103, -19.100975519999906], [30.033851404000075, -19.10086851199992], [30.034185394000133, -19.10079550599994], [30.03421039400007, -19.10075050299986], [30.034282392000193, -19.10067949699993], [30.03501837000016, -19.10022146199998], [30.035043370000096, -19.10022146199998], [30.035066369000106, -19.10022346199986], [30.03521336500006, -19.10022346199986], [30.035335361000193, -19.100225461999912], [30.035480357000097, -19.100225461999912], [30.036089340000103, -19.100484480999967], [30.036136339, -19.10055548699995], [30.036209337, -19.10060348999997], [30.036256336000065, -19.10067149599996], [30.036281335000126, -19.10069449699995], [30.03630633400013, -19.100719498999865], [30.036329334000072, -19.100765502999934], [30.036354333000133, -19.100835507999875], [30.037248308000073, -19.10162956799985], [30.037273307000135, -19.10162956799985], [30.03729830700007, -19.101654569999937], [30.03732130600008, -19.101654569999937], [30.03734530500003, -19.101654569999937], [30.037443303000146, -19.101654569999937], [30.0374923010001, -19.10167857199997], [30.037565299000107, -19.10167857199997], [30.03763729700006, -19.101701572999957], [30.037735294000072, -19.101726574999873], [30.039098256000045, -19.10187558599995], [30.039173254000048, -19.101852583999914], [30.03934224900007, -19.101854583999966], [30.040391219000185, -19.101816579999934], [30.04065921100016, -19.10181857999993], [30.040952203000074, -19.101820579999924], [30.042022173000134, -19.10199159299998], [30.04204717200014, -19.10199159299998], [30.042217167000103, -19.10199159299998], [30.04294914700006, -19.101858581999977], [30.042999145000124, -19.101860581999972], [30.043047144000127, -19.101812577999965], [30.043146141000193, -19.10176857499988], [30.04324313800015, -19.10174557299996], [30.043758123000032, -19.1013545429999], [30.04385512000016, -19.101356542999895], [30.04426710900003, -19.101614561999952], [30.045078086000103, -19.102104598999972], [30.045023088000164, -19.10284665599994], [30.045023088000164, -19.102869657999975], [30.0450210890001, -19.103008667999916], [30.0450210890001, -19.10314767899996], [30.04525708200015, -19.103889734999882], [30.045282082000085, -19.10391473699991], [30.045307081000146, -19.10396074099998], [30.045330080000156, -19.104005743999892], [30.045379079000043, -19.104076749999933], [30.045402079000155, -19.10412475299995], [30.045450077000055, -19.104192757999897], [30.045789068000147, -19.104496780999852], [30.04581406700015, -19.104497780999907], [30.046545046000176, -19.104492780999976], [30.046545046000176, -19.104478779999965], [30.04664204400018, -19.104457777999983], [30.047693014000117, -19.1040937489999], [30.04774201200007, -19.104095749999885], [30.047767011000076, -19.103979740999876], [30.047817010000074, -19.103862731999982], [30.048459991000072, -19.10275664699992], [30.048483990000193, -19.102710642999966], [30.048533989000134, -19.10266563999994], [30.04860598700003, -19.102594634999946], [30.048680984000157, -19.10238261799998], [30.049056973000063, -19.101278533999846], [30.048895976000153, -19.099865425999894], [30.049025972000095, -19.098939354999914], [30.049075971000036, -19.098939354999914], [30.049099970000157, -19.098894351999945], [30.049124969, -19.098825346999888], [30.04917496800016, -19.098756340999955], [30.04919796700017, -19.098732339999913], [30.049908947000063, -19.098297305999893], [30.050005944000134, -19.098299305999888], [30.050166939000064, -19.098310306999906], [30.050395933000175, -19.098325307999914], [30.05054192900019, -19.09834830899996], [30.05117391100009, -19.09856232499982], [30.05124590900016, -19.098610328999882], [30.051342906000116, -19.098655331999964], [30.051392905000057, -19.09868033399988], [30.051415904000123, -19.098703335999915], [30.051465903000064, -19.09872633799995], [30.051512902000127, -19.09875133999998], [30.052336879, -19.099382386999878], [30.05235187800008, -19.09940338899986], [30.052409877, -19.099475393999967], [30.052481875000126, -19.09954639999995], [30.052554873000133, -19.099615404999895], [30.052601871000093, -19.099685409999836], [30.05262687100003, -19.09970841199987], [30.052649870000096, -19.099756415999934], [30.052721868000162, -19.099847421999982], [30.05478181100017, -19.10130153199998], [30.05487980800018, -19.101348535999932], [30.05490380700013, -19.101371536999977], [30.054976805000138, -19.101417540999876], [30.05502680400008, -19.101442542999905], [30.055048803000034, -19.101442542999905], [30.055048803000034, -19.10146554399995], [30.057356738000124, -19.102502621999975], [30.059256685000037, -19.10267863399997], [30.059256685000037, -19.102655632999927], [30.059304683000107, -19.102655632999927], [30.059401680000065, -19.10263263099995], [30.061234628000193, -19.10220759699996], [30.06128262699997, -19.10216159399988], [30.061324626000157, -19.102151592999974], [30.061379624000097, -19.10213859199996], [30.063973550000128, -19.10093149799991], [30.064023548000023, -19.100908495999875], [30.06517151500003, -19.10047546299984], [30.06521851400015, -19.10047746299989], [30.065318511000157, -19.10045446099997], [30.065415508000058, -19.100431458999935], [30.066412480000167, -19.100669476999883], [30.066491478000103, -19.100761483999975], [30.066977465000093, -19.101324525999928], [30.067002464000097, -19.101324525999928], [30.067122461000167, -19.101394531999915], [30.067927438000083, -19.10135452799983], [30.067952437000088, -19.10135452799983], [30.067976436000038, -19.101331525999967], [30.06802443500004, -19.101308523999933], [30.068146431000173, -19.101286522999885], [30.068245429, -19.101240518999873], [30.06836742500019, -19.101194515999907], [30.06887740999997, -19.100915493999935], [30.069199401000105, -19.100738479999904], [30.06922440000011, -19.10071547799987], [30.069346397000174, -19.10069247699994], [30.06944339400013, -19.100669474999904], [30.06959039000003, -19.100626470999885], [30.070078376000083, -19.1005364639999], [30.07015137400009, -19.1005364639999], [30.07029837000016, -19.100584467999965], [30.070443366000063, -19.100608469999827], [30.070565362000025, -19.10063147099993], [30.070662360000085, -19.100656472999958], [30.070662360000085, -19.100679474999936], [30.07068735900009, -19.100679474999936], [30.070759356999986, -19.100704476999965], [30.07216731700015, -19.101362525999946], [30.072264314999984, -19.101409529999955], [30.07231431300005, -19.10148053499995], [30.072386311000173, -19.101526537999916], [30.072409311000115, -19.10157454199998], [30.07245930900018, -19.10159654399996], [30.072482309000122, -19.101642546999926], [30.07328328600005, -19.102205589999983], [30.07330628600016, -19.102205589999983], [30.073380284000052, -19.10223059099991], [30.073428282000123, -19.102253592999944], [30.07350028000002, -19.102275594999924], [30.07359727800008, -19.102300596999953], [30.07367227500015, -19.102323597999884], [30.073769272999982, -19.102348599999914], [30.074938240000165, -19.10235659999995], [30.074986238000065, -19.102357599999948], [30.0758122150001, -19.10285063699996], [30.075835214000165, -19.10287263899994], [30.075835214000165, -19.102895640999975], [30.07588421300005, -19.102943643999936], [30.07590721200006, -19.102989647999948], [30.07598021000007, -19.10308265499998], [30.07602720900013, -19.103176661999953], [30.076125207000075, -19.103408679999973], [30.07619720499997, -19.103502686999946], [30.076737190000188, -19.10416973699995], [30.076970183000185, -19.104456758999902], [30.076993183000127, -19.104456758999902], [30.07883913100011, -19.105350825999892], [30.078911129000176, -19.105373827999927], [30.079300118000106, -19.105445832999862], [30.080515084000126, -19.105941869999867], [30.080588082000133, -19.105987873999936], [30.080637080000088, -19.106012875999966], [30.08066008000003, -19.106035876999897], [30.080733078000037, -19.10605887899993], [30.080830075000165, -19.10610588199995], [30.08095207200006, -19.106176887999936], [30.08109706700003, -19.10622489099984], [30.0812440630001, -19.10629489699994], [30.08134106100016, -19.106317897999872], [30.082678023000085, -19.106721927999843], [30.082703022000146, -19.106744929999877], [30.08366799600003, -19.107913018999966], [30.0837159940001, -19.107981023999912], [30.083787992, -19.10805202899985], [30.08386099, -19.108122033999962], [30.083957988000066, -19.108191039999895], [30.084442974000012, -19.10854406599998], [30.08449197300007, -19.10854406599998], [30.084833963000165, -19.10859206999993], [30.085222952000095, -19.108664074999865], [30.08536794800017, -19.10871207799994], [30.085439946000122, -19.10873707999997], [30.085489945000063, -19.10873707999997], [30.085514944000067, -19.10873707999997], [30.08558694200019, -19.10876008199989], [30.086000930000182, -19.108832086999882], [30.08612292700002, -19.108834086999877], [30.08624492299998, -19.108811084999957], [30.086389919000112, -19.10881308599994], [30.08653691500018, -19.108790083999963], [30.08736489200004, -19.10891209199997], [30.087461889000167, -19.10896009599992], [30.087533887000063, -19.108983097999953], [30.087558886000124, -19.108983097999953], [30.087558886000124, -19.10900709999993], [30.087608885000066, -19.10900709999993], [30.08775388100014, -19.10905510299989], [30.088094871000123, -19.109126107999884], [30.088239867000027, -19.109151109999914], [30.088289865000093, -19.10917311199995], [30.090015818000154, -19.110833236999838], [30.089990818000047, -19.110856238999872], [30.090063816000054, -19.11092424399982], [30.09046980500017, -19.111357276999854], [30.090740798000127, -19.111649298999964], [30.090764797000077, -19.111649298999964], [30.091398779000087, -19.11169930299991], [30.09152977500014, -19.111697301999925], [30.092372751000028, -19.111683300999914], [30.092422750000026, -19.111683300999914], [30.092472749000137, -19.111661298999877], [30.092569746000095, -19.111640296999894], [30.092641744, -19.111640296999894], [30.09273974100006, -19.111617294999974], [30.092836738000187, -19.111617294999974], [30.093618716000037, -19.111437280999894], [30.093812710000066, -19.11143928099989], [30.09393470700013, -19.11144128099994], [30.09403270399997, -19.11146428299992], [30.094104702000095, -19.111487284999953], [30.094154701000036, -19.111512286999982], [30.09422669900016, -19.111535287999914], [30.09500567700013, -19.11184231099992], [30.095077675000027, -19.111867312999948], [30.095855653000115, -19.112012323999977], [30.09629464000011, -19.11208432899997], [30.09663563100014, -19.11213233199993], [30.097244614000033, -19.112183335999816], [30.097293612000158, -19.112183335999816], [30.09737961000019, -19.112204336999866], [30.09739160900017, -19.112208337999903], [30.09751160600007, -19.112208337999903], [30.097633603000133, -19.112233338999943], [30.0977805980001, -19.112256340999977], [30.097902595000164, -19.112258340999972], [30.09799959200012, -19.112280342999952], [30.099277556000175, -19.112250339999946], [30.100168531000065, -19.11222733699998], [30.100217529000076, -19.112229337999963], [30.100339526000084, -19.112229337999963], [30.101652489000116, -19.11251735899998], [30.10170148700007, -19.11251735899998], [30.10289145400003, -19.11312940499994], [30.10289145400003, -19.113175407999904], [30.102889454000035, -19.11319840999994], [30.102889454000035, -19.113291416999914], [30.102889454000035, -19.11331441899995], [30.102889454000035, -19.113383423999892], [30.102905454000165, -19.11449550899988], [30.10290545500004, -19.114565513999935], [30.102928454000107, -19.11458851599997], [30.102928454000107, -19.11465752099997], [30.10272546000016, -19.11551358599985], [30.10272546000016, -19.11555958999992], [30.102701461000038, -19.115582591999953], [30.102701461000038, -19.115653596999948], [30.102701461000038, -19.115721601999894], [30.102676462000034, -19.115792607999936], [30.102651462999972, -19.115883614999973], [30.102645463000044, -19.116648672999872], [30.10264346300005, -19.116742679999845], [30.102668463000157, -19.11681068499996], [30.102666463000162, -19.11688169099989], [30.102666463000162, -19.116973697999867], [30.102691462, -19.11704370299998], [30.102689462000058, -19.11711270799998], [30.102689462000058, -19.11718271399991], [30.102901457000087, -19.118157787999962], [30.102949456000033, -19.11824979499994], [30.102996455000095, -19.11838880599987], [30.103021454000157, -19.118435808999948], [30.103021454000157, -19.118458810999982], [30.103044453000166, -19.11852981599992], [30.10309245200017, -19.1186208229999], [30.103189449000126, -19.118737831999965], [30.103261447000193, -19.118853840999975], [30.103719435000073, -19.11948388899998], [30.103767433000144, -19.11955389399992], [30.10379243300008, -19.119599896999887], [30.10381643200003, -19.11967090299993], [30.103839432000143, -19.119761909999966], [30.10385843100005, -19.11979991299995], [30.103887430000043, -19.11985591699994], [30.10391243000015, -19.119902919999845], [30.10393542899999, -19.11997192599995], [30.10398242800005, -19.120087934999958], [30.104007427000113, -19.12018194199993], [30.10405542600006, -19.120274948999963], [30.10410342400013, -19.12038995699993], [30.104127424000183, -19.120436960999882], [30.104127424000183, -19.120459962999917], [30.10487340300017, -19.121275023999942], [30.10547238700019, -19.121927073999814], [30.105987372000072, -19.122488115999943], [30.107761323000034, -19.123195168999928], [30.10781032100016, -19.123195168999928], [30.107933318000107, -19.123220170999957], [30.108905290000052, -19.123367181999868], [30.108905290000052, -19.12339018299997], [30.108980288000055, -19.123367180999935], [30.109077285000183, -19.123367180999935], [30.11010325600006, -19.123096159999932], [30.11010325600006, -19.123073157999954], [30.112333193000097, -19.122673126999814], [30.11235819200016, -19.122673126999814], [30.11264218399998, -19.122648123999966], [30.113334164000037, -19.12258711899989], [30.113407162000044, -19.122589118999883], [30.114868121000086, -19.122831136999935], [30.114915119000045, -19.12287714099989], [30.11506011500012, -19.122995148999905], [30.11540210600009, -19.123113157999967], [30.116737068000077, -19.12381721099996], [30.11676006800019, -19.123840212999937], [30.116832066000086, -19.12393321999997], [30.116929063000043, -19.124004224999908], [30.11823802700019, -19.12517131299984], [30.11828602500009, -19.125196314999926], [30.118358023000155, -19.125267320999967], [30.118431021000163, -19.125312323999935], [30.118528019, -19.125360327999942], [30.118650015000185, -19.125408330999903], [30.11879501100009, -19.12550133799988], [30.11913600200012, -19.125572342999874], [30.12139493800015, -19.126747431999945], [30.12149193600004, -19.126823436999928], [30.12151493500005, -19.12684043899992], [30.12166193100012, -19.126936445999945], [30.121758928000077, -19.12698144899997], [30.12180692700008, -19.127006450999886], [30.121855925000034, -19.12702945299992], [30.121951923000154, -19.127100457999916], [30.12209791900017, -19.12717046299997], [30.12235591100017, -19.127241468999955], [30.12742576900007, -19.12970165299987], [30.130572681000046, -19.131485786999974], [30.130665678000184, -19.131420781999907]]]]}}, {"type": "Feature", "properties": {"GID_3": "ZWE.10.5.6_2", "GID_0": "ZWE", "COUNTRY": "Zimbabwe", "GID_1": "ZWE.10_1", "NAME_1": "Midlands", "NL_NAME_1": "NA", "GID_2": "ZWE.10.5_2", "NAME_2": "Gweru", "NL_NAME_2": "NA", "NAME_3": "Ward 14", "VARNAME_3": "NA", "NL_NAME_3": "NA", "TYPE_3": "Ward", "ENGTYPE_3": "Ward", "CC_3": "NA", "HASC_3": "NA", "id": "ZWE.10.5.6_2", "name": "Ward 14"}, "geometry": {"type": "MultiPolygon", "coordinates": [[[[30.17577360100006, -19.43383674099988], [30.167289843000106, -19.433996757999978], [30.16690685400016, -19.434011758999873], [30.166921853000076, -19.434372786999916], [30.167804841000077, -19.453396226999814], [30.167934839, -19.45622144099997], [30.167945839000026, -19.456440457999975], [30.160687054000107, -19.468707390999953], [30.157772141000066, -19.474688845999935], [30.157175158000143, -19.47494486599993], [30.144387527, -19.483088489999943], [30.12352711900013, -19.481443378999813], [30.10577062400006, -19.481546397999978], [30.10576662400007, -19.481438388999948], [30.105653627000038, -19.48144138999993], [30.104772652000065, -19.480835343999956], [30.104745653000066, -19.48087134699989], [30.096998869000174, -19.47554594899998], [30.091677018000155, -19.471778666999967], [30.091677018000155, -19.471749664999948], [30.091649019000045, -19.471749664999948], [30.087489135000112, -19.468274403999885], [30.080575328000123, -19.463897076999842], [30.080533619000164, -19.46386610099995], [30.080496330000187, -19.463847072999954], [30.08028333600015, -19.463714062999884], [30.07215256700016, -19.462742994999928], [30.072150567, -19.462700990999906], [30.04337338099998, -19.457950649999873], [30.04328315900017, -19.458198936999906], [30.051662677000024, -19.4285951679999], [30.011372209000058, -19.444285414999968], [30.00147710500005, -19.43798153299997], [29.96635082299997, -19.4182602919999], [29.92016987600016, -19.44753293899987], [29.900230431000182, -19.43151373799998], [29.91870290000014, -19.423105088999932], [29.918580903000077, -19.423103088999937], [29.906273248, -19.416232575999913], [29.902685352000162, -19.419335813999908], [29.88789021000008, -19.41389637799989], [29.882111938000037, -19.41126873299993], [29.873664737000183, -19.419833121999943], [29.87288741300017, -19.419287698999938], [29.864378980000026, -19.413317107999944], [29.866198452000162, -19.41084081799994], [29.864880540000172, -19.409229907999872], [29.867110659000048, -19.405659325999864], [29.864710089000027, -19.401035992999937], [29.853339278000192, -19.404788442999916], [29.845628507000185, -19.398110544999838], [29.84532335900019, -19.398455384999863], [29.84119206600019, -19.40171140399997], [29.841079339000032, -19.401407285999937], [29.835734703000128, -19.396800622999876], [29.832246568000073, -19.40011779799994], [29.830070049000028, -19.398520347999977], [29.827627719000077, -19.400189767999905], [29.826430297000115, -19.39929075399988], [29.831978576000097, -19.39084351799994], [29.81953341700006, -19.385633084999938], [29.81700684599997, -19.384704972999884], [29.810156404, -19.372978807999914], [29.824981668000078, -19.35869041199993], [29.84879482200006, -19.335732504999953], [29.898460379000085, -19.291015075999894], [29.89894736600013, -19.29148611099987], [29.91596390000018, -19.315735942999936], [29.95035403100013, -19.277053003999924], [29.95152286200016, -19.275737879999895], [29.974680193000097, -19.25898859199998], [29.98482289800006, -19.248504787999934], [29.986214858000153, -19.248117757999978], [29.991423706000035, -19.24241632099995], [29.991601701000093, -19.24216430199988], [29.999055483000063, -19.23363164799997], [29.99987146000018, -19.23306760399987], [29.99982946100016, -19.23301159999994], [29.99982946100016, -19.232988597999906], [30.003522353000164, -19.228870282999935], [30.007090249000157, -19.22505598999993], [30.00967517400005, -19.222064760999956], [30.00974917200017, -19.222064760999956], [30.01162011700012, -19.220078608999927], [30.01540800700019, -19.216062299999976], [30.016500975000042, -19.214892210999892], [30.016738968000084, -19.215095225999903], [30.02628970100011, -19.22081165499992], [30.026414698000053, -19.220809654999925], [30.01200712600007, -19.248174745999904], [30.071461463, -19.28397843099998], [30.071564460000104, -19.28397843099998], [30.07146946200004, -19.28407943899998], [30.06476365900005, -19.293449154999962], [30.063874686000133, -19.29521728999987], [30.040830341000117, -19.297145450999892], [30.040830341000117, -19.29711844899998], [30.035759486000188, -19.298091525999894], [30.03647047800007, -19.315197824999814], [30.03643947900008, -19.315195824999932], [30.03712046700008, -19.32552760899989], [30.03715146600007, -19.32552760899989], [30.039793391000103, -19.325746623999976], [30.065693655000075, -19.325307574999897], [30.06572265400007, -19.325307574999897], [30.074921393000125, -19.325015546999964], [30.074248420000117, -19.33745449199995], [30.0736814440001, -19.34808529899982], [30.093032896000068, -19.351202523999973], [30.093004897000128, -19.35117552199989], [30.119586144000095, -19.354967792999958], [30.130196844000125, -19.35663091299989], [30.121303114000057, -19.382124852999937], [30.116479260000062, -19.395148843999834], [30.126368980000166, -19.396325926999964], [30.126398979000044, -19.39632792699996], [30.126398979000044, -19.396241920999955], [30.126433978000193, -19.395817887999954], [30.12646397700007, -19.395762883999907], [30.126492976000122, -19.39570587999998], [30.12649497600006, -19.395650875999877], [30.12736495100006, -19.394612795999876], [30.127365950000012, -19.394499787999962], [30.12733795100013, -19.394387778999942], [30.126868964000096, -19.39347971099994], [30.12687096400009, -19.393395703999886], [30.129719881000028, -19.390341470999886], [30.143494494000095, -19.396515930999954], [30.153489213000114, -19.40099526399996], [30.163839921000147, -19.40420550199991], [30.169948748000138, -19.40608463999996], [30.173166657000024, -19.406812693999882], [30.187110261000157, -19.407116707999933], [30.178987505000066, -19.426300166999965], [30.17577360100006, -19.43383674099988]]]]}}, {"type": "Feature", "properties": {"GID_3": "ZWE.10.5.7_2", "GID_0": "ZWE", "COUNTRY": "Zimbabwe", "GID_1": "ZWE.10_1", "NAME_1": "Midlands", "NL_NAME_1": "NA", "GID_2": "ZWE.10.5_2", "NAME_2": "Gweru", "NL_NAME_2": "NA", "NAME_3": "Ward 15", "VARNAME_3": "NA", "NL_NAME_3": "NA", "TYPE_3": "Ward", "ENGTYPE_3": "Ward", "CC_3": "NA", "HASC_3": "NA", "id": "ZWE.10.5.7_2", "name": "Ward 15"}, "geometry": {"type": "MultiPolygon", "coordinates": [[[[29.525671203, -19.867692788999875], [29.517621646000066, -19.86345360399997], [29.502404077000108, -19.861365457999852], [29.49950115900009, -19.860079363999944], [29.498974174000068, -19.859759339999982], [29.472431920000076, -19.8477514569999], [29.4457526920001, -19.863615668999955], [29.445589914000152, -19.863739971999962], [29.445518687, -19.863786327999946], [29.44541159100004, -19.863834477999944], [29.436286968000104, -19.87074021099994], [29.41384962000012, -19.887084455999968], [29.410632702000044, -19.875530589999926], [29.41063070200005, -19.875421581999944], [29.41057270400006, -19.87542358199994], [29.408921744000054, -19.867742005999958], [29.408917744000064, -19.86763499799997], [29.408917744000064, -19.867581993999863], [29.40891574400007, -19.867527989999928], [29.408913744000074, -19.86742198199994], [29.406567802000154, -19.856753181999977], [29.40656580200016, -19.85669917799993], [29.403237885000067, -19.842677125999955], [29.40337487400012, -19.834051477999935], [29.40337087400013, -19.833891465999955], [29.40317487699997, -19.830359199999975], [29.40368585200008, -19.81834329599991], [29.412758585000176, -19.806843423999908], [29.412754585000187, -19.806683411999927], [29.412743585000158, -19.806254379999928], [29.412739585, -19.806093366999846], [29.41273958400012, -19.806040362999966], [29.412732584000082, -19.805771342999947], [29.412730584000087, -19.80566433499996], [29.412728584000092, -19.805557326999974], [29.412726584000097, -19.80550432299998], [29.412724584000102, -19.80539731499988], [29.412720584000112, -19.805290306999837], [29.412609585000098, -19.80254610099996], [29.41258758500004, -19.801970056999835], [29.413023570000178, -19.798280778999924], [29.413815542000123, -19.791606275999868], [29.414896503000136, -19.782206567999822], [29.414896503000136, -19.782152563999944], [29.415522478000128, -19.77265384799989], [29.415522478000128, -19.772599843999956], [29.415577476000067, -19.77259784399996], [29.415577476000067, -19.772544839999853], [29.415633474000117, -19.772544839999853], [29.415629474000127, -19.77238482799993], [29.415629474000127, -19.772328823999942], [29.415684473000113, -19.77227581999989], [29.41568047300018, -19.772168811999904], [29.415736471000173, -19.772113806999982], [29.415791469000112, -19.772004798999944], [29.415846468000154, -19.771949794999898], [29.415902466000148, -19.771895790999963], [29.416012463000072, -19.771838785999876], [29.416127460000098, -19.77183678599988], [29.416182458000037, -19.771781781999948], [29.416294455000184, -19.771779781999953], [29.416350453000177, -19.771724777999964], [29.416462450000097, -19.77172277699998], [29.416575447000127, -19.771667772999933], [29.416687444000104, -19.771663772999943], [29.41680044000003, -19.771607767999967], [29.416855439000017, -19.77155276399992], [29.416911437000067, -19.77149975999987], [29.416966436000052, -19.77144375599994], [29.417021434000162, -19.77138875199995], [29.417017434, -19.771281743999964], [29.417073432000052, -19.77122673999986], [29.417071432000057, -19.771119731999875], [29.4171264310001, -19.771010722999904], [29.41712243100011, -19.770904714999972], [29.417178429000103, -19.770795706999877], [29.417174429000113, -19.770688698999948], [29.417227427000057, -19.770526686999915], [29.417223427000124, -19.770366674999934], [29.417218427000023, -19.77015265899996], [29.417273426000065, -19.770097653999983], [29.417269426000075, -19.769937641999945], [29.41726742600008, -19.769830633999902], [29.417183427000168, -19.76865354599994], [29.417178427000124, -19.768384524999874], [29.417174427000134, -19.76822451299995], [29.417166426999984, -19.767957492999983], [29.417221425000093, -19.767901488999883], [29.41722042500004, -19.767795480999894], [29.41803640100005, -19.76638337399993], [29.418202396000027, -19.766273365999893], [29.418257394000136, -19.766164356999866], [29.418368391000172, -19.766109352999933], [29.418368391000172, -19.766055348999885], [29.418333392000193, -19.76597334299987], [29.4183473920001, -19.765960341999858], [29.418404390000035, -19.765904337999928], [29.417630411, -19.76514328099995], [29.415995458, -19.765174284999944], [29.415987458000075, -19.764842259999966], [29.416039456000135, -19.764508233999948], [29.416035456000145, -19.76428721799988], [29.416031456000155, -19.764121204999924], [29.41602645600011, -19.763846184999977], [29.41602245600012, -19.763625167999976], [29.416981427000167, -19.76194904099998], [29.417096424000192, -19.76183603199985], [29.41726941899998, -19.761722023999937], [29.417500412000038, -19.76160701499998], [29.417614409000123, -19.76149500599996], [29.417731406000144, -19.76143700199998], [29.41778840400002, -19.76137999799994], [29.417975398000067, -19.761225985999886], [29.42072031800018, -19.75894981199997], [29.420834315000093, -19.758835803999943], [29.42100631, -19.758722794999983], [29.421120307000137, -19.758610785999963], [29.421236303000114, -19.75855378199998], [29.421294302000035, -19.75849577799994], [29.422987254000134, -19.758520777999877], [29.423106250000046, -19.758518777999825], [29.42322024700013, -19.758461773999898], [29.423394242000086, -19.758347764999883], [29.42350423900018, -19.75822875599988], [29.423558237000066, -19.758120747999953], [29.42355623700007, -19.758066743999905], [29.423554237000076, -19.75795973599992], [29.423609235000185, -19.757904730999826], [29.42360723500019, -19.757797722999953], [29.42360323500003, -19.757690714999967], [29.42360023500015, -19.757530702999873], [29.423581234999972, -19.75667263899993], [29.42356923500006, -19.756651636999948], [29.423533236000026, -19.756519626999875], [29.423470238000164, -19.756355614999904], [29.423350241000094, -19.756136597999898], [29.42323024500007, -19.755972585999928], [29.423108248, -19.75569756599998], [29.422928253000123, -19.75548054899997], [29.422867254000153, -19.75537154099993], [29.422747258000186, -19.75520752899996], [29.422688258999983, -19.755152524999914], [29.42107630400011, -19.753412394999827], [29.420779312000093, -19.75314137499987], [29.42054031900011, -19.752869353999927], [29.420302325000137, -19.752651337999907], [29.42012433000008, -19.75254432999992], [29.42006533200015, -19.75254432999992], [29.41752140300008, -19.750877206999917], [29.417225411000118, -19.75071519499994], [29.417107413999986, -19.750608186999955], [29.416872421, -19.75050217899991], [29.41675242400015, -19.750393170999928], [29.4154694610001, -19.750416172999962], [29.415409463000117, -19.75041817399989], [29.415352464000136, -19.750473177999822], [29.415293466000037, -19.750475177999874], [29.414969476000067, -19.751753273999952], [29.414973476, -19.751919286999907], [29.415034475000027, -19.752083298999878], [29.41503847500013, -19.752249311999947], [29.415099473000055, -19.752413323999917], [29.414053503, -19.75270834699984], [29.41393750600008, -19.75271034699989], [29.41387850800004, -19.752712347999818], [29.412112558000103, -19.751970292999943], [29.412051559000133, -19.751860284999907], [29.41193256300005, -19.751751276999983], [29.41181256600015, -19.751644268999883], [29.411694569000076, -19.751535259999855], [29.411635571000147, -19.751480255999923], [29.411633571000152, -19.751425251999876], [29.410965589000114, -19.7501661579999], [29.41090259000015, -19.74988913699997], [29.410839592000116, -19.749670120999895], [29.41083659200001, -19.74950410799994], [29.41076959300011, -19.749126079999826], [29.41109158400019, -19.74900606999995], [29.41363051100018, -19.747468952999952], [29.413720508000097, -19.747466951999968], [29.41515046699999, -19.747357942999884], [29.417302406000147, -19.7468429029999], [29.417361404000076, -19.7468429029999], [29.417361404000076, -19.746814900999823], [29.418841361000034, -19.746224854999923], [29.41890236, -19.746224854999923], [29.419880332000105, -19.745954833999974], [29.42170828000019, -19.746262855999873], [29.421767278000118, -19.746262855999873], [29.421797277000167, -19.746261855999876], [29.421797277000167, -19.746289857999898], [29.42221726600019, -19.74639686599994], [29.424006216000066, -19.747893976999933], [29.42540017700003, -19.749058063999883], [29.425429176000023, -19.749058063999883], [29.42543117600019, -19.74908606599996], [29.42664814300008, -19.75013214399985], [29.427077130000157, -19.750105140999835], [29.427105130000143, -19.7501341439999], [29.427197127000056, -19.75021914999985], [29.428017104000105, -19.750605177999887], [29.428034103000186, -19.750605177999887], [29.428107101000023, -19.75062217999988], [29.428181099000085, -19.75065818199994], [29.428799082000182, -19.75090219999987], [29.428854080000065, -19.75095420399998], [29.428963077000162, -19.751024208999922], [29.429854053000156, -19.751581250999948], [29.429909051000095, -19.75158325099983], [29.430165044000034, -19.751652255999943], [29.43027304100019, -19.75170525999988], [29.430384038, -19.751739261999944], [29.431094017000078, -19.751865270999872], [29.431204014000173, -19.751865270999872], [29.43127701200018, -19.751883271999873], [29.431368010000085, -19.75191927499992], [29.431477007000126, -19.75191927499992], [29.43277197000009, -19.75185826899991], [29.432809969000118, -19.751841267999964], [29.43284596800015, -19.751823266999963], [29.433027962000097, -19.751823265999974], [29.433118960000172, -19.751841267999964], [29.435327897000093, -19.751888269999938], [29.43534489700005, -19.751888269999938], [29.435747885000183, -19.75189026899983], [29.436075876000075, -19.751909270999874], [29.437114846000043, -19.752001276999977], [29.437150845000076, -19.752001276999977], [29.437168845000144, -19.752001276999977], [29.437206844, -19.752020277999918], [29.437278842000126, -19.75203727899998], [29.437351840000133, -19.75203727899998], [29.437534834000132, -19.75207328199997], [29.439485779, -19.752291296999886], [29.439575776000083, -19.752291296999886], [29.439721772000098, -19.752293296999937], [29.439794770000105, -19.752293296999937], [29.43988576800018, -19.752293296999937], [29.441726716000062, -19.752701325999965], [29.441837712, -19.752718326999968], [29.44260269100016, -19.752773330999958], [29.442712688000142, -19.752792331999956], [29.44276668600014, -19.752792331999956], [29.442785686000093, -19.752810333999946], [29.442821685000183, -19.752810333999946], [29.44289368300008, -19.752827334999893], [29.44293068100012, -19.752827334999893], [29.44293068100012, -19.752844335999896], [29.445327613000188, -19.752979343999982], [29.448047536000104, -19.752544309999962], [29.44991248200006, -19.75182725399992], [29.451463438000133, -19.75188825799995], [29.45153643600014, -19.75188825799995], [29.451608434000036, -19.75188825799995], [29.451663432000146, -19.75188825799995], [29.451719431000072, -19.751890257999833], [29.452995394000027, -19.75186225499982], [29.453086392000102, -19.75186225499982], [29.453342384000166, -19.751881255999876], [29.45370637400009, -19.751934259999928], [29.454145362000133, -19.751989262999928], [29.456169304000127, -19.752087268999958], [29.45618830400008, -19.752087268999958], [29.456296301000066, -19.752087268999958], [29.456663290000108, -19.752123271999835], [29.45903122300018, -19.75239428999987], [29.45907022200015, -19.752396289999865], [29.459142220000047, -19.752413291999915], [29.459197218000156, -19.752413291999915], [29.459215218000054, -19.752413291999915], [29.461303158000135, -19.75200825999991], [29.46132215700004, -19.75200825999991], [29.461339157, -19.752010259999963], [29.461358156000074, -19.751993257999914], [29.461377156000083, -19.751993257999914], [29.46404407900019, -19.75128220299996], [29.467150990000107, -19.75008811099991], [29.46716799000012, -19.75008811099991], [29.46928692900019, -19.749460061999912], [29.469342927000014, -19.74944305999992], [29.471476866000103, -19.749367052999958], [29.47151486500013, -19.749367052999958], [29.471531865000145, -19.749369052999953], [29.471640862000186, -19.749369052999953], [29.47175185900005, -19.749369052999953], [29.473957796000036, -19.749397053999928], [29.47399479500018, -19.749397053999928], [29.474085792000153, -19.749399053999923], [29.47436078400017, -19.749399053999923], [29.475947739000105, -19.749201036999978], [29.475966739000057, -19.749184035999917], [29.476687718000164, -19.748859010999922], [29.47693171100019, -19.749090027999955], [29.481047591, -19.745175729999914], [29.48477848100015, -19.741443446999938], [29.48661542700006, -19.738179198999944], [29.487995384000158, -19.734533923999948], [29.489958327000124, -19.732485767999947], [29.489985326000124, -19.732510769999976], [29.49048531000011, -19.730459614999972], [29.49050930900006, -19.730434612999943], [29.491202287000192, -19.727604398999915], [29.49263224499998, -19.72592727199998], [29.492659245000084, -19.72592527099988], [29.496447135000153, -19.724041126999964], [29.496474135000085, -19.72403912599998], [29.4996150450001, -19.723209061999967], [29.497332102000144, -19.713599338999927], [29.49732610200016, -19.713574336999898], [29.496147129000065, -19.70532871599994], [29.495041156000127, -19.699779298999886], [29.494326172000115, -19.69449390099993], [29.494353171000114, -19.69449390099993], [29.493048202000068, -19.686518299999932], [29.491385240000113, -19.675850495999953], [29.489788279000038, -19.667369857999915], [29.48897429800013, -19.662179466999874], [29.491915213000027, -19.66035732699993], [29.491942212000026, -19.660355326999934], [29.49618009, -19.657879136999895], [29.496256087000177, -19.657878136999898], [29.498452024000073, -19.656401023999877], [29.500036979000186, -19.656550033999963], [29.50011297700007, -19.656521031999944], [29.50905271800019, -19.65155464999998], [29.509029719000125, -19.65155464999998], [29.516967490000127, -19.647224317999928], [29.516946490000123, -19.647203315999946], [29.51692549100011, -19.64718431499989], [29.5195934140001, -19.645275168999945], [29.519878405000156, -19.645116155999915], [29.52046938800015, -19.644573114999844], [29.527858174000073, -19.63955773099991], [29.530748091000135, -19.638651660999983], [29.536017940000193, -19.63714354299998], [29.536015940000027, -19.637116540999898], [29.53898885500007, -19.636229471999968], [29.53899885500016, -19.636220470999945], [29.54980954399997, -19.632779203999917], [29.557924311000022, -19.629995987999962], [29.569699974000116, -19.62626269699996], [29.569720973000187, -19.62626269699996], [29.572036907000097, -19.625593644999867], [29.575580805000072, -19.624874587999955], [29.576768771000104, -19.624740576999955], [29.58239761100009, -19.624189531999946], [29.589822399000184, -19.623086442999977], [29.596254215000158, -19.621879347999936], [29.596275214000173, -19.621879347999936], [29.598384154000087, -19.621368306999955], [29.600093104000052, -19.61928914899994], [29.60330300800007, -19.61400374799996], [29.603282009000054, -19.61400374799996], [29.609570827000084, -19.610484476999943], [29.609877819000076, -19.610268460999976], [29.615322661000107, -19.606581178999818], [29.615323033000152, -19.606559256999958], [29.61530166100016, -19.60656017699995], [29.628306285000065, -19.59863856899989], [29.628285286000164, -19.598617567999952], [29.630797213000108, -19.596963440999957], [29.630776214000036, -19.59694443999996], [29.630776214000036, -19.59692343799992], [29.637472022000168, -19.594812273999935], [29.646558761000165, -19.59197205299995], [29.653775554000163, -19.589859887999978], [29.66751816100009, -19.58573656699997], [29.672612015000027, -19.58421644899994], [29.689684525000075, -19.57948507899988], [29.70608005500003, -19.573968650999973], [29.710792920000188, -19.57246553399989], [29.710792920000188, -19.57244453299984], [29.721793605000073, -19.569267284999853], [29.728225420000115, -19.567069113999935], [29.728432322, -19.56703491899998], [29.728503412000066, -19.567018109999935], [29.728599410000186, -19.5674891459999], [29.728599410000186, -19.56764715799983], [29.72860041000007, -19.567962181999974], [29.72860041000007, -19.5682772049999], [29.728114428000026, -19.57331458699997], [29.72811642800019, -19.573472597999967], [29.728116429000067, -19.573943633999875], [29.728118429000062, -19.57441666999995], [29.728284424000037, -19.57472969299988], [29.729955380000092, -19.57913202499998], [29.730123376000165, -19.579291036999905], [29.73028837100003, -19.579604059999895], [29.730454367000107, -19.579918083999928], [29.73062236200002, -19.58023310799996], [29.736285207000094, -19.587771673999953], [29.736451202000012, -19.58776967299997], [29.736619197000152, -19.588084696999942], [29.743272012000034, -19.592630035999946], [29.74343800700018, -19.59278604799988], [29.748592863, -19.595760268999868], [29.748758857999974, -19.595760268999868], [29.749378841000066, -19.596265305999907], [29.76774232600002, -19.605356980999943], [29.770054269000127, -19.61783592199987], [29.77010126800019, -19.617878924999957], [29.770054269000127, -19.617878924999957], [29.77094125000002, -19.625524501999905], [29.77401916600013, -19.630100844999845], [29.782990919000042, -19.641093668999815], [29.788932754000086, -19.647295132999886], [29.80270937300014, -19.66091015099994], [29.8080052250001, -19.665229473999943], [29.817156865000072, -19.67317596099997], [29.817255455000065, -19.673482717999946], [29.821510857000078, -19.685893022999892], [29.811231151000015, -19.68906126899992], [29.811187153000105, -19.68906126899992], [29.8111891530001, -19.689019265999832], [29.810973159000184, -19.6889642619999], [29.810532172000023, -19.689233282999965], [29.809451203000037, -19.689894332999927], [29.808446232000108, -19.69096441499994], [29.808398234000038, -19.690963413999953], [29.808398233000105, -19.690919410999925], [29.808350235000034, -19.690963414999942], [29.808123568000042, -19.690751559999967], [29.788120527000103, -19.69639493099993], [29.69397873600019, -19.788471647999927], [29.65951662100008, -19.79660477499982], [29.607475190000173, -19.812606183999947], [29.58591222800004, -19.822822126999938], [29.55626284500005, -19.830866656999945], [29.556275032000087, -19.83162820299998], [29.5554703520001, -19.831639735999943], [29.525671203, -19.867692788999875]]]]}}, {"type": "Feature", "properties": {"GID_3": "ZWE.10.5.8_2", "GID_0": "ZWE", "COUNTRY": "Zimbabwe", "GID_1": "ZWE.10_1", "NAME_1": "Midlands", "NL_NAME_1": "NA", "GID_2": "ZWE.10.5_2", "NAME_2": "Gweru", "NL_NAME_2": "NA", "NAME_3": "Ward 16", "VARNAME_3": "NA", "NL_NAME_3": "NA", "TYPE_3": "Ward", "ENGTYPE_3": "Ward", "CC_3": "NA", "HASC_3": "NA", "id": "ZWE.10.5.8_2", "name": "Ward 16"}, "geometry": {"type": "MultiPolygon", "coordinates": [[[[29.810156404, -19.372978807999914], [29.809245031000046, -19.373857065999914], [29.80919497500014, -19.373951432999945], [29.792975419000186, -19.38670729599994], [29.79333592800009, -19.386636973999885], [29.786122173000138, -19.41655596199996], [29.78597948500004, -19.41714767799988], [29.784671445000185, -19.41686675999989], [29.780683671000133, -19.416010266999933], [29.774066140000116, -19.424982470999964], [29.782025329000078, -19.431692202999898], [29.77918170400011, -19.435100620999947], [29.776358717, -19.43341046499995], [29.76541649300009, -19.440919140999938], [29.759394143000065, -19.437591951999934], [29.75419342400005, -19.4347184049999], [29.7570719630001, -19.430543393999983], [29.75086130700015, -19.425437758999976], [29.7460613880001, -19.433973702999936], [29.738272523000035, -19.442166506999968], [29.733176667000066, -19.447526066999956], [29.73406180100011, -19.44903417399985], [29.740640319000192, -19.457865685999934], [29.745790653000142, -19.46538800399992], [29.745680786000037, -19.465619324999977], [29.742774877000045, -19.466108090999967], [29.73744708300012, -19.46745656999991], [29.73744708300012, -19.46747157099992], [29.7346431630001, -19.4680706179999], [29.734595164000098, -19.468087619999892], [29.734595164000098, -19.4681026209999], [29.73458016500001, -19.4681026209999], [29.731059265000056, -19.46891768499995], [29.73106126500005, -19.468932685999846], [29.722434512000063, -19.471633896999947], [29.71643068400016, -19.4733980339999], [29.716397685000175, -19.473415035999892], [29.716380686000093, -19.473415035999892], [29.716380686000093, -19.473431036999955], [29.71636568600013, -19.473431036999955], [29.71084584400012, -19.474920152999914], [29.708100923000075, -19.475513199999966], [29.708085923000112, -19.47550819999998], [29.704981012000133, -19.47667528999989], [29.70496601200017, -19.476681290999977], [29.693100352000158, -19.48036057799993], [29.693100352000158, -19.48037557899994], [29.693085353000072, -19.48037557899994], [29.69049842700008, -19.481201642999963], [29.690449428000193, -19.481203642999958], [29.69043242900011, -19.481203642999958], [29.67873676400012, -19.484411893999948], [29.673979900000177, -19.485559984999895], [29.661439258000087, -19.488410208999824], [29.66144125800008, -19.488427209999884], [29.659782306000125, -19.48895625199998], [29.659782306000125, -19.48898625399994], [29.649158610000086, -19.49190048199995], [29.649125611000102, -19.49191048299997], [29.64228980700011, -19.493901637999954], [29.642274807000092, -19.49390763899993], [29.63543100300012, -19.496350827999947], [29.634522029000095, -19.49546576199998], [29.634522029000095, -19.495450760999972], [29.626248259000135, -19.489879344999963], [29.62624925900019, -19.48989434599997], [29.61990243700012, -19.48582204199988], [29.619890437000038, -19.48581404099997], [29.615700554, -19.48304283399989], [29.60818376400016, -19.478292479999936], [29.608166763999975, -19.478292479999936], [29.604069879000065, -19.47600930999988], [29.59577311000004, -19.47079292099994], [29.590457259000118, -19.467133646999912], [29.590396260000148, -19.46708264299997], [29.590375261000077, -19.467107644999828], [29.587075353000046, -19.464864477999924], [29.581044522000127, -19.461759246999975], [29.575000690000138, -19.457838953999953], [29.574987691000047, -19.457828952999932], [29.566440930000113, -19.453731648999963], [29.56641593100011, -19.45372064799983], [29.559555123000166, -19.4497873549999], [29.55957612200018, -19.449785353999914], [29.556500208000045, -19.447576188999903], [29.556481208000093, -19.4475781889999], [29.55019038200004, -19.441657744999873], [29.547335462000092, -19.439465580999865], [29.547335462000092, -19.43948458199992], [29.54501752600015, -19.437053399999854], [29.53471081100014, -19.427608690999875], [29.532047885000054, -19.42497449299998], [29.528942971, -19.42223128699993], [29.526387041000078, -19.41988011099994], [29.524064105000093, -19.417142904999935], [29.524062105000098, -19.417123903999936], [29.52401310600004, -19.417033896999953], [29.525550062000036, -19.41625983699987], [29.52559006100006, -19.416238834999888], [29.52561106000013, -19.41621883399995], [29.525630060000083, -19.41621883399995], [29.527305012000113, -19.41569279299995], [29.527366010000037, -19.41569279299995], [29.527465007000103, -19.415690792999953], [29.529625946000124, -19.415364765999982], [29.529665945000147, -19.415362765999816], [29.529686944000048, -19.415362765999816], [29.529705943000067, -19.415362765999816], [29.52972694300007, -19.415362765999816], [29.530432923000035, -19.415217754999958], [29.536009763000152, -19.414065662999974], [29.536068762000127, -19.41406366299998], [29.54320055800008, -19.412410532999957], [29.543219557000157, -19.412408531999972], [29.5544212370001, -19.409901333999926], [29.55545320800013, -19.4096713159999], [29.555474206999975, -19.409669315999906], [29.55914510200006, -19.408686238999906], [29.559185101000082, -19.408667236999975], [29.559244099000182, -19.40866523699998], [29.56479294100012, -19.40719112199986], [29.564813940000136, -19.40719112199986], [29.56485393900016, -19.40719112199986], [29.564872938000065, -19.40719112199986], [29.572381724000138, -19.406041028999823], [29.573783684000148, -19.405900016999965], [29.573804684000095, -19.405900016999965], [29.5738026840001, -19.40588101599991], [29.57557663200015, -19.40455891399995], [29.580484490000174, -19.400900632999935], [29.580503490000126, -19.40088163199988], [29.580522489000032, -19.400860629999897], [29.58998021400015, -19.393011027999876], [29.596395029000064, -19.38860268899998], [29.596587023000154, -19.388468678999914], [29.60254185100007, -19.384358362999933], [29.602581850000092, -19.384318359999952], [29.602621849000116, -19.384318359999952], [29.607330712000078, -19.380561071999978], [29.60610274600009, -19.37894294999984], [29.604702783000164, -19.375337676999948], [29.604427790000102, -19.37463162399996], [29.604427790000102, -19.374612621999916], [29.604427790000102, -19.37459362099986], [29.60442679000016, -19.374574618999873], [29.60442679000016, -19.37455561799993], [29.604405790000044, -19.374517614999945], [29.604384791000143, -19.374481611999897], [29.604365792000124, -19.374462610999956], [29.60434479200012, -19.374424607999913], [29.604323793000106, -19.374385604999873], [29.603298820000077, -19.37238745399992], [29.60329682000014, -19.37232944999994], [29.603275821000068, -19.372255443999848], [29.60325482100012, -19.37219843999992], [29.60325382100018, -19.372179437999932], [29.60325382100018, -19.372160436999877], [29.60236084500019, -19.36972025199998], [29.60236084500019, -19.369682248999936], [29.602358845000026, -19.369663247999938], [29.600771886000075, -19.364399849999927], [29.600746885999968, -19.36440184999998], [29.598593944000186, -19.360196531999975], [29.59857294500017, -19.360158528999932], [29.59857294500017, -19.36011952599989], [29.598551945000168, -19.360100524999893], [29.598530946000153, -19.360062521999964], [29.59600801400012, -19.355332164999822], [29.59594501600003, -19.355237156999863], [29.595924016000083, -19.355162151999878], [29.595922016000088, -19.35512414899995], [29.595922016000088, -19.35510514699996], [29.595901017000074, -19.355086145999962], [29.59586101800005, -19.35504814299992], [29.595800020000127, -19.354992138999933], [29.594657049000148, -19.351186850999852], [29.59461505000013, -19.351110844999937], [29.59461505000013, -19.351072841999894], [29.59461505000013, -19.351053840999953], [29.593522080000128, -19.349571728999877], [29.593520080000133, -19.349533725999947], [29.59349908100006, -19.34949672299996], [29.593478081000114, -19.349477721999904], [29.593459082000038, -19.349439718999975], [29.59343808200009, -19.34940171599993], [29.593417083000077, -19.34938471499993], [29.593417083000077, -19.349365712999884], [29.593396084000176, -19.349365712999884], [29.593335085000035, -19.349327710999944], [29.59325508700016, -19.34927170599991], [29.593213089000074, -19.349235703999966], [29.59317309000005, -19.349235703999966], [29.59246711000003, -19.349077691999867], [29.592387111999983, -19.34904068899982], [29.592307114000164, -19.34902368799993], [29.59226711500014, -19.34902368799993], [29.59224611600007, -19.349025687999927], [29.59060816200008, -19.348712665999926], [29.590547163999986, -19.34871466599992], [29.59044816700009, -19.348716665999916], [29.590387168000063, -19.348716665999916], [29.59034617000009, -19.348699664999913], [29.59024517200004, -19.348701664999908], [29.590186174000166, -19.348701664999908], [29.59010617600012, -19.348703664999903], [29.590005179000173, -19.348705665999887], [29.589061206000167, -19.348646661999908], [29.589002208000068, -19.34864866199996], [29.588901211000177, -19.348649661999957], [29.58884021200015, -19.348630660999902], [29.588760215000036, -19.34861365999984], [29.588500222000107, -19.348619659999883], [29.58839922499999, -19.34862165999988], [29.58746125200014, -19.348791673999926], [29.587400253000112, -19.34881067599997], [29.587321256000052, -19.348850678999895], [29.58728125700003, -19.348871679999945], [29.587260257000082, -19.348871679999945], [29.58722025800006, -19.348871679999945], [29.585878297000136, -19.34887668199991], [29.58571730100016, -19.3488806819999], [29.585656303000064, -19.34890168399994], [29.58557630500019, -19.34890168399994], [29.585517307000146, -19.348903683999936], [29.585477308000122, -19.348903683999936], [29.5854373090001, -19.34890568399993], [29.584832326000026, -19.348827678999953], [29.584792327000173, -19.34882167799998], [29.58473132900008, -19.34878567499993], [29.58457133400009, -19.348749672999816], [29.584531335000065, -19.34875167299998], [29.584510335000118, -19.34875167299998], [29.583558362000133, -19.34831263999996], [29.58351836300011, -19.348274637999964], [29.58343636500007, -19.348237634999975], [29.583417366, -19.348237634999975], [29.581641415000036, -19.346786525999903], [29.581622416000187, -19.346786525999903], [29.581601416000012, -19.34676752399986], [29.58156141699999, -19.34675052299997], [29.5814604200001, -19.346694518999925], [29.58142642100006, -19.34667551799987], [29.580262454000092, -19.346012467999913], [29.580182456000045, -19.34599446699991], [29.580142457000193, -19.34599446699991], [29.58012145800018, -19.345996466999907], [29.579208483, -19.345441424999933], [29.579106486, -19.345386420999887], [29.579065487000094, -19.345348417999958], [29.579024488000186, -19.345331416999954], [29.579024488000186, -19.3453124159999], [29.579003489000115, -19.3453124159999], [29.578963490000092, -19.34529441399991], [29.578902492, -19.34523740999998], [29.578132513000185, -19.344833379999955], [29.57805051600002, -19.34477837599985], [29.577970517999972, -19.344760374999964], [29.577930519000176, -19.344741372999977], [29.577890520000153, -19.344724371999916], [29.57684155000004, -19.34443835099995], [29.576820550000036, -19.344419348999963], [29.576780551000013, -19.34442134999989], [29.576718553000035, -19.34442134999989], [29.576699554000186, -19.344423349999943], [29.575530587000173, -19.344120327999917], [29.575469588000033, -19.34410232599987], [29.575448589000132, -19.344083324999872], [29.57540859000011, -19.34408532499998], [29.575368591000085, -19.344066323999982], [29.57534759200007, -19.344066323999982], [29.575328592000062, -19.344066323999982], [29.575307593000048, -19.344049321999933], [29.574659611000072, -19.34366029299997], [29.57463861200017, -19.343641291999916], [29.574617612000054, -19.343624290999912], [29.574596613000153, -19.343605288999868], [29.574596613000153, -19.343585287999815], [29.57457761300003, -19.343585287999815], [29.57455661400013, -19.34356628599994], [29.574535614000183, -19.343549284999938], [29.574077627000065, -19.34268121899987], [29.57405662700006, -19.34266221799993], [29.57405662700006, -19.34264321699993], [29.574035628000047, -19.34260521399989], [29.574014628000043, -19.342588211999896], [29.574014628000043, -19.342569210999955], [29.57399362900003, -19.342550208999967], [29.573972630000128, -19.34253120799997], [29.573911631000158, -19.342494204999866], [29.573852633000058, -19.342456201999937], [29.573419645000115, -19.341894159999867], [29.57341764500012, -19.34185615699994], [29.57341764500012, -19.341836155999943], [29.57341764500012, -19.341817153999955], [29.573415645000182, -19.34176014999997], [29.572499670000127, -19.340501054999947], [29.57247867000018, -19.340482053999892], [29.572417672000086, -19.34042704899997], [29.572335674000044, -19.340353043999983], [29.57231467500003, -19.34033304199994], [29.57231467500003, -19.340314040999942], [29.57158669500018, -19.339451975999964], [29.57155569600019, -19.339413972999978], [29.57151369700017, -19.339358968999875], [29.57151369700017, -19.33933996699983], [29.5714926980001, -19.339320965999946], [29.571492697000053, -19.339301964999947], [29.570750718, -19.33838189499994], [29.570670720000123, -19.338307889999953], [29.570628721000162, -19.338252885999964], [29.570628721000162, -19.33823288399998], [29.569913741000107, -19.33757883499993], [29.569871742000146, -19.337542831999883], [29.569850743000075, -19.337504828999954], [29.569831743000123, -19.337485827999956], [29.56981074400005, -19.33746682599991], [29.569770745000028, -19.337449824999908], [29.56972874600018, -19.33741082199998], [29.569709747000104, -19.337391820999926], [29.569667748000143, -19.337355817999878], [29.56964674800014, -19.337336816999823], [29.56962774900012, -19.33731781499995], [29.569566751000025, -19.33728181299989], [29.569524752000177, -19.33724380999996], [29.569505752000055, -19.337223807999976], [29.569463753000036, -19.337187804999928], [29.569423755000116, -19.337149802999875], [29.569402755000112, -19.33711379999994], [29.569381756000098, -19.337094797999953], [29.569360756000094, -19.3370567959999], [29.56933975700008, -19.337017792999973], [29.56932075700007, -19.336998790999928], [29.569299758000056, -19.336962787999937], [29.56927875800011, -19.33692478599994], [29.569276759, -19.336905783999953], [29.56925775900004, -19.336886782999954], [29.56925775900004, -19.33686778099991], [29.569205760000102, -19.336335740999857], [29.569225760000165, -19.33629673799993], [29.56922376000017, -19.33623973399989], [29.569244759000185, -19.336220731999845], [29.56998473700014, -19.335143649999964], [29.56996373800007, -19.335143649999964], [29.56996373800007, -19.33512364799992], [29.56998473700014, -19.33512364799992], [29.570003737000093, -19.33512364799992], [29.57004373500007, -19.33510264699987], [29.570171731000187, -19.334509601999912], [29.570171731000187, -19.334490599999867], [29.57019073100014, -19.334471598999983], [29.57019073100014, -19.334414593999952], [29.570188731000144, -19.334395592999897], [29.569755742000098, -19.333737542999927], [29.569713744000182, -19.33368253899988], [29.569692744000065, -19.333662537999942], [29.568454779000035, -19.332905480999898], [29.568433779000088, -19.332905480999898], [29.568433779000088, -19.33288647899991], [29.568412780000187, -19.33288647899991], [29.568372781000164, -19.3328864799999], [29.56833278200014, -19.33286947799985], [29.56827378400004, -19.33286947799985], [29.568212786000174, -19.332833475999962], [29.56738280900015, -19.332524452999905], [29.567302811000104, -19.332526452999957], [29.567201813999986, -19.3325084519999], [29.567100817000096, -19.332472448999965], [29.56702081900005, -19.332455447999962], [29.567001820000144, -19.332436445999974], [29.565833853000072, -19.33224943299996], [29.5657728540001, -19.33224943299996], [29.565753855000025, -19.332251432999954], [29.565711856000178, -19.3322324319999], [29.5656928570001, -19.3322324319999], [29.565671857000154, -19.3322324319999], [29.565671857000154, -19.332215429999906], [29.565652858000078, -19.332215429999906], [29.56563185800013, -19.332215429999906], [29.564620887000046, -19.331833401999916], [29.564540889, -19.331778397999813], [29.564458891000186, -19.33172339399988], [29.56439789300009, -19.33168539099995], [29.564357894000068, -19.331648387999962], [29.564336895, -19.331648387999962], [29.564336895, -19.331629386999907], [29.56431589500005, -19.331629386999907], [29.56431589500005, -19.33161038499992], [29.564275896000026, -19.331612385999847], [29.563279924000028, -19.330925333999915], [29.563258925000184, -19.330906332999973], [29.56321892600016, -19.330908332999854], [29.56321892600016, -19.33088933099998], [29.563197926000043, -19.330870329999982], [29.563176927000143, -19.330851328999927], [29.563157928000066, -19.330851328999927], [29.562427948000106, -19.330428296999912], [29.562366950000182, -19.33040929599997], [29.56232695100016, -19.33039129399998], [29.56226595200019, -19.330353290999938], [29.562204954000094, -19.330336289999934], [29.56216495500007, -19.33031728899988], [29.562122956000053, -19.330281285999945], [29.562102957000093, -19.330281285999945], [29.562102957000093, -19.330262284999947], [29.56208195800008, -19.330262284999947], [29.561612971000045, -19.329832251999903], [29.561591971000098, -19.329813250999905], [29.561551972000075, -19.32979624999996], [29.561530973, -19.329739244999928], [29.561509973000057, -19.329720243999873], [29.561488974000042, -19.329684240999825], [29.56146797500014, -19.32966523999994], [29.56146797500014, -19.329646237999953], [29.561446975000024, -19.3296262369999], [29.561446975000024, -19.329607234999912], [29.56140697600017, -19.329571232999967], [29.5613859770001, -19.32951422799988], [29.560950989000162, -19.328856178999956], [29.560908989999973, -19.32878017299987], [29.560867991000066, -19.328724168999884], [29.56084699100012, -19.328686165999954], [29.56082699200016, -19.328667163999967], [29.560825992000048, -19.32864816299997], [29.560805993000088, -19.328629160999924], [29.560785993000025, -19.328629160999924], [29.559864019000145, -19.327675089999957], [29.559782021000103, -19.327601083999923], [29.559721022000133, -19.327527078999935], [29.559679024, -19.327507076999893], [29.559679024, -19.327488075999838], [29.55966002400004, -19.327488075999838], [29.558768049000037, -19.327012039999886], [29.558666052000035, -19.32697503699984], [29.558605054000168, -19.326937033999968], [29.558565055000145, -19.326939034999953], [29.55814535000013, -19.326847131999898], [29.55811106800013, -19.32684202799993], [29.557900074000088, -19.32695003599997], [29.557377089000056, -19.327006040999834], [29.557320090000076, -19.327006040999834], [29.557144095000126, -19.327006040999834], [29.557028098000046, -19.327008040999885], [29.556914102, -19.327008040999885], [29.55685410300015, -19.327008040999885], [29.556158123000102, -19.326788024999928], [29.555983128000094, -19.326624012999844], [29.555866131000073, -19.326514003999876], [29.55575213400016, -19.326458], [29.555750134000164, -19.326402995999956], [29.55569313600006, -19.326402995999956], [29.55441517100013, -19.32507889599998], [29.554239176000067, -19.325023891999876], [29.54941230800017, -19.318588406999936], [29.54941230800017, -19.318532401999846], [29.54941230800017, -19.318477397999914], [29.545923404000177, -19.31407706599998], [29.54575040800006, -19.31396605799995], [29.54575040800006, -19.313911053999902], [29.541903516000104, -19.31171488999985], [29.541786519000084, -19.311659885999916], [29.54161352400007, -19.311659885999916], [29.54149652700005, -19.311606881999978], [29.541380531000073, -19.311606881999978], [29.541264534000163, -19.311606881999978], [29.541031540000063, -19.311606881999978], [29.54097454200013, -19.311606881999978], [29.54085854500005, -19.311606881999978], [29.54080054700006, -19.311608881999973], [29.538597611, -19.31315600199997], [29.53836561700018, -19.31332101399994], [29.53813462400018, -19.313543030999938], [29.53795862900006, -19.31376404799994], [29.536974658000133, -19.314262086999918], [29.536741664000033, -19.314317090999964], [29.536452672999985, -19.314372094999953], [29.536219679000112, -19.314428099999873], [29.53285677600013, -19.316585265999947], [29.53256678500003, -19.316585265999947], [29.532217795000065, -19.316640270999983], [29.53198680100013, -19.31669627499997], [29.53187080400005, -19.316751278999902], [29.528967887000135, -19.316482260999862], [29.528618896000125, -19.31637325299988], [29.528328905000023, -19.31631824899995], [29.52815591000018, -19.31631824899995], [29.52798191400018, -19.316265244999954], [29.52792291600008, -19.316265244999954], [29.524846003000164, -19.315334176999897], [29.52455601100013, -19.315225168999916], [29.52432401700014, -19.315114159999894], [29.523975027000176, -19.314895143999877], [29.523917029000188, -19.314840139999944], [29.52246406900008, -19.313300023999886], [29.522405070000048, -19.313245019999954], [29.522348072000113, -19.31313501099993], [29.52228907400007, -19.31307900699983], [29.52223107500015, -19.31297099899996], [29.52211507800007, -19.31274898199996], [29.521329099000127, -19.31106685499998], [29.521241102000033, -19.310877840999865], [29.521184103, -19.310767831999897], [29.521125105000124, -19.310603819999926], [29.521125105000124, -19.31043780699997], [29.521068106000087, -19.310326798999938], [29.52106610600009, -19.310217790999957], [29.52106610600009, -19.31016278599992], [29.521009108000044, -19.310107781999932], [29.52100910700011, -19.310051777999888], [29.520950109000182, -19.309885765999923], [29.520892111000023, -19.309721752999963], [29.520833112000048, -19.30950073599996], [29.52083111100012, -19.30823463999991], [29.52089010900005, -19.308123631999877], [29.52094810800014, -19.308068626999955], [29.52094810800014, -19.307902614999875], [29.520948107000038, -19.307846610999945], [29.52088910900011, -19.307682597999815], [29.52083111100012, -19.307627593999882], [29.520656115, -19.3063054939999], [29.520656114000133, -19.306195484999932], [29.520654114000138, -19.306029472999967], [29.520654114000138, -19.305973467999877], [29.520654114000138, -19.30592046399994], [29.52106010200015, -19.30503739699998], [29.521117100000083, -19.304982392999932], [29.521234097000047, -19.304816379999977], [29.521350094000184, -19.30465036699991], [29.52140709200006, -19.304486354999938], [29.52152408799998, -19.304375345999972], [29.52152408799998, -19.30426433799994], [29.521581087000186, -19.304154329999903], [29.521581087000186, -19.304098324999813], [29.521581087000186, -19.30404332099988], [29.52169508200012, -19.302996240999903], [29.52169508200012, -19.302777224999943], [29.52169508200012, -19.30261121199993], [29.521693082000127, -19.302445199999966], [29.521636084000193, -19.302281186999892], [29.521636084000193, -19.302170178999972], [29.521577085000047, -19.302115174999926], [29.520763107000164, -19.300188028999912], [29.520705108000072, -19.300078019999944], [29.52070410800019, -19.300022015999957], [29.52064611000003, -19.299914007999973], [29.519775134000042, -19.29892393299997], [29.51965813700008, -19.298867928999925], [29.519601139000144, -19.298867928999925], [29.519485142000065, -19.29875792099989], [29.519426144000136, -19.29875792099989], [29.517511198000136, -19.298486901999922], [29.517278204000036, -19.298486901999922], [29.517047211000033, -19.298433897999928], [29.516931214000124, -19.298433897999928], [29.516872216000024, -19.298433897999928], [29.51675521900006, -19.298377893999884], [29.51664122200009, -19.298267885999962], [29.515594251000095, -19.29738781999987], [29.515594251000095, -19.2972778109999], [29.51553725300016, -19.29711379899993], [29.515477254000075, -19.296947785999976], [29.51542025600014, -19.29678377399989], [29.51530425900006, -19.29656275699989], [29.515245260000086, -19.29650675299996], [29.514257287000135, -19.295186652999973], [29.514140291000047, -19.29513164899987], [29.514024294000137, -19.295022640999946], [29.513908297, -19.294801623999945], [29.513850299000183, -19.2947466199999], [29.513791300000037, -19.294692615999963], [29.511934352000026, -19.293483524999942], [29.511758357000133, -19.29331951299997], [29.511701358000096, -19.293264508999926], [29.510076405000063, -19.293376518999878], [29.509843411000134, -19.293268509999905], [29.50961241800013, -19.29310249799994], [29.50943742200019, -19.2929934899999], [29.509380424000085, -19.292882480999936], [29.509321426000042, -19.292827476999946], [29.50786946600016, -19.29172839499995], [29.50775346900008, -19.29150737799995], [29.50595051800019, -19.289253207999934], [29.505582529000037, -19.28906919399992], [29.503938575000063, -19.288265133999914], [29.50391957500011, -19.28824513299986], [29.50389857600004, -19.28824513299986], [29.502717609000115, -19.28735506599992], [29.502717609000115, -19.287336064999977], [29.502717609000115, -19.287317062999875], [29.502382618000183, -19.286617009999873], [29.502361618000066, -19.28658000699994], [29.502361618000066, -19.286561005999943], [29.502357616999973, -19.285399917999882], [29.502340616000083, -19.28349377299992], [29.502359616000092, -19.28349377299992], [29.502454612000122, -19.28216067099993], [29.502452612000127, -19.282141669999874], [29.502473612000074, -19.28213966999988], [29.503059594000092, -19.28138661199995], [29.503120593000062, -19.28136761099995], [29.503160590999983, -19.28134660899991], [29.5034175830001, -19.280237523999972], [29.5034175830001, -19.280218522999917], [29.502794600000186, -19.279125439999973], [29.502794600000186, -19.279106438999918], [29.50188962500016, -19.277998354999966], [29.50082365500009, -19.27767833199988], [29.5005916610001, -19.27733630599994], [29.49813672900018, -19.27501313099998], [29.49813672900018, -19.27499812999997], [29.497228754000105, -19.27392604899984], [29.497228754000105, -19.273894045999953], [29.497302751000063, -19.273040981999884], [29.497302751000063, -19.273025979999886], [29.497302751000063, -19.273008978999883], [29.497302751000063, -19.27299297799982], [29.497617741000056, -19.27202790399997], [29.49763674100018, -19.2719959019999], [29.497720738000112, -19.271678877999875], [29.497936731000152, -19.270881816999918], [29.49797073000019, -19.270848813999976], [29.497987730000034, -19.270833812999967], [29.49821672300004, -19.270065754999905], [29.49804672700003, -19.269538714999896], [29.49804672700003, -19.269506711999952], [29.49804672700003, -19.26945670799995], [29.49782773300018, -19.26860464399988], [29.49696975600017, -19.267877588999966], [29.495799789000102, -19.266969520999965], [29.49484281500014, -19.26555441399995], [29.494432826000036, -19.264650344999836], [29.49447482400012, -19.26332224399988], [29.49494780900011, -19.262033145999908], [29.494983808000143, -19.262000142999852], [29.494935809000026, -19.261312090999922], [29.494497820000106, -19.259504953999965], [29.494087831000172, -19.258764897999924], [29.494052832000023, -19.258715893999977], [29.494035832000066, -19.25870089299997], [29.493209856000078, -19.258351866999874], [29.493158857000083, -19.258333865999816], [29.49221288300015, -19.257738820999975], [29.49216088500009, -19.257671815999913], [29.49216088500009, -19.25763981399996], [29.491178912000123, -19.257240783999976], [29.491111914000044, -19.25714177699996], [29.491111914000044, -19.257124774999966], [29.49109491500019, -19.257124774999966], [29.490289936000067, -19.25579367499995], [29.49020193900003, -19.255573657999946], [29.48942195900014, -19.253641511999945], [29.488403986000037, -19.25096330899987], [29.488403986000037, -19.25094630699988], [29.4879989960001, -19.248928153999884], [29.48814199200018, -19.24860012899984], [29.488145991000067, -19.24790807599993], [29.48817899000005, -19.247877073999973], [29.488498981000134, -19.247368034999965], [29.488529980000123, -19.247307029999945], [29.488593978000097, -19.247217022999962], [29.489106962999983, -19.246286951999934], [29.489139962000138, -19.24619694499995], [29.48942995300007, -19.245294876999935], [29.488895967000133, -19.244508816999883], [29.488864968000144, -19.244416809999905], [29.48807699000014, -19.243478738999954], [29.486624029999973, -19.242684679999968], [29.485831053000027, -19.242709681999884], [29.484911079000085, -19.242854693999902], [29.484848081000052, -19.242854693999902], [29.484185099000058, -19.24239665999994], [29.484061102000055, -19.241798613999833], [29.4840931010001, -19.241828616999896], [29.485052073000077, -19.240357503999974], [29.485117071000104, -19.240357503999974], [29.486849019000033, -19.236936241999956], [29.486882018000188, -19.236936241999956], [29.487494, -19.23537412299993], [29.487525999000127, -19.23537412299993], [29.487525999000127, -19.235343120999914], [29.487183008000045, -19.23440704999996], [29.487215007000145, -19.234347044999936], [29.487215007000145, -19.234317042999862], [29.486014040000157, -19.233737], [29.484402085000113, -19.23279292899997], [29.48300812400015, -19.23198986899996], [29.482971125000176, -19.231997868999883], [29.48242614100019, -19.23181085599998], [29.481272173000093, -19.231415825999875], [29.48124017400005, -19.231415825999875], [29.47943522500003, -19.230951791999928], [29.47943522500003, -19.230921789999968], [29.4794032260001, -19.230921789999968], [29.47785426900009, -19.230156732999887], [29.477824270000042, -19.230066725999905], [29.477824270000042, -19.230036723999888], [29.477135288000056, -19.2286156159999], [29.477103289000127, -19.2286156159999], [29.477053289000082, -19.226477452999916], [29.476590300000055, -19.224636313999838], [29.476590300000055, -19.22457530899993], [29.476116314000137, -19.224211281999942], [29.473963374000164, -19.223595235999937], [29.47393337500006, -19.223593235999942], [29.47152944200019, -19.222372144999895], [29.469349503000046, -19.221092048999935], [29.467448557000125, -19.220928037999954], [29.467385559000093, -19.220928037999954], [29.46624459100019, -19.220861033999938], [29.46624459100019, -19.220831030999932], [29.465472613000088, -19.22061401499991], [29.464884627000117, -19.218293838999955], [29.464917627000148, -19.218293838999955], [29.464947626000082, -19.21832484199996], [29.464577635000126, -19.216754721999962], [29.464608634000115, -19.216754721999962], [29.46460963400017, -19.216695717999983], [29.46460963400017, -19.21666471499998], [29.46395965000005, -19.21400951399994], [29.463961650000044, -19.213798497999903], [29.463993649000088, -19.213738492999823], [29.463993649000088, -19.213647485999843], [29.463459664000084, -19.213012437999964], [29.46339666500006, -19.212920430999816], [29.46339666500006, -19.212890428999913], [29.461266725000087, -19.21155132799987], [29.461249725000073, -19.21155132799987], [29.459576772000105, -19.21030323499997], [29.459545773000116, -19.210244229999887], [29.458000815000048, -19.208907128999954], [29.457022842000185, -19.208056064999937], [29.456335861000127, -19.207066990999976], [29.45668885000009, -19.205612879999933], [29.456690850000086, -19.205461867999873], [29.456726848000073, -19.204769814999906], [29.456726848000073, -19.204710810999927], [29.45669684900014, -19.20461880399995], [29.456663850000155, -19.204529796999964], [29.456354858000168, -19.20350371899997], [29.456354858000168, -19.203472716999954], [29.456141863000028, -19.202114613999868], [29.456141863000028, -19.202085610999973], [29.456141863000028, -19.20199460399988], [29.456173862000128, -19.201904597999885], [29.456465853000054, -19.200972525999873], [29.456465853000054, -19.200943523999968], [29.45646585200012, -19.20088251999988], [29.457808813000156, -19.19920339099997], [29.45784081200003, -19.199175388999947], [29.457968808000146, -19.199085381999964], [29.458451794000155, -19.197853286999873], [29.458451794000155, -19.19773327799993], [29.458300797000163, -19.19667619799992], [29.458269798000174, -19.196556188999864], [29.458206800000085, -19.196405176999974], [29.457896808000044, -19.19531809499989], [29.45789680700011, -19.195290092999983], [29.457341821000057, -19.19284390699994], [29.457100826999977, -19.190917759999877], [29.45706882700017, -19.190886757999976], [29.45619085100003, -19.189404645999844], [29.45619085100003, -19.189376642999946], [29.45512088100014, -19.188193553999895], [29.45512088100014, -19.188163551999935], [29.455088881000165, -19.188163551999935], [29.455025883000076, -19.188071544999957], [29.45426890400006, -19.18758550799987], [29.45423790500007, -19.18758550799987], [29.453348930000175, -19.18757950899993], [29.453286932000026, -19.187577508999937], [29.452271961000122, -19.18763151299993], [29.452175964000105, -19.18763151299993], [29.451224991000174, -19.18768451799997], [29.451193992000185, -19.18768451799997], [29.451098994000176, -19.187623513999824], [29.450500011000088, -19.187047469999925], [29.450467012000104, -19.187047469999925], [29.4504690120001, -19.187016467999968], [29.450406013000133, -19.186925460999873], [29.44940504000016, -19.18487130499983], [29.44940504000016, -19.18484030299993], [29.448152074000063, -19.18230110999997], [29.448154073000126, -19.182271107999895], [29.44812107400014, -19.18221010299993], [29.447337095000023, -19.18085], [29.447337095000023, -19.180818997999893], [29.446773111000084, -19.180000935999885], [29.446773111000084, -19.179970933999982], [29.445983133000084, -19.179603905999898], [29.44595113400004, -19.179603905999898], [29.44595113400004, -19.179573903999938], [29.44585513600009, -19.179573903999938], [29.445096158000126, -19.179327885999896], [29.445033160000094, -19.179266880999933], [29.444719168000063, -19.17890285399983], [29.444257180000193, -19.17685169799995], [29.444257180000193, -19.176821695999934], [29.44422718000004, -19.17679069299993], [29.444194181000057, -19.176670683999873], [29.444196181000052, -19.176578676999895], [29.443988185000023, -19.174377509999943], [29.443988185000023, -19.17434950699993], [29.443958186000145, -19.17422749799988], [29.44392518700016, -19.174137490999954], [29.443679193000037, -19.173080410999887], [29.442987212000105, -19.17238235799988], [29.442924214000016, -19.172323353999957], [29.44155325200012, -19.171648302999813], [29.44105926600008, -19.171406284999932], [29.439197318000026, -19.170158191999974], [29.437841355000046, -19.16894309999998], [29.43595140800005, -19.167275973999892], [29.435159430000056, -19.167088960999934], [29.433658472000047, -19.167018955999936], [29.433626473000174, -19.167018955999936], [29.433498477000057, -19.167018955999936], [29.432552503000124, -19.16628790099992], [29.432521504000135, -19.16628790099992], [29.432489505000035, -19.16625789899996], [29.432363508000037, -19.16616589199998], [29.431295538000143, -19.164862793999873], [29.431295538000143, -19.16483279099998], [29.431232539000177, -19.16471278199998], [29.43063555500015, -19.163743708999903], [29.429187595000087, -19.162167589999967], [29.429157596000152, -19.162137587999894], [29.42865161000003, -19.16180156199988], [29.428684609000186, -19.16180156199988], [29.428684609000186, -19.1617425579999], [29.428653610000026, -19.161650550999923], [29.428497614000094, -19.16125852099998], [29.428497614000094, -19.16116851399994], [29.4287266070001, -19.160146435999934], [29.4287266070001, -19.16011543399992], [29.428695608000112, -19.16011543399992], [29.42787963000012, -19.15884533799982], [29.427846631000136, -19.158784332999915], [29.42737964300005, -19.15778625699994], [29.42737964300005, -19.157725252999967], [29.427348644000062, -19.157605242999978], [29.427316645000133, -19.157515236999814], [29.427106649, -19.155856109999945], [29.427106649, -19.15582510799993], [29.42696965000016, -19.152450850999912], [29.42679365500004, -19.15222983399991], [29.426772656000026, -19.152206831999877], [29.426095675000056, -19.15208082299995], [29.426095675000056, -19.15206182199995], [29.42605767599997, -19.15206182199995], [29.425981678000085, -19.15206182199995], [29.425285698000096, -19.152008817999956], [29.42524769900001, -19.151972815999954], [29.42514970200017, -19.15189780999998], [29.42485970900009, -19.151365769999927], [29.42485970900009, -19.151312765999876], [29.42485970900009, -19.151218757999914], [29.425012703000107, -19.14850255099998], [29.425012703000107, -19.148447546999876], [29.425012703000107, -19.148319536999963], [29.424991702000057, -19.146705413999882], [29.424991702000057, -19.146686412999827], [29.424835705000078, -19.144806269999947], [29.423791734000076, -19.144146219999982], [29.423713736000025, -19.144037211999944], [29.423597739000115, -19.14389020099992], [29.423210749000077, -19.14286212299993], [29.423210749000077, -19.142790116999947], [29.423210749000077, -19.14267910899997], [29.423171750000108, -19.142460091999908], [29.423171750000108, -19.14223807499991], [29.423131751000085, -19.14205506099995], [29.423131751000085, -19.14190804999987], [29.423131751000085, -19.141798040999902], [29.42301575300013, -19.140366931999893], [29.42301575300013, -19.1402949269999], [29.42301575300013, -19.14025692399997], [29.422977754000044, -19.140183918999867], [29.422975754000106, -19.1400739099999], [29.42293775500002, -19.139964901999974], [29.42286075700008, -19.139779887999907], [29.422704761000148, -19.13948786599991], [29.42266676200012, -19.139376856999945], [29.422628763000034, -19.139340854999944], [29.42139079700013, -19.137252695999962], [29.421314799000072, -19.13721569299986], [29.421159803000023, -19.13717969099997], [29.420232829000042, -19.13732870299998], [29.420116833000066, -19.13732870299998], [29.419999836000045, -19.137364705999914], [29.41969084500016, -19.137364705999914], [29.41837888200007, -19.137147689999892], [29.41826288500016, -19.137074684999902], [29.41810788900011, -19.13696467699998], [29.41795389400005, -19.1368536679999], [29.41783789700014, -19.136744659999977], [29.417760898999973, -19.136670653999943], [29.41768290100009, -19.136597648999953], [29.41694892100014, -19.135754584999916], [29.416910922000113, -19.13571858199998], [29.416910922000113, -19.13560757399995], [29.41683192400012, -19.135388556999942], [29.416755926000064, -19.135277548999966], [29.41671592700004, -19.13516754099993], [29.41613594300003, -19.134030453999912], [29.41613594300003, -19.133994451999968], [29.41609794400017, -19.133958448999977], [29.416059945000143, -19.133847439999954], [29.415981947000034, -19.133700428999873], [29.415943948, -19.133628423999937], [29.41586495000007, -19.133517414999915], [29.415672955000048, -19.13322539299992], [29.415559958000074, -19.132952371999977], [29.416261938000048, -19.13269135199988], [29.41628493800016, -19.132682350999914], [29.42123979800016, -19.134022449999975], [29.426050663000012, -19.13543655399991], [29.45852175100015, -19.145929330999877], [29.458580749000078, -19.145929330999877], [29.469019456000183, -19.149135567999963], [29.47572426700009, -19.15136173299993], [29.489322885000092, -19.15587706799988], [29.500375575000135, -19.15954533899992], [29.500409574, -19.159556339999938], [29.50464045500007, -19.161399477999964], [29.504701454000042, -19.161399477999964], [29.50488644900014, -19.16145648199995], [29.509311324000066, -19.16248655699991], [29.50937232200016, -19.16248655699991], [29.509494319000055, -19.162543560999836], [29.512199242000122, -19.163113602999942], [29.512260241000092, -19.163113602999942], [29.52037701300003, -19.165934811999932], [29.52037701300003, -19.165877807999948], [29.522181962000047, -19.166480852999825], [29.524512191000042, -19.167259531999946], [29.559733995000045, -19.214840937999895], [29.601958483000146, -19.23835760099996], [29.61202764900014, -19.25555750899997], [29.64202458000011, -19.293196478999903], [29.64294923800003, -19.29529808899997], [29.671670274000178, -19.280921068999874], [29.715406799999982, -19.286197567999977], [29.82531269800012, -19.357699574999856], [29.824981668000078, -19.35869041199993], [29.810156404, -19.372978807999914]]]]}}, {"type": "Feature", "properties": {"GID_3": "ZWE.10.5.9_2", "GID_0": "ZWE", "COUNTRY": "Zimbabwe", "GID_1": "ZWE.10_1", "NAME_1": "Midlands", "NL_NAME_1": "NA", "GID_2": "ZWE.10.5_2", "NAME_2": "Gweru", "NL_NAME_2": "NA", "NAME_3": "Ward 17", "VARNAME_3": "NA", "NL_NAME_3": "NA", "TYPE_3": "Ward", "ENGTYPE_3": "Ward", "CC_3": "NA", "HASC_3": "NA", "id": "ZWE.10.5.9_2", "name": "Ward 17"}, "geometry": {"type": "MultiPolygon", "coordinates": [[[[29.69943390000003, -19.973224697999967], [29.699161978000063, -19.973191877999966], [29.695232673000135, -19.972157637999942], [29.694258698000112, -19.968827388999898], [29.687351863000174, -19.92886339499995], [29.68021304800004, -19.905143619999876], [29.663894515000152, -19.908275865999883], [29.65405979900015, -19.91221316899987], [29.6184988280001, -19.932197693999967], [29.606067183999983, -19.935020914999882], [29.59846240000013, -19.934209859999953], [29.582244849000062, -19.918164666999928], [29.562247393000177, -19.886067270999888], [29.542902935000086, -19.87486244299987], [29.531234264000148, -19.87062213299987], [29.525671203, -19.867692788999875], [29.5554703520001, -19.831639735999943], [29.556275032000087, -19.83162820299998], [29.55626284500005, -19.830866656999945], [29.58591222800004, -19.822822126999938], [29.607475190000173, -19.812606183999947], [29.65951662100008, -19.79660477499982], [29.69397873600019, -19.788471647999927], [29.788120527000103, -19.69639493099993], [29.808123568000042, -19.690751559999967], [29.808350235000034, -19.690963414999942], [29.80810624300011, -19.692258511999967], [29.80810624300011, -19.69230251599987], [29.80815224200012, -19.692347518999952], [29.80815224200012, -19.692437525999935], [29.80824623900014, -19.69257053599995], [29.808291238000038, -19.69266054299993], [29.80833923700004, -19.69275054899998], [29.809560202000057, -19.69333759299991], [29.80951420399998, -19.69333759299991], [29.80960720100012, -19.693383595999876], [29.810773169000186, -19.695309740999903], [29.810773169000186, -19.695399746999897], [29.81077116900019, -19.695534757999894], [29.810817168000142, -19.695712770999876], [29.810864167000034, -19.69584778099994], [29.81095616500005, -19.696027794999907], [29.812442125000075, -19.699564059999943], [29.81258312100016, -19.69961006399984], [29.81300410900019, -19.699791076999873], [29.813006109000185, -19.6997470739999], [29.8131471050001, -19.6997470739999], [29.815791030000128, -19.699493052999912], [29.816965996000192, -19.69994708599984], [29.816298016000133, -19.701061170999935], [29.816251018000173, -19.701059169999837], [29.81620301900017, -19.701105173999906], [29.816855001000135, -19.70218125499997], [29.816903, -19.70218125499997], [29.816903, -19.70222525799994], [29.817505984000093, -19.70356935899997], [29.817505984000093, -19.703792375999853], [29.817503984000098, -19.70397238899983], [29.817503984000098, -19.704016392999904], [29.817503984000098, -19.7041053989999], [29.819002943000044, -19.70531448899993], [29.819002943000044, -19.705494502999898], [29.81903894300018, -19.70701261699992], [29.819036943000185, -19.707235633999915], [29.818989944000123, -19.707325640999898], [29.818989945000055, -19.707458650999968], [29.818554958, -19.708887758999936], [29.818506959000047, -19.70888575899994], [29.818458961000147, -19.708931761999906], [29.818363964000184, -19.70906477299991], [29.818174969000097, -19.709152778999908], [29.81803197300019, -19.709240785999896], [29.817842979000147, -19.70932979299988], [29.815329052000095, -19.71128194199997], [29.815236054000025, -19.711368947999972], [29.814847067000073, -19.712931065999953], [29.814847067000073, -19.713021072999936], [29.814799068000127, -19.713111079999862], [29.814752069000065, -19.713155082999947], [29.814704071000165, -19.713244089999932], [29.81436608100006, -19.714179160999947], [29.81436608100006, -19.714225163999913], [29.814505077000035, -19.714494183999875], [29.81455307599998, -19.714583190999974], [29.814551076000043, -19.71462719399989], [29.814551076000043, -19.71471720099987], [29.81458707600018, -19.716191311999978], [29.814494078999985, -19.71628131899996], [29.814446081000142, -19.716325321999875], [29.81439908200008, -19.716325321999875], [29.814351083000076, -19.71636932599995], [29.814303085000176, -19.71636932599995], [29.814210087000163, -19.71641232899998], [29.814162089000092, -19.716456332999883], [29.814067091000027, -19.716500335999967], [29.813973094000175, -19.716500335999967], [29.813926095000113, -19.71654433899988], [29.81383009800004, -19.71659034299995], [29.813208116999988, -19.717837436999957], [29.813161118000096, -19.71797144699991], [29.813161118000096, -19.718060453999897], [29.813113120000082, -19.71814846099994], [29.813111120000087, -19.71823846799998], [29.813064121000025, -19.718327473999977], [29.813064121000025, -19.718461483999874], [29.813016123000125, -19.71855149099997], [29.813016123000125, -19.718594493999944], [29.81301412300013, -19.718684500999927], [29.813521110000067, -19.72034062599994], [29.813569109000014, -19.720385628999907], [29.81375610300006, -19.72047563599989], [29.813945098000147, -19.720565641999883], [29.813990097000044, -19.720654648999982], [29.814086094000118, -19.720700651999948], [29.81413209300007, -19.72074665599996], [29.814225090000036, -19.72079065899993], [29.815497054000105, -19.72124469299996], [29.815543053000113, -19.72124469199997], [29.815638050000075, -19.721246692999955], [29.81573204800003, -19.721202688999938], [29.815875044000165, -19.721202688999938], [29.816016038999976, -19.721158685999853], [29.81606403800015, -19.721158685999853], [29.816157035000117, -19.72111468199995], [29.816253033000066, -19.72111468199995], [29.81639402899998, -19.721070678999922], [29.81653502500012, -19.721026674999962], [29.818329973000118, -19.72094866799995], [29.81860996600011, -19.721083677999957], [29.81865796400018, -19.721127681999974], [29.818704963000073, -19.72117368499994], [29.81875096200008, -19.721217687999854], [29.818844959000103, -19.721263691999923], [29.81898795500007, -19.721265691999918], [29.819128951000152, -19.72130969499989], [29.821064896000053, -19.720874660999982], [29.821159893000186, -19.720874660999982], [29.82120789100003, -19.720830656999965], [29.8213008890001, -19.720830656999965], [29.821394886000178, -19.720830656999965], [29.821489883000083, -19.72078665399988], [29.821585881000033, -19.72078665399988], [29.824173807000136, -19.721427699999822], [29.824220806000028, -19.721427699999822], [29.826008756000192, -19.72224176099985], [29.826149752000106, -19.722241759999918], [29.826290748000076, -19.722243760999902], [29.826433744000155, -19.72219975699994], [29.82647974200006, -19.72219975699994], [29.82737971600011, -19.72171371999997], [29.827474714000118, -19.72166971599995], [29.82752271200019, -19.72162371299987], [29.827616710000143, -19.721579709999958], [29.827711707000105, -19.721579709999958], [29.827804704000073, -19.721536705999938], [29.828089696000063, -19.721537705999935], [29.82813469500013, -19.721537705999935], [29.830734621000147, -19.722312762999934], [29.830782620000093, -19.722312762999934], [29.8308286190001, -19.722312762999934], [29.833143552000024, -19.72170071499994], [29.83460051200018, -19.72264678499988], [29.834598512000184, -19.72273579199998], [29.834598512000184, -19.72295880899992], [29.83450351500005, -19.72304681599985], [29.834455516000048, -19.72309281899993], [29.834360519000086, -19.72318082599992], [29.83387453400013, -19.725278983999885], [29.83387453400013, -19.72532298699997], [29.833921533000023, -19.72536799099987], [29.833919533000028, -19.725411993999955], [29.83387453400013, -19.72545599699987], [29.83387253500007, -19.725725017999935], [29.83437752200018, -19.72764816199998], [29.834471519000033, -19.72782717599995], [29.834469519000038, -19.72805219299994], [29.834514518000162, -19.728142198999933], [29.834514518000162, -19.728319212999907], [29.834560517000114, -19.72845422299997], [29.83460651600012, -19.728544229999954], [29.836096476000137, -19.731455447999963], [29.836143474000096, -19.731455447999963], [29.836229473, -19.73257253199995], [29.836229473, -19.732618535999904], [29.836181474000057, -19.732662538999932], [29.83613447600004, -19.732706541999903], [29.83608847700009, -19.732706541999903], [29.835993480000127, -19.732796548999886], [29.835897482000178, -19.732839552999906], [29.83580448500004, -19.73288355599982], [29.835756486000037, -19.732927558999904], [29.835792487000106, -19.734491676999824], [29.835792487000106, -19.734535679999908], [29.83583848500018, -19.734581683999977], [29.835886484000127, -19.73467169099996], [29.835932483000136, -19.734760696999956], [29.836025480000103, -19.73485070399994], [29.836073479000106, -19.734939710999925], [29.837290445000065, -19.73624280799993], [29.837383443000135, -19.73624280799993], [29.837715433000028, -19.736244807999924], [29.838661406000085, -19.73575877099995], [29.838709404000156, -19.73575877099995], [29.838756403000048, -19.735714766999934], [29.83885040000007, -19.735714766999934], [29.839039395000157, -19.73571676699993], [29.84045035500003, -19.73634781399994], [29.840637350000122, -19.736439820999976], [29.84082634500004, -19.73657483099987], [29.84096734100018, -19.736664836999864], [29.841108337000094, -19.736753843999963], [29.841202334000172, -19.73679984699993], [29.841249333000064, -19.73679984699993], [29.84252029700008, -19.73716387399992], [29.842613294000046, -19.73720987699994], [29.842708292000054, -19.737253880999845], [29.842802289000133, -19.737255880999896], [29.84285028800008, -19.73729988399998], [29.84299128400005, -19.737301883999976], [29.843180278000034, -19.737301883999976], [29.843273276000104, -19.737301883999976], [29.844644236000192, -19.736952856999892], [29.844692234999968, -19.736908852999875], [29.844786232000047, -19.736908852999875], [29.844881230000112, -19.73686484999996], [29.84497422700008, -19.736820845999887], [29.845070224000096, -19.736820845999887], [29.84511722300016, -19.736776842999973], [29.846954171000107, -19.73709986599988], [29.847002169000177, -19.73709986599988], [29.84714316500009, -19.73718887299998], [29.847330160000013, -19.73732488299993], [29.847471156000154, -19.737459892999937], [29.848808119000182, -19.73858397699985], [29.848856118000185, -19.73858397699985], [29.84931510600012, -19.74018909699987], [29.84931510600012, -19.740233100999944], [29.849314106000065, -19.740458116999946], [29.84931210600007, -19.740682133999883], [29.849357105000138, -19.74090515099988], [29.849865092000186, -19.742604278999977], [29.84995809000003, -19.74296330599998], [29.850004088000105, -19.74309631599988], [29.850002089000043, -19.74327632899997], [29.850002089000043, -19.743409338999868], [29.85004808800005, -19.74358835299995], [29.85112405800004, -19.745068463999928], [29.851169057000163, -19.745068463999928], [29.851217055, -19.74515846999998], [29.851311053000188, -19.74524847699996], [29.851404050000156, -19.74538348699997], [29.851543047000177, -19.74556249999995], [29.851730041, -19.7458315209999], [29.852247027000146, -19.746282553999833], [29.852341024000054, -19.746371560999933], [29.852434022000068, -19.746415563999903], [29.85248202000014, -19.746505570999886], [29.85257501800004, -19.746551573999966], [29.852716014000123, -19.74664058099995], [29.85290500900004, -19.74673258799993], [29.853044005000186, -19.746865597999943], [29.853140002000032, -19.74691160099991], [29.853232999, -19.74700160799989], [29.854922952000152, -19.74812669099998], [29.85501795, -19.74817269499988], [29.85515794600002, -19.748261700999876], [29.85534694000006, -19.748307704999945], [29.85543993800013, -19.74839771099994], [29.855487935999975, -19.74844371499995], [29.855534935000037, -19.74844371499995], [29.855675931000178, -19.74848871799992], [29.855817927000032, -19.74853472199993], [29.85902183600018, -19.749041757999976], [29.859069835000128, -19.749041757999976], [29.859069835000128, -19.74908776099994], [29.85911483400008, -19.74908776099994], [29.859525822000137, -19.749520792999874], [29.85918983300013, -19.75056787199992], [29.859105835000094, -19.75064787799988], [29.859019838, -19.750728884999944], [29.858935840000186, -19.750808890999963], [29.85885184200015, -19.750808890999963], [29.85885184200015, -19.75089089699992], [29.85876584500005, -19.75089089699992], [29.858681847000184, -19.75097090299988], [29.858596850000026, -19.75097090299988], [29.85859885000019, -19.7510509089999], [29.85851285200016, -19.75113291499997], [29.858428855000057, -19.751212920999933], [29.85834485700019, -19.75129292799994], [29.85825886000009, -19.751372933999903], [29.858174862000112, -19.751454939999974], [29.856990897000117, -19.752502019999895], [29.85690689900008, -19.752583025999968], [29.856820902000152, -19.75266503199998], [29.856736904000115, -19.752905049999924], [29.85656690899998, -19.753067061999957], [29.856482912000047, -19.753147067999976], [29.856398914000067, -19.75330708099989], [29.856313917000193, -19.75338908699996], [29.85538494399998, -19.754757189999964], [29.85513295100003, -19.755079214999967], [29.854962956000065, -19.755241226999885], [29.854878959000132, -19.75548224499994], [29.854708964, -19.755564251999886], [29.854371974, -19.755886275999956], [29.85428597600003, -19.755966281999918], [29.854201979000095, -19.75604628799988], [29.854201979000095, -19.756126293999955], [29.854115981000064, -19.756126293999955], [29.85369699400013, -19.75741439199993], [29.85369699400013, -19.757494397999892], [29.85386798900015, -19.75773441599995], [29.853951987000187, -19.757814421999967], [29.853951987000187, -19.757895427999927], [29.85540194800018, -19.76046061999989], [29.855487946000153, -19.760700637999946], [29.855572943000027, -19.76086064999987], [29.855572943000027, -19.761183673999938], [29.855574943000192, -19.7612636799999], [29.85540794900004, -19.762226752999936], [29.855323951000173, -19.762388764999912], [29.85523995400007, -19.762629782999966], [29.854731969000056, -19.763113819999944], [29.854731969000056, -19.763193825999906], [29.854646971000136, -19.763193825999906], [29.853376008000055, -19.763840875999904], [29.85320601300009, -19.7638428759999], [29.852869022, -19.763922881999918], [29.852699027000085, -19.764004888999978], [29.85252903200012, -19.764004888999978], [29.852444035000133, -19.764004888999978], [29.852444035000133, -19.76408489499994], [29.852360037000096, -19.764086894999934], [29.85227603900006, -19.764086894999934], [29.85176805500015, -19.764811949999967], [29.85185405200008, -19.764971961999947], [29.85185405200008, -19.765211979999947], [29.851940050000053, -19.76545199799989], [29.851940050000053, -19.76561300999998], [29.85279302700002, -19.766976111999952], [29.852878025000166, -19.767137123999873], [29.8529620220001, -19.767297135999968], [29.853048020000074, -19.76745714799989], [29.853134018000105, -19.767537153999854], [29.853134018000105, -19.767617159999872], [29.853828002000114, -19.773076570999876], [29.85383000200011, -19.773639612999943], [29.85383000300004, -19.773799624999924], [29.85383000300004, -19.77395963699996], [29.853832003000036, -19.774121649999927], [29.853832003000036, -19.77420165599989], [29.853746005000176, -19.77420165599989], [29.85374800500017, -19.77436266799998], [29.85366200800007, -19.774442673999943], [29.853664008000067, -19.774602685999923], [29.853578010000035, -19.77468469199988], [29.853578010000035, -19.774764697999956], [29.853494013000102, -19.774844703999975], [29.853325018000078, -19.77508672299996], [29.85324102000004, -19.775247734999937], [29.853071025000133, -19.775409746999912], [29.85298702800003, -19.775489752999874], [29.852903030000164, -19.775489752999874], [29.852308047000065, -19.775411747999897], [29.85222404900003, -19.775411747999897], [29.851715064000132, -19.77541374799989], [29.851459071000136, -19.775415748999876], [29.851206078000075, -19.775415748999876], [29.851120080999976, -19.775415748999876], [29.85027510600014, -19.776301815999943], [29.85010511100006, -19.776464827999916], [29.849853118000055, -19.777186882999956], [29.849769121000122, -19.777347894999878], [29.849769121000122, -19.777509906999967], [29.849775121999983, -19.7792760399999], [29.84969112500005, -19.779516057999956], [29.84969112500005, -19.77975907699988], [29.84969112500005, -19.779999094999937], [29.849607128000116, -19.78024111299993], [29.84960912800011, -19.780481130999874], [29.849525130000075, -19.780722148999928], [29.849525130000075, -19.780802154999947], [29.84842716300011, -19.782333270999914], [29.848343165000074, -19.782574289999957], [29.84817317100004, -19.78305632599995], [29.848089173000062, -19.783297343999834], [29.848091173, -19.783619367999904], [29.848007176000067, -19.78377937999994], [29.848007176000067, -19.783939392999912], [29.847839181000154, -19.78498547099997], [29.84775518400005, -19.78514748399988], [29.84775718399999, -19.785387501999935], [29.84758718900008, -19.785547513999916], [29.847503192000147, -19.785870537999926], [29.847420194, -19.786110555999983], [29.847334197000123, -19.78619256299993], [29.846067234000145, -19.787722678999955], [29.845728243999986, -19.787884690999874], [29.84547425100004, -19.787966696999888], [29.845218258000102, -19.788046703999953], [29.845135261000053, -19.788046703999953], [29.84504926300002, -19.788128709999967], [29.843864298000142, -19.788775758999975], [29.84377830000011, -19.788855764999937], [29.843695302000185, -19.788935770999956], [29.843525308000153, -19.78925779599996], [29.843441310000117, -19.78933780199992], [29.842769331000056, -19.792071007999937], [29.842602336000027, -19.792394031999947], [29.842432341000062, -19.792714056999955], [29.84234834400013, -19.79287606899993], [29.842178349000164, -19.793037080999966], [29.842094351000185, -19.79319909299994], [29.842010354000024, -19.79327909899996], [29.842100352000045, -19.794965225999874], [29.84345631400015, -19.794799212999976], [29.843626309000058, -19.794799212999976], [29.843796304000193, -19.794719206999957], [29.843881301000067, -19.794719206999957], [29.843965299000047, -19.794717205999973], [29.845068267000045, -19.794232168999883], [29.845152265000024, -19.794232168999883], [29.845321260000105, -19.794231168999886], [29.845833246000154, -19.79495222299994], [29.845833246000154, -19.7950322289999], [29.844494289000124, -19.800971676999893], [29.844494289000124, -19.80105168299997], [29.844410291000088, -19.801293700999906], [29.84432429399999, -19.801454712999828], [29.844326293999984, -19.801614724999922], [29.844326293999984, -19.801776736999898], [29.844240297000056, -19.801856742999973], [29.844414293000114, -19.802980827999875], [29.8444992900001, -19.80306083399995], [29.8444992900001, -19.80322084599993], [29.844583288000138, -19.80322084599993], [29.844585288000133, -19.803300851999893], [29.844585288000133, -19.803380857999855], [29.844669286000112, -19.803460863999817], [29.84475528300004, -19.803783887999884], [29.84475528300004, -19.80386389399996], [29.844841281000072, -19.80394389999998], [29.844927279000103, -19.80402390599994], [29.845011276000037, -19.804263923999827], [29.845182272000102, -19.80434392999996], [29.845182272000102, -19.80442393599992], [29.845182272000102, -19.804504941999937], [29.845352267000067, -19.804664953999975], [29.845693258000153, -19.805144989999974], [29.845777255000087, -19.805306001999895], [29.84586325300006, -19.805386007999914], [29.84586325300006, -19.805466013999876], [29.845949251000093, -19.805466013999876], [29.845951251000088, -19.806589097999904], [29.845867254000154, -19.806751110999983], [29.845867254000154, -19.806832116999942], [29.84578325700005, -19.807072134999828], [29.84561526200008, -19.807394158999898], [29.84552926400005, -19.807554170999936], [29.845531264000044, -19.80771718299991], [29.845445267000116, -19.807877195999936], [29.845445267000116, -19.807957201999955], [29.84536226900019, -19.808037207999917], [29.845280272000082, -19.80884226799992], [29.845280272000082, -19.809082285999978], [29.845365270000173, -19.809323303999918], [29.845367270000168, -19.80964532899992], [29.845367271000043, -19.810126364999917], [29.84536927100004, -19.81044838899993], [29.84536927100004, -19.810608400999854], [29.845375272000126, -19.81245453999992], [29.845291275000193, -19.812617551999892], [29.845291275000193, -19.81277756399993], [29.845121280000058, -19.813099588999933], [29.844953285000088, -19.813259600999913], [29.842588354999975, -19.817444916999932], [29.842504358000042, -19.817604928999913], [29.842504358000042, -19.81768693499987], [29.842420360000062, -19.817766941999935], [29.84233536300019, -19.817846947999953], [29.84233536300019, -19.817927953999913], [29.84225136499998, -19.818007959999875], [29.841493389000163, -19.82010011799997], [29.841410391000068, -19.820420141999875], [29.841410391000068, -19.820743165999943], [29.841326394000134, -19.82106318999996], [29.84132839400013, -19.821305207999842], [29.84132839400013, -19.82138621499996], [29.841091406000032, -19.82797270999987], [29.841093406000027, -19.828372739999907], [29.83940745700005, -19.83247604999997], [29.839237462000142, -19.83255605599993], [29.839067467000177, -19.83279807399998], [29.838899472000037, -19.832960086999947], [29.83881447500005, -19.83312109899998], [29.83864648000008, -19.833201104999944], [29.83864648000008, -19.833281110999962], [29.83788750200017, -19.83489123199996], [29.837803505000068, -19.835213256999964], [29.837803505000068, -19.835533280999982], [29.837719508000134, -19.835774298999922], [29.837719508000134, -19.83593631099984], [29.84044143200009, -19.838255483999944], [29.84163139900005, -19.838652512999943], [29.84171739600015, -19.838732518999905], [29.841801394000186, -19.838732518999905], [29.841801394000186, -19.83881252499998], [29.84214438500004, -19.83977559699997], [29.84214438500004, -19.839936608999892], [29.84214438500004, -19.840258632999962], [29.842060388000107, -19.840418644999886], [29.84197639000007, -19.840660662999937], [29.84197639000007, -19.840740668999956], [29.841892393000137, -19.840821675999848], [29.840456436000068, -19.843235857999844], [29.843860341000095, -19.84708014499995], [29.84386234100009, -19.847160150999912], [29.843862342000136, -19.847562180999944], [29.843862342000136, -19.84772219299998], [29.843862342000136, -19.847802198999943], [29.84386434200013, -19.84796321099992], [29.84386434200013, -19.848043216999883], [29.843187362000094, -19.848848277999878], [29.843103364000058, -19.84885027799993], [29.84301736700013, -19.84893028399989], [29.84293336900015, -19.84893028399989], [29.84293336900015, -19.849010289999967], [29.842848372000105, -19.84909029699992], [29.84276437400007, -19.849252308999894], [29.84259437900016, -19.84933231499997], [29.84242638400019, -19.849574332999907], [29.842256389000056, -19.849655338999867], [29.841244420000066, -19.851907508999943], [29.841160422000087, -19.852229533999946], [29.841076425000153, -19.85247055199983], [29.841076425000153, -19.852630563999924], [29.840992427000117, -19.8527925759999], [29.84099242800005, -19.852872581999975], [29.83948547600005, -19.860348144999875], [29.839315481000085, -19.86058816299993], [29.839147486000115, -19.86083118199997], [29.838894494000158, -19.86115320599987], [29.838894494000158, -19.86123321199983], [29.837030548000143, -19.86268532199989], [29.836777555000083, -19.86276732899995], [29.836437564999983, -19.863007346999893], [29.83635156700018, -19.86300934699989], [29.835167602000183, -19.86429644499998], [29.835169602000178, -19.864859486999933], [29.83653156400004, -19.865898563999906], [29.836614562000193, -19.86597956999998], [29.838907497000093, -19.86645460399984], [29.838970495000126, -19.866450603999965], [29.839043493000133, -19.86644860399997], [29.83911749100008, -19.86658361399992], [29.839125491000175, -19.866597614999932], [29.83921648900008, -19.866648618999818], [29.840376456000058, -19.867239661999974], [29.840467454000134, -19.867480679999915], [29.840698447000136, -19.868080724999913], [29.840698447000136, -19.868107726999938], [29.84070044700013, -19.868187732999957], [29.840702447000126, -19.868294740999943], [29.840669448000142, -19.868399748999934], [29.840669449000018, -19.868536759999813], [29.840608450000047, -19.868603764999932], [29.84041045600003, -19.86925281299989], [29.840383456999973, -19.86925281399982], [29.84035545800009, -19.86930581799993], [29.84032845900009, -19.86935882199998], [29.83941648500013, -19.870009870999922], [29.83938848600019, -19.870009870999922], [29.83924849000016, -19.87003987299994], [29.83919349200005, -19.87003987299994], [29.838661507000154, -19.870047873999965], [29.83865950700016, -19.87002087199994], [29.83852051100007, -19.869997870999896], [29.838405514000044, -19.86991986499993], [29.83826051800014, -19.869812856999886], [29.83803752400013, -19.869652844999962], [29.837778532000186, -19.869463830999962], [29.83744254100003, -19.869219812999916], [29.83741454200009, -19.869219812999916], [29.83729554500013, -19.86922181299991], [29.837286545000097, -19.86921581299987], [29.837213548000193, -19.86921781299992], [29.837143550000064, -19.869219812999916], [29.836925556000153, -19.869223813999895], [29.83685355800003, -19.86922581399989], [29.83678056000008, -19.869227813999885], [29.836708562000126, -19.869227813999885], [29.83663556400012, -19.869229813999937], [29.836565566000047, -19.86929981999998], [29.836494568000035, -19.86936882499998], [29.836424570000077, -19.86943982999992], [29.83635157200007, -19.86943982999992], [29.836353572000064, -19.86950783499998], [29.836281574000168, -19.869578840999964], [29.836283574000163, -19.86964684599991], [29.836284574000047, -19.869713850999972], [29.836284574000047, -19.869782855999972], [29.836214576000145, -19.86985286099997], [29.836216576000083, -19.869921866999846], [29.83621857700018, -19.87005787699991], [29.836220577000176, -19.87012588199991], [29.83622257700017, -19.87026389199997], [29.836227577000045, -19.87060491799997], [29.836159579000082, -19.870741927999916], [29.836159579000082, -19.870810932999973], [29.83608858100007, -19.87088093899996], [29.836090581000065, -19.870949943999904], [29.835977585000137, -19.872661072999904], [29.83605258300014, -19.87279608299997], [29.836054583000134, -19.872934092999856], [29.83605658300013, -19.873001097999975], [29.836058583000067, -19.87313810799992], [29.836061583000173, -19.873344123999914], [29.836063584000044, -19.873479133999922], [29.836067584000034, -19.87361714399998], [29.836422576000075, -19.877302420999968], [29.83642957600017, -19.87764344699997], [29.836433576000104, -19.877916466999977], [29.836511573999985, -19.87818948799992], [29.836202588, -19.885033001999943], [29.836277586000165, -19.88510000699989], [29.836351584000113, -19.885235016999957], [29.83635358400005, -19.8853040219999], [29.836355584000046, -19.885439031999965], [29.83635758400004, -19.885508036999965], [29.836359584000036, -19.885645047999958], [29.836433582000097, -19.885781057999907], [29.836435582000092, -19.885916067999915], [29.837042566000036, -19.887478184999907], [29.837116564000155, -19.88754518999997], [29.837337558000115, -19.88774520499993], [29.837482554000076, -19.887812209999936], [29.83755755200002, -19.88794821999994], [29.837622550000106, -19.887946219999947], [29.837704548000147, -19.888012224999954], [29.83784954400005, -19.88807722899992], [29.837923542000112, -19.888213239999914], [29.83807053800001, -19.888279243999932], [29.838217533000034, -19.888413253999943], [29.84228341800008, -19.889496332999954], [29.842428413999983, -19.88949433299996], [29.842718406000188, -19.88962634199993], [29.843878373000166, -19.889809354999898], [29.843952371000057, -19.88987635999996], [29.843954371000052, -19.88994536599995], [29.843954371000052, -19.8900113709999], [29.84388337300004, -19.890082375999953], [29.84342238700009, -19.890658418999976], [29.84310739600005, -19.891055449999953], [29.84310739600005, -19.891121453999915], [29.843036398000038, -19.891192459999957], [29.84296640000008, -19.891263464999952], [29.842895402000067, -19.891331469999898], [29.842895402000067, -19.891400475999944], [29.84275240700009, -19.891470480999942], [29.842682409000133, -19.891541485999937], [29.842539413000054, -19.89161249199998], [29.84239641700009, -19.89175150199992], [29.84205842700004, -19.892289542999947], [29.84148444400006, -19.893204611999977], [29.84148444400006, -19.89327361699992], [29.841413446000047, -19.893275616999972], [29.841413446000047, -19.89334362299985], [29.841415446000042, -19.89341062799997], [29.841345448000084, -19.893481632999965], [29.841272450000076, -19.89354963799991], [29.84120445200017, -19.893689648999953], [29.841205452000054, -19.8937576539999], [29.841133454000158, -19.893826658999956], [29.84107845700015, -19.894717725999953], [29.841083457000025, -19.894989745999965], [29.84115845499997, -19.89512575699996], [29.84123245300009, -19.89526076699991], [29.841234453000084, -19.895329771999968], [29.841245453000113, -19.895941817999983], [29.841245453000113, -19.896006822999937], [29.841318451000063, -19.896004821999952], [29.841390449000187, -19.896002821999957], [29.841678441000056, -19.89592881599998], [29.84203943000017, -19.895922815999825], [29.8424014200001, -19.895915814999967], [29.84402837300013, -19.895081750999964], [29.844620356000178, -19.89477872799995], [29.844692354000074, -19.89477872799995], [29.84498234600011, -19.894772726999975], [29.845199339000033, -19.894835731999933], [29.845489331000067, -19.89489873699989], [29.84614431300008, -19.89509175099988], [29.84621631100015, -19.89509175099988], [29.846508302000075, -19.895220759999916], [29.846725296000102, -19.895285764999983], [29.846943290000183, -19.895350769999936], [29.848034259000087, -19.895739797999966], [29.848003260000098, -19.895754798999974], [29.842186428000048, -19.898679022999943], [29.83657659000005, -19.901496237999936], [29.83327768500004, -19.902952349999964], [29.811173323000048, -19.91269509599988], [29.7868020250001, -19.923434918999874], [29.79766573200004, -19.944947525999908], [29.796670215000177, -19.94527459999989], [29.75279301900008, -19.955068315999938], [29.75056208300009, -19.955950383999834], [29.750342089000185, -19.955932381999958], [29.724259842000095, -19.967477265999946], [29.716780058000097, -19.970799520999947], [29.71096622500005, -19.972863679999932], [29.69943390000003, -19.973224697999967]]]]}}, {"type": "Feature", "properties": {"GID_3": "ZWE.10.5.10_2", "GID_0": "ZWE", "COUNTRY": "Zimbabwe", "GID_1": "ZWE.10_1", "NAME_1": "Midlands", "NL_NAME_1": "NA", "GID_2": "ZWE.10.5_2", "NAME_2": "Gweru", "NL_NAME_2": "NA", "NAME_3": "Ward 18", "VARNAME_3": "NA", "NL_NAME_3": "NA", "TYPE_3": "Ward", "ENGTYPE_3": "Ward", "CC_3": "NA", "HASC_3": "NA", "id": "ZWE.10.5.10_2", "name": "Ward 18"}, "geometry": {"type": "MultiPolygon", "coordinates": [[[[29.746322611000096, -19.46611772599988], [29.750720247000174, -19.47214990699996], [29.745625788000098, -19.47507335299997], [29.74590115700005, -19.475585314999876], [29.750574769000025, -19.482116895999923], [29.76187397400014, -19.539971533999903], [29.78447880500005, -19.49935168999997], [29.786522059, -19.507279626999946], [29.815027973000156, -19.507041287999925], [29.824154162000184, -19.495616724999934], [29.826812153000105, -19.49846149799987], [29.83398281900014, -19.506135297999947], [29.841167048999978, -19.50632745899992], [29.846801812000024, -19.49759940699994], [29.849190956000143, -19.49939130399997], [29.851772828000094, -19.506058831999894], [29.86334637200008, -19.50597753699992], [29.865327998000055, -19.505734358999973], [29.868464025000094, -19.497703688999934], [29.86913396800003, -19.495988024999917], [29.87273050100015, -19.492668298999888], [29.867145547000064, -19.48657947199996], [29.8713226160001, -19.4798936009999], [29.870012022000026, -19.47906923499994], [29.866105144000073, -19.476611684999966], [29.86747862100009, -19.469147001999886], [29.87808498000004, -19.47326093299995], [29.876324619000172, -19.452693509999847], [29.881225090000157, -19.444153206999943], [29.884546688, -19.443590594999932], [29.88546027900003, -19.446634762999906], [29.89283929900006, -19.44457996699998], [29.89961942600013, -19.44452357399996], [29.911035140000024, -19.453604404999965], [29.92016987600016, -19.44753293899987], [29.96635082299997, -19.4182602919999], [30.00147710500005, -19.43798153299997], [30.011372209000058, -19.444285414999968], [30.051662677000024, -19.4285951679999], [30.04328315900017, -19.458198936999906], [30.039535498000134, -19.468511451999973], [30.03862752599997, -19.471011641999894], [30.033645678000084, -19.485764761999974], [30.033460683000158, -19.486095786999897], [30.0260019050001, -19.499501806999945], [30.025808910000023, -19.499635816999955], [30.01781714800012, -19.514353935999964], [29.999962651000146, -19.508257485999934], [29.99943866600006, -19.508511505999877], [29.994168815000023, -19.50666636999989], [29.994134816000155, -19.506664368999907], [29.99188588000004, -19.507786455999963], [29.986215043000072, -19.510456660999978], [29.97819727400008, -19.514767992999907], [29.960893772000134, -19.52307263199998], [29.953710979000107, -19.526363885999956], [29.94709817300003, -19.535118552999847], [29.937928443000033, -19.547477492999974], [29.92929168800015, -19.54702746499993], [29.91825700200019, -19.54714748099991], [29.90630734200016, -19.54702347899996], [29.89893155200008, -19.547372510999878], [29.883957978000183, -19.548642616999814], [29.868193427000108, -19.549543694999954], [29.868159428000013, -19.549543694999954], [29.862195598000028, -19.549787717999948], [29.855952776000095, -19.55034876399992], [29.851867898000137, -19.558436377999953], [29.851867898000137, -19.558468380999955], [29.85108492200004, -19.56003649999991], [29.850018955, -19.563761781999972], [29.848366004000127, -19.566313975999833], [29.84543009100014, -19.571521371999836], [29.844204128, -19.57482362199994], [29.844204128, -19.57485562499994], [29.84352315000018, -19.57803986599987], [29.84352315000018, -19.578071867999938], [29.840706235000084, -19.584151329999884], [29.840706235000084, -19.584118326999942], [29.836658356000044, -19.592921994999926], [29.836658356000044, -19.592951996999943], [29.829388574000063, -19.60831116199995], [29.828556600000127, -19.61073734599995], [29.8296395750001, -19.619099976999905], [29.830843546000153, -19.625030423999874], [29.831928521000123, -19.633475060999956], [29.832405510000058, -19.636712304999946], [29.82284379800012, -19.65884098199996], [29.82171683300004, -19.662242238999852], [29.81939790100006, -19.665555490999964], [29.818632925000145, -19.667929669999978], [29.817501959000026, -19.66984681599996], [29.816980975000092, -19.67222399499991], [29.816856979000136, -19.672344003999967], [29.817156865000072, -19.67317596099997], [29.8080052250001, -19.665229473999943], [29.80270937300014, -19.66091015099994], [29.788932754000086, -19.647295132999886], [29.782990919000042, -19.641093668999815], [29.77401916600013, -19.630100844999845], [29.77094125000002, -19.625524501999905], [29.770054269000127, -19.617878924999957], [29.77010126800019, -19.617878924999957], [29.770054269000127, -19.61783592199987], [29.76774232600002, -19.605356980999943], [29.749378841000066, -19.596265305999907], [29.748758857999974, -19.595760268999868], [29.748592863, -19.595760268999868], [29.74343800700018, -19.59278604799988], [29.743272012000034, -19.592630035999946], [29.736619197000152, -19.588084696999942], [29.736451202000012, -19.58776967299997], [29.736285207000094, -19.587771673999953], [29.73062236200002, -19.58023310799996], [29.730454367000107, -19.579918083999928], [29.73028837100003, -19.579604059999895], [29.730123376000165, -19.579291036999905], [29.729955380000092, -19.57913202499998], [29.728284424000037, -19.57472969299988], [29.728118429000062, -19.57441666999995], [29.728116429000067, -19.573943633999875], [29.72811642800019, -19.573472597999967], [29.728114428000026, -19.57331458699997], [29.72860041000007, -19.5682772049999], [29.72860041000007, -19.567962181999974], [29.728599410000186, -19.56764715799983], [29.728599410000186, -19.5674891459999], [29.728503412000066, -19.567018109999935], [29.72864840800014, -19.566991107999968], [29.72813542000017, -19.56399688199997], [29.72662345800012, -19.557282375999932], [29.72660245900005, -19.557261373999893], [29.72660245900005, -19.557242371999905], [29.726016471000037, -19.551833963999968], [29.72516549300019, -19.54845570899988], [29.72390152500003, -19.543330321999917], [29.723144543000103, -19.538544960999843], [29.723144543000103, -19.53852595899997], [29.721820576000084, -19.53249250399989], [29.72046660800015, -19.52415087399993], [29.720487607, -19.52415087399993], [29.720487607, -19.52411087099989], [29.71876865100006, -19.516912326999886], [29.717503487000045, -19.508823907999897], [29.717479680999986, -19.508671703999937], [29.715928720000193, -19.50141115599996], [29.71581672200017, -19.500322072999893], [29.71554373000015, -19.500099056999886], [29.714648751000084, -19.494605641999954], [29.71463575100006, -19.494605641999954], [29.714545753000095, -19.49349555799995], [29.713752772000078, -19.489108225999928], [29.71257380300017, -19.484949911999934], [29.71257980200005, -19.4849269099999], [29.712300809000112, -19.48286275399994], [29.711411831000134, -19.479504499999962], [29.711398832000043, -19.479479497999932], [29.711398832000043, -19.47946549699992], [29.711396832000048, -19.479454496999892], [29.710856846000127, -19.477577354999937], [29.710856846000127, -19.477552352999908], [29.710855844000037, -19.475038161999976], [29.710866844000066, -19.474989158999847], [29.710866844000066, -19.474976157999947], [29.71084584400012, -19.474920152999914], [29.71636568600013, -19.473431036999955], [29.716380686000093, -19.473431036999955], [29.716380686000093, -19.473415035999892], [29.716397685000175, -19.473415035999892], [29.71643068400016, -19.4733980339999], [29.722434512000063, -19.471633896999947], [29.73106126500005, -19.468932685999846], [29.731059265000056, -19.46891768499995], [29.73458016500001, -19.4681026209999], [29.734595164000098, -19.4681026209999], [29.734595164000098, -19.468087619999892], [29.7346431630001, -19.4680706179999], [29.73744708300012, -19.46747157099992], [29.73744708300012, -19.46745656999991], [29.742774877000045, -19.466108090999967], [29.745680786000037, -19.465619324999977], [29.745790653000142, -19.46538800399992], [29.746322611000096, -19.46611772599988]]]]}}, {"type": "Feature", "properties": {"GID_3": "ZWE.10.5.11_2", "GID_0": "ZWE", "COUNTRY": "Zimbabwe", "GID_1": "ZWE.10_1", "NAME_1": "Midlands", "NL_NAME_1": "NA", "GID_2": "ZWE.10.5_2", "NAME_2": "Gweru", "NL_NAME_2": "NA", "NAME_3": "Ward 19", "VARNAME_3": "NA", "NL_NAME_3": "NA", "TYPE_3": "Ward", "ENGTYPE_3": "Ward", "CC_3": "NA", "HASC_3": "NA", "id": "ZWE.10.5.11_2", "name": "Ward 19"}, "geometry": {"type": "MultiPolygon", "coordinates": [[[[29.41076959300011, -19.749126079999826], [29.41067059600016, -19.74888606199994], [29.410633597000185, -19.748810055999968], [29.40948762900007, -19.747846983999864], [29.409516628000063, -19.747760977999917], [29.409575626000162, -19.747674970999924], [29.409604625000156, -19.74761796699994], [29.410273605999976, -19.746758901999897], [29.410391602000175, -19.746673894999958], [29.410510599000133, -19.74661389099998], [29.410599596000168, -19.74655688599995], [29.410628595000162, -19.746528883999872], [29.411333575000015, -19.745978841999943], [29.411393573, -19.7459218379999], [29.411480570000037, -19.745807828999887], [29.411509570000135, -19.745807828999887], [29.41253554000008, -19.74474474799996], [29.412592538000183, -19.744658741999956], [29.41358850900008, -19.743625662999932], [29.413617508000073, -19.743539656999815], [29.413647507000178, -19.743539656999815], [29.41389549900009, -19.742377568999927], [29.41392249800009, -19.742291561999934], [29.413920498000095, -19.742150551999885], [29.413664505000156, -19.741193479999936], [29.413660505000166, -19.741052468999897], [29.413660505000166, -19.741023466999877], [29.413533690000065, -19.740408468999817], [29.413168758000097, -19.738629340999978], [29.413168517000145, -19.73860428499995], [29.413168517000145, -19.73857628299993], [29.41313651500019, -19.735410043999934], [29.41304651700017, -19.73532803799992], [29.412962520000065, -19.735211029999903], [29.412920521000046, -19.735173026999973], [29.41291852100005, -19.73505501799997], [29.41283352300013, -19.73493900899996], [29.412831523000136, -19.73478199699997], [29.412831523000136, -19.734741993999933], [29.41282952299997, -19.734585982999874], [29.412827523000033, -19.734507976999907], [29.412825523000038, -19.734350964999976], [29.412863522000066, -19.734192952999877], [29.412903520000157, -19.73407494399987], [29.41294351900018, -19.733995937999907], [29.412941519000185, -19.733877928999846], [29.412959519000083, -19.733827924999957], [29.412981518000038, -19.733759919999954], [29.412980518000154, -19.733642910999947], [29.412976518000164, -19.733406893999927], [29.41297451800017, -19.73329088499986], [29.41293251900015, -19.73317187599997], [29.412888519999967, -19.733095869999886], [29.41288652000003, -19.73297786099988], [29.412716524000132, -19.73266683799983], [29.41264252600007, -19.732496824999885], [29.412226537000038, -19.731159724999827], [29.40973760600008, -19.72888255499987], [29.409707607000144, -19.728769546999956], [29.40970560700015, -19.728712541999926], [29.40961360900019, -19.728599533999898], [29.409592610000118, -19.728590532999874], [29.40946661300012, -19.728474524999967], [29.40929861800015, -19.72835751599996], [29.409089624000103, -19.728243506999945], [29.408923629000128, -19.728126498999927], [29.408755633000055, -19.72805249299995], [29.40858963800008, -19.727976487999968], [29.40821964900016, -19.72813649999995], [29.40817765000014, -19.72809849699985], [29.408133651000128, -19.72802049099988], [29.408007654000073, -19.727865479999934], [29.407837659000165, -19.727632461999917], [29.407669664000025, -19.727398444999835], [29.40750066800007, -19.727205429999856], [29.407374672000117, -19.727011415999982], [29.407288674000085, -19.726816400999894], [29.40720267600011, -19.72666038899996], [29.407118679000178, -19.72650337799996], [29.407032681000146, -19.72638736899995], [29.406989682000074, -19.726231356999904], [29.406947683000055, -19.726114347999896], [29.406903684000042, -19.725998339999876], [29.406861685000024, -19.72592033399991], [29.406817687000114, -19.725841327999944], [29.406775688000096, -19.725763321999978], [29.406775688000096, -19.725685315999954], [29.40673168900014, -19.725607309999873], [29.40668969000012, -19.725529304999895], [29.40660369200009, -19.72529628699988], [29.406601692000095, -19.725178277999817], [29.4065996920001, -19.725059268999928], [29.406598692000046, -19.72490325699988], [29.40659669200005, -19.724787248999974], [29.406636691000074, -19.724707242999898], [29.40663469100008, -19.724628236999934], [29.406632691000084, -19.724550230999967], [29.40662869100015, -19.72423720699993], [29.406626691000156, -19.724119197999926], [29.40662469100016, -19.723923183999887], [29.406622691000166, -19.72380617499988], [29.40661769000019, -19.723492150999903], [29.406615690000024, -19.72333513899997], [29.40660969000004, -19.72290410699992], [29.406605690000106, -19.72274809499993], [29.40660369000011, -19.722629085999927], [29.406601690000116, -19.722511076999922], [29.406601690000116, -19.722433070999955], [29.40659969000012, -19.722355064999874], [29.406559691000098, -19.722355064999874], [29.406557691000103, -19.72227705999984], [29.406516692000025, -19.722198053999875], [29.406472693000183, -19.72208204499998], [29.40638869600008, -19.72200603899995], [29.406304698000042, -19.72188702999989], [29.406176702000096, -19.72173301899994], [29.406092704000116, -19.721577006999894], [29.406006706000085, -19.72145999799983], [29.40592270800005, -19.72134398999998], [29.405796712000097, -19.72122798099997], [29.40571371400017, -19.721110971999906], [29.40554571900003, -19.72099696399988], [29.405419722000033, -19.72091995799991], [29.4053357250001, -19.72088195499998], [29.405251727000064, -19.7208039489999], [29.405127731000107, -19.72072794399992], [29.40504373300007, -19.72064993799995], [29.404959735000034, -19.720572931999982], [29.4048757380001, -19.72053492899994], [29.40479174000012, -19.72045692399996], [29.40466774300006, -19.72041892099992], [29.404583746000128, -19.720342914999947], [29.40454174700011, -19.720342914999947], [29.404457749000073, -19.720265908999977], [29.404416750000166, -19.72022590699993], [29.404330753000067, -19.72010989799992], [29.40420675600018, -19.720033891999947], [29.40407876000006, -19.719878880999943], [29.403910764000045, -19.719724868999947], [29.403700770000057, -19.719529854999905], [29.403532775000144, -19.719336839999926], [29.403183784000134, -19.718163751999953], [29.403222782000114, -19.717929733999938], [29.40330278, -19.717730718999974], [29.40338077800004, -19.71749670199989], [29.403462775000037, -19.717337688999976], [29.403582771000174, -19.7171016719999], [29.404675739000027, -19.715478547999965], [29.404757737000068, -19.71543854499987], [29.404923731999986, -19.715398541999946], [29.405005730000028, -19.715356538999913], [29.405119726000066, -19.71531853599987], [29.405211724000026, -19.71525153099992], [29.40520972400003, -19.71523652999997], [29.405293721000135, -19.715196526999932], [29.405497714999967, -19.71511551999987], [29.405703709000136, -19.715033513999913], [29.405909703000134, -19.71491350499997], [29.406115698000065, -19.714833498999894], [29.406237694000026, -19.714753492999932], [29.406319692000068, -19.71467348699997], [29.40635969000016, -19.714595480999947], [29.40635969000016, -19.71455547799991], [29.406357690000164, -19.7144384689999], [29.406315691000145, -19.714360462999934], [29.406271693000065, -19.714282456999968], [29.40618769500003, -19.714166447999958], [29.406104697000103, -19.71404943999994], [29.406062698000085, -19.71400943699996], [29.40602070000017, -19.713971433999973], [29.406018700000175, -19.71393343099993], [29.405976700999986, -19.71389342799995], [29.405852704000154, -19.71389542799983], [29.40568670900018, -19.71389742899993], [29.405646710000156, -19.71389942899998], [29.40556271300005, -19.71389942899998], [29.40552271400003, -19.71389942899998], [29.405396717000144, -19.713862425999935], [29.40523072200017, -19.713824422999892], [29.404982728999983, -19.713788420999947], [29.404732736000028, -19.713713414999972], [29.40456474100006, -19.713637409999876], [29.404438744, -19.71352140099998], [29.404271749000145, -19.71336638999992], [29.40410375300013, -19.713174374999937], [29.403975757000183, -19.712979360999952], [29.403965757000037, -19.712851350999927], [29.40427674700004, -19.710828197999888], [29.404274747000045, -19.710772193999958], [29.40427274700005, -19.71068718799995], [29.40427274700005, -19.71063118299992], [29.404271746000063, -19.710545176999915], [29.404269746000068, -19.710490172999982], [29.404135750000023, -19.709615106999877], [29.404133750000028, -19.709531099999936], [29.404131750000033, -19.70950209799986], [29.404103750000047, -19.70950409799991], [29.404072751000058, -19.70947509599995], [29.403441768000164, -19.708403015999977], [29.40336677000016, -19.7082030009999], [29.403323771000032, -19.708124994999935], [29.403281773000117, -19.708008985999925], [29.40323777400016, -19.70792997999996], [29.40235479800009, -19.70692090499989], [29.402310799000077, -19.70680489599988], [29.40226880000006, -19.706726889999914], [29.402224801000102, -19.706610881999893], [29.40214080400017, -19.706571878999966], [29.40189281000005, -19.70523477799992], [29.40184681100004, -19.705208775999893], [29.40176281300006, -19.70508976699989], [29.40167881600013, -19.705013761999908], [29.401595817999976, -19.704897752999898], [29.401511820000167, -19.70481974699993], [29.401425823000068, -19.704702737999924], [29.40134182500003, -19.70458672999996], [29.401257827000165, -19.704510723999874], [29.401173829000186, -19.704353711999943], [29.40112983100005, -19.704275705999976], [29.401087832000087, -19.704159697999955], [29.401043833000074, -19.70408069199982], [29.40104183300008, -19.70396268299993], [29.40099983400006, -19.703884676999962], [29.400958835000154, -19.703808670999933], [29.40095683500016, -19.703728664999915], [29.40091483600014, -19.703651659999935], [29.400872837000122, -19.703611656999897], [29.40082883900004, -19.703495647999887], [29.400786840000023, -19.70341764199992], [29.40074284100001, -19.703300632999913], [29.400700842, -19.703222626999946], [29.400605844000154, -19.702703587999906], [29.40057684500016, -19.70263558299996], [29.40051384700007, -19.70249557299985], [29.40048384700009, -19.702383563999888], [29.400481847000094, -19.702297557999884], [29.400519846000122, -19.70220455099991], [29.400517846000128, -19.7020875419999], [29.40051584600019, -19.701969532999954], [29.40047384700017, -19.701893526999925], [29.400471847000176, -19.70177451799998], [29.40046984700018, -19.701656508999974], [29.40046984700018, -19.70161850699992], [29.401371821, -19.701017460999935], [29.40136982100006, -19.70093945499997], [29.40141182000002, -19.70093945499997], [29.401410820000137, -19.70089945199993], [29.401410820000137, -19.700821445999964], [29.40145081900016, -19.700743439999826], [29.401448819000166, -19.70066443399986], [29.401488817000086, -19.70054642499997], [29.40152681600017, -19.700388412999928], [29.401606814, -19.70019139799996], [29.40162381300007, -19.70012539299995], [29.401646812000138, -19.700035385999968], [29.401642812000148, -19.699838370999885], [29.40168281100017, -19.699720362999983], [29.401680811000176, -19.69964235699996], [29.401638812000158, -19.699604353999973], [29.401638812000158, -19.699524347999954], [29.401637812000104, -19.699446341999874], [29.401595813000085, -19.69932933299998], [29.401551815000175, -19.6992513269999], [29.401465817000144, -19.699016309999934], [29.401423818000126, -19.698978306999948], [29.401423818000126, -19.698940303999848], [29.401339820000146, -19.69886229799988], [29.401297821000128, -19.69882429499995], [29.401255823000042, -19.69878429199997], [29.401213824000024, -19.69874628899987], [29.401171825000176, -19.698707285999944], [29.40104582800012, -19.69863128099996], [29.400919832, -19.69855327499988], [29.40083583400019, -19.69847726899991], [29.400793835000172, -19.698438265999982], [29.400711838000063, -19.69840026399993], [29.400668839000105, -19.698322257999962], [29.400584841000125, -19.69824425199988], [29.400502843000083, -19.698206248999952], [29.40046084500017, -19.69816824599991], [29.400416846000155, -19.698089239999945], [29.4002908490001, -19.698013234999962], [29.400206852000167, -19.697935228999825], [29.400124854000126, -19.697937228999876], [29.400082855000107, -19.697937228999876], [29.39921088, -19.697714212999927], [29.399044885000023, -19.697676209999884], [29.39883789000004, -19.69763920799994], [29.398629896000102, -19.69760320499995], [29.398463901000127, -19.697567202999835], [29.398297906000153, -19.697529199999963], [29.398131910000075, -19.697492196999917], [29.3979659150001, -19.697454193999874], [29.397797920000187, -19.697378188999892], [29.39759192600019, -19.697342185999958], [29.397423930000116, -19.697265180999977], [29.39729993400016, -19.69718917499989], [29.397131938000143, -19.697151171999963], [29.397007942000187, -19.697115169999904], [29.39692394400015, -19.697037163999937], [29.396799948000023, -19.69700016099989], [29.396716950000098, -19.696962157999963], [29.39659295400014, -19.69692415499992], [29.396466957000086, -19.696848149999937], [29.396382960000153, -19.696810146999894], [29.396340961000135, -19.69677014399997], [29.396214964000137, -19.696693137999887], [29.396132966000096, -19.696655134999958], [29.395964971000126, -19.696579129999975], [29.395756977000133, -19.696502123999892], [29.395338989000038, -19.696274106999965], [29.395171993000076, -19.696119095999904], [29.394922, -19.695965083999965], [29.394754005000095, -19.695850075999942], [29.394081024000116, -19.69511402099988], [29.394081024000116, -19.695036014999914], [29.394039025000097, -19.694996011999876], [29.393995026000084, -19.694919005999907], [29.393911028000105, -19.694841], [29.393657035000103, -19.69449197399996], [29.39353103899998, -19.69437596499995], [29.393447041000172, -19.69425895699993], [29.393363043000136, -19.69422095399989], [29.393280046000086, -19.69414294799992], [29.393156049000083, -19.694106944999874], [29.39299005400011, -19.69403093999989], [29.392864057000054, -19.693951933999926], [29.39278006000012, -19.69395393399992], [29.392738061000102, -19.69391593099988], [29.39269806200008, -19.69391593099988], [29.39265606300006, -19.69387792899994], [29.39257206500008, -19.693839925999896], [29.392490068000086, -19.693839925999896], [29.39232207200007, -19.693763919999924], [29.392238075000137, -19.693686913999954], [29.392156077000095, -19.6936489119999], [29.392072080000162, -19.6936489119999], [29.392030081000144, -19.693610908999972], [29.391988082000125, -19.693610908999972], [29.391906084000084, -19.693612908999967], [29.391740089000166, -19.69357490599998], [29.391532095000173, -19.69357890699996], [29.391326101000175, -19.693579906999958], [29.391202104000115, -19.69361990999988], [29.39025413100012, -19.693907932999934], [29.39017213400018, -19.69394893599997], [29.39009013600014, -19.69398893899995], [29.389966140000183, -19.69402894199993], [29.3898021440001, -19.69403194199998], [29.38967714800009, -19.693993939999928], [29.389511153000115, -19.693955936999885], [29.389345157000037, -19.69391993399995], [29.38917916200006, -19.693843928999968], [29.389053165000064, -19.693766922999885], [29.387407211000095, -19.691670765999902], [29.38740721, -19.691592759999935], [29.387405210000054, -19.691514753999968], [29.387405210000054, -19.691474750999873], [29.38740321000006, -19.69143474799995], [29.38740321000006, -19.69135574199987], [29.387401210000064, -19.691277735999904], [29.387401210000064, -19.691239733999964], [29.38739921000007, -19.691161727999884], [29.38739921000007, -19.69112172499996], [29.38735721100005, -19.691043718999936], [29.38731321300014, -19.69096471299997], [29.387145217000125, -19.69073269499995], [29.387062220000075, -19.69065568999997], [29.38697822200004, -19.69057768399989], [29.386894224, -19.69053968099996], [29.386768228000108, -19.690463674999876], [29.386686230000066, -19.690425672999936], [29.385812255000133, -19.690240658999983], [29.38573025700009, -19.690240658999983], [29.38548026400008, -19.690165653999827], [29.38539826600004, -19.690127650999955], [29.385272270000144, -19.69012965099995], [29.385148273000084, -19.690091648999896], [29.384983278, -19.690055645999962], [29.384693286000186, -19.690058645999954], [29.3846512880001, -19.690018642999917], [29.384609289000082, -19.6900206439999], [29.38456929000006, -19.6900206439999], [29.383031333000076, -19.689608613999837], [29.382905337000125, -19.68961061399989], [29.382781340000065, -19.68957261099996], [29.382698343000072, -19.689534607999917], [29.382574346000183, -19.6895366089999], [29.382411351000087, -19.689461602999927], [29.378774454, -19.688912563999963], [29.37871545500019, -19.688914564999948], [29.37868445600003, -19.68888556199994], [29.378595459000053, -19.68885956099996], [29.378475462000154, -19.6887775539999], [29.378355466000187, -19.688750551999874], [29.37826346800017, -19.68869554799994], [29.37817347100014, -19.68866854599986], [29.378114472000107, -19.68864154399995], [29.377273496000157, -19.688399526999888], [29.37718349900007, -19.688344522999955], [29.37703350300012, -19.688290518999906], [29.37688250700006, -19.688208512999893], [29.376762510000162, -19.68812450599995], [29.37667051300008, -19.688042499999938], [29.37572653900014, -19.68689841499986], [29.375696540000092, -19.686869412999954], [29.375604542000076, -19.686787405999894], [29.375513545000103, -19.686675397999977], [29.375452546000133, -19.686564389999944], [29.3753895480001, -19.68645238099998], [29.37536054900005, -19.68645238099998], [29.375328550000177, -19.68639637699988], [29.37523855200004, -19.686284368999964], [29.375177554000118, -19.686229364999917], [29.374481573000025, -19.685731327999918], [29.374330577000137, -19.685591316999876], [29.374208581000175, -19.685452306999935], [29.374176582000075, -19.685368299999823], [29.374145581999983, -19.68534029799997], [29.374114583, -19.68528429399987], [29.374084584000116, -19.685200287999862], [29.374053585000127, -19.68514528399993], [29.37302961200004, -19.682955118999814], [29.372968614000115, -19.68284511099995], [29.37293661500007, -19.68278810699985], [29.372905616000082, -19.68273210299992], [29.3728756160001, -19.68264809599998], [29.372873616000106, -19.682620093999958], [29.372844617000112, -19.682591091999882], [29.372783619000188, -19.682507085999873], [29.372720621000155, -19.682423078999932], [29.371656648000112, -19.679615867999928], [29.371595650000074, -19.679531861999976], [29.371564651000085, -19.679474857999878], [29.37150365300016, -19.679363848999856], [29.371501653000166, -19.67933484699995], [29.37119266100018, -19.67906082699983], [29.3710766640001, -19.67889981499991], [29.370948668000153, -19.67866779699989], [29.37086267000018, -19.678472782999847], [29.37073767400011, -19.67827876799987], [29.37065167600008, -19.678161758999977], [29.3705676780001, -19.678045750999956], [29.37052567900008, -19.67800574799992], [29.37044168200015, -19.677929741999947], [29.370355684000117, -19.6777727299999], [29.37027168600008, -19.67769672499992], [29.369110719000048, -19.677435705999926], [29.36898672300009, -19.67747770899996], [29.36890472500005, -19.67747770899996], [29.368822727, -19.677519711999935], [29.368738730000075, -19.677519711999935], [29.368698731000052, -19.677559714999973], [29.368614733000072, -19.677559715999962], [29.368490737000116, -19.677561715999957], [29.368326741000033, -19.67760271899988], [29.368202745000076, -19.67764372199997], [29.36807874900012, -19.677684724999835], [29.367996751000078, -19.677684724999835], [29.36795475200006, -19.677725728999917], [29.367914753000036, -19.677725728999917], [29.367832756000098, -19.677765731999955], [29.36779075700008, -19.67780573499988], [29.36770875900004, -19.677885740999955], [29.367586763000077, -19.67792574399988], [29.367504765000035, -19.67800574999984], [29.367422768000097, -19.678045752999935], [29.367258772000014, -19.678203764999978], [29.367176775000075, -19.67828377099994], [29.36713577600017, -19.67828377099994], [29.367053778000127, -19.678364776999956], [29.367013780000036, -19.67840477999988], [29.3653468280001, -19.67940585699995], [29.3653468280001, -19.67944385999988], [29.365306829000076, -19.679445859999873], [29.365142834000096, -19.679563868999878], [29.365018837000093, -19.6796058729999], [29.36485284200012, -19.679607872999952], [29.36472884500006, -19.679609872999947], [29.36456485000008, -19.67964987599987], [29.364398855000104, -19.679653876999964], [29.364316857000063, -19.67969387999989], [29.364068864000046, -19.679695879999883], [29.363985867000054, -19.679697879999935], [29.363903869000183, -19.679697879999935], [29.363861870000164, -19.679699880999863], [29.363861870000164, -19.679659876999835], [29.363819871000146, -19.67965987799994], [29.36377787300006, -19.679620874999898], [29.36369587500019, -19.67958287199997], [29.363653876, -19.679544868999983], [29.36356987800019, -19.67950686599994], [29.36352788000005, -19.67946886299984], [29.36344388200007, -19.679430860999958], [29.36340188300005, -19.679352854999934], [29.363317885000185, -19.679313851999893], [29.36323388800008, -19.679235845999926], [29.363149890000045, -19.679159839999954], [29.363065892000066, -19.679081833999874], [29.363023893000047, -19.6790028289999], [29.362979895000137, -19.67888681999989], [29.3628958970001, -19.678730807999955], [29.36271090100007, -19.677461712999957], [29.362668902000053, -19.677423709999914], [29.362627903000146, -19.677345703999947], [29.36254390600004, -19.677269697999975], [29.362417909000158, -19.67711268599993], [29.362291913000035, -19.677036680999947], [29.362207915, -19.676920671999937], [29.362121917000024, -19.67680366299993], [29.362035920000096, -19.676609648999943], [29.361949922000065, -19.676412633999917], [29.361906923000163, -19.67621861899994], [29.36181692499997, -19.67567057799988], [29.36176692600003, -19.67512153699994], [29.361764926000035, -19.67505653199987], [29.361761926000156, -19.674730506999936], [29.361757926000166, -19.674534491999964], [29.36175592600017, -19.674377480999908], [29.36175192600001, -19.674062456999877], [29.36174992500014, -19.67394644799998], [29.36170592700006, -19.673790435999933], [29.361703927000065, -19.67367142699993], [29.36170192700007, -19.673555418999968], [29.361658928000168, -19.673437409999963], [29.361656928000173, -19.673319400999958], [29.361614929000154, -19.673242394999875], [29.361572930000136, -19.673124385999813], [29.36157093000014, -19.67308638299994], [29.361528931000123, -19.673008376999974], [29.36144293300015, -19.672851365999975], [29.36140093400013, -19.672813362999932], [29.361316937000026, -19.672657350999884], [29.36123293900016, -19.672580344999915], [29.361148941000124, -19.672502338999948], [29.361022945, -19.672426333999965], [29.36089794800006, -19.672310324999955], [29.360771952000107, -19.672233318999872], [29.360687954000127, -19.672117310999965], [29.360561958000176, -19.672039304999828], [29.36043596100012, -19.671924295999816], [29.36030996500017, -19.671808287999966], [29.36018396800017, -19.671692278999956], [29.36005797200005, -19.671537266999962], [29.359973974000184, -19.671419258999947], [29.359931975000165, -19.671381255999904], [29.359889976000147, -19.671343252999975], [29.359888976000093, -19.671264246999897], [29.359846977000075, -19.671226243999968], [29.359689980000155, -19.66903107899998], [29.359689980000155, -19.668993075999936], [29.35968798000016, -19.668796060999966], [29.359727979000183, -19.66871805499983], [29.359767977000104, -19.66867805199996], [29.359807976000127, -19.6685600429999], [29.359888974000057, -19.668441033999898], [29.359968971000058, -19.66828302199997], [29.36000897000008, -19.66808700699994], [29.36004696900011, -19.6679279949999], [29.360086968000132, -19.667771982999966], [29.360124966000058, -19.66765397399996], [29.360166965000076, -19.667575967999937], [29.3602069640001, -19.667534964999902], [29.360246963000122, -19.667416955999897], [29.360286962000146, -19.66733895099992], [29.360326960000066, -19.667220941999858], [29.360364959000094, -19.66706192999993], [29.360404958000117, -19.666905917999884], [29.360525954000025, -19.666747905999955], [29.36060595200007, -19.666548890999934], [29.36068794900018, -19.66643088199993], [29.360727948000033, -19.666312872999924], [29.360725948000038, -19.666194863999976], [29.360721948000105, -19.66603785199993], [29.360721948000105, -19.665959845999964], [29.36071994800011, -19.665881839999884], [29.360717948000115, -19.665763830999822], [29.36071594800012, -19.66564682199993], [29.360673949000102, -19.66556881699995], [29.360671949000107, -19.665450807999946], [29.36063095000003, -19.66533379899994], [29.360586951000187, -19.66517778699989], [29.360542952000173, -19.665021774999957], [29.360500954000088, -19.664942769999982], [29.360498954000093, -19.664904766999882], [29.360456955000075, -19.664826760999915], [29.36041295600012, -19.66470875199991], [29.3603709570001, -19.66463274599994], [29.3603709570001, -19.664591742999903], [29.360328958000082, -19.664553739999974], [29.36024296000005, -19.664437731999953], [29.360156963000122, -19.664202713999885], [29.360115964000045, -19.664124707999974], [29.35992496800003, -19.66236257499986], [29.359964967000053, -19.662284568999894], [29.360004964999973, -19.66224456599997], [29.360086963000015, -19.662163559999897], [29.360168961000056, -19.66208555399993], [29.360208958999976, -19.662005547999968], [29.360290957000018, -19.661927541999944], [29.360370955000064, -19.661847535999982], [29.36041295299998, -19.661807532999944], [29.360452952, -19.661767529999906], [29.36049495100002, -19.661729526999977], [29.360576949000063, -19.661727526999982], [29.360616948000086, -19.661687523999944], [29.360658946, -19.66164752099985], [29.360740944000042, -19.661606517999928], [29.360822942000084, -19.661606517999928], [29.36094693800004, -19.661564513999906], [29.36115293200004, -19.661484507999944], [29.361249929000167, -19.6614465049999], [29.361358926000037, -19.66140250199993], [29.361604919000058, -19.661244489999888], [29.36172691500019, -19.6611244799999], [29.361766914000043, -19.66104647499992], [29.361806913000066, -19.66096646799997], [29.36184691200009, -19.66088746199995], [29.36184691200009, -19.66080945699997], [29.36184591199998, -19.66073145099989], [29.361843911999983, -19.660613441999885], [29.361801913000193, -19.66053543599992], [29.361799913000027, -19.66049643299982], [29.361799913000027, -19.660456429999954], [29.36175791400018, -19.660418426999854], [29.36171591500016, -19.660300417999963], [29.36162991700013, -19.660184409999943], [29.36162991700013, -19.660105403999978], [29.361587919000044, -19.660067400999935], [29.361545920000026, -19.660029397999892], [29.36145992200005, -19.659913388999882], [29.361375924000185, -19.65975637699995], [29.36124892800018, -19.65960236599983], [29.361164930000143, -19.6594453539999], [29.36103893400019, -19.659289341999965], [29.36099493500018, -19.659213336999983], [29.360952936, -19.659135330999902], [29.360908937000033, -19.6590163219999], [29.360824939000167, -19.65886230999996], [29.36069694300005, -19.65862729299988], [29.36061094500002, -19.658473280999942], [29.360527947000094, -19.658356271999935], [29.360485948000075, -19.658316268999897], [29.360485948000075, -19.658278266999957], [29.360401951000142, -19.658240263999915], [29.360317953000163, -19.658124254999905], [29.36023195500013, -19.658005245999846], [29.360147958000027, -19.65788923699995], [29.36006396000016, -19.657813231999967], [29.360021961000143, -19.657694222999964], [29.359937963000164, -19.65761821699988], [29.359851966000065, -19.657502207999983], [29.35972596900018, -19.657385199999965], [29.35964297200013, -19.657269190999955], [29.35955897400015, -19.657191184999817], [29.359474976000115, -19.657115179999835], [29.35939097900018, -19.65703617399987], [29.359306981000145, -19.65699817099994], [29.35922298300011, -19.656922164999912], [29.35909898699998, -19.656844158999945], [29.359054988000025, -19.656768153999963], [29.359014989000173, -19.656768153999963], [29.3577220250001, -19.656117105999954], [29.357680026000082, -19.656079102999968], [29.35759602900015, -19.656041099999868], [29.357472032000146, -19.6559630939999], [29.357346036000024, -19.65584808499989], [29.357262038000158, -19.65577007999991], [29.357218039000145, -19.6556540709999], [29.35713404100011, -19.655575064999937], [29.357092043000023, -19.65549705899997], [29.35704904400012, -19.65538104999996], [29.356965046000084, -19.655303044999982], [29.356881048000048, -19.655186035999975], [29.356797051000115, -19.655070026999965], [29.35671105300014, -19.654875012999923], [29.356667054000127, -19.65475700399992], [29.35662505500011, -19.65464099499991], [29.356623055000114, -19.654483982999977], [29.356617055000186, -19.6541319559999], [29.356616055000075, -19.654012947999945], [29.356656054000098, -19.653934941999864], [29.356654054000103, -19.653856935999897], [29.35669405200008, -19.653776929999935], [29.356734051000103, -19.65365892099993], [29.356774050000126, -19.653579914999966], [29.35681404900015, -19.65346190599996], [29.356896046000088, -19.6533438969999], [29.357880018000117, -19.65274285099997], [29.358004014000073, -19.652702847999876], [29.358086012000115, -19.652700846999892], [29.358128011000133, -19.652700846999892], [29.35821000800007, -19.652660843999968], [29.358292006000113, -19.652658843999973], [29.358374004000154, -19.652618840999935], [29.358456001000093, -19.65257883799984], [29.358537999000134, -19.652538834999973], [29.358619997000176, -19.65249883199988], [29.35866199500009, -19.652458828999954], [29.358743993000132, -19.652418825999916], [29.358783992000156, -19.65237882299988], [29.35882399100018, -19.652299816999914], [29.35902298500008, -19.65170877199995], [29.35902298500008, -19.651668768999855], [29.359020985000143, -19.651590762999888], [29.35902098400004, -19.65155275999996], [29.359018984000045, -19.651474753999878], [29.359018984000045, -19.651395747999914], [29.35901698400005, -19.65131574199995], [29.358974986000135, -19.65123973599998], [29.358972985000037, -19.651081723999937], [29.35897098500004, -19.650964715999976], [29.358785990000115, -19.649593611999933], [29.358657993000122, -19.649438600999872], [29.35857199500009, -19.649244585999895], [29.35848899800004, -19.649128576999885], [29.35848899800004, -19.64904957099992], [29.35693204, -19.647426449999955], [29.35693204, -19.647386446999917], [29.35689004200009, -19.647386446999917], [29.35684804300007, -19.647348443999874], [29.35676404500009, -19.647232435999967], [29.35663804900014, -19.64711542699996], [29.356513052000025, -19.64699941799995], [29.35642905400016, -19.64688340899994], [29.356303058000037, -19.646766400999866], [29.356259059000024, -19.646650391999856], [29.35621706, -19.64657238599989], [29.35617306100005, -19.64645537699988], [29.35617306100005, -19.646377370999915], [29.35616906100006, -19.646181356999932], [29.356167061000065, -19.646062347999873], [29.35616506100007, -19.645946338999977], [29.356207060000088, -19.6458663329999], [29.356205060000093, -19.645788326999934], [29.35620406000004, -19.645710320999967], [29.356244059000062, -19.64563131499989], [29.35624405800013, -19.645553308999922], [29.35624405800013, -19.64551330599994], [29.356284057000153, -19.64547330299996], [29.356284057000153, -19.64543529999986], [29.356324056000176, -19.645395296999936], [29.356406054000047, -19.64527728799993], [29.35648605100016, -19.645118275999835], [29.35648205100017, -19.644962263999957], [29.35648205100017, -19.644844254999896], [29.356480051, -19.644725246999883], [29.35647805100001, -19.644647240999916], [29.35643605200005, -19.64456923499995], [29.356434052000054, -19.644491228999982], [29.356434052000054, -19.644413222999958], [29.356413053000153, -19.64435921899991], [29.35618305900016, -19.644161203999943], [29.35614106000014, -19.644142202999888], [29.356099061000123, -19.64410419999996], [29.35601506400019, -19.644065196999918], [29.35597306500017, -19.644027193999875], [29.355889067000135, -19.643989190999946], [29.355847068000116, -19.643949187999908], [29.355765071000178, -19.643951188999893], [29.35572307199999, -19.643873182999926], [29.355597075000162, -19.643835179999883], [29.355515078000053, -19.643797176999954], [29.35538908100017, -19.64372017099987], [29.355305084000065, -19.643644165999888], [29.354512106000186, -19.64322213399987], [29.354430108000145, -19.643222134999974], [29.354388109000126, -19.64318413199993], [29.354388109000126, -19.643106125999964], [29.35442810800015, -19.643028119999883], [29.354426108000155, -19.64298811699996], [29.354466107000178, -19.642870107999954], [29.354548104000116, -19.642789101999938], [29.355744070000128, -19.642540081999925], [29.355868067000188, -19.642459075999966], [29.35599006300015, -19.64241907299987], [29.356074061000186, -19.642418072999874], [29.356156058000124, -19.642377068999963], [29.356196057000147, -19.642337065999925], [29.356238056000166, -19.642337065999925], [29.35627805500019, -19.642297062999887], [29.356320054000037, -19.642297062999887], [29.356360052000127, -19.64221905699992], [29.35644205000017, -19.64213905099996], [29.35652404800004, -19.64205904499994], [29.356604045000154, -19.641981038999972], [29.356646044000172, -19.641901032999897], [29.356686043000025, -19.641822026999932], [29.356726042000048, -19.641782023999838], [29.356726042000048, -19.64174202099997], [29.35676604000014, -19.641664014999947], [29.356764040000144, -19.64158600899998], [29.35676203999998, -19.641388993999897], [29.356761040000094, -19.641350991999957], [29.356406050000032, -19.641112973999896], [29.356368051000175, -19.64105896999996], [29.35630705300008, -19.64097596399995], [29.356274054000096, -19.64091795899992], [29.356244055000047, -19.640891956999894], [29.355484076000153, -19.640082896999957], [29.355393078000077, -19.63994388599997], [29.355361079000147, -19.63985987999996], [29.355332080000153, -19.63985987999996], [29.355286080999974, -19.6397928749999], [29.355248082000116, -19.639721869999903], [29.35524608200018, -19.639643863999936], [29.35524608200018, -19.639605860999893], [29.35520408300016, -19.639527854999926], [29.355202083000165, -19.63944984899996], [29.355202083000165, -19.63940984599992], [29.355160084000147, -19.63937084299988], [29.35511808500013, -19.639292836999914], [29.355034088000025, -19.63921683199993], [29.35495009000016, -19.639138825999964], [29.354825093000045, -19.639021816999957], [29.354699097000093, -19.63890580799989], [29.354573100000096, -19.63878979999987], [29.354405105000126, -19.638634787999933], [29.35432110700009, -19.63855878299995], [29.354237110000156, -19.638520779999908], [29.3541111130001, -19.63844277399994], [29.354027116, -19.63836576799997], [29.35394311800019, -19.63828776199989], [29.353861120000147, -19.63824975999995], [29.353735124000025, -19.63817375399998], [29.3536521260001, -19.638135750999936], [29.352772150000078, -19.637322689999905], [29.352685153000095, -19.637087672999826], [29.352643154000077, -19.636971663999816], [29.35255915600004, -19.6368956579999], [29.3523031630001, -19.636427622999918], [29.35221716500007, -19.63627161099987], [29.35217516600011, -19.636155602999963], [29.35208916900018, -19.63599859099986], [29.35204617000005, -19.635842578999927], [29.352004171000033, -19.635726569999918], [29.35196217200007, -19.635647563999953], [29.351920173000053, -19.635607560999915], [29.35187617400004, -19.635531555999933], [29.351752178000083, -19.635453549999966], [29.351666180000052, -19.63533654099996], [29.3515401840001, -19.63522053299988], [29.351414187000103, -19.635066520999942], [29.34990722900011, -19.63387043199998], [29.349823231000073, -19.633832428999938], [29.349782232000166, -19.633753422999973], [29.349656236000044, -19.633637413999963], [29.34953023900016, -19.633521405999886], [29.349404243000038, -19.63336639399995], [29.34927824600004, -19.63325038499994], [29.34911025100007, -19.63309537399988], [29.34894025500006, -19.63278435099994], [29.34851926700003, -19.632241309999927], [29.34847726800018, -19.63220130699989], [29.348475268000186, -19.63216330399996], [29.348391271000082, -19.632084297999825], [29.34830927300004, -19.63197028999997], [29.348208275000047, -19.631718270999897], [29.348227275, -19.631657265999934], [29.34639632600016, -19.630580185999975], [29.34633332800007, -19.630541182999934], [29.34585434100012, -19.630261161999954], [29.345826342000066, -19.630261161999954], [29.344658375000108, -19.630026144999874], [29.34447738000017, -19.629973141999926], [29.344298385000172, -19.629946139999902], [29.34414938900011, -19.629948139999897], [29.34414938900011, -19.629977141999916], [29.34412139, -19.629977141999916], [29.343016422000062, -19.629967141999884], [29.342936424000015, -19.629956140999866], [29.342816427000116, -19.629881135999938], [29.342352440000013, -19.62937609799991], [29.342268442000034, -19.629300091999937], [29.34222744300007, -19.629221085999973], [29.34218544400005, -19.629143080999825], [29.34214144600014, -19.629065074999858], [29.342057448000162, -19.628949065999848], [29.34201344900015, -19.628832056999954], [29.341929451000112, -19.628716048999934], [29.341887453000027, -19.62859803999993], [29.341801455000166, -19.62848103099992], [29.341759455999977, -19.628403024999955], [29.341717457000186, -19.628327018999983], [29.340962478000108, -19.62763096699996], [29.340836481999986, -19.62755296199998], [29.340628487000117, -19.627477955999893], [29.340420493000124, -19.627361946999883], [29.340252497999984, -19.627246938999974], [29.340086503000066, -19.62717093299989], [29.340003505000084, -19.62709292699992], [29.339961506000066, -19.62705492499998], [29.339919507000104, -19.62705492499998], [29.339795511000148, -19.6269779189999], [29.339285525000037, -19.626813906999928], [29.33652460200011, -19.625461806999965], [29.336344607000058, -19.62537980099995], [29.334042673, -19.625076779999972], [29.33298270200015, -19.624494735999974], [29.332972702000063, -19.62447573499992], [29.33293070400009, -19.624437731999876], [29.33288870500013, -19.62435972599991], [29.3328027070001, -19.62412470899983], [29.332041728000092, -19.623115632999827], [29.3318337340001, -19.623039626999912], [29.331334748000074, -19.622810609999874], [29.33112675300015, -19.622694601999967], [29.331002757000192, -19.622657598999922], [29.330960758000174, -19.622617595999827], [29.330918758999985, -19.62261959599988], [29.32967479500013, -19.622400580999965], [29.329548798000076, -19.622362577999866], [29.329466800000034, -19.622362577999866], [29.329340804000083, -19.622325574999934], [29.329216807000023, -19.62228757299988], [29.329093811000178, -19.62224956999995], [29.32859382500004, -19.622098558999937], [29.327467856, -19.621486512999923], [29.32725886200012, -19.621332501999973], [29.327092866999976, -19.621215492999966], [29.327006869000172, -19.6210994839999], [29.324193948000016, -19.619880393999836], [29.32414994900006, -19.61980238899997], [29.324107951000087, -19.61976438599993], [29.324065952000126, -19.61972438299989], [29.323983954000084, -19.619686379999962], [29.323899956000048, -19.61960937399988], [29.323731961000078, -19.619493365999972], [29.323565966000103, -19.619417359999886], [29.323481968000124, -19.619340353999917], [29.323397970000087, -19.619302350999874], [29.323271974000136, -19.619224345999896], [29.32310597900016, -19.619148339999924], [29.322979982000106, -19.619071333999955], [29.32289798400012, -19.619033330999912], [29.322646991, -19.618879319999962], [29.32256499400006, -19.61884131699992], [29.322438997000063, -19.61876431099995], [29.322315001000106, -19.618688305999967], [29.322147005000033, -19.61861229999988], [29.32198101000006, -19.6185362949999], [29.321815015000084, -19.618497291999972], [29.321647019000068, -19.618421285999887], [29.32156502200013, -19.618383282999957], [29.321481024000093, -19.61838528399994], [29.32144102500007, -19.61838528399994], [29.321357028000136, -19.6183472809999], [29.321233031000077, -19.618349280999894], [29.31978207200001, -19.618053259999897], [29.31961607700009, -19.618055259999892], [29.3194080830001, -19.618057259999887], [29.319244087000186, -19.618099263999966], [29.31912009100006, -19.61810126399996], [29.318872098000043, -19.618103263999956], [29.318706103000068, -19.618104263999953], [29.318706103000068, -19.618145267999978], [29.318666104000044, -19.618145267999978], [29.317926125000042, -19.618507294999915], [29.420640681000066, -19.562237514999936], [29.354176170000073, -19.471735235999915], [29.38051186500013, -19.44262287099997], [29.430770529000142, -19.40388164199993], [29.43090280400014, -19.403023583999982], [29.432088705000126, -19.40281588399995], [29.434871624000095, -19.40049370599985], [29.43510461799997, -19.400299690999873], [29.435077618000037, -19.400272688999962], [29.43935349400016, -19.3969844369999], [29.439861480000104, -19.396593406999898], [29.443536373000143, -19.39395120399996], [29.44817923900007, -19.390872966999893], [29.455102038000064, -19.385527555999943], [29.455114038000033, -19.385497553999926], [29.461485853000056, -19.38050316999994], [29.46568573100012, -19.37755094299996], [29.46711068800016, -19.373823658999925], [29.46879863600003, -19.368494253999927], [29.468811635000122, -19.36845225099995], [29.471482553000158, -19.360007607999933], [29.473156502000165, -19.356020303999912], [29.474085474000105, -19.354382178999913], [29.480067311000084, -19.36206975799996], [29.488980066000067, -19.372440538999967], [29.491493997000134, -19.375770789999933], [29.492776962000164, -19.377500919999875], [29.492803961000163, -19.377500919999875], [29.493484943000055, -19.378758014999903], [29.495563886000184, -19.381016184999964], [29.495563886000184, -19.381043186999875], [29.497779825000123, -19.383406364999928], [29.4977668250001, -19.383425365999813], [29.49791182100006, -19.383614379999926], [29.50052275000013, -19.387053638999873], [29.50070174500013, -19.38750767399989], [29.5065385850001, -19.394211177999978], [29.506559584000115, -19.3942331799999], [29.509549502000084, -19.398311486999944], [29.514108378000174, -19.404436948999887], [29.514108378000174, -19.404455949999942], [29.516958300000056, -19.40801921799988], [29.51790427400016, -19.409201306999933], [29.519544229000076, -19.41193351299995], [29.519544229000076, -19.411950514999944], [29.52218615600009, -19.4145697109999], [29.523801112000115, -19.416867883999828], [29.52394210800003, -19.41706789899996], [29.52401310600004, -19.417033896999953], [29.524062105000098, -19.417123903999936], [29.524064105000093, -19.417142904999935], [29.526387041000078, -19.41988011099994], [29.528942971, -19.42223128699993], [29.532047885000054, -19.42497449299998], [29.53471081100014, -19.427608690999875], [29.54501752600015, -19.437053399999854], [29.547335462000092, -19.43948458199992], [29.547335462000092, -19.439465580999865], [29.55019038200004, -19.441657744999873], [29.556481208000093, -19.4475781889999], [29.556500208000045, -19.447576188999903], [29.55957612200018, -19.449785353999914], [29.559555123000166, -19.4497873549999], [29.56641593100011, -19.45372064799983], [29.566440930000113, -19.453731648999963], [29.574987691000047, -19.457828952999932], [29.575000690000138, -19.457838953999953], [29.581044522000127, -19.461759246999975], [29.587075353000046, -19.464864477999924], [29.590375261000077, -19.467107644999828], [29.590396260000148, -19.46708264299997], [29.590457259000118, -19.467133646999912], [29.59577311000004, -19.47079292099994], [29.604069879000065, -19.47600930999988], [29.608166763999975, -19.478292479999936], [29.60818376400016, -19.478292479999936], [29.615700554, -19.48304283399989], [29.619890437000038, -19.48581404099997], [29.61990243700012, -19.48582204199988], [29.62624925900019, -19.48989434599997], [29.626248259000135, -19.489879344999963], [29.634522029000095, -19.495450760999972], [29.634522029000095, -19.49546576199998], [29.63543100300012, -19.496350827999947], [29.642274807000092, -19.49390763899993], [29.64228980700011, -19.493901637999954], [29.649125611000102, -19.49191048299997], [29.649158610000086, -19.49190048199995], [29.659782306000125, -19.48898625399994], [29.659782306000125, -19.48895625199998], [29.66144125800008, -19.488427209999884], [29.661439258000087, -19.488410208999824], [29.673979900000177, -19.485559984999895], [29.67873676400012, -19.484411893999948], [29.69043242900011, -19.481203642999958], [29.690449428000193, -19.481203642999958], [29.69049842700008, -19.481201642999963], [29.693085353000072, -19.48037557899994], [29.693100352000158, -19.48037557899994], [29.693100352000158, -19.48036057799993], [29.70496601200017, -19.476681290999977], [29.704981012000133, -19.47667528999989], [29.708085923000112, -19.47550819999998], [29.708100923000075, -19.475513199999966], [29.71084584400012, -19.474920152999914], [29.710866844000066, -19.474976157999947], [29.710866844000066, -19.474989158999847], [29.710855844000037, -19.475038161999976], [29.710856846000127, -19.477552352999908], [29.710856846000127, -19.477577354999937], [29.711396832000048, -19.479454496999892], [29.711398832000043, -19.47946549699992], [29.711398832000043, -19.479479497999932], [29.711411831000134, -19.479504499999962], [29.712300809000112, -19.48286275399994], [29.71257980200005, -19.4849269099999], [29.71257380300017, -19.484949911999934], [29.713752772000078, -19.489108225999928], [29.714545753000095, -19.49349555799995], [29.71463575100006, -19.494605641999954], [29.714648751000084, -19.494605641999954], [29.71554373000015, -19.500099056999886], [29.71581672200017, -19.500322072999893], [29.715928720000193, -19.50141115599996], [29.717479680999986, -19.508671703999937], [29.717503487000045, -19.508823907999897], [29.71876865100006, -19.516912326999886], [29.720487607, -19.52411087099989], [29.720487607, -19.52415087399993], [29.72046660800015, -19.52415087399993], [29.721820576000084, -19.53249250399989], [29.723144543000103, -19.53852595899997], [29.723144543000103, -19.538544960999843], [29.72390152500003, -19.543330321999917], [29.72516549300019, -19.54845570899988], [29.726016471000037, -19.551833963999968], [29.72660245900005, -19.557242371999905], [29.72660245900005, -19.557261373999893], [29.72662345800012, -19.557282375999932], [29.72813542000017, -19.56399688199997], [29.72864840800014, -19.566991107999968], [29.728503412000066, -19.567018109999935], [29.728432322, -19.56703491899998], [29.728225420000115, -19.567069113999935], [29.721793605000073, -19.569267284999853], [29.710792920000188, -19.57244453299984], [29.710792920000188, -19.57246553399989], [29.70608005500003, -19.573968650999973], [29.689684525000075, -19.57948507899988], [29.672612015000027, -19.58421644899994], [29.66751816100009, -19.58573656699997], [29.653775554000163, -19.589859887999978], [29.646558761000165, -19.59197205299995], [29.637472022000168, -19.594812273999935], [29.630776214000036, -19.59692343799992], [29.630776214000036, -19.59694443999996], [29.630797213000108, -19.596963440999957], [29.628285286000164, -19.598617567999952], [29.628306285000065, -19.59863856899989], [29.61530166100016, -19.60656017699995], [29.615323033000152, -19.606559256999958], [29.615322661000107, -19.606581178999818], [29.609877819000076, -19.610268460999976], [29.609570827000084, -19.610484476999943], [29.603282009000054, -19.61400374799996], [29.60330300800007, -19.61400374799996], [29.600093104000052, -19.61928914899994], [29.598384154000087, -19.621368306999955], [29.596275214000173, -19.621879347999936], [29.596254215000158, -19.621879347999936], [29.589822399000184, -19.623086442999977], [29.58239761100009, -19.624189531999946], [29.576768771000104, -19.624740576999955], [29.575580805000072, -19.624874587999955], [29.572036907000097, -19.625593644999867], [29.569720973000187, -19.62626269699996], [29.569699974000116, -19.62626269699996], [29.557924311000022, -19.629995987999962], [29.54980954399997, -19.632779203999917], [29.53899885500016, -19.636220470999945], [29.53898885500007, -19.636229471999968], [29.536015940000027, -19.637116540999898], [29.536017940000193, -19.63714354299998], [29.530748091000135, -19.638651660999983], [29.527858174000073, -19.63955773099991], [29.52046938800015, -19.644573114999844], [29.519878405000156, -19.645116155999915], [29.5195934140001, -19.645275168999945], [29.51692549100011, -19.64718431499989], [29.516946490000123, -19.647203315999946], [29.516967490000127, -19.647224317999928], [29.509029719000125, -19.65155464999998], [29.50905271800019, -19.65155464999998], [29.50011297700007, -19.656521031999944], [29.500036979000186, -19.656550033999963], [29.498452024000073, -19.656401023999877], [29.496256087000177, -19.657878136999898], [29.49618009, -19.657879136999895], [29.491942212000026, -19.660355326999934], [29.491915213000027, -19.66035732699993], [29.48897429800013, -19.662179466999874], [29.489788279000038, -19.667369857999915], [29.491385240000113, -19.675850495999953], [29.493048202000068, -19.686518299999932], [29.494353171000114, -19.69449390099993], [29.494326172000115, -19.69449390099993], [29.495041156000127, -19.699779298999886], [29.496147129000065, -19.70532871599994], [29.49732610200016, -19.713574336999898], [29.497332102000144, -19.713599338999927], [29.4996150450001, -19.723209061999967], [29.496474135000085, -19.72403912599998], [29.496447135000153, -19.724041126999964], [29.492659245000084, -19.72592527099988], [29.49263224499998, -19.72592727199998], [29.491202287000192, -19.727604398999915], [29.49050930900006, -19.730434612999943], [29.49048531000011, -19.730459614999972], [29.489985326000124, -19.732510769999976], [29.489958327000124, -19.732485767999947], [29.487995384000158, -19.734533923999948], [29.48661542700006, -19.738179198999944], [29.48477848100015, -19.741443446999938], [29.481047591, -19.745175729999914], [29.47693171100019, -19.749090027999955], [29.476687718000164, -19.748859010999922], [29.475966739000057, -19.749184035999917], [29.475947739000105, -19.749201036999978], [29.47436078400017, -19.749399053999923], [29.474085792000153, -19.749399053999923], [29.47399479500018, -19.749397053999928], [29.473957796000036, -19.749397053999928], [29.47175185900005, -19.749369052999953], [29.471640862000186, -19.749369052999953], [29.471531865000145, -19.749369052999953], [29.47151486500013, -19.749367052999958], [29.471476866000103, -19.749367052999958], [29.469342927000014, -19.74944305999992], [29.46928692900019, -19.749460061999912], [29.46716799000012, -19.75008811099991], [29.467150990000107, -19.75008811099991], [29.46404407900019, -19.75128220299996], [29.461377156000083, -19.751993257999914], [29.461358156000074, -19.751993257999914], [29.461339157, -19.752010259999963], [29.46132215700004, -19.75200825999991], [29.461303158000135, -19.75200825999991], [29.459215218000054, -19.752413291999915], [29.459197218000156, -19.752413291999915], [29.459142220000047, -19.752413291999915], [29.45907022200015, -19.752396289999865], [29.45903122300018, -19.75239428999987], [29.456663290000108, -19.752123271999835], [29.456296301000066, -19.752087268999958], [29.45618830400008, -19.752087268999958], [29.456169304000127, -19.752087268999958], [29.454145362000133, -19.751989262999928], [29.45370637400009, -19.751934259999928], [29.453342384000166, -19.751881255999876], [29.453086392000102, -19.75186225499982], [29.452995394000027, -19.75186225499982], [29.451719431000072, -19.751890257999833], [29.451663432000146, -19.75188825799995], [29.451608434000036, -19.75188825799995], [29.45153643600014, -19.75188825799995], [29.451463438000133, -19.75188825799995], [29.44991248200006, -19.75182725399992], [29.448047536000104, -19.752544309999962], [29.445327613000188, -19.752979343999982], [29.44293068100012, -19.752844335999896], [29.44293068100012, -19.752827334999893], [29.44289368300008, -19.752827334999893], [29.442821685000183, -19.752810333999946], [29.442785686000093, -19.752810333999946], [29.44276668600014, -19.752792331999956], [29.442712688000142, -19.752792331999956], [29.44260269100016, -19.752773330999958], [29.441837712, -19.752718326999968], [29.441726716000062, -19.752701325999965], [29.43988576800018, -19.752293296999937], [29.439794770000105, -19.752293296999937], [29.439721772000098, -19.752293296999937], [29.439575776000083, -19.752291296999886], [29.439485779, -19.752291296999886], [29.437534834000132, -19.75207328199997], [29.437351840000133, -19.75203727899998], [29.437278842000126, -19.75203727899998], [29.437206844, -19.752020277999918], [29.437168845000144, -19.752001276999977], [29.437150845000076, -19.752001276999977], [29.437114846000043, -19.752001276999977], [29.436075876000075, -19.751909270999874], [29.435747885000183, -19.75189026899983], [29.43534489700005, -19.751888269999938], [29.435327897000093, -19.751888269999938], [29.433118960000172, -19.751841267999964], [29.433027962000097, -19.751823265999974], [29.43284596800015, -19.751823266999963], [29.432809969000118, -19.751841267999964], [29.43277197000009, -19.75185826899991], [29.431477007000126, -19.75191927499992], [29.431368010000085, -19.75191927499992], [29.43127701200018, -19.751883271999873], [29.431204014000173, -19.751865270999872], [29.431094017000078, -19.751865270999872], [29.430384038, -19.751739261999944], [29.43027304100019, -19.75170525999988], [29.430165044000034, -19.751652255999943], [29.429909051000095, -19.75158325099983], [29.429854053000156, -19.751581250999948], [29.428963077000162, -19.751024208999922], [29.428854080000065, -19.75095420399998], [29.428799082000182, -19.75090219999987], [29.428181099000085, -19.75065818199994], [29.428107101000023, -19.75062217999988], [29.428034103000186, -19.750605177999887], [29.428017104000105, -19.750605177999887], [29.427197127000056, -19.75021914999985], [29.427105130000143, -19.7501341439999], [29.427077130000157, -19.750105140999835], [29.42664814300008, -19.75013214399985], [29.42543117600019, -19.74908606599996], [29.425429176000023, -19.749058063999883], [29.42540017700003, -19.749058063999883], [29.424006216000066, -19.747893976999933], [29.42221726600019, -19.74639686599994], [29.421797277000167, -19.746289857999898], [29.421797277000167, -19.746261855999876], [29.421767278000118, -19.746262855999873], [29.42170828000019, -19.746262855999873], [29.419880332000105, -19.745954833999974], [29.41890236, -19.746224854999923], [29.418841361000034, -19.746224854999923], [29.417361404000076, -19.746814900999823], [29.417361404000076, -19.7468429029999], [29.417302406000147, -19.7468429029999], [29.41515046699999, -19.747357942999884], [29.413720508000097, -19.747466951999968], [29.41363051100018, -19.747468952999952], [29.41109158400019, -19.74900606999995], [29.41076959300011, -19.749126079999826]]]]}}, {"type": "Feature", "properties": {"GID_3": "ZWE.10.5.12_2", "GID_0": "ZWE", "COUNTRY": "Zimbabwe", "GID_1": "ZWE.10_1", "NAME_1": "Midlands", "NL_NAME_1": "NA", "GID_2": "ZWE.10.5_2", "NAME_2": "Gweru", "NL_NAME_2": "NA", "NAME_3": "Ward 2", "VARNAME_3": "NA", "NL_NAME_3": "NA", "TYPE_3": "Ward", "ENGTYPE_3": "Ward", "CC_3": "NA", "HASC_3": "NA", "id": "ZWE.10.5.12_2", "name": "Ward 2"}, "geometry": {"type": "MultiPolygon", "coordinates": [[[[29.32940355900007, -19.32799027899989], [29.32890457300016, -19.327898272999846], [29.327883602000156, -19.32820629699995], [29.327387616000124, -19.328253300999904], [29.32618864900013, -19.32668018199996], [29.32501868100013, -19.324503017999916], [29.32377771500012, -19.32355294599995], [29.323748716000125, -19.32352694399998], [29.319819826000128, -19.321655804999978], [29.31979882600018, -19.321609801999898], [29.317662886, -19.3202206979999], [29.314732967000168, -19.318216547999896], [29.314732967000168, -19.318189545999815], [29.31077307800018, -19.316490418999933], [29.31034409, -19.31630540599997], [29.30880713300013, -19.315669357999923], [29.308483142000057, -19.31477929099998], [29.30692118500002, -19.313880223999945], [29.305532223000057, -19.311702058999913], [29.303426281000043, -19.309964928999932], [29.303426281000043, -19.309937926999964], [29.30136633900014, -19.309426889999884], [29.299188400000162, -19.308392812999955], [29.297494447000076, -19.306761689999973], [29.295770495000056, -19.305260576999956], [29.294179539000083, -19.304545523999934], [29.29200960000003, -19.30424250299984], [29.29192760300009, -19.30424250299984], [29.291925603000095, -19.30426650399994], [29.29006065500016, -19.30357645299995], [29.288656695000157, -19.303126419999955], [29.287891716, -19.30288240199991], [29.286378759000172, -19.30271439099988], [29.285038796000038, -19.30189432899988], [29.284284816000024, -19.29938213899993], [29.282993851000015, -19.2978350219999], [29.28272885800004, -19.29751599799988], [29.28180788300017, -19.295604853999976], [29.28104990300011, -19.29382371899993], [29.28104990300011, -19.293796716999907], [29.27937894900009, -19.292791641999884], [29.27937794899998, -19.29281764299992], [29.276908019000075, -19.29209558999986], [29.276164040000083, -19.29229960699996], [29.275080071, -19.292135594999877], [29.273074127000143, -19.29188557699996], [29.273018129000093, -19.29188557699996], [29.271006186000193, -19.292392616999905], [29.270924189000084, -19.292392616999905], [29.270897190000028, -19.292392616999905], [29.269305234000115, -19.291780571999823], [29.266978299000073, -19.29032646299993], [29.264550365000105, -19.287410242999954], [29.26272541500009, -19.284889052999915], [29.262032433000115, -19.283367937999913], [29.26202143400019, -19.28335093699991], [29.259829495000076, -19.28183882299993], [29.259059516000093, -19.281519799999955], [29.257966547000137, -19.28106776599992], [29.257937548000143, -19.28106776599992], [29.256398591000107, -19.28102976399998], [29.256398591000107, -19.281056765999892], [29.254582643000106, -19.2809117569999], [29.25304768600006, -19.280325712999968], [29.252011714000105, -19.278986611999926], [29.25191071600011, -19.277523500999962], [29.251290732000143, -19.27584737399991], [29.2512357330001, -19.275816371999838], [29.25010476600005, -19.2760363889999], [29.250079766000113, -19.2760363889999], [29.249112793000165, -19.27539834199996], [29.246459867000056, -19.27364820999992], [29.244403923999982, -19.27225310599988], [29.24243097900012, -19.27069298899994], [29.240308038000023, -19.269298883999966], [29.237564114, -19.26741074299997], [29.23604015600006, -19.266086642999937], [29.234914187000072, -19.264312508999865], [29.232893242000102, -19.262254353999936], [29.23174427400005, -19.26168731199988], [29.2317202750001, -19.261665309999955], [29.23062330600004, -19.261546301999942], [29.230598307000037, -19.261546301999942], [29.230024323000123, -19.261440293999954], [29.22882835700011, -19.261216277999893], [29.22563544700006, -19.26027220899988], [29.222992521000094, -19.25921012999993], [29.222433536000096, -19.258775096999898], [29.221685557000114, -19.258193052999957], [29.22038659200018, -19.256703940999955], [29.219062629000177, -19.255945883999914], [29.21711768299997, -19.25471779299994], [29.21711768299997, -19.25469279099991], [29.217092684000136, -19.25469279099991], [29.21537073200011, -19.253250681999873], [29.215345732, -19.253227679999895], [29.215345732, -19.253203678999967], [29.214122767000163, -19.252543628999888], [29.214073768000105, -19.252543628999888], [29.213672779000092, -19.25251862799996], [29.21225382000017, -19.253182678999906], [29.209640895000064, -19.254131753999957], [29.20961589600006, -19.254154754999888], [29.20794594300014, -19.25432276899994], [29.207870944999968, -19.25432276899994], [29.207821947000184, -19.25432276899994], [29.207796947000077, -19.25432276899994], [29.206798976000186, -19.254156757999965], [29.206699978000188, -19.25413375599993], [29.206674979000184, -19.25413375599993], [29.206649980000122, -19.25413375599993], [29.20542801400012, -19.253851734999955], [29.205353016000117, -19.253851734999955], [29.204909029000078, -19.25363971999991], [29.20450504000013, -19.25344970599997], [29.20446304100011, -19.253410702999872], [29.208503923000137, -19.249357390999876], [29.208812915000124, -19.249458398999877], [29.228082355000026, -19.233094138999945], [29.23814406200006, -19.224150450999957], [29.238250059000052, -19.22408944599988], [29.23841605399997, -19.223940433999815], [29.249436736000064, -19.21772395299996], [29.250094718000128, -19.217740953999964], [29.28031784600006, -19.200270600999886], [29.283430757000133, -19.198442458999978], [29.283474755000043, -19.198444459999962], [29.285860688000184, -19.198564466999926], [29.285858643000097, -19.19854201199996], [29.285824093000087, -19.19849881999994], [29.28583272999998, -19.1984815429999], [29.287904630000185, -19.199013499999978], [29.291412531000105, -19.19856446299991], [29.29233350400017, -19.19849445699998], [29.29350647100017, -19.198406448999833], [29.295419417000176, -19.19824843599997], [29.297781350000093, -19.198830477999934], [29.297781350000093, -19.198872481999842], [29.29914631100013, -19.198709467999947], [29.30056527000005, -19.197769394999966], [29.300838263000173, -19.19777139499996], [29.300926260000097, -19.19811842199988], [29.30088026200019, -19.198204427999883], [29.300834263000183, -19.1982484319999], [29.300788265000108, -19.198378441999978], [29.299684297000056, -19.199839553999936], [29.29775035500012, -19.203066800999977], [29.298288340000113, -19.204151882999952], [29.299966293000125, -19.20502894899994], [29.305543137000086, -19.20784115899994], [29.306814102000146, -19.208196184999906], [29.307680077000157, -19.208116177999955], [29.307771075, -19.208117177999952], [29.307952069000066, -19.208161180999923], [29.309402029000125, -19.20908124999994], [29.309402029000125, -19.209125253999957], [29.310079011000028, -19.20995031599989], [29.310077011000033, -19.210038322999935], [29.310070012000097, -19.211205411999913], [29.30938103200009, -19.21184846099993], [29.309337033000077, -19.21184846099993], [29.309291035, -19.211890463999964], [29.30796607300016, -19.212703526999974], [29.30792007399998, -19.212745529999893], [29.307872076000137, -19.21278953399991], [29.308096069999976, -19.213439582999968], [29.30876905200006, -19.214698678999866], [29.308815050000135, -19.214698678999866], [29.31166597100008, -19.216968848999954], [29.311783968000157, -19.217065856999966], [29.313973907000047, -19.218844989999923], [29.313971908000156, -19.21893299699991], [29.316058849000058, -19.21998607599994], [29.316103848000182, -19.21998607599994], [29.31628584300006, -19.220032078999907], [29.31655783500014, -19.22007608199982], [29.318829771000026, -19.22069912799992], [29.318966767000177, -19.22069912799992], [29.31910276400015, -19.22074313099995], [29.32459960900013, -19.222300245999975], [29.324643608000088, -19.222300245999975], [29.324643608000088, -19.22234324899989], [29.32688654500015, -19.22300729799997], [29.327641523000068, -19.22323031399992], [29.327641523000068, -19.223274317999937], [29.329335475999983, -19.22436739999995], [29.32938147500016, -19.22436739899996], [29.331227425000122, -19.227192612999943], [29.331975407000016, -19.230829888999892], [29.33277238700009, -19.233777112999974], [29.33423534800005, -19.237922427999933], [29.334256348, -19.237979431999918], [29.334424343000137, -19.238454467999873], [29.337109273000067, -19.24496096099989], [29.337109273000067, -19.245004963999918], [29.338276241000187, -19.24693911099996], [29.338368239000147, -19.247090121999975], [29.340090191000172, -19.24818420399987], [29.340136189000077, -19.24818420399987], [29.34299710900018, -19.24915727599995], [29.343461096000112, -19.249010264999924], [29.343497095000146, -19.249045266999815], [29.34586202800017, -19.24997233599987], [29.34588102800012, -19.24997233599987], [29.34810296500001, -19.250658386999874], [29.348119965000024, -19.250658386999874], [29.35037990100011, -19.251085416999956], [29.350399901000173, -19.251068415999953], [29.350452899000118, -19.251068415999953], [29.352678836, -19.251238426999976], [29.352678836, -19.25125542899997], [29.352733835000038, -19.25125542899997], [29.353441815000167, -19.25144444199998], [29.353799805000108, -19.251537448999954], [29.354772778000097, -19.25235251099997], [29.354772778000097, -19.252335508999977], [29.355897746000096, -19.253100566999876], [29.35587874700019, -19.25313456899994], [29.356611727000086, -19.254669684999953], [29.35659272800018, -19.254686686999946], [29.356574728000112, -19.254721688999894], [29.356672726000056, -19.254959707999944], [29.356824722000056, -19.255324734999874], [29.35716071300004, -19.256495823999956], [29.356721726000046, -19.257059866999896], [29.356704727000135, -19.25707686899989], [29.356668728000102, -19.25711187099995], [29.35526476900003, -19.258425971999884], [29.355247769000187, -19.25840897099988], [29.35407480400005, -19.26044812699996], [29.354093804, -19.26044812699996], [29.354093804, -19.26046512799985], [29.35405780500014, -19.26046512799985], [29.353973808000035, -19.26214925599993], [29.353973808000035, -19.262183258999983], [29.353973808000035, -19.262269265999976], [29.354400797000096, -19.263200335999954], [29.354400797000096, -19.263217336999844], [29.356527738000125, -19.264917464999826], [29.359636653000052, -19.268342722999876], [29.36112261200003, -19.270227865999914], [29.36206258600015, -19.271419955999875], [29.362525574000074, -19.272471034999967], [29.362525574000074, -19.27252203899991], [29.36249957600006, -19.27376013299994], [29.36248057600011, -19.273812136999936], [29.362462577000144, -19.273863140999936], [29.362443578000068, -19.27393214599988], [29.361820598, -19.27783244299991], [29.361839598000188, -19.27783244299991], [29.361820598, -19.2778494449999], [29.360654635000117, -19.281935755999882], [29.360652635000122, -19.281969758999935], [29.360652635000122, -19.28198675999994], [29.360635635000108, -19.28198675999994], [29.358818691000067, -19.286824128999967], [29.35881269100014, -19.286840129999973], [29.357927718000155, -19.28932731999987], [29.35790871900008, -19.289344321999863], [29.357889719000127, -19.289378323999927], [29.3578517200001, -19.28949733299993], [29.357168742000056, -19.291627495999933], [29.357187741000132, -19.291662497999823], [29.357362737000074, -19.292625570999917], [29.357379736000098, -19.292625570999917], [29.35736073700008, -19.29265957399997], [29.358547705000035, -19.294215690999863], [29.358564704000116, -19.294267694999974], [29.36056564800009, -19.295621796999853], [29.365001525000082, -19.298676025999953], [29.369710394000037, -19.301270218999946], [29.369729393000114, -19.301270218999946], [29.36976639200003, -19.30128722099994], [29.371667339000055, -19.302262292999956], [29.37299930200004, -19.303528388999894], [29.373008302000073, -19.30353638899993], [29.372627313000066, -19.304137434999916], [29.37248931700003, -19.30457546899993], [29.372035330000188, -19.30475348199991], [29.371372349000126, -19.304945497999938], [29.37113535600014, -19.305271522999874], [29.37110835700014, -19.305289523999875], [29.371089358000063, -19.305306524999935], [29.371013360000177, -19.30590757099992], [29.371080359000132, -19.306828640999925], [29.370607373000098, -19.30721967099987], [29.370580374000042, -19.307228671999894], [29.370571374, -19.30723667199993], [29.370170386000098, -19.307423686999982], [29.370180385000083, -19.307432686999903], [29.370040390000156, -19.308085736999942], [29.37003839000016, -19.30811973999994], [29.37003839000016, -19.308153741999888], [29.36998739200004, -19.309296828999948], [29.36999739200013, -19.30930682999991], [29.36978339800004, -19.309855871999957], [29.36977539900016, -19.309880873999873], [29.36977539900016, -19.309914875999937], [29.369773399000167, -19.30993187799993], [29.369083419000106, -19.31036691099996], [29.367677459000106, -19.310862949999944], [29.366191502, -19.31168901399991], [29.365173531000096, -19.312309061999883], [29.364725545000113, -19.313234131999934], [29.36470654500016, -19.313251133999927], [29.364688546000025, -19.31326813499993], [29.364669546000016, -19.313285135999934], [29.363912568000103, -19.31402919299984], [29.36301459400005, -19.31458223599992], [29.36297659500019, -19.314599236999925], [29.362968596000144, -19.31460723799995], [29.361707632000105, -19.31489125999991], [29.36167163300007, -19.314901260999875], [29.361661633000097, -19.314908261999904], [29.3607406590001, -19.31527128999994], [29.36074465900009, -19.315290290999826], [29.359935683000117, -19.315912338999965], [29.35989768400009, -19.315929340999958], [29.35987068500009, -19.315946341999904], [29.359861685000055, -19.315954342999873], [29.359262702000137, -19.316139356999884], [29.359209704000193, -19.316139356999884], [29.35917270500005, -19.316139356999884], [29.358657719000064, -19.316083352999897], [29.35864871900003, -19.316093353999918], [29.358053737000034, -19.31648438399992], [29.356842772000107, -19.31748946099998], [29.356805773000133, -19.31746445999994], [29.355653806000134, -19.31789549299998], [29.355634806000182, -19.31791249399987], [29.355625807000024, -19.317930495999974], [29.355588808000107, -19.3179374959999], [29.355571808000093, -19.31794549699987], [29.354591836, -19.318241519999958], [29.354610836000177, -19.318258520999905], [29.354228847000115, -19.31824652099982], [29.354175848000068, -19.31823751999997], [29.354139849000035, -19.31822951999993], [29.35412085000013, -19.31822951999993], [29.353363871000113, -19.317897494999897], [29.35334387100005, -19.31788849399993], [29.352800887000058, -19.317859492999958], [29.35267489000006, -19.317850491999934], [29.352655891000154, -19.317850491999934], [29.35197691000019, -19.318042506999973], [29.350484953000148, -19.31884956899995], [29.35047595400016, -19.318859569999915], [29.34982697200013, -19.319188595999947], [29.349285988000133, -19.319108589999928], [29.349239989000125, -19.31909958899996], [29.349203990000092, -19.319091588999925], [29.349193990000174, -19.319082587999958], [29.34864300600003, -19.318872572999908], [29.34859900700002, -19.31883856999997], [29.34857200800019, -19.318820568999968], [29.348563008000156, -19.318803566999975], [29.34732504200008, -19.318200521999927], [29.347298043000023, -19.318183520999924], [29.34728104400017, -19.318166519999863], [29.346812057000136, -19.31795650399988], [29.34645906700007, -19.317945503999965], [29.34644906700015, -19.31793750299994], [29.345929082, -19.31857155199998], [29.34590208300017, -19.31859555299991], [29.345788087000187, -19.319326608999916], [29.345728088999977, -19.320081666999954], [29.345719090000046, -19.320098667999957], [29.345711090000123, -19.320115668999904], [29.34547509700019, -19.3202366779999], [29.345446097000092, -19.32023667899989], [29.345112107000034, -19.32013867099988], [29.34510310700017, -19.320129670999847], [29.34417213300003, -19.3199426569999], [29.3433461570001, -19.320178675999898], [29.343329157000085, -19.320178675999898], [29.342455183000084, -19.320636710999963], [29.34244618300005, -19.320646711999814], [29.341782202000104, -19.32079472399988], [29.340708232000054, -19.32007366999983], [29.34056323600015, -19.320039666999946], [29.340510237000103, -19.320022665999943], [29.340491238000027, -19.320022665999943], [29.339966253000057, -19.319898656999897], [29.33990325400009, -19.3198966569999], [29.339541265000037, -19.319997664999846], [29.339495266000085, -19.319997664999846], [29.339459267, -19.32000766599998], [29.339440268000146, -19.320014665999906], [29.338595292000036, -19.32053370599988], [29.33763732000017, -19.321439775999977], [29.337203332000115, -19.321590786999934], [29.33664234800011, -19.32138877299991], [29.335549379000156, -19.32106374899996], [29.334834399000158, -19.32100674499992], [29.33408642100011, -19.321699797999884], [29.333939426000086, -19.322214836999876], [29.334145420000084, -19.32249085799998], [29.33478640200019, -19.322614866999857], [29.334795402000054, -19.322631867999917], [29.335146392000127, -19.32291788999987], [29.335156392000044, -19.322927890999892], [29.33515439200005, -19.323184909999952], [29.33445441200007, -19.323575939999955], [29.33305245200006, -19.324081979999903], [29.33109350800015, -19.324696027999835], [29.331074509000075, -19.324713028999895], [29.329592552000122, -19.3254590869999], [29.328919571000142, -19.32605813299989], [29.328907572000105, -19.326521167999942], [29.328915572000085, -19.326548169999967], [29.328925571000127, -19.326582172999906], [29.329093567000143, -19.327168216999837], [29.329112567000152, -19.32720221999989], [29.329119566000088, -19.32723722199995], [29.32913856600004, -19.327263223999978], [29.329377560000125, -19.327927274999922], [29.329396558999974, -19.32795227699995], [29.329405559, -19.327969277999955], [29.32940355900007, -19.32799027899989]]]]}}, {"type": "Feature", "properties": {"GID_3": "ZWE.10.5.13_2", "GID_0": "ZWE", "COUNTRY": "Zimbabwe", "GID_1": "ZWE.10_1", "NAME_1": "Midlands", "NL_NAME_1": "NA", "GID_2": "ZWE.10.5_2", "NAME_2": "Gweru", "NL_NAME_2": "NA", "NAME_3": "Ward 3", "VARNAME_3": "NA", "NL_NAME_3": "NA", "TYPE_3": "Ward", "ENGTYPE_3": "Ward", "CC_3": "NA", "HASC_3": "NA", "id": "ZWE.10.5.13_2", "name": "Ward 3"}, "geometry": {"type": "MultiPolygon", "coordinates": [[[[29.373008302000073, -19.30353638899993], [29.37299930200004, -19.303528388999894], [29.371667339000055, -19.302262292999956], [29.36976639200003, -19.30128722099994], [29.369729393000114, -19.301270218999946], [29.369710394000037, -19.301270218999946], [29.365001525000082, -19.298676025999953], [29.36056564800009, -19.295621796999853], [29.358564704000116, -19.294267694999974], [29.358547705000035, -19.294215690999863], [29.35736073700008, -19.29265957399997], [29.357379736000098, -19.292625570999917], [29.357362737000074, -19.292625570999917], [29.357187741000132, -19.291662497999823], [29.357168742000056, -19.291627495999933], [29.3578517200001, -19.28949733299993], [29.357889719000127, -19.289378323999927], [29.35790871900008, -19.289344321999863], [29.357927718000155, -19.28932731999987], [29.35881269100014, -19.286840129999973], [29.358818691000067, -19.286824128999967], [29.360635635000108, -19.28198675999994], [29.360652635000122, -19.28198675999994], [29.360652635000122, -19.281969758999935], [29.360654635000117, -19.281935755999882], [29.361820598, -19.2778494449999], [29.361839598000188, -19.27783244299991], [29.361820598, -19.27783244299991], [29.362443578000068, -19.27393214599988], [29.362462577000144, -19.273863140999936], [29.36248057600011, -19.273812136999936], [29.36249957600006, -19.27376013299994], [29.362525574000074, -19.27252203899991], [29.362525574000074, -19.272471034999967], [29.36206258600015, -19.271419955999875], [29.36112261200003, -19.270227865999914], [29.359636653000052, -19.268342722999876], [29.356527738000125, -19.264917464999826], [29.354400797000096, -19.263217336999844], [29.354400797000096, -19.263200335999954], [29.353973808000035, -19.262269265999976], [29.353973808000035, -19.262183258999983], [29.353973808000035, -19.26214925599993], [29.35405780500014, -19.26046512799985], [29.354093804, -19.26046512799985], [29.354093804, -19.26044812699996], [29.35407480400005, -19.26044812699996], [29.355247769000187, -19.25840897099988], [29.35526476900003, -19.258425971999884], [29.356668728000102, -19.25711187099995], [29.356704727000135, -19.25707686899989], [29.356721726000046, -19.257059866999896], [29.35716071300004, -19.256495823999956], [29.356824722000056, -19.255324734999874], [29.356672726000056, -19.254959707999944], [29.356574728000112, -19.254721688999894], [29.35659272800018, -19.254686686999946], [29.356611727000086, -19.254669684999953], [29.35587874700019, -19.25313456899994], [29.355897746000096, -19.253100566999876], [29.354772778000097, -19.252335508999977], [29.354772778000097, -19.25235251099997], [29.353799805000108, -19.251537448999954], [29.353441815000167, -19.25144444199998], [29.352733835000038, -19.25125542899997], [29.352678836, -19.25125542899997], [29.352678836, -19.251238426999976], [29.350452899000118, -19.251068415999953], [29.350399901000173, -19.251068415999953], [29.35037990100011, -19.251085416999956], [29.348119965000024, -19.250658386999874], [29.34810296500001, -19.250658386999874], [29.34588102800012, -19.24997233599987], [29.34586202800017, -19.24997233599987], [29.343497095000146, -19.249045266999815], [29.343461096000112, -19.249010264999924], [29.34299710900018, -19.24915727599995], [29.340136189000077, -19.24818420399987], [29.340090191000172, -19.24818420399987], [29.338368239000147, -19.247090121999975], [29.338276241000187, -19.24693911099996], [29.337109273000067, -19.245004963999918], [29.337109273000067, -19.24496096099989], [29.334424343000137, -19.238454467999873], [29.334256348, -19.237979431999918], [29.33423534800005, -19.237922427999933], [29.33277238700009, -19.233777112999974], [29.331975407000016, -19.230829888999892], [29.331227425000122, -19.227192612999943], [29.32938147500016, -19.22436739899996], [29.329335475999983, -19.22436739999995], [29.327641523000068, -19.223274317999937], [29.327641523000068, -19.22323031399992], [29.32688654500015, -19.22300729799997], [29.324643608000088, -19.22234324899989], [29.324643608000088, -19.222300245999975], [29.32459960900013, -19.222300245999975], [29.31910276400015, -19.22074313099995], [29.318966767000177, -19.22069912799992], [29.318829771000026, -19.22069912799992], [29.31655783500014, -19.22007608199982], [29.31628584300006, -19.220032078999907], [29.316103848000182, -19.21998607599994], [29.316058849000058, -19.21998607599994], [29.313971908000156, -19.21893299699991], [29.313973907000047, -19.218844989999923], [29.311783968000157, -19.217065856999966], [29.31166597100008, -19.216968848999954], [29.308815050000135, -19.214698678999866], [29.30876905200006, -19.214698678999866], [29.308096069999976, -19.213439582999968], [29.307872076000137, -19.21278953399991], [29.30792007399998, -19.212745529999893], [29.30796607300016, -19.212703526999974], [29.309291035, -19.211890463999964], [29.309337033000077, -19.21184846099993], [29.30938103200009, -19.21184846099993], [29.310070012000097, -19.211205411999913], [29.310077011000033, -19.210038322999935], [29.310079011000028, -19.20995031599989], [29.309402029000125, -19.209125253999957], [29.309402029000125, -19.20908124999994], [29.307952069000066, -19.208161180999923], [29.307771075, -19.208117177999952], [29.307680077000157, -19.208116177999955], [29.306814102000146, -19.208196184999906], [29.305543137000086, -19.20784115899994], [29.299966293000125, -19.20502894899994], [29.298288340000113, -19.204151882999952], [29.29775035500012, -19.203066800999977], [29.299684297000056, -19.199839553999936], [29.300788265000108, -19.198378441999978], [29.300834263000183, -19.1982484319999], [29.30088026200019, -19.198204427999883], [29.300926260000097, -19.19811842199988], [29.300838263000173, -19.19777139499996], [29.30056527000005, -19.197769394999966], [29.29914631100013, -19.198709467999947], [29.297781350000093, -19.198872481999842], [29.297781350000093, -19.198830477999934], [29.295419417000176, -19.19824843599997], [29.29350647100017, -19.198406448999833], [29.29233350400017, -19.19849445699998], [29.291412531000105, -19.19856446299991], [29.287904630000185, -19.199013499999978], [29.28583272999998, -19.1984815429999], [29.285824093000087, -19.19849881999994], [29.285858643000097, -19.19854201199996], [29.285860688000184, -19.198564466999926], [29.283474755000043, -19.198444459999962], [29.283430757000133, -19.198442458999978], [29.295942396000157, -19.191094890999977], [29.29674937300007, -19.190621853999914], [29.311381950999987, -19.182258205999972], [29.31484385100009, -19.180278052999938], [29.325928532000034, -19.17388155699996], [29.326792507, -19.173382517999926], [29.331421374000115, -19.17071131199998], [29.331561370000145, -19.170929327999943], [29.333476316000144, -19.171663382999895], [29.33352131500004, -19.171663382999895], [29.336670227000184, -19.172874472999922], [29.336670227000184, -19.172916475999955], [29.34013813100006, -19.176121716999944], [29.340321126000163, -19.17629472999994], [29.342284071000165, -19.177635830999975], [29.342375069000013, -19.17767983499988], [29.34242106700009, -19.17767983399989], [29.342467066000097, -19.177723837999963], [29.342694060000042, -19.177852846999883], [29.343333042000154, -19.17798085699991], [29.346481954000126, -19.17958197599995], [29.346481954000126, -19.179668982999885], [29.346618950000106, -19.179798992999963], [29.348672894, -19.181790142999887], [29.34871889200008, -19.18183414599997], [29.34871889200008, -19.181920152999965], [29.34871889200008, -19.182008159999896], [29.348764891000087, -19.1820941659999], [29.350500846000102, -19.186557504999882], [29.350545844000123, -19.186557504999882], [29.350545844000123, -19.186601507999967], [29.353422766000108, -19.190499802999966], [29.353467765000175, -19.190541805999942], [29.35953959800014, -19.197298315999888], [29.359584597000037, -19.19734231999996], [29.363967476000028, -19.20141062599987], [29.369045336000056, -19.20699804799989], [29.37539016100004, -19.212321448999887], [29.375436159000117, -19.212365451999972], [29.375574156000084, -19.212495461999936], [29.380596017000187, -19.217040803999964], [29.382376968000187, -19.219031954999934], [29.382422967000025, -19.219031954999934], [29.382487965000053, -19.2191109609999], [29.382519964000096, -19.2191109609999], [29.382519964000096, -19.219142962999967], [29.382626961000028, -19.21915596399998], [29.382643960000053, -19.219171964999873], [29.383795927999984, -19.219887018999884], [29.383795927999984, -19.219902019999893], [29.383810928000173, -19.219902019999893], [29.384613906000027, -19.22076608499998], [29.384629905000168, -19.220827089999943], [29.385630878000143, -19.221481138999877], [29.386465854000107, -19.222061181999948], [29.387789818000044, -19.223320276999914], [29.387789818000044, -19.223305275999905], [29.389067782000097, -19.224173340999982], [29.389067782000097, -19.224188341999877], [29.39007675400012, -19.22466537799994], [29.391106725000157, -19.22515141399998], [29.39314566800016, -19.22613048699992], [29.394617627, -19.22657651999998], [29.394617627, -19.226591520999875], [29.39589759100005, -19.22724956999997], [29.39592859000004, -19.227264571999967], [29.39594359000006, -19.227264571999967], [29.39594359000006, -19.227293573999873], [29.39596058900014, -19.227308574999938], [29.39717355600004, -19.228432659999953], [29.398497519000045, -19.22948173799989], [29.398529518000146, -19.229511740999897], [29.39979848300004, -19.230349803999957], [29.400566462000086, -19.231545893999908], [29.401877426, -19.23250296599997], [29.403157390000047, -19.23317601599996], [29.403172390000066, -19.233192016999965], [29.40474934600013, -19.23433210299993], [29.404782345000115, -19.234363104999943], [29.405852315000175, -19.235484189999966], [29.40586931500019, -19.235499190999974], [29.407540269000037, -19.23688229499993], [29.408310248000078, -19.237851367999895], [29.409249220000163, -19.237287324999954], [29.409981200000118, -19.23703530499995], [29.41002919800019, -19.237020303999884], [29.410599182000112, -19.23687329199987], [29.41066418000014, -19.236844289999965], [29.41074217800002, -19.236829288999957], [29.410759177000102, -19.236829288999957], [29.41098317100017, -19.23659026999991], [29.410998170000084, -19.2365752689999], [29.410998170000084, -19.23656026799995], [29.411019169000156, -19.235988224999915], [29.411034169000118, -19.235929219999946], [29.41105116800003, -19.235929219999946], [29.411034169000118, -19.23591321899994], [29.41111816600005, -19.23525016799988], [29.41116616400012, -19.235236166999982], [29.411183164000136, -19.235206164999965], [29.41145415600016, -19.234983147999912], [29.411501155000053, -19.234967146999907], [29.411946141999977, -19.234834135999904], [29.411961142000166, -19.2348361359999], [29.4122991320001, -19.234204087999842], [29.412331131000144, -19.23417408599994], [29.412331131000144, -19.234161084999926], [29.412493125000026, -19.23352703599994], [29.412526125000113, -19.233514034999928], [29.412526125000113, -19.233529035999936], [29.412987111000064, -19.233291017999875], [29.41320810500008, -19.23324701399997], [29.413241104, -19.23324701399997], [29.41404208100016, -19.232891986999903], [29.414057081000124, -19.232891986999903], [29.415123050000147, -19.23229694099996], [29.41518604800018, -19.23228193899996], [29.416014024000162, -19.232000917999983], [29.41606202300011, -19.23198591599987], [29.416649006000114, -19.231810902999882], [29.416682005000098, -19.231810902999882], [29.41710699300006, -19.232008916999916], [29.417169992000026, -19.23205492099993], [29.417169992000026, -19.232069921999937], [29.417186991000108, -19.232069921999937], [29.417577981000136, -19.23287098299994], [29.41759298000005, -19.23288598399995], [29.418191964000016, -19.233403022999823], [29.41847795600006, -19.23343602499989], [29.418729949000067, -19.233466026999963], [29.41876294800005, -19.23348102799997], [29.418777947000137, -19.233497028999977], [29.419538926000087, -19.23372904599995], [29.419631923000054, -19.233760048999955], [29.419679922000057, -19.23379005099997], [29.419694921000143, -19.23379005099997], [29.420390902000065, -19.234157077999953], [29.420438901000068, -19.234202081999854], [29.420453900000155, -19.234202081999854], [29.421478872000023, -19.235068146999936], [29.42155887000007, -19.235128151999902], [29.42155887000007, -19.23514315299991], [29.421573869000156, -19.235158153999976], [29.422504843000127, -19.235784200999944], [29.422584841000173, -19.235829203999913], [29.422584841000173, -19.235843204999924], [29.42302682900015, -19.236285238999983], [29.423055828000145, -19.23631424099989], [29.423143826000114, -19.23642524899992], [29.423322821000113, -19.236930286999893], [29.42336882000012, -19.2369602899999], [29.423416818000135, -19.23700629299998], [29.42382680700007, -19.237340317999895], [29.423843807000026, -19.237340317999895], [29.423936804, -19.237371320999955], [29.424600785000166, -19.237767349999956], [29.425186769000163, -19.238118375999875], [29.425914749000185, -19.238183380999942], [29.426277738000067, -19.23839739699997], [29.426277738000067, -19.238427398999875], [29.42630573800011, -19.238923436999983], [29.42630573800011, -19.238984441999946], [29.426174742000114, -19.239616489999946], [29.426158743000087, -19.239646491999906], [29.42619874200011, -19.239944514999877], [29.42623374100009, -19.240188532999923], [29.42623374100009, -19.240234536999935], [29.426265740000133, -19.240279539999904], [29.426671729000077, -19.241201609999905], [29.426671729000077, -19.24121661099997], [29.426826725000126, -19.241714648999903], [29.42682672600006, -19.241803655999888], [29.42632874000003, -19.242660720999936], [29.426313741000115, -19.242660720999936], [29.42514777500014, -19.243705801999965], [29.424890782999967, -19.24451786399993], [29.42487378300018, -19.244533864999937], [29.424825784, -19.24454686599995], [29.424674790000154, -19.245856965999963], [29.424674790000154, -19.24587296699997], [29.42462779100009, -19.245931970999948], [29.42476078900006, -19.24734907899989], [29.42476078900006, -19.247364079999954], [29.424775788000147, -19.247364079999954], [29.424743789000104, -19.24740808399997], [29.424728790000188, -19.247439085999872], [29.424734790000116, -19.247641100999886], [29.424754789000133, -19.248268148999898], [29.424770789000036, -19.248268148999898], [29.424739790000046, -19.248505166999962], [29.42478578900017, -19.248556170999848], [29.425428772000032, -19.25002128199992], [29.425428772000032, -19.25003828299998], [29.425445771000057, -19.25003828299998], [29.426790735000168, -19.2522154479999], [29.426790735000168, -19.252232448999905], [29.426938733000156, -19.25467163499991], [29.42735072200003, -19.255499696999948], [29.42736872100005, -19.255518698999936], [29.427385721000178, -19.25553569999994], [29.427827708000052, -19.256003734999922], [29.42828569600016, -19.25648577199985], [29.428338694000104, -19.256521773999964], [29.428338694000104, -19.256539775999954], [29.429437664000034, -19.257490846999872], [29.42974465800006, -19.260846101999846], [29.429994654000154, -19.264459376999923], [29.42999265400016, -19.264733397999976], [29.429748662, -19.266092500999946], [29.429748662, -19.26610950299994], [29.429748662, -19.266143504999945], [29.429748662, -19.266160506999825], [29.42856369700013, -19.267356597999935], [29.428581696000094, -19.267373599999928], [29.428581696000094, -19.267390600999818], [29.428226707000135, -19.26822066399984], [29.428214707000052, -19.268247665999922], [29.428897689000053, -19.269197737999946], [29.428951687000108, -19.269231740999828], [29.428968687000065, -19.26926574299989], [29.42898768600014, -19.26926574299989], [29.42898768600014, -19.26928374499994], [29.429902661000085, -19.270492835999903], [29.42993966, -19.27052883899995], [29.429956660000187, -19.2705628409999], [29.429956660000187, -19.270614844999955], [29.430654641000103, -19.271924943999977], [29.430690639999966, -19.27195994699997], [29.430690639999966, -19.27197694799986], [29.43070764000015, -19.27199394899992], [29.43245459100018, -19.273640072999967], [29.432474591000073, -19.273640072999967], [29.432474591000073, -19.27365707499996], [29.432723584000144, -19.274191114999894], [29.432723584000144, -19.274208115999897], [29.431304625000053, -19.27535120399989], [29.43126862600019, -19.275402207999946], [29.431266626000024, -19.27541920999994], [29.43111963100006, -19.276020254999935], [29.431136631000015, -19.276037256999814], [29.431724615000178, -19.277779388999875], [29.431230630000073, -19.27853244599993], [29.43124962900015, -19.278584449999983], [29.431266629000106, -19.278618452999865], [29.431266629000106, -19.27865245499993], [29.43128362900012, -19.278670456999976], [29.430950639000116, -19.28014856899989], [29.430471653999973, -19.28134666099993], [29.429555681000124, -19.2830607919999], [29.428777705000073, -19.285911008999904], [29.428760706000162, -19.2860140169999], [29.428758706, -19.28603101799996], [29.427852734, -19.289172257999837], [29.427816735000135, -19.289224261999948], [29.427816735000135, -19.28924126299995], [29.42771973900011, -19.29042635299993], [29.42771973900011, -19.29047935699998], [29.42771973900011, -19.290513359999863], [29.427736739000125, -19.290530360999924], [29.428600715000186, -19.291463430999954], [29.428672713000083, -19.29151743499989], [29.428743711000095, -19.29158543999995], [29.428743711000095, -19.291602441999828], [29.430385665000074, -19.292609516999903], [29.430421664000107, -19.292644519999897], [29.430421664000107, -19.292661520999957], [29.431287640000164, -19.29329256799997], [29.431323639000027, -19.293302568999877], [29.431308640000168, -19.293353572999933], [29.430715657000178, -19.2937546039999], [29.430591660000175, -19.2938246089999], [29.430492663000052, -19.293872612999962], [29.429180701, -19.294791683999904], [29.42903370500011, -19.294862688999842], [29.428909709000152, -19.29490869299991], [29.42885971000004, -19.294956696999975], [29.42794473800018, -19.296649825999907], [29.42794473800018, -19.29667282799994], [29.42791973800007, -19.296720830999902], [29.427080765000028, -19.299589049999838], [29.42698076700009, -19.299660055999937], [29.426908769000136, -19.299708058999897], [29.426858771000127, -19.29977806499994], [29.426833772000066, -19.299826067999902], [29.42680977200007, -19.299849069999937], [29.424037852000026, -19.301428191999946], [29.423963854000135, -19.30147619599984], [29.42391385600007, -19.301522198999976], [29.42383985800018, -19.301569202999872], [29.423814859000117, -19.3015942049999], [29.422899885000106, -19.302018237999903], [29.42284988700004, -19.302018237999903], [29.422750889000042, -19.301972233999948], [29.422626893000086, -19.301924230999873], [29.422502896000026, -19.30187622699998], [29.422452898000188, -19.301878226999975], [29.421338928000182, -19.30079914599986], [29.421214932000055, -19.30065813599998], [29.421115935000103, -19.300562127999967], [29.421090935000166, -19.300516124999888], [29.41851500600012, -19.297933929999942], [29.418465008000055, -19.29783992299997], [29.416359066000098, -19.296220801999937], [29.41368014000011, -19.293432591999817], [29.413655141000106, -19.293432591999817], [29.41363014100017, -19.29338658799992], [29.413580143000104, -19.293363586999874], [29.41355614300005, -19.293338584999958], [29.413531144000046, -19.29331558299998], [29.412144183000123, -19.292518522999956], [29.41207018500006, -19.29249552199991], [29.41202218600006, -19.292447517999847], [29.411972187000117, -19.292424515999983], [29.411948188000167, -19.292402514999935], [29.411923189000163, -19.292377512999906], [29.409544254000025, -19.289983332999952], [29.40949525600007, -19.289937328999883], [29.40942025800007, -19.28989032599992], [29.409321261000173, -19.289796317999958], [29.409247263000054, -19.289726312999846], [29.40917226500011, -19.289678309999942], [29.40912326600005, -19.289655307999908], [29.40909826700016, -19.289632305999874], [29.40904826800005, -19.289632305999874], [29.408949271000097, -19.289632305999874], [29.40857928200012, -19.28972631399995], [29.408554282000182, -19.28975031599998], [29.408505284000057, -19.289773316999913], [29.40848028400012, -19.289796318999947], [29.408430286000055, -19.28984432299984], [29.408406287000105, -19.289867324999875], [29.407193322000012, -19.290950407999958], [29.407168323000178, -19.290975409999817], [29.40702132700011, -19.291021412999953], [29.406947329000047, -19.291068416999963], [29.40689733000005, -19.291091418999883], [29.40427240500003, -19.291755470999874], [29.404198407000138, -19.291755470999874], [29.404124410000122, -19.291755470999874], [29.402268462000052, -19.29156845799986], [29.402144466000095, -19.291570458999843], [29.40199547000003, -19.291545456999927], [29.401846474000138, -19.291499452999915], [29.401747477000185, -19.29145244999995], [29.40167547900012, -19.29140644599994], [29.39932154500019, -19.290492378999886], [29.399172549000127, -19.29039937199991], [29.39907555200017, -19.290328365999926], [29.39897655400017, -19.290258360999815], [29.39890155600017, -19.29021035799991], [29.39887755700005, -19.290187355999876], [29.396746617000133, -19.289155278999942], [29.39659762100007, -19.28911027599986], [29.396498624000117, -19.289062271999967], [29.396401626000113, -19.289039269999932], [29.396376627000052, -19.289016268999887], [29.39543465400004, -19.28887525899995], [29.39535965600004, -19.28887525899995], [29.395237659000145, -19.28890026099998], [29.39511366300019, -19.28890026099998], [29.394965667000065, -19.2889232629999], [29.39484167100011, -19.288947263999944], [29.394741674000045, -19.28897026599998], [29.3931587190001, -19.28932529399998], [29.39310972000004, -19.289350295999895], [29.39310972000004, -19.28937329799993], [29.393059721999975, -19.28937329799993], [29.39301072300009, -19.289396299999964], [29.39013580400018, -19.288600240999926], [29.390110805000177, -19.288600240999926], [29.390086805000124, -19.28857723999988], [29.39006180600012, -19.28857723999988], [29.389986808000117, -19.28857723999988], [29.38986281200016, -19.28855423799996], [29.387610875000064, -19.287711175999902], [29.387213885999984, -19.287618168999927], [29.38706489000009, -19.287547163999932], [29.386719900000173, -19.287454156999956], [29.386322911000093, -19.28738315199996], [29.386198915000136, -19.2873151469999], [29.386124917000075, -19.28726714299995], [29.386050919000127, -19.287219138999944], [29.38597592100018, -19.287174135999976], [29.385901923000063, -19.287149133999947], [29.385802926000167, -19.28710313099998], [29.38453996100003, -19.286470083999973], [29.384390965000136, -19.28644708199994], [29.38416997100012, -19.28644708199994], [29.383648986000082, -19.286683099999948], [29.383574989000124, -19.286754105999933], [29.383500991, -19.286824110999873], [29.383450992000064, -19.286895116999972], [29.38340099400017, -19.28694111999988], [29.383377994000057, -19.28701112599998], [29.383353995000107, -19.287036126999908], [29.383353995000107, -19.287082130999977], [29.383056004000082, -19.287813186999927], [29.38300700600007, -19.287929195999936], [29.382982006000134, -19.28802220299997], [29.38295700700013, -19.288118209999936], [29.38295700700013, -19.28814121199997], [29.382785013000102, -19.28884626599995], [29.382785013000102, -19.288917270999946], [29.382785013000102, -19.28901027799992], [29.382785013000102, -19.289058281999928], [29.382785013000102, -19.289104284999894], [29.382785013000102, -19.289129286999923], [29.38268601599998, -19.28948131399983], [29.38261201800009, -19.289504315999864], [29.382537020000086, -19.289504315999864], [29.382463022000024, -19.289529317999893], [29.382389024000133, -19.289529317999893], [29.382364025000072, -19.289529317999893], [29.382339026000068, -19.289552319999927], [29.382314027000064, -19.289552319999927], [29.382118032000108, -19.289764335999962], [29.382093033000046, -19.289834340999903], [29.382068034000042, -19.289928347999933], [29.382068034000042, -19.289998353999977], [29.381820041000026, -19.290447387999905], [29.38177104300007, -19.290492390999816], [29.381746043000135, -19.29054039499988], [29.381277057000034, -19.29056539699991], [29.381227058000093, -19.29061140099998], [29.381177060000027, -19.29065840399994], [29.381153059999974, -19.29070640799995], [29.38112806100014, -19.29072940999987], [29.381103062000136, -19.290777413999933], [29.381103062000136, -19.29117544399992], [29.381103062000136, -19.291223446999822], [29.381128062000073, -19.291293452999923], [29.381128062000073, -19.291316454999958], [29.381153061000077, -19.29131645399997], [29.38145005300015, -19.291593474999956], [29.38145005300015, -19.291616476999934], [29.381425053000044, -19.291663480999887], [29.381425053000044, -19.291686481999932], [29.381401054000094, -19.291757487999973], [29.381401054000094, -19.29180349099994], [29.38137605500009, -19.291850494999835], [29.381351056000028, -19.2918984989999], [29.381326057000024, -19.29194450199998], [29.381301057000087, -19.29199250599993], [29.381277058000137, -19.29203950899995], [29.381277058000137, -19.29206251099987], [29.38095406800005, -19.292556548999983], [29.38095406800005, -19.292579550999847], [29.38095406800005, -19.292604552999876], [29.380929068000114, -19.292627553999978], [29.380882070000155, -19.292674557999874], [29.380807072000152, -19.292745562999983], [29.380758073000095, -19.292793566999876], [29.38070807500003, -19.292863571999874], [29.380683075000093, -19.292863571999874], [29.380237088000058, -19.293050586999982], [29.380163090000167, -19.293098590999875], [29.38001409499998, -19.29319359799996], [29.37989209800014, -19.293264602999955], [29.37979310100019, -19.293309606999856], [29.379743103000123, -19.293334608999885], [29.379669105000062, -19.293710637999823], [29.379669105000062, -19.293733638999925], [29.379644106, -19.293758640999954], [29.379619106000064, -19.29380364499997], [29.37959410700006, -19.29385164799993], [29.379545109000105, -19.29392265399997], [29.37952010900017, -19.29394565599989], [29.379051123000067, -19.293876650999948], [29.378976125000065, -19.293876650999948], [29.378902127000174, -19.293899651999936], [29.37887712800017, -19.293899652999983], [29.378728132000106, -19.29427568099993], [29.378704133000156, -19.294345686999975], [29.378679134000095, -19.294463695999866], [29.378654133999987, -19.294557702999896], [29.378654133999987, -19.29465270999998], [29.37865413500009, -19.29472171499998], [29.37865413500009, -19.294769718999873], [29.378480140000192, -19.295192750999945], [29.378431141000135, -19.295263756999873], [29.378358143000128, -19.29531075999995], [29.378284146000112, -19.295356763999962], [29.37823414700017, -19.295427768999957], [29.377887157000032, -19.295804797999892], [29.377887157000032, -19.295852801999956], [29.375984214000084, -19.299263061999966], [29.375984214000084, -19.299286063999887], [29.375959215000023, -19.29930906599992], [29.375959215000023, -19.29933406799995], [29.375934215000086, -19.299357068999825], [29.375118240000177, -19.300579162999952], [29.375068241000065, -19.300650167999947], [29.375019243000054, -19.300698171999954], [29.374969244000113, -19.300768176999952], [29.374969244000113, -19.30079117899993], [29.37437626100018, -19.30102819799987], [29.37375627900019, -19.3019932709999], [29.3730463010001, -19.30348438499982], [29.373008302000073, -19.30353638899993]]]]}}, {"type": "Feature", "properties": {"GID_3": "ZWE.10.5.14_2", "GID_0": "ZWE", "COUNTRY": "Zimbabwe", "GID_1": "ZWE.10_1", "NAME_1": "Midlands", "NL_NAME_1": "NA", "GID_2": "ZWE.10.5_2", "NAME_2": "Gweru", "NL_NAME_2": "NA", "NAME_3": "Ward 4", "VARNAME_3": "NA", "NL_NAME_3": "NA", "TYPE_3": "Ward", "ENGTYPE_3": "Ward", "CC_3": "NA", "HASC_3": "NA", "id": "ZWE.10.5.14_2", "name": "Ward 4"}, "geometry": {"type": "MultiPolygon", "coordinates": [[[[29.415559958000074, -19.132952371999977], [29.415672955000048, -19.13322539299992], [29.41586495000007, -19.133517414999915], [29.415943948, -19.133628423999937], [29.415981947000034, -19.133700428999873], [29.416059945000143, -19.133847439999954], [29.41609794400017, -19.133958448999977], [29.41613594300003, -19.133994451999968], [29.41613594300003, -19.134030453999912], [29.41671592700004, -19.13516754099993], [29.416755926000064, -19.135277548999966], [29.41683192400012, -19.135388556999942], [29.416910922000113, -19.13560757399995], [29.416910922000113, -19.13571858199998], [29.41694892100014, -19.135754584999916], [29.41768290100009, -19.136597648999953], [29.417760898999973, -19.136670653999943], [29.41783789700014, -19.136744659999977], [29.41795389400005, -19.1368536679999], [29.41810788900011, -19.13696467699998], [29.41826288500016, -19.137074684999902], [29.41837888200007, -19.137147689999892], [29.41969084500016, -19.137364705999914], [29.419999836000045, -19.137364705999914], [29.420116833000066, -19.13732870299998], [29.420232829000042, -19.13732870299998], [29.421159803000023, -19.13717969099997], [29.421314799000072, -19.13721569299986], [29.42139079700013, -19.137252695999962], [29.422628763000034, -19.139340854999944], [29.42266676200012, -19.139376856999945], [29.422704761000148, -19.13948786599991], [29.42286075700008, -19.139779887999907], [29.42293775500002, -19.139964901999974], [29.422975754000106, -19.1400739099999], [29.422977754000044, -19.140183918999867], [29.42301575300013, -19.14025692399997], [29.42301575300013, -19.1402949269999], [29.42301575300013, -19.140366931999893], [29.423131751000085, -19.141798040999902], [29.423131751000085, -19.14190804999987], [29.423131751000085, -19.14205506099995], [29.423171750000108, -19.14223807499991], [29.423171750000108, -19.142460091999908], [29.423210749000077, -19.14267910899997], [29.423210749000077, -19.142790116999947], [29.423210749000077, -19.14286212299993], [29.423597739000115, -19.14389020099992], [29.423713736000025, -19.144037211999944], [29.423791734000076, -19.144146219999982], [29.424835705000078, -19.144806269999947], [29.424991702000057, -19.146686412999827], [29.424991702000057, -19.146705413999882], [29.425012703000107, -19.148319536999963], [29.425012703000107, -19.148447546999876], [29.425012703000107, -19.14850255099998], [29.42485970900009, -19.151218757999914], [29.42485970900009, -19.151312765999876], [29.42485970900009, -19.151365769999927], [29.42514970200017, -19.15189780999998], [29.42524769900001, -19.151972815999954], [29.425285698000096, -19.152008817999956], [29.425981678000085, -19.15206182199995], [29.42605767599997, -19.15206182199995], [29.426095675000056, -19.15206182199995], [29.426095675000056, -19.15208082299995], [29.426772656000026, -19.152206831999877], [29.42679365500004, -19.15222983399991], [29.42696965000016, -19.152450850999912], [29.427106649, -19.15582510799993], [29.427106649, -19.155856109999945], [29.427316645000133, -19.157515236999814], [29.427348644000062, -19.157605242999978], [29.42737964300005, -19.157725252999967], [29.42737964300005, -19.15778625699994], [29.427846631000136, -19.158784332999915], [29.42787963000012, -19.15884533799982], [29.428695608000112, -19.16011543399992], [29.4287266070001, -19.16011543399992], [29.4287266070001, -19.160146435999934], [29.428497614000094, -19.16116851399994], [29.428497614000094, -19.16125852099998], [29.428653610000026, -19.161650550999923], [29.428684609000186, -19.1617425579999], [29.428684609000186, -19.16180156199988], [29.42865161000003, -19.16180156199988], [29.429157596000152, -19.162137587999894], [29.429187595000087, -19.162167589999967], [29.43063555500015, -19.163743708999903], [29.431232539000177, -19.16471278199998], [29.431295538000143, -19.16483279099998], [29.431295538000143, -19.164862793999873], [29.432363508000037, -19.16616589199998], [29.432489505000035, -19.16625789899996], [29.432521504000135, -19.16628790099992], [29.432552503000124, -19.16628790099992], [29.433498477000057, -19.167018955999936], [29.433626473000174, -19.167018955999936], [29.433658472000047, -19.167018955999936], [29.435159430000056, -19.167088960999934], [29.43595140800005, -19.167275973999892], [29.437841355000046, -19.16894309999998], [29.439197318000026, -19.170158191999974], [29.44105926600008, -19.171406284999932], [29.44155325200012, -19.171648302999813], [29.442924214000016, -19.172323353999957], [29.442987212000105, -19.17238235799988], [29.443679193000037, -19.173080410999887], [29.44392518700016, -19.174137490999954], [29.443958186000145, -19.17422749799988], [29.443988185000023, -19.17434950699993], [29.443988185000023, -19.174377509999943], [29.444196181000052, -19.176578676999895], [29.444194181000057, -19.176670683999873], [29.44422718000004, -19.17679069299993], [29.444257180000193, -19.176821695999934], [29.444257180000193, -19.17685169799995], [29.444719168000063, -19.17890285399983], [29.445033160000094, -19.179266880999933], [29.445096158000126, -19.179327885999896], [29.44585513600009, -19.179573903999938], [29.44595113400004, -19.179573903999938], [29.44595113400004, -19.179603905999898], [29.445983133000084, -19.179603905999898], [29.446773111000084, -19.179970933999982], [29.446773111000084, -19.180000935999885], [29.447337095000023, -19.180818997999893], [29.447337095000023, -19.18085], [29.44812107400014, -19.18221010299993], [29.448154073000126, -19.182271107999895], [29.448152074000063, -19.18230110999997], [29.44940504000016, -19.18484030299993], [29.44940504000016, -19.18487130499983], [29.450406013000133, -19.186925460999873], [29.4504690120001, -19.187016467999968], [29.450467012000104, -19.187047469999925], [29.450500011000088, -19.187047469999925], [29.451098994000176, -19.187623513999824], [29.451193992000185, -19.18768451799997], [29.451224991000174, -19.18768451799997], [29.452175964000105, -19.18763151299993], [29.452271961000122, -19.18763151299993], [29.453286932000026, -19.187577508999937], [29.453348930000175, -19.18757950899993], [29.45423790500007, -19.18758550799987], [29.45426890400006, -19.18758550799987], [29.455025883000076, -19.188071544999957], [29.455088881000165, -19.188163551999935], [29.45512088100014, -19.188163551999935], [29.45512088100014, -19.188193553999895], [29.45619085100003, -19.189376642999946], [29.45619085100003, -19.189404645999844], [29.45706882700017, -19.190886757999976], [29.457100826999977, -19.190917759999877], [29.457341821000057, -19.19284390699994], [29.45789680700011, -19.195290092999983], [29.457896808000044, -19.19531809499989], [29.458206800000085, -19.196405176999974], [29.458269798000174, -19.196556188999864], [29.458300797000163, -19.19667619799992], [29.458451794000155, -19.19773327799993], [29.458451794000155, -19.197853286999873], [29.457968808000146, -19.199085381999964], [29.45784081200003, -19.199175388999947], [29.457808813000156, -19.19920339099997], [29.45646585200012, -19.20088251999988], [29.456465853000054, -19.200943523999968], [29.456465853000054, -19.200972525999873], [29.456173862000128, -19.201904597999885], [29.456141863000028, -19.20199460399988], [29.456141863000028, -19.202085610999973], [29.456141863000028, -19.202114613999868], [29.456354858000168, -19.203472716999954], [29.456354858000168, -19.20350371899997], [29.456663850000155, -19.204529796999964], [29.45669684900014, -19.20461880399995], [29.456726848000073, -19.204710810999927], [29.456726848000073, -19.204769814999906], [29.456690850000086, -19.205461867999873], [29.45668885000009, -19.205612879999933], [29.456335861000127, -19.207066990999976], [29.45633286100002, -19.20708799199997], [29.45547188600011, -19.207744042999877], [29.455439887000068, -19.207805046999965], [29.45518189500001, -19.20834408899998], [29.45518189500001, -19.208405092999953], [29.455149896000137, -19.208495099999936], [29.45514189700009, -19.20976019599982], [29.45510189900017, -19.211055294999937], [29.45513289800016, -19.211085296999954], [29.45502990200015, -19.2123803959999], [29.455060485000104, -19.212379031999944], [29.45505791700009, -19.212412419999964], [29.454006932000084, -19.213489480999897], [29.454006932000084, -19.21351748299992], [29.452160985000035, -19.214620568999976], [29.452160985000035, -19.21468157299995], [29.4521309860001, -19.21468157299995], [29.450853024000082, -19.215934669999967], [29.45015104400005, -19.21671272899988], [29.44827209800019, -19.217963825999846], [29.446615146000056, -19.21921892299997], [29.446041163000075, -19.219846970999868], [29.446041163000075, -19.219907975999945], [29.44562717500014, -19.220174995999912], [29.445531178000067, -19.22023600099982], [29.445341183000096, -19.22029500499997], [29.444675202000155, -19.22032000799993], [29.444579205000082, -19.22032000799993], [29.44454720600004, -19.220318007999936], [29.443818226000133, -19.22019399899989], [29.44258626100003, -19.21967295999997], [29.441255299000034, -19.219481946999963], [29.44049432100013, -19.220016987999884], [29.44010933200019, -19.220287008999946], [29.43867237300003, -19.221573107999973], [29.4383823820001, -19.222385169999825], [29.438350383000056, -19.222385169999825], [29.437572406000072, -19.223162228999968], [29.436397440000178, -19.223545258999877], [29.43484148400006, -19.223866284999872], [29.43391951000018, -19.224192309999978], [29.433824513000047, -19.224220312999876], [29.433759515000133, -19.224281316999964], [29.433471524000026, -19.224821358999975], [29.433338528000036, -19.225693424999974], [29.43288654200012, -19.227106532999926], [29.43288654200012, -19.22713753499994], [29.4329395420001, -19.228672651999943], [29.43302754000007, -19.229637724999918], [29.43302754000007, -19.229729731999896], [29.433057539000174, -19.22978873699998], [29.433057539000174, -19.22981873899988], [29.432605553000087, -19.230989828999896], [29.431707580000136, -19.232641954999906], [29.430400618000135, -19.23377704199993], [29.430400618000135, -19.233808044999932], [29.42973363700014, -19.23395305599996], [29.429036656000108, -19.233737039999937], [29.42897465800013, -19.233737039999937], [29.42799368600015, -19.23315699699998], [29.427169709000054, -19.233061989999953], [29.427139710000176, -19.233061989999953], [29.426406730999986, -19.233478021999872], [29.426195737000114, -19.23365903599995], [29.42567275200014, -19.23410507099993], [29.42528976400007, -19.234765120999896], [29.42382480599997, -19.235568182999884], [29.42302682900015, -19.236285238999983], [29.422584841000173, -19.235843204999924], [29.422584841000173, -19.235829203999913], [29.422504843000127, -19.235784200999944], [29.421573869000156, -19.235158153999976], [29.42155887000007, -19.23514315299991], [29.42155887000007, -19.235128151999902], [29.421478872000023, -19.235068146999936], [29.420453900000155, -19.234202081999854], [29.420438901000068, -19.234202081999854], [29.420390902000065, -19.234157077999953], [29.419694921000143, -19.23379005099997], [29.419679922000057, -19.23379005099997], [29.419631923000054, -19.233760048999955], [29.419538926000087, -19.23372904599995], [29.418777947000137, -19.233497028999977], [29.41876294800005, -19.23348102799997], [29.418729949000067, -19.233466026999963], [29.41847795600006, -19.23343602499989], [29.418191964000016, -19.233403022999823], [29.41759298000005, -19.23288598399995], [29.417577981000136, -19.23287098299994], [29.417186991000108, -19.232069921999937], [29.417169992000026, -19.232069921999937], [29.417169992000026, -19.23205492099993], [29.41710699300006, -19.232008916999916], [29.416682005000098, -19.231810902999882], [29.416649006000114, -19.231810902999882], [29.41606202300011, -19.23198591599987], [29.416014024000162, -19.232000917999983], [29.41518604800018, -19.23228193899996], [29.415123050000147, -19.23229694099996], [29.414057081000124, -19.232891986999903], [29.41404208100016, -19.232891986999903], [29.413241104, -19.23324701399997], [29.41320810500008, -19.23324701399997], [29.412987111000064, -19.233291017999875], [29.412526125000113, -19.233529035999936], [29.412526125000113, -19.233514034999928], [29.412493125000026, -19.23352703599994], [29.412331131000144, -19.234161084999926], [29.412331131000144, -19.23417408599994], [29.4122991320001, -19.234204087999842], [29.411961142000166, -19.2348361359999], [29.411946141999977, -19.234834135999904], [29.411501155000053, -19.234967146999907], [29.41145415600016, -19.234983147999912], [29.411183164000136, -19.235206164999965], [29.41116616400012, -19.235236166999982], [29.41111816600005, -19.23525016799988], [29.411034169000118, -19.23591321899994], [29.41105116800003, -19.235929219999946], [29.411034169000118, -19.235929219999946], [29.411019169000156, -19.235988224999915], [29.410998170000084, -19.23656026799995], [29.410998170000084, -19.2365752689999], [29.41098317100017, -19.23659026999991], [29.410759177000102, -19.236829288999957], [29.41074217800002, -19.236829288999957], [29.41066418000014, -19.236844289999965], [29.410599182000112, -19.23687329199987], [29.41002919800019, -19.237020303999884], [29.409981200000118, -19.23703530499995], [29.409249220000163, -19.237287324999954], [29.408310248000078, -19.237851367999895], [29.407540269000037, -19.23688229499993], [29.40586931500019, -19.235499190999974], [29.405852315000175, -19.235484189999966], [29.404782345000115, -19.234363104999943], [29.40474934600013, -19.23433210299993], [29.403172390000066, -19.233192016999965], [29.403157390000047, -19.23317601599996], [29.401877426, -19.23250296599997], [29.400566462000086, -19.231545893999908], [29.39979848300004, -19.230349803999957], [29.398529518000146, -19.229511740999897], [29.398497519000045, -19.22948173799989], [29.39717355600004, -19.228432659999953], [29.39596058900014, -19.227308574999938], [29.39594359000006, -19.227293573999873], [29.39594359000006, -19.227264571999967], [29.39592859000004, -19.227264571999967], [29.39589759100005, -19.22724956999997], [29.394617627, -19.226591520999875], [29.394617627, -19.22657651999998], [29.39314566800016, -19.22613048699992], [29.391106725000157, -19.22515141399998], [29.39007675400012, -19.22466537799994], [29.389067782000097, -19.224188341999877], [29.389067782000097, -19.224173340999982], [29.387789818000044, -19.223305275999905], [29.387789818000044, -19.223320276999914], [29.386465854000107, -19.222061181999948], [29.385630878000143, -19.221481138999877], [29.384629905000168, -19.220827089999943], [29.384613906000027, -19.22076608499998], [29.383810928000173, -19.219902019999893], [29.383795927999984, -19.219902019999893], [29.383795927999984, -19.219887018999884], [29.382643960000053, -19.219171964999873], [29.382626961000028, -19.21915596399998], [29.382519964000096, -19.219142962999967], [29.382519964000096, -19.2191109609999], [29.382487965000053, -19.2191109609999], [29.382422967000025, -19.219031954999934], [29.382376968000187, -19.219031954999934], [29.380596017000187, -19.217040803999964], [29.375574156000084, -19.212495461999936], [29.375436159000117, -19.212365451999972], [29.37539016100004, -19.212321448999887], [29.369045336000056, -19.20699804799989], [29.363967476000028, -19.20141062599987], [29.359584597000037, -19.19734231999996], [29.35953959800014, -19.197298315999888], [29.353467765000175, -19.190541805999942], [29.353422766000108, -19.190499802999966], [29.350545844000123, -19.186601507999967], [29.350545844000123, -19.186557504999882], [29.350500846000102, -19.186557504999882], [29.348764891000087, -19.1820941659999], [29.34871889200008, -19.182008159999896], [29.34871889200008, -19.181920152999965], [29.34871889200008, -19.18183414599997], [29.348672894, -19.181790142999887], [29.346618950000106, -19.179798992999963], [29.346481954000126, -19.179668982999885], [29.346481954000126, -19.17958197599995], [29.343333042000154, -19.17798085699991], [29.342694060000042, -19.177852846999883], [29.342467066000097, -19.177723837999963], [29.34242106700009, -19.17767983399989], [29.342375069000013, -19.17767983499988], [29.342284071000165, -19.177635830999975], [29.340321126000163, -19.17629472999994], [29.34013813100006, -19.176121716999944], [29.336670227000184, -19.172916475999955], [29.336670227000184, -19.172874472999922], [29.33352131500004, -19.171663382999895], [29.333476316000144, -19.171663382999895], [29.331561370000145, -19.170929327999943], [29.331421374000115, -19.17071131199998], [29.331547370000067, -19.170639305999885], [29.334538284000075, -19.168913171999975], [29.350890175000075, -19.159647846999974], [29.35085881400005, -19.15957144799995], [29.359798556000044, -19.154372045999878], [29.36143350900005, -19.153421971999876], [29.364311426000086, -19.151748841999904], [29.37607508900004, -19.147331496999982], [29.38306888900013, -19.14470529199997], [29.390784668000038, -19.141828066999835], [29.397717469000156, -19.13924386499997], [29.40316831300015, -19.137585734999902], [29.415559958000074, -19.132952371999977]]]]}}, {"type": "Feature", "properties": {"GID_3": "ZWE.10.5.15_2", "GID_0": "ZWE", "COUNTRY": "Zimbabwe", "GID_1": "ZWE.10_1", "NAME_1": "Midlands", "NL_NAME_1": "NA", "GID_2": "ZWE.10.5_2", "NAME_2": "Gweru", "NL_NAME_2": "NA", "NAME_3": "Ward 5", "VARNAME_3": "NA", "NL_NAME_3": "NA", "TYPE_3": "Ward", "ENGTYPE_3": "Ward", "CC_3": "NA", "HASC_3": "NA", "id": "ZWE.10.5.15_2", "name": "Ward 5"}, "geometry": {"type": "MultiPolygon", "coordinates": [[[[29.43090280400014, -19.403023583999982], [29.43021575900002, -19.403143910999916], [29.430105762000096, -19.40311690899989], [29.429996765000055, -19.40311690899989], [29.42991276700019, -19.40314191099992], [29.42991276700019, -19.403167912999947], [29.429059792000032, -19.40316291299996], [29.428949795000108, -19.40313591099988], [29.42889379600018, -19.40313591099988], [29.42889379600018, -19.40316091299991], [29.428867797000066, -19.40316091299991], [29.428153817000123, -19.40286889099997], [29.4257968820001, -19.401104758999963], [29.423431947999973, -19.3989485969999], [29.42151900000016, -19.396612421999976], [29.420119040000145, -19.395977373999926], [29.420037042000104, -19.39597537399993], [29.42000804300011, -19.39597537399993], [29.41915606700013, -19.39586636699994], [29.41912906800013, -19.39586636699994], [29.418301091000103, -19.396099384999957], [29.418301091000103, -19.3961503889999], [29.41735911900014, -19.397241471999962], [29.417330120000145, -19.397241471999962], [29.415478174000043, -19.398798591999935], [29.415450174, -19.398798591999935], [29.412354264000044, -19.40099776099987], [29.412354264000044, -19.401024762999896], [29.410948304000044, -19.40122477899996], [29.410483317, -19.400934756999902], [29.410483317, -19.400961758999927], [29.410456318000172, -19.400934756999902], [29.410099328000115, -19.40072274199997], [29.40920535100014, -19.398185549999937], [29.408389373000148, -19.396665434999818], [29.40600643900018, -19.394769292999968], [29.40597844000007, -19.394769292999968], [29.40477647299997, -19.39345719399995], [29.40477647299997, -19.393430191999983], [29.40409749100013, -19.39201508499997], [29.40409749100013, -19.391990083999872], [29.40409749100013, -19.39196408199996], [29.40417148600011, -19.38859282599998], [29.404200485000104, -19.388568823999947], [29.404227485000035, -19.388568823999947], [29.40408648600004, -19.384623524999824], [29.404086485000107, -19.384570520999944], [29.404087485, -19.384518516999947], [29.404087485, -19.384492514999977], [29.40305751300008, -19.381951322999953], [29.40305751300008, -19.381899318999842], [29.401663551000183, -19.380271195999967], [29.401663551000183, -19.38029719799988], [29.398638635000168, -19.378188039999884], [29.39575671600005, -19.376655925999955], [29.39572971600012, -19.37662892399993], [29.394823742000085, -19.376335901999937], [29.39479574300003, -19.376335901999937], [29.39330778500016, -19.3766659289999], [29.389885883000034, -19.37813204199989], [29.38884091300008, -19.37815304499992], [29.38881291400014, -19.37815304499992], [29.387743944000192, -19.377416989999972], [29.387743944000192, -19.377390987999945], [29.386326982000185, -19.375187820999884], [29.386326982000185, -19.37521382299991], [29.384876022000185, -19.374002732999884], [29.38476502500015, -19.373975730999973], [29.382791081000107, -19.37299565799998], [29.38276208100018, -19.37297065599995], [29.38056714300012, -19.372068588999923], [29.38056714300012, -19.3720415869999], [29.37950117200012, -19.37106951399994], [29.379478172000177, -19.370231449999892], [29.380575138000154, -19.36642616099988], [29.38134511300018, -19.362198838999973], [29.38137211200018, -19.362198838999973], [29.38126511400003, -19.36064272099992], [29.381221115000017, -19.35997667099997], [29.380165142000124, -19.35712545499996], [29.378829178000103, -19.355078299999946], [29.3766382390001, -19.353497181999956], [29.376667238000095, -19.353419175999875], [29.375902259000156, -19.352448102999915], [29.375802261000047, -19.35087998399996], [29.375802261000047, -19.350852981999935], [29.375453270000037, -19.349309864999952], [29.374055307000106, -19.34661166099994], [29.37314233000012, -19.343183400999976], [29.37317032900006, -19.343183400999976], [29.37317032900006, -19.34315639899995], [29.372686342000065, -19.341913304999935], [29.37231435199999, -19.34095723299987], [29.372302352000077, -19.34095723299987], [29.371065386000055, -19.339679136999905], [29.370773394000025, -19.339380113999937], [29.370773394000025, -19.339406115999964], [29.370306408000147, -19.339273105999894], [29.37025040900005, -19.3392711059999], [29.368015473000014, -19.340276183999947], [29.367080500000043, -19.34021717999991], [29.365680539000095, -19.339790148999953], [29.363378603000058, -19.338338039999883], [29.362337632000163, -19.337653988999932], [29.36109766800007, -19.337696992999952], [29.359281719000023, -19.33776399999988], [29.359254720000024, -19.33776399999988], [29.35842874300016, -19.33767999399987], [29.358402744000045, -19.33767999399987], [29.358402744000045, -19.337653991999957], [29.356374800000083, -19.33625688799998], [29.35417786200003, -19.335564836999936], [29.35343588300003, -19.33545382899996], [29.35206992100018, -19.33382670599991], [29.350971951000076, -19.333504681999898], [29.34906100600017, -19.333779704999927], [29.34906100600017, -19.333805706999954], [29.347548049000125, -19.333561688999907], [29.347495050000077, -19.333559688999912], [29.347466051000083, -19.333559688999912], [29.347466051000083, -19.33353568699988], [29.346095089000187, -19.33289863999994], [29.346039091000137, -19.332871637999915], [29.34601309200002, -19.332871637999915], [29.344311140000116, -19.33231259699994], [29.343350166000164, -19.33115650999997], [29.34332716600005, -19.33115650999997], [29.34212020000018, -19.330573465999862], [29.34212020000018, -19.330548463999833], [29.340388249000114, -19.33048346099997], [29.33783232200011, -19.330126434999897], [29.337777323000125, -19.330126435999887], [29.336566357000095, -19.329987425999946], [29.334702409000045, -19.328957348999893], [29.332560470000033, -19.328236295999943], [29.332560470000033, -19.328263297999854], [29.32994754400005, -19.32808928699984], [29.32940355900007, -19.32799027899989], [29.329405559, -19.327969277999955], [29.329396558999974, -19.32795227699995], [29.329377560000125, -19.327927274999922], [29.32913856600004, -19.327263223999978], [29.329119566000088, -19.32723722199995], [29.329112567000152, -19.32720221999989], [29.329093567000143, -19.327168216999837], [29.328925571000127, -19.326582172999906], [29.328915572000085, -19.326548169999967], [29.328907572000105, -19.326521167999942], [29.328919571000142, -19.32605813299989], [29.329592552000122, -19.3254590869999], [29.331074509000075, -19.324713028999895], [29.33109350800015, -19.324696027999835], [29.33305245200006, -19.324081979999903], [29.33445441200007, -19.323575939999955], [29.33515439200005, -19.323184909999952], [29.335156392000044, -19.322927890999892], [29.335146392000127, -19.32291788999987], [29.334795402000054, -19.322631867999917], [29.33478640200019, -19.322614866999857], [29.334145420000084, -19.32249085799998], [29.333939426000086, -19.322214836999876], [29.33408642100011, -19.321699797999884], [29.334834399000158, -19.32100674499992], [29.335549379000156, -19.32106374899996], [29.33664234800011, -19.32138877299991], [29.337203332000115, -19.321590786999934], [29.33763732000017, -19.321439775999977], [29.338595292000036, -19.32053370599988], [29.339440268000146, -19.320014665999906], [29.339459267, -19.32000766599998], [29.339495266000085, -19.319997664999846], [29.339541265000037, -19.319997664999846], [29.33990325400009, -19.3198966569999], [29.339966253000057, -19.319898656999897], [29.340491238000027, -19.320022665999943], [29.340510237000103, -19.320022665999943], [29.34056323600015, -19.320039666999946], [29.340708232000054, -19.32007366999983], [29.341782202000104, -19.32079472399988], [29.34244618300005, -19.320646711999814], [29.342455183000084, -19.320636710999963], [29.343329157000085, -19.320178675999898], [29.3433461570001, -19.320178675999898], [29.34417213300003, -19.3199426569999], [29.34510310700017, -19.320129670999847], [29.345112107000034, -19.32013867099988], [29.345446097000092, -19.32023667899989], [29.34547509700019, -19.3202366779999], [29.345711090000123, -19.320115668999904], [29.345719090000046, -19.320098667999957], [29.345728088999977, -19.320081666999954], [29.345788087000187, -19.319326608999916], [29.34590208300017, -19.31859555299991], [29.345929082, -19.31857155199998], [29.34644906700015, -19.31793750299994], [29.34645906700007, -19.317945503999965], [29.346812057000136, -19.31795650399988], [29.34728104400017, -19.318166519999863], [29.347298043000023, -19.318183520999924], [29.34732504200008, -19.318200521999927], [29.348563008000156, -19.318803566999975], [29.34857200800019, -19.318820568999968], [29.34859900700002, -19.31883856999997], [29.34864300600003, -19.318872572999908], [29.349193990000174, -19.319082587999958], [29.349203990000092, -19.319091588999925], [29.349239989000125, -19.31909958899996], [29.349285988000133, -19.319108589999928], [29.34982697200013, -19.319188595999947], [29.35047595400016, -19.318859569999915], [29.350484953000148, -19.31884956899995], [29.35197691000019, -19.318042506999973], [29.352655891000154, -19.317850491999934], [29.35267489000006, -19.317850491999934], [29.352800887000058, -19.317859492999958], [29.35334387100005, -19.31788849399993], [29.353363871000113, -19.317897494999897], [29.35412085000013, -19.31822951999993], [29.354139849000035, -19.31822951999993], [29.354175848000068, -19.31823751999997], [29.354228847000115, -19.31824652099982], [29.354610836000177, -19.318258520999905], [29.354591836, -19.318241519999958], [29.355571808000093, -19.31794549699987], [29.355588808000107, -19.3179374959999], [29.355625807000024, -19.317930495999974], [29.355634806000182, -19.31791249399987], [29.355653806000134, -19.31789549299998], [29.356805773000133, -19.31746445999994], [29.356842772000107, -19.31748946099998], [29.358053737000034, -19.31648438399992], [29.35864871900003, -19.316093353999918], [29.358657719000064, -19.316083352999897], [29.35917270500005, -19.316139356999884], [29.359209704000193, -19.316139356999884], [29.359262702000137, -19.316139356999884], [29.359861685000055, -19.315954342999873], [29.35987068500009, -19.315946341999904], [29.35989768400009, -19.315929340999958], [29.359935683000117, -19.315912338999965], [29.36074465900009, -19.315290290999826], [29.3607406590001, -19.31527128999994], [29.361661633000097, -19.314908261999904], [29.36167163300007, -19.314901260999875], [29.361707632000105, -19.31489125999991], [29.362968596000144, -19.31460723799995], [29.36297659500019, -19.314599236999925], [29.36301459400005, -19.31458223599992], [29.363912568000103, -19.31402919299984], [29.364669546000016, -19.313285135999934], [29.364688546000025, -19.31326813499993], [29.36470654500016, -19.313251133999927], [29.364725545000113, -19.313234131999934], [29.365173531000096, -19.312309061999883], [29.366191502, -19.31168901399991], [29.367677459000106, -19.310862949999944], [29.369083419000106, -19.31036691099996], [29.369773399000167, -19.30993187799993], [29.36977539900016, -19.309914875999937], [29.36977539900016, -19.309880873999873], [29.36978339800004, -19.309855871999957], [29.36999739200013, -19.30930682999991], [29.36998739200004, -19.309296828999948], [29.37003839000016, -19.308153741999888], [29.37003839000016, -19.30811973999994], [29.370040390000156, -19.308085736999942], [29.370180385000083, -19.307432686999903], [29.370170386000098, -19.307423686999982], [29.370571374, -19.30723667199993], [29.370580374000042, -19.307228671999894], [29.370607373000098, -19.30721967099987], [29.371080359000132, -19.306828640999925], [29.371013360000177, -19.30590757099992], [29.371089358000063, -19.305306524999935], [29.37110835700014, -19.305289523999875], [29.37113535600014, -19.305271522999874], [29.371372349000126, -19.304945497999938], [29.372035330000188, -19.30475348199991], [29.37248931700003, -19.30457546899993], [29.372627313000066, -19.304137434999916], [29.373008302000073, -19.30353638899993], [29.3732522950001, -19.30376840699995], [29.374944249000066, -19.30553553999988], [29.377946166000072, -19.309061805999875], [29.380002110000135, -19.31135697899998], [29.38002210900015, -19.31137597999998], [29.38064309200007, -19.312070031999895], [29.383939001000044, -19.315101259999892], [29.383939001000044, -19.315118260999952], [29.38694891700004, -19.31728742399997], [29.39003683200019, -19.32016163999998], [29.39003683200019, -19.320178641999973], [29.39263076000003, -19.32234580399995], [29.39264775999999, -19.32234580399995], [29.396267660000035, -19.32572005799983], [29.39726163200004, -19.32653711899991], [29.399601567000104, -19.328457262999905], [29.40304047300009, -19.33183351699995], [29.406216385000107, -19.33506876099983], [29.406216385000107, -19.335051759999942], [29.407336354000165, -19.336337855999943], [29.408867312000154, -19.33809798899989], [29.41028127300018, -19.33971911099991], [29.410263274000044, -19.33971911099991], [29.413863175000074, -19.343456391999894], [29.413863175000074, -19.343473393999943], [29.419445021000058, -19.34878779299993], [29.4194280210001, -19.34880479499992], [29.423635905000083, -19.352303056999915], [29.423635905000083, -19.35228605599991], [29.42490587000009, -19.353596153999888], [29.425313858000095, -19.354092191999882], [29.425313858000095, -19.35412819399994], [29.425313858000095, -19.354235202999917], [29.430419717000063, -19.358893552999973], [29.430419717000063, -19.358929554999918], [29.430496715, -19.35896455799997], [29.436887537000132, -19.36318887399983], [29.436887537000132, -19.363225876999934], [29.441964396, -19.366870149999954], [29.441964396, -19.366907152999886], [29.442155391000085, -19.366979157999822], [29.448129223000024, -19.36937333499992], [29.448167222000052, -19.36940933799997], [29.44831821800011, -19.369480342999907], [29.45270509400018, -19.370586423999953], [29.45277909200007, -19.370586423999953], [29.452970087000153, -19.370620425999903], [29.453197080000052, -19.370657428999948], [29.45372506500013, -19.370655428999953], [29.453952059000073, -19.370655427999964], [29.458147939000128, -19.37021839199997], [29.46389077400005, -19.367767201999925], [29.46532773300015, -19.36708414899988], [29.465439730000128, -19.36708414899988], [29.46559272500008, -19.367118151999932], [29.466574698000045, -19.367441174999954], [29.4666506960001, -19.367475177999893], [29.468617641000037, -19.36840624699994], [29.468617641000037, -19.36844224999993], [29.46879863600003, -19.368494253999927], [29.46711068800016, -19.373823658999925], [29.46568573100012, -19.37755094299996], [29.461485853000056, -19.38050316999994], [29.455114038000033, -19.385497553999926], [29.455102038000064, -19.385527555999943], [29.44817923900007, -19.390872966999893], [29.443536373000143, -19.39395120399996], [29.439861480000104, -19.396593406999898], [29.43935349400016, -19.3969844369999], [29.435077618000037, -19.400272688999962], [29.43510461799997, -19.400299690999873], [29.434871624000095, -19.40049370599985], [29.432088705000126, -19.40281588399995], [29.43090280400014, -19.403023583999982]]]]}}, {"type": "Feature", "properties": {"GID_3": "ZWE.10.5.16_2", "GID_0": "ZWE", "COUNTRY": "Zimbabwe", "GID_1": "ZWE.10_1", "NAME_1": "Midlands", "NL_NAME_1": "NA", "GID_2": "ZWE.10.5_2", "NAME_2": "Gweru", "NL_NAME_2": "NA", "NAME_3": "Ward 6", "VARNAME_3": "NA", "NL_NAME_3": "NA", "TYPE_3": "Ward", "ENGTYPE_3": "Ward", "CC_3": "NA", "HASC_3": "NA", "id": "ZWE.10.5.16_2", "name": "Ward 6"}, "geometry": {"type": "MultiPolygon", "coordinates": [[[[29.49791182100006, -19.383614379999926], [29.4977668250001, -19.383425365999813], [29.497779825000123, -19.383406364999928], [29.495563886000184, -19.381043186999875], [29.495563886000184, -19.381016184999964], [29.493484943000055, -19.378758014999903], [29.492803961000163, -19.377500919999875], [29.492776962000164, -19.377500919999875], [29.491493997000134, -19.375770789999933], [29.488980066000067, -19.372440538999967], [29.480067311000084, -19.36206975799996], [29.474085474000105, -19.354382178999913], [29.473156502000165, -19.356020303999912], [29.471482553000158, -19.360007607999933], [29.468811635000122, -19.36845225099995], [29.46879863600003, -19.368494253999927], [29.468617641000037, -19.36844224999993], [29.468617641000037, -19.36840624699994], [29.4666506960001, -19.367475177999893], [29.466574698000045, -19.367441174999954], [29.46559272500008, -19.367118151999932], [29.465439730000128, -19.36708414899988], [29.46532773300015, -19.36708414899988], [29.46389077400005, -19.367767201999925], [29.458147939000128, -19.37021839199997], [29.453952059000073, -19.370655427999964], [29.45372506500013, -19.370655428999953], [29.453197080000052, -19.370657428999948], [29.452970087000153, -19.370620425999903], [29.45277909200007, -19.370586423999953], [29.45270509400018, -19.370586423999953], [29.44831821800011, -19.369480342999907], [29.448167222000052, -19.36940933799997], [29.448129223000024, -19.36937333499992], [29.442155391000085, -19.366979157999822], [29.441964396, -19.366907152999886], [29.441964396, -19.366870149999954], [29.436887537000132, -19.363225876999934], [29.436887537000132, -19.36318887399983], [29.430496715, -19.35896455799997], [29.430419717000063, -19.358929554999918], [29.430419717000063, -19.358893552999973], [29.425313858000095, -19.354235202999917], [29.425313858000095, -19.35412819399994], [29.425313858000095, -19.354092191999882], [29.42490587000009, -19.353596153999888], [29.423635905000083, -19.35228605599991], [29.423635905000083, -19.352303056999915], [29.4194280210001, -19.34880479499992], [29.419445021000058, -19.34878779299993], [29.413863175000074, -19.343473393999943], [29.413863175000074, -19.343456391999894], [29.410263274000044, -19.33971911099991], [29.41028127300018, -19.33971911099991], [29.408867312000154, -19.33809798899989], [29.407336354000165, -19.336337855999943], [29.406216385000107, -19.335051759999942], [29.406216385000107, -19.33506876099983], [29.40304047300009, -19.33183351699995], [29.399601567000104, -19.328457262999905], [29.39726163200004, -19.32653711899991], [29.396267660000035, -19.32572005799983], [29.39264775999999, -19.32234580399995], [29.39263076000003, -19.32234580399995], [29.39003683200019, -19.320178641999973], [29.39003683200019, -19.32016163999998], [29.38694891700004, -19.31728742399997], [29.383939001000044, -19.315118260999952], [29.383939001000044, -19.315101259999892], [29.38064309200007, -19.312070031999895], [29.38002210900015, -19.31137597999998], [29.380002110000135, -19.31135697899998], [29.377946166000072, -19.309061805999875], [29.374944249000066, -19.30553553999988], [29.3732522950001, -19.30376840699995], [29.373008302000073, -19.30353638899993], [29.3730463010001, -19.30348438499982], [29.37375627900019, -19.3019932709999], [29.37437626100018, -19.30102819799987], [29.374969244000113, -19.30079117899993], [29.374969244000113, -19.300768176999952], [29.375019243000054, -19.300698171999954], [29.375068241000065, -19.300650167999947], [29.375118240000177, -19.300579162999952], [29.375934215000086, -19.299357068999825], [29.375959215000023, -19.29933406799995], [29.375959215000023, -19.29930906599992], [29.375984214000084, -19.299286063999887], [29.375984214000084, -19.299263061999966], [29.377887157000032, -19.295852801999956], [29.377887157000032, -19.295804797999892], [29.37823414700017, -19.295427768999957], [29.378284146000112, -19.295356763999962], [29.378358143000128, -19.29531075999995], [29.378431141000135, -19.295263756999873], [29.378480140000192, -19.295192750999945], [29.37865413500009, -19.294769718999873], [29.37865413500009, -19.29472171499998], [29.378654133999987, -19.29465270999998], [29.378654133999987, -19.294557702999896], [29.378679134000095, -19.294463695999866], [29.378704133000156, -19.294345686999975], [29.378728132000106, -19.29427568099993], [29.37887712800017, -19.293899652999983], [29.378902127000174, -19.293899651999936], [29.378976125000065, -19.293876650999948], [29.379051123000067, -19.293876650999948], [29.37952010900017, -19.29394565599989], [29.379545109000105, -19.29392265399997], [29.37959410700006, -19.29385164799993], [29.379619106000064, -19.29380364499997], [29.379644106, -19.293758640999954], [29.379669105000062, -19.293733638999925], [29.379669105000062, -19.293710637999823], [29.379743103000123, -19.293334608999885], [29.37979310100019, -19.293309606999856], [29.37989209800014, -19.293264602999955], [29.38001409499998, -19.29319359799996], [29.380163090000167, -19.293098590999875], [29.380237088000058, -19.293050586999982], [29.380683075000093, -19.292863571999874], [29.38070807500003, -19.292863571999874], [29.380758073000095, -19.292793566999876], [29.380807072000152, -19.292745562999983], [29.380882070000155, -19.292674557999874], [29.380929068000114, -19.292627553999978], [29.38095406800005, -19.292604552999876], [29.38095406800005, -19.292579550999847], [29.38095406800005, -19.292556548999983], [29.381277058000137, -19.29206251099987], [29.381277058000137, -19.29203950899995], [29.381301057000087, -19.29199250599993], [29.381326057000024, -19.29194450199998], [29.381351056000028, -19.2918984989999], [29.38137605500009, -19.291850494999835], [29.381401054000094, -19.29180349099994], [29.381401054000094, -19.291757487999973], [29.381425053000044, -19.291686481999932], [29.381425053000044, -19.291663480999887], [29.38145005300015, -19.291616476999934], [29.38145005300015, -19.291593474999956], [29.381153061000077, -19.29131645399997], [29.381128062000073, -19.291316454999958], [29.381128062000073, -19.291293452999923], [29.381103062000136, -19.291223446999822], [29.381103062000136, -19.29117544399992], [29.381103062000136, -19.290777413999933], [29.38112806100014, -19.29072940999987], [29.381153059999974, -19.29070640799995], [29.381177060000027, -19.29065840399994], [29.381227058000093, -19.29061140099998], [29.381277057000034, -19.29056539699991], [29.381746043000135, -19.29054039499988], [29.38177104300007, -19.290492390999816], [29.381820041000026, -19.290447387999905], [29.382068034000042, -19.289998353999977], [29.382068034000042, -19.289928347999933], [29.382093033000046, -19.289834340999903], [29.382118032000108, -19.289764335999962], [29.382314027000064, -19.289552319999927], [29.382339026000068, -19.289552319999927], [29.382364025000072, -19.289529317999893], [29.382389024000133, -19.289529317999893], [29.382463022000024, -19.289529317999893], [29.382537020000086, -19.289504315999864], [29.38261201800009, -19.289504315999864], [29.38268601599998, -19.28948131399983], [29.382785013000102, -19.289129286999923], [29.382785013000102, -19.289104284999894], [29.382785013000102, -19.289058281999928], [29.382785013000102, -19.28901027799992], [29.382785013000102, -19.288917270999946], [29.382785013000102, -19.28884626599995], [29.38295700700013, -19.28814121199997], [29.38295700700013, -19.288118209999936], [29.382982006000134, -19.28802220299997], [29.38300700600007, -19.287929195999936], [29.383056004000082, -19.287813186999927], [29.383353995000107, -19.287082130999977], [29.383353995000107, -19.287036126999908], [29.383377994000057, -19.28701112599998], [29.38340099400017, -19.28694111999988], [29.383450992000064, -19.286895116999972], [29.383500991, -19.286824110999873], [29.383574989000124, -19.286754105999933], [29.383648986000082, -19.286683099999948], [29.38416997100012, -19.28644708199994], [29.384390965000136, -19.28644708199994], [29.38453996100003, -19.286470083999973], [29.385802926000167, -19.28710313099998], [29.385901923000063, -19.287149133999947], [29.38597592100018, -19.287174135999976], [29.386050919000127, -19.287219138999944], [29.386124917000075, -19.28726714299995], [29.386198915000136, -19.2873151469999], [29.386322911000093, -19.28738315199996], [29.386719900000173, -19.287454156999956], [29.38706489000009, -19.287547163999932], [29.387213885999984, -19.287618168999927], [29.387610875000064, -19.287711175999902], [29.38986281200016, -19.28855423799996], [29.389986808000117, -19.28857723999988], [29.39006180600012, -19.28857723999988], [29.390086805000124, -19.28857723999988], [29.390110805000177, -19.288600240999926], [29.39013580400018, -19.288600240999926], [29.39301072300009, -19.289396299999964], [29.393059721999975, -19.28937329799993], [29.39310972000004, -19.28937329799993], [29.39310972000004, -19.289350295999895], [29.3931587190001, -19.28932529399998], [29.394741674000045, -19.28897026599998], [29.39484167100011, -19.288947263999944], [29.394965667000065, -19.2889232629999], [29.39511366300019, -19.28890026099998], [29.395237659000145, -19.28890026099998], [29.39535965600004, -19.28887525899995], [29.39543465400004, -19.28887525899995], [29.396376627000052, -19.289016268999887], [29.396401626000113, -19.289039269999932], [29.396498624000117, -19.289062271999967], [29.39659762100007, -19.28911027599986], [29.396746617000133, -19.289155278999942], [29.39887755700005, -19.290187355999876], [29.39890155600017, -19.29021035799991], [29.39897655400017, -19.290258360999815], [29.39907555200017, -19.290328365999926], [29.399172549000127, -19.29039937199991], [29.39932154500019, -19.290492378999886], [29.40167547900012, -19.29140644599994], [29.401747477000185, -19.29145244999995], [29.401846474000138, -19.291499452999915], [29.40199547000003, -19.291545456999927], [29.402144466000095, -19.291570458999843], [29.402268462000052, -19.29156845799986], [29.404124410000122, -19.291755470999874], [29.404198407000138, -19.291755470999874], [29.40427240500003, -19.291755470999874], [29.40689733000005, -19.291091418999883], [29.406947329000047, -19.291068416999963], [29.40702132700011, -19.291021412999953], [29.407168323000178, -19.290975409999817], [29.407193322000012, -19.290950407999958], [29.408406287000105, -19.289867324999875], [29.408430286000055, -19.28984432299984], [29.40848028400012, -19.289796318999947], [29.408505284000057, -19.289773316999913], [29.408554282000182, -19.28975031599998], [29.40857928200012, -19.28972631399995], [29.408949271000097, -19.289632305999874], [29.40904826800005, -19.289632305999874], [29.40909826700016, -19.289632305999874], [29.40912326600005, -19.289655307999908], [29.40917226500011, -19.289678309999942], [29.409247263000054, -19.289726312999846], [29.409321261000173, -19.289796317999958], [29.40942025800007, -19.28989032599992], [29.40949525600007, -19.289937328999883], [29.409544254000025, -19.289983332999952], [29.411923189000163, -19.292377512999906], [29.411948188000167, -19.292402514999935], [29.411972187000117, -19.292424515999983], [29.41202218600006, -19.292447517999847], [29.41207018500006, -19.29249552199991], [29.412144183000123, -19.292518522999956], [29.413531144000046, -19.29331558299998], [29.41355614300005, -19.293338584999958], [29.413580143000104, -19.293363586999874], [29.41363014100017, -19.29338658799992], [29.413655141000106, -19.293432591999817], [29.41368014000011, -19.293432591999817], [29.416359066000098, -19.296220801999937], [29.418465008000055, -19.29783992299997], [29.41851500600012, -19.297933929999942], [29.421090935000166, -19.300516124999888], [29.421115935000103, -19.300562127999967], [29.421214932000055, -19.30065813599998], [29.421338928000182, -19.30079914599986], [29.422452898000188, -19.301878226999975], [29.422502896000026, -19.30187622699998], [29.422626893000086, -19.301924230999873], [29.422750889000042, -19.301972233999948], [29.42284988700004, -19.302018237999903], [29.422899885000106, -19.302018237999903], [29.423814859000117, -19.3015942049999], [29.42383985800018, -19.301569202999872], [29.42391385600007, -19.301522198999976], [29.423963854000135, -19.30147619599984], [29.424037852000026, -19.301428191999946], [29.42680977200007, -19.299849069999937], [29.426833772000066, -19.299826067999902], [29.426858771000127, -19.29977806499994], [29.426908769000136, -19.299708058999897], [29.42698076700009, -19.299660055999937], [29.427080765000028, -19.299589049999838], [29.42791973800007, -19.296720830999902], [29.42794473800018, -19.29667282799994], [29.42794473800018, -19.296649825999907], [29.42885971000004, -19.294956696999975], [29.428909709000152, -19.29490869299991], [29.42903370500011, -19.294862688999842], [29.429180701, -19.294791683999904], [29.430492663000052, -19.293872612999962], [29.430591660000175, -19.2938246089999], [29.430715657000178, -19.2937546039999], [29.431308640000168, -19.293353572999933], [29.431323639000027, -19.293302568999877], [29.431396637000034, -19.29332357099986], [29.431396637000034, -19.29334057199992], [29.43229861200018, -19.29389561399995], [29.43240760900005, -19.293895612999847], [29.434305555000037, -19.29426964099997], [29.434270556000058, -19.29423563799992], [29.434455551000042, -19.294244637999952], [29.43597250800019, -19.294330643999956], [29.43803945000019, -19.294927687999973], [29.440189390000057, -19.29590375999993], [29.443834288000176, -19.298091923999948], [29.443851287000086, -19.29810892499995], [29.447769178000158, -19.300127075999853], [29.447788177000064, -19.300127075999853], [29.44780517700019, -19.30014607699991], [29.451763066000012, -19.30173319499994], [29.453979004000075, -19.303238307999948], [29.45662093100009, -19.305031441999915], [29.459544849000054, -19.306647562999956], [29.46057982000019, -19.307247607999955], [29.464039724000088, -19.309254757999952], [29.466439657000137, -19.310900880999895], [29.46828160500013, -19.31166793799997], [29.470099554, -19.311798946999943], [29.470099554, -19.311781945999883], [29.47187150400009, -19.31227398199991], [29.472950474000186, -19.313400066999918], [29.473004472000014, -19.31341706799998], [29.47410844100017, -19.313800095999966], [29.475012416000084, -19.31384009899989], [29.475067414000023, -19.313842098999885], [29.476204382000105, -19.31446814599991], [29.476204382000105, -19.31448514699997], [29.47624038200007, -19.314554151999914], [29.476595373000066, -19.31591425499994], [29.47659337300007, -19.31596525899988], [29.476612372000147, -19.316051265999818], [29.477330353000127, -19.317329361999953], [29.478068332000134, -19.317994411999905], [29.478501320000078, -19.318384440999864], [29.47851832000009, -19.318401442999914], [29.478537319000168, -19.318401442999914], [29.478537319000168, -19.318418443999917], [29.478554319000125, -19.31848744899986], [29.480120276000093, -19.32018257699997], [29.480120276000093, -19.32019957799986], [29.481448239000144, -19.32120665399998], [29.481922226000165, -19.321567680999976], [29.48190522599998, -19.321567680999976], [29.48321919000017, -19.323055792999924], [29.48488514400003, -19.324403893999886], [29.486330103000114, -19.325031940999907], [29.48634710300007, -19.32506594299997], [29.486544098000138, -19.32547997499995], [29.486544098000138, -19.325496975999954], [29.486508099000105, -19.325530978999893], [29.48649109900009, -19.325582982999947], [29.485758121, -19.32681707699993], [29.48570512300006, -19.32685107999987], [29.48566712400003, -19.32688608199993], [29.485630125000114, -19.326937085999873], [29.48466115400015, -19.32877022599996], [29.48464215400014, -19.328787226999964], [29.484623155000065, -19.3288222299999], [29.48449215900007, -19.32980230499993], [29.48449215900007, -19.329819305999877], [29.484474160000104, -19.329819305999877], [29.48489014800009, -19.330286340999976], [29.48662609900009, -19.330450351999957], [29.48662609900009, -19.330468353999947], [29.48892103500009, -19.33122140899991], [29.48894003400011, -19.33122140899991], [29.488957034000123, -19.331255411999962], [29.48902903200002, -19.331307415999902], [29.49069198500007, -19.33178245099998], [29.493026919000158, -19.33210447299996], [29.493081917000097, -19.332138475999955], [29.494436880000023, -19.33285252899998], [29.494453879000105, -19.33285252899998], [29.495931838000104, -19.334305637999933], [29.495931838000104, -19.334322639999982], [29.495885840000028, -19.334340640999983], [29.495170861000076, -19.335814753999898], [29.495170861000076, -19.33584875599996], [29.495113862999972, -19.33650180599983], [29.495094864000123, -19.33650180599983], [29.49409689500004, -19.339933066999947], [29.49264194000017, -19.344396406999977], [29.492255951000118, -19.345458487999906], [29.4922369520001, -19.345458487999906], [29.492200953, -19.345493490999957], [29.49214595500007, -19.3455444949999], [29.492091956000138, -19.345596498999953], [29.491599970000152, -19.3459545259999], [29.49152797300013, -19.34597252799989], [29.491037987000084, -19.34622554699996], [29.49100098800011, -19.34622554699996], [29.490928990000043, -19.346260549999897], [29.49087399100017, -19.346294552999893], [29.490672997000104, -19.346740586999942], [29.490672997000104, -19.34677558899989], [29.490653998000028, -19.346792590999883], [29.49063499900012, -19.346826592999946], [29.490617999000165, -19.346878596999886], [29.490599, -19.346929600999943], [29.490359007000052, -19.347770664999814], [29.49034100800003, -19.347770664999814], [29.490305009000167, -19.347787665999874], [29.490269010000134, -19.34780366799987], [29.488680056000135, -19.349874825999905], [29.488440064000145, -19.350454869999965], [29.488331067000104, -19.350713889999952], [29.488331067000104, -19.350730890999955], [29.48854706100002, -19.351076916999887], [29.48854706100002, -19.35111091999994], [29.490817997000192, -19.351707963999957], [29.491063989999986, -19.351707962999967], [29.494561892000036, -19.352604028999963], [29.49468488800011, -19.352604028999963], [29.495542864000072, -19.35284304599992], [29.499099764000164, -19.354264151999928], [29.499345757000185, -19.354323155999907], [29.500816716000145, -19.35514921799995], [29.500877714000012, -19.35520622199988], [29.500999711000077, -19.355383234999977], [29.502099681000175, -19.356438314999934], [29.502158679000047, -19.35655632399994], [29.502219678000017, -19.356732336999926], [29.502219678000017, -19.356905349999977], [29.502279676000057, -19.357081362999963], [29.502340675000028, -19.357256376999942], [29.502401673000065, -19.357375385999944], [29.502454672000113, -19.358658482999886], [29.502454673000045, -19.358832495999877], [29.502391675000126, -19.35906751399989], [29.502391675000126, -19.359240526999884], [29.502328677000094, -19.359416540999973], [29.5023266770001, -19.35953254899988], [29.50226567800013, -19.35958955399991], [29.50072072400019, -19.361039664999907], [29.500659725000048, -19.361039664999907], [29.500659725000048, -19.361098669999876], [29.500598727000124, -19.361098669999876], [29.500413732000027, -19.361155673999974], [29.500167739000176, -19.361210677999907], [29.497579814000176, -19.362422771999945], [29.497455817000116, -19.362538780999955], [29.49739481900008, -19.362595785999872], [29.49727082300012, -19.36271179399995], [29.497146826000062, -19.362828802999957], [29.49690083300004, -19.36294281199997], [29.496715839000046, -19.363116825999896], [29.49486189300012, -19.364914962999933], [29.49473789600006, -19.365031971999827], [29.494613900000104, -19.365204985999924], [29.494489904000147, -19.365378998999915], [29.49430490900005, -19.36555401199996], [29.494180913000093, -19.365728025999942], [29.493675929, -19.368408228999954], [29.493736928000033, -19.368526237999845], [29.493795926000075, -19.368702251999935], [29.493795926000075, -19.368818259999955], [29.493856925000102, -19.36893426899985], [29.493856925000102, -19.369051277999915], [29.493915922999975, -19.36922629099996], [29.493976922000172, -19.369402304999937], [29.495252887000106, -19.37186048999996], [29.49531588600007, -19.371917494999934], [29.49537488400017, -19.372036503999936], [29.495496881000065, -19.372268520999967], [29.495618877000027, -19.372444533999953], [29.496713848000127, -19.374551693999933], [29.496774846, -19.374610697999856], [29.49683584500019, -19.374786710999956], [29.49683584500019, -19.37484371599993], [29.496894843000064, -19.37501972899986], [29.49695584200009, -19.375194741999962], [29.49701684000013, -19.37537075499995], [29.497621824000134, -19.37723989699998], [29.49768082300011, -19.37741490999997], [29.49768082300011, -19.377590922999957], [29.49773982100004, -19.37776593699988], [29.497739822000085, -19.377998953999963], [29.49773782200009, -19.378173967999885], [29.49773782200009, -19.37834998099987], [29.49760282800014, -19.380683157999954], [29.497600828000145, -19.380799166999964], [29.497600828000145, -19.380858170999943], [29.497600828000145, -19.381032184999924], [29.49759882800015, -19.38109118899996], [29.49759894300007, -19.38121245399992], [29.49759882800015, -19.38132320699998], [29.49801681800011, -19.38354437499987], [29.49791182100006, -19.383614379999926]]]]}}, {"type": "Feature", "properties": {"GID_3": "ZWE.10.5.17_2", "GID_0": "ZWE", "COUNTRY": "Zimbabwe", "GID_1": "ZWE.10_1", "NAME_1": "Midlands", "NL_NAME_1": "NA", "GID_2": "ZWE.10.5_2", "NAME_2": "Gweru", "NL_NAME_2": "NA", "NAME_3": "Ward 7", "VARNAME_3": "NA", "NL_NAME_3": "NA", "TYPE_3": "Ward", "ENGTYPE_3": "Ward", "CC_3": "NA", "HASC_3": "NA", "id": "ZWE.10.5.17_2", "name": "Ward 7"}, "geometry": {"type": "MultiPolygon", "coordinates": [[[[29.456335861000127, -19.207066990999976], [29.457022842000185, -19.208056064999937], [29.458000815000048, -19.208907128999954], [29.459545773000116, -19.210244229999887], [29.459576772000105, -19.21030323499997], [29.461249725000073, -19.21155132799987], [29.461266725000087, -19.21155132799987], [29.46339666500006, -19.212890428999913], [29.46339666500006, -19.212920430999816], [29.463459664000084, -19.213012437999964], [29.463993649000088, -19.213647485999843], [29.463993649000088, -19.213738492999823], [29.463961650000044, -19.213798497999903], [29.46395965000005, -19.21400951399994], [29.46460963400017, -19.21666471499998], [29.46460963400017, -19.216695717999983], [29.464608634000115, -19.216754721999962], [29.464577635000126, -19.216754721999962], [29.464947626000082, -19.21832484199996], [29.464917627000148, -19.218293838999955], [29.464884627000117, -19.218293838999955], [29.465472613000088, -19.22061401499991], [29.46624459100019, -19.220831030999932], [29.46624459100019, -19.220861033999938], [29.467385559000093, -19.220928037999954], [29.467448557000125, -19.220928037999954], [29.469349503000046, -19.221092048999935], [29.47152944200019, -19.222372144999895], [29.47393337500006, -19.223593235999942], [29.473963374000164, -19.223595235999937], [29.476116314000137, -19.224211281999942], [29.476590300000055, -19.22457530899993], [29.476590300000055, -19.224636313999838], [29.477053289000082, -19.226477452999916], [29.477103289000127, -19.2286156159999], [29.477135288000056, -19.2286156159999], [29.477824270000042, -19.230036723999888], [29.477824270000042, -19.230066725999905], [29.47785426900009, -19.230156732999887], [29.4794032260001, -19.230921789999968], [29.47943522500003, -19.230921789999968], [29.47943522500003, -19.230951791999928], [29.48124017400005, -19.231415825999875], [29.481272173000093, -19.231415825999875], [29.48242614100019, -19.23181085599998], [29.482971125000176, -19.231997868999883], [29.48300812400015, -19.23198986899996], [29.484402085000113, -19.23279292899997], [29.486014040000157, -19.233737], [29.487215007000145, -19.234317042999862], [29.487215007000145, -19.234347044999936], [29.487183008000045, -19.23440704999996], [29.487525999000127, -19.235343120999914], [29.487525999000127, -19.23537412299993], [29.487494, -19.23537412299993], [29.486882018000188, -19.236936241999956], [29.486849019000033, -19.236936241999956], [29.485117071000104, -19.240357503999974], [29.485052073000077, -19.240357503999974], [29.4840931010001, -19.241828616999896], [29.484061102000055, -19.241798613999833], [29.484185099000058, -19.24239665999994], [29.484848081000052, -19.242854693999902], [29.484911079000085, -19.242854693999902], [29.485831053000027, -19.242709681999884], [29.486624029999973, -19.242684679999968], [29.48807699000014, -19.243478738999954], [29.488864968000144, -19.244416809999905], [29.488895967000133, -19.244508816999883], [29.48942995300007, -19.245294876999935], [29.489139962000138, -19.24619694499995], [29.489106962999983, -19.246286951999934], [29.488593978000097, -19.247217022999962], [29.488529980000123, -19.247307029999945], [29.488498981000134, -19.247368034999965], [29.48817899000005, -19.247877073999973], [29.488145991000067, -19.24790807599993], [29.48814199200018, -19.24860012899984], [29.4879989960001, -19.248928153999884], [29.488403986000037, -19.25094630699988], [29.488403986000037, -19.25096330899987], [29.48942195900014, -19.253641511999945], [29.49020193900003, -19.255573657999946], [29.490289936000067, -19.25579367499995], [29.49109491500019, -19.257124774999966], [29.491111914000044, -19.257124774999966], [29.491111914000044, -19.25714177699996], [29.491178912000123, -19.257240783999976], [29.49216088500009, -19.25763981399996], [29.49216088500009, -19.257671815999913], [29.49221288300015, -19.257738820999975], [29.493158857000083, -19.258333865999816], [29.493209856000078, -19.258351866999874], [29.494035832000066, -19.25870089299997], [29.494052832000023, -19.258715893999977], [29.494087831000172, -19.258764897999924], [29.494497820000106, -19.259504953999965], [29.494935809000026, -19.261312090999922], [29.494983808000143, -19.262000142999852], [29.49494780900011, -19.262033145999908], [29.49447482400012, -19.26332224399988], [29.494432826000036, -19.264650344999836], [29.49484281500014, -19.26555441399995], [29.495799789000102, -19.266969520999965], [29.49696975600017, -19.267877588999966], [29.49782773300018, -19.26860464399988], [29.49804672700003, -19.26945670799995], [29.49804672700003, -19.269506711999952], [29.49804672700003, -19.269538714999896], [29.49821672300004, -19.270065754999905], [29.497987730000034, -19.270833812999967], [29.49797073000019, -19.270848813999976], [29.497936731000152, -19.270881816999918], [29.497720738000112, -19.271678877999875], [29.49763674100018, -19.2719959019999], [29.497617741000056, -19.27202790399997], [29.497302751000063, -19.27299297799982], [29.497302751000063, -19.273008978999883], [29.497302751000063, -19.273025979999886], [29.497302751000063, -19.273040981999884], [29.497228754000105, -19.273894045999953], [29.497228754000105, -19.27392604899984], [29.49813672900018, -19.27499812999997], [29.49813672900018, -19.27501313099998], [29.5005916610001, -19.27733630599994], [29.50082365500009, -19.27767833199988], [29.50188962500016, -19.277998354999966], [29.502794600000186, -19.279106438999918], [29.502794600000186, -19.279125439999973], [29.5034175830001, -19.280218522999917], [29.5034175830001, -19.280237523999972], [29.503160590999983, -19.28134660899991], [29.503120593000062, -19.28136761099995], [29.503059594000092, -19.28138661199995], [29.502473612000074, -19.28213966999988], [29.502452612000127, -19.282141669999874], [29.502454612000122, -19.28216067099993], [29.502359616000092, -19.28349377299992], [29.502340616000083, -19.28349377299992], [29.502357616999973, -19.285399917999882], [29.502361618000066, -19.286561005999943], [29.502361618000066, -19.28658000699994], [29.502382618000183, -19.286617009999873], [29.502717609000115, -19.287317062999875], [29.502717609000115, -19.287336064999977], [29.502717609000115, -19.28735506599992], [29.50389857600004, -19.28824513299986], [29.50391957500011, -19.28824513299986], [29.503938575000063, -19.288265133999914], [29.505582529000037, -19.28906919399992], [29.50595051800019, -19.289253207999934], [29.50775346900008, -19.29150737799995], [29.50786946600016, -19.29172839499995], [29.509321426000042, -19.292827476999946], [29.509380424000085, -19.292882480999936], [29.50943742200019, -19.2929934899999], [29.50961241800013, -19.29310249799994], [29.509843411000134, -19.293268509999905], [29.510076405000063, -19.293376518999878], [29.511701358000096, -19.293264508999926], [29.511758357000133, -19.29331951299997], [29.511934352000026, -19.293483524999942], [29.513791300000037, -19.294692615999963], [29.513850299000183, -19.2947466199999], [29.513908297, -19.294801623999945], [29.514024294000137, -19.295022640999946], [29.514140291000047, -19.29513164899987], [29.514257287000135, -19.295186652999973], [29.515245260000086, -19.29650675299996], [29.51530425900006, -19.29656275699989], [29.51542025600014, -19.29678377399989], [29.515477254000075, -19.296947785999976], [29.51553725300016, -19.29711379899993], [29.515594251000095, -19.2972778109999], [29.515594251000095, -19.29738781999987], [29.51664122200009, -19.298267885999962], [29.51675521900006, -19.298377893999884], [29.516872216000024, -19.298433897999928], [29.516931214000124, -19.298433897999928], [29.517047211000033, -19.298433897999928], [29.517278204000036, -19.298486901999922], [29.517511198000136, -19.298486901999922], [29.519426144000136, -19.29875792099989], [29.519485142000065, -19.29875792099989], [29.519601139000144, -19.298867928999925], [29.51965813700008, -19.298867928999925], [29.519775134000042, -19.29892393299997], [29.52064611000003, -19.299914007999973], [29.52070410800019, -19.300022015999957], [29.520705108000072, -19.300078019999944], [29.520763107000164, -19.300188028999912], [29.521577085000047, -19.302115174999926], [29.521636084000193, -19.302170178999972], [29.521636084000193, -19.302281186999892], [29.521693082000127, -19.302445199999966], [29.52169508200012, -19.30261121199993], [29.52169508200012, -19.302777224999943], [29.52169508200012, -19.302996240999903], [29.521581087000186, -19.30404332099988], [29.521581087000186, -19.304098324999813], [29.521581087000186, -19.304154329999903], [29.52152408799998, -19.30426433799994], [29.52152408799998, -19.304375345999972], [29.52140709200006, -19.304486354999938], [29.521350094000184, -19.30465036699991], [29.521234097000047, -19.304816379999977], [29.521117100000083, -19.304982392999932], [29.52106010200015, -19.30503739699998], [29.520654114000138, -19.30592046399994], [29.520654114000138, -19.305973467999877], [29.520654114000138, -19.306029472999967], [29.520656114000133, -19.306195484999932], [29.520656115, -19.3063054939999], [29.52083111100012, -19.307627593999882], [29.52088910900011, -19.307682597999815], [29.520948107000038, -19.307846610999945], [29.52094810800014, -19.307902614999875], [29.52094810800014, -19.308068626999955], [29.52089010900005, -19.308123631999877], [29.52083111100012, -19.30823463999991], [29.520833112000048, -19.30950073599996], [29.520892111000023, -19.309721752999963], [29.520950109000182, -19.309885765999923], [29.52100910700011, -19.310051777999888], [29.521009108000044, -19.310107781999932], [29.52106610600009, -19.31016278599992], [29.52106610600009, -19.310217790999957], [29.521068106000087, -19.310326798999938], [29.521125105000124, -19.31043780699997], [29.521125105000124, -19.310603819999926], [29.521184103, -19.310767831999897], [29.521241102000033, -19.310877840999865], [29.521329099000127, -19.31106685499998], [29.521241102000033, -19.311102857999913], [29.52106810700019, -19.311158861999957], [29.520778114999985, -19.31126887099998], [29.520082135000166, -19.311821912999903], [29.518922168000188, -19.311823913999888], [29.518806171000108, -19.311825913999883], [29.51874717300018, -19.311825914999872], [29.518632176000153, -19.311880918999975], [29.51857317800011, -19.311880918999975], [29.518516180000177, -19.311936922999905], [29.518110191000062, -19.312266947999944], [29.518052193000074, -19.31232195299998], [29.518052193000074, -19.312376956999913], [29.517993195000145, -19.312432960999843], [29.517993195000145, -19.31254296999998], [29.51793619700004, -19.3126539779999], [29.51793619700004, -19.312708981999947], [29.517879199000106, -19.312872994999907], [29.517879199000106, -19.313039006999873], [29.517938198000138, -19.313976077999882], [29.517938198000138, -19.314308103999906], [29.517938198000138, -19.314472115999877], [29.517938198000138, -19.314638128999945], [29.517707205000136, -19.31529917899985], [29.51765020700003, -19.31535518299995], [29.517591209000102, -19.31535518299995], [29.51753421000012, -19.315410187999873], [29.517476212000076, -19.315410187999873], [29.517417214000034, -19.315410187999873], [29.517301217000067, -19.315465191999976], [29.51724421900019, -19.315521195999906], [29.51712722200017, -19.315576200999942], [29.517070224000065, -19.315631204999875], [29.51701122500009, -19.315631204999875], [29.516954227000156, -19.315631204999875], [29.516895229000056, -19.315631204999875], [29.51637224300015, -19.31513716799992], [29.51590825700015, -19.315578201999926], [29.51585125800011, -19.315633205999973], [29.51585125800011, -19.315744213999892], [29.515851259000044, -19.3159632309999], [29.515504269000076, -19.316184247999956], [29.5154452700001, -19.316240251999886], [29.515329274000067, -19.316240251999886], [29.515271274999975, -19.31624225299987], [29.515212277000103, -19.31624225299987], [29.51503928200009, -19.316297256999917], [29.51492228500007, -19.31640826499995], [29.514749290000054, -19.316463269999872], [29.514632294000137, -19.316518273999975], [29.514518297000052, -19.316574277999905], [29.513706320000097, -19.317125320999935], [29.51364832200011, -19.31718032499998], [29.51364832200011, -19.31723532899997], [29.51358932400018, -19.3172913329999], [29.5134733270001, -19.317401341999982], [29.513358331000177, -19.317567354999937], [29.513242334000097, -19.317733366999903], [29.513126337000188, -19.31789937999997], [29.513068339000142, -19.318008387999896], [29.513068339000142, -19.318063391999942], [29.5130093410001, -19.31806339299993], [29.513011341000038, -19.318118396999978], [29.512952342000062, -19.318118396999978], [29.51289534400013, -19.318118396999978], [29.512836346000086, -19.318174400999965], [29.51277934700005, -19.318174400999965], [29.512719349000065, -19.318174400999965], [29.51266235100013, -19.318174400999965], [29.51260535200015, -19.318229404999897], [29.512489356000117, -19.31823140599988], [29.511270391000096, -19.318563431999905], [29.51109639600014, -19.31861843599995], [29.51098039900006, -19.318673439999884], [29.510864402000152, -19.318729444999974], [29.510631409000155, -19.318784448999907], [29.51045741400003, -19.31889545799993], [29.510284419000016, -19.319005465999908], [29.510167422000052, -19.319061469999838], [29.50900845600006, -19.31978052599993], [29.50900845600006, -19.31983552999992], [29.50895045700014, -19.31983552999992], [29.50895045700014, -19.319890533999967], [29.508834461000163, -19.319946538999943], [29.508718464000026, -19.320056546999922], [29.508544469000128, -19.320222559999877], [29.508371474000114, -19.32033356799991], [29.507385502999966, -19.32165766999998], [29.50732750500015, -19.32171267399997], [29.50732750500015, -19.321878685999877], [29.507270507000044, -19.32193369099997], [29.50721150800007, -19.32204269899995], [29.507213509000167, -19.322208711999906], [29.507154510000134, -19.32237472399987], [29.507154510000134, -19.32248473299984], [29.507272508000142, -19.323366798999814], [29.50738850500005, -19.323530811999944], [29.50744650300004, -19.323696823999853], [29.50744650300004, -19.32380683299988], [29.507562500000176, -19.323970844999963], [29.507562500000176, -19.324026848999893], [29.50762149900015, -19.324136857999918], [29.50762149900015, -19.324355873999934], [29.50762149900015, -19.324411878999967], [29.50762149900015, -19.324577890999933], [29.507566502000145, -19.326287020999928], [29.507566502000145, -19.32639502899997], [29.507566502000145, -19.32645103399983], [29.50750950400004, -19.326506037999934], [29.507449505000125, -19.32656104199998], [29.507449505000125, -19.326617045999967], [29.50739250700019, -19.3266720499999], [29.50739250700019, -19.326783058999922], [29.506639529000097, -19.327830138999957], [29.506639529000097, -19.32788514299989], [29.50652253300018, -19.32788514299989], [29.506465534000142, -19.327940146999936], [29.5064065360001, -19.327940147999925], [29.506290539000133, -19.32794214799992], [29.50617554300004, -19.32799815199985], [29.506059547000064, -19.329045231999885], [29.50606154700006, -19.32910023599993], [29.50606154700006, -19.32920924399997], [29.505655559000047, -19.329651277999915], [29.50559556000013, -19.329651277999915], [29.505422565000117, -19.329651277999915], [29.505306569000084, -19.329596273999982], [29.50524857, -19.32954126999988], [29.50524857, -19.329487265999944], [29.50460958800005, -19.328936223999904], [29.504550589000075, -19.328936223999904], [29.504550589000075, -19.32899122899994], [29.50455059000018, -19.329102236999972], [29.50461158900015, -19.33020432099994], [29.50461158900015, -19.33026032499987], [29.503858611, -19.331854446999955], [29.502408653000145, -19.332573501999946], [29.502349655000046, -19.33262950699998], [29.50223565800013, -19.33268451099991], [29.50205966300001, -19.332739514999844], [29.501943666000102, -19.332795518999944], [29.50107369200009, -19.333237553999936], [29.501016693000054, -19.333292557999926], [29.50049370800008, -19.333514574999924], [29.495931838000104, -19.334305637999933], [29.494453879000105, -19.33285252899998], [29.494436880000023, -19.33285252899998], [29.493081917000097, -19.332138475999955], [29.493026919000158, -19.33210447299996], [29.49069198500007, -19.33178245099998], [29.48902903200002, -19.331307415999902], [29.488957034000123, -19.331255411999962], [29.48894003400011, -19.33122140899991], [29.48892103500009, -19.33122140899991], [29.48662609900009, -19.330468353999947], [29.48662609900009, -19.330450351999957], [29.48489014800009, -19.330286340999976], [29.484474160000104, -19.329819305999877], [29.48449215900007, -19.329819305999877], [29.48449215900007, -19.32980230499993], [29.484623155000065, -19.3288222299999], [29.48464215400014, -19.328787226999964], [29.48466115400015, -19.32877022599996], [29.485630125000114, -19.326937085999873], [29.48566712400003, -19.32688608199993], [29.48570512300006, -19.32685107999987], [29.485758121, -19.32681707699993], [29.48649109900009, -19.325582982999947], [29.486508099000105, -19.325530978999893], [29.486544098000138, -19.325496975999954], [29.486544098000138, -19.32547997499995], [29.48634710300007, -19.32506594299997], [29.486330103000114, -19.325031940999907], [29.48488514400003, -19.324403893999886], [29.48321919000017, -19.323055792999924], [29.48190522599998, -19.321567680999976], [29.481922226000165, -19.321567680999976], [29.481448239000144, -19.32120665399998], [29.480120276000093, -19.32019957799986], [29.480120276000093, -19.32018257699997], [29.478554319000125, -19.31848744899986], [29.478537319000168, -19.318418443999917], [29.478537319000168, -19.318401442999914], [29.47851832000009, -19.318401442999914], [29.478501320000078, -19.318384440999864], [29.478068332000134, -19.317994411999905], [29.477330353000127, -19.317329361999953], [29.476612372000147, -19.316051265999818], [29.47659337300007, -19.31596525899988], [29.476595373000066, -19.31591425499994], [29.47624038200007, -19.314554151999914], [29.476204382000105, -19.31448514699997], [29.476204382000105, -19.31446814599991], [29.475067414000023, -19.313842098999885], [29.475012416000084, -19.31384009899989], [29.47410844100017, -19.313800095999966], [29.473004472000014, -19.31341706799998], [29.472950474000186, -19.313400066999918], [29.47187150400009, -19.31227398199991], [29.470099554, -19.311781945999883], [29.470099554, -19.311798946999943], [29.46828160500013, -19.31166793799997], [29.466439657000137, -19.310900880999895], [29.464039724000088, -19.309254757999952], [29.46057982000019, -19.307247607999955], [29.459544849000054, -19.306647562999956], [29.45662093100009, -19.305031441999915], [29.453979004000075, -19.303238307999948], [29.451763066000012, -19.30173319499994], [29.44780517700019, -19.30014607699991], [29.447788177000064, -19.300127075999853], [29.447769178000158, -19.300127075999853], [29.443851287000086, -19.29810892499995], [29.443834288000176, -19.298091923999948], [29.440189390000057, -19.29590375999993], [29.43803945000019, -19.294927687999973], [29.43597250800019, -19.294330643999956], [29.434455551000042, -19.294244637999952], [29.434270556000058, -19.29423563799992], [29.434305555000037, -19.29426964099997], [29.43240760900005, -19.293895612999847], [29.43229861200018, -19.29389561399995], [29.431396637000034, -19.29334057199992], [29.431396637000034, -19.29332357099986], [29.431323639000027, -19.293302568999877], [29.431287640000164, -19.29329256799997], [29.430421664000107, -19.292661520999957], [29.430421664000107, -19.292644519999897], [29.430385665000074, -19.292609516999903], [29.428743711000095, -19.291602441999828], [29.428743711000095, -19.29158543999995], [29.428672713000083, -19.29151743499989], [29.428600715000186, -19.291463430999954], [29.427736739000125, -19.290530360999924], [29.42771973900011, -19.290513359999863], [29.42771973900011, -19.29047935699998], [29.42771973900011, -19.29042635299993], [29.427816735000135, -19.28924126299995], [29.427816735000135, -19.289224261999948], [29.427852734, -19.289172257999837], [29.428758706, -19.28603101799996], [29.428760706000162, -19.2860140169999], [29.428777705000073, -19.285911008999904], [29.429555681000124, -19.2830607919999], [29.430471653999973, -19.28134666099993], [29.430950639000116, -19.28014856899989], [29.43128362900012, -19.278670456999976], [29.431266629000106, -19.27865245499993], [29.431266629000106, -19.278618452999865], [29.43124962900015, -19.278584449999983], [29.431230630000073, -19.27853244599993], [29.431724615000178, -19.277779388999875], [29.431136631000015, -19.276037256999814], [29.43111963100006, -19.276020254999935], [29.431266626000024, -19.27541920999994], [29.43126862600019, -19.275402207999946], [29.431304625000053, -19.27535120399989], [29.432723584000144, -19.274208115999897], [29.432723584000144, -19.274191114999894], [29.432474591000073, -19.27365707499996], [29.432474591000073, -19.273640072999967], [29.43245459100018, -19.273640072999967], [29.43070764000015, -19.27199394899992], [29.430690639999966, -19.27197694799986], [29.430690639999966, -19.27195994699997], [29.430654641000103, -19.271924943999977], [29.429956660000187, -19.270614844999955], [29.429956660000187, -19.2705628409999], [29.42993966, -19.27052883899995], [29.429902661000085, -19.270492835999903], [29.42898768600014, -19.26928374499994], [29.42898768600014, -19.26926574299989], [29.428968687000065, -19.26926574299989], [29.428951687000108, -19.269231740999828], [29.428897689000053, -19.269197737999946], [29.428214707000052, -19.268247665999922], [29.428226707000135, -19.26822066399984], [29.428581696000094, -19.267390600999818], [29.428581696000094, -19.267373599999928], [29.42856369700013, -19.267356597999935], [29.429748662, -19.266160506999825], [29.429748662, -19.266143504999945], [29.429748662, -19.26610950299994], [29.429748662, -19.266092500999946], [29.42999265400016, -19.264733397999976], [29.429994654000154, -19.264459376999923], [29.42974465800006, -19.260846101999846], [29.429437664000034, -19.257490846999872], [29.428338694000104, -19.256539775999954], [29.428338694000104, -19.256521773999964], [29.42828569600016, -19.25648577199985], [29.427827708000052, -19.256003734999922], [29.427385721000178, -19.25553569999994], [29.42736872100005, -19.255518698999936], [29.42735072200003, -19.255499696999948], [29.426938733000156, -19.25467163499991], [29.426790735000168, -19.252232448999905], [29.426790735000168, -19.2522154479999], [29.425445771000057, -19.25003828299998], [29.425428772000032, -19.25003828299998], [29.425428772000032, -19.25002128199992], [29.42478578900017, -19.248556170999848], [29.424739790000046, -19.248505166999962], [29.424770789000036, -19.248268148999898], [29.424754789000133, -19.248268148999898], [29.424734790000116, -19.247641100999886], [29.424728790000188, -19.247439085999872], [29.424743789000104, -19.24740808399997], [29.424775788000147, -19.247364079999954], [29.42476078900006, -19.247364079999954], [29.42476078900006, -19.24734907899989], [29.42462779100009, -19.245931970999948], [29.424674790000154, -19.24587296699997], [29.424674790000154, -19.245856965999963], [29.424825784, -19.24454686599995], [29.42487378300018, -19.244533864999937], [29.424890782999967, -19.24451786399993], [29.42514777500014, -19.243705801999965], [29.426313741000115, -19.242660720999936], [29.42632874000003, -19.242660720999936], [29.42682672600006, -19.241803655999888], [29.426826725000126, -19.241714648999903], [29.426671729000077, -19.24121661099997], [29.426671729000077, -19.241201609999905], [29.426265740000133, -19.240279539999904], [29.42623374100009, -19.240234536999935], [29.42623374100009, -19.240188532999923], [29.42619874200011, -19.239944514999877], [29.426158743000087, -19.239646491999906], [29.426174742000114, -19.239616489999946], [29.42630573800011, -19.238984441999946], [29.42630573800011, -19.238923436999983], [29.426277738000067, -19.238427398999875], [29.426277738000067, -19.23839739699997], [29.425914749000185, -19.238183380999942], [29.425186769000163, -19.238118375999875], [29.424600785000166, -19.237767349999956], [29.423936804, -19.237371320999955], [29.423843807000026, -19.237340317999895], [29.42382680700007, -19.237340317999895], [29.423416818000135, -19.23700629299998], [29.42336882000012, -19.2369602899999], [29.423322821000113, -19.236930286999893], [29.423143826000114, -19.23642524899992], [29.423055828000145, -19.23631424099989], [29.42302682900015, -19.236285238999983], [29.42382480599997, -19.235568182999884], [29.42528976400007, -19.234765120999896], [29.42567275200014, -19.23410507099993], [29.426195737000114, -19.23365903599995], [29.426406730999986, -19.233478021999872], [29.427139710000176, -19.233061989999953], [29.427169709000054, -19.233061989999953], [29.42799368600015, -19.23315699699998], [29.42897465800013, -19.233737039999937], [29.429036656000108, -19.233737039999937], [29.42973363700014, -19.23395305599996], [29.430400618000135, -19.233808044999932], [29.430400618000135, -19.23377704199993], [29.431707580000136, -19.232641954999906], [29.432605553000087, -19.230989828999896], [29.433057539000174, -19.22981873899988], [29.433057539000174, -19.22978873699998], [29.43302754000007, -19.229729731999896], [29.43302754000007, -19.229637724999918], [29.4329395420001, -19.228672651999943], [29.43288654200012, -19.22713753499994], [29.43288654200012, -19.227106532999926], [29.433338528000036, -19.225693424999974], [29.433471524000026, -19.224821358999975], [29.433759515000133, -19.224281316999964], [29.433824513000047, -19.224220312999876], [29.43391951000018, -19.224192309999978], [29.43484148400006, -19.223866284999872], [29.436397440000178, -19.223545258999877], [29.437572406000072, -19.223162228999968], [29.438350383000056, -19.222385169999825], [29.4383823820001, -19.222385169999825], [29.43867237300003, -19.221573107999973], [29.44010933200019, -19.220287008999946], [29.44049432100013, -19.220016987999884], [29.441255299000034, -19.219481946999963], [29.44258626100003, -19.21967295999997], [29.443818226000133, -19.22019399899989], [29.44454720600004, -19.220318007999936], [29.444579205000082, -19.22032000799993], [29.444675202000155, -19.22032000799993], [29.445341183000096, -19.22029500499997], [29.445531178000067, -19.22023600099982], [29.44562717500014, -19.220174995999912], [29.446041163000075, -19.219907975999945], [29.446041163000075, -19.219846970999868], [29.446615146000056, -19.21921892299997], [29.44827209800019, -19.217963825999846], [29.45015104400005, -19.21671272899988], [29.450853024000082, -19.215934669999967], [29.4521309860001, -19.21468157299995], [29.452160985000035, -19.21468157299995], [29.452160985000035, -19.214620568999976], [29.454006932000084, -19.21351748299992], [29.454006932000084, -19.213489480999897], [29.45505791700009, -19.212412419999964], [29.455060485000104, -19.212379031999944], [29.45502990200015, -19.2123803959999], [29.45513289800016, -19.211085296999954], [29.45510189900017, -19.211055294999937], [29.45514189700009, -19.20976019599982], [29.455149896000137, -19.208495099999936], [29.45518189500001, -19.208405092999953], [29.45518189500001, -19.20834408899998], [29.455439887000068, -19.207805046999965], [29.45547188600011, -19.207744042999877], [29.45633286100002, -19.20708799199997], [29.456335861000127, -19.207066990999976]]]]}}, {"type": "Feature", "properties": {"GID_3": "ZWE.10.5.18_2", "GID_0": "ZWE", "COUNTRY": "Zimbabwe", "GID_1": "ZWE.10_1", "NAME_1": "Midlands", "NL_NAME_1": "NA", "GID_2": "ZWE.10.5_2", "NAME_2": "Gweru", "NL_NAME_2": "NA", "NAME_3": "Ward 8", "VARNAME_3": "NA", "NL_NAME_3": "NA", "TYPE_3": "Ward", "ENGTYPE_3": "Ward", "CC_3": "NA", "HASC_3": "NA", "id": "ZWE.10.5.18_2", "name": "Ward 8"}, "geometry": {"type": "MultiPolygon", "coordinates": [[[[29.521329099000127, -19.31106685499998], [29.52211507800007, -19.31274898199996], [29.52223107500015, -19.31297099899996], [29.52228907400007, -19.31307900699983], [29.522348072000113, -19.31313501099993], [29.522405070000048, -19.313245019999954], [29.52246406900008, -19.313300023999886], [29.523917029000188, -19.314840139999944], [29.523975027000176, -19.314895143999877], [29.52432401700014, -19.315114159999894], [29.52455601100013, -19.315225168999916], [29.524846003000164, -19.315334176999897], [29.52792291600008, -19.316265244999954], [29.52798191400018, -19.316265244999954], [29.52815591000018, -19.31631824899995], [29.528328905000023, -19.31631824899995], [29.528618896000125, -19.31637325299988], [29.528967887000135, -19.316482260999862], [29.53187080400005, -19.316751278999902], [29.53198680100013, -19.31669627499997], [29.532217795000065, -19.316640270999983], [29.53256678500003, -19.316585265999947], [29.53285677600013, -19.316585265999947], [29.536219679000112, -19.314428099999873], [29.536452672999985, -19.314372094999953], [29.536741664000033, -19.314317090999964], [29.536974658000133, -19.314262086999918], [29.53795862900006, -19.31376404799994], [29.53813462400018, -19.313543030999938], [29.53836561700018, -19.31332101399994], [29.538597611, -19.31315600199997], [29.54080054700006, -19.311608881999973], [29.54085854500005, -19.311606881999978], [29.54097454200013, -19.311606881999978], [29.541031540000063, -19.311606881999978], [29.541264534000163, -19.311606881999978], [29.541380531000073, -19.311606881999978], [29.54149652700005, -19.311606881999978], [29.54161352400007, -19.311659885999916], [29.541786519000084, -19.311659885999916], [29.541903516000104, -19.31171488999985], [29.54575040800006, -19.313911053999902], [29.54575040800006, -19.31396605799995], [29.545923404000177, -19.31407706599998], [29.54941230800017, -19.318477397999914], [29.54941230800017, -19.318532401999846], [29.54941230800017, -19.318588406999936], [29.554239176000067, -19.325023891999876], [29.55441517100013, -19.32507889599998], [29.55569313600006, -19.326402995999956], [29.555750134000164, -19.326402995999956], [29.55575213400016, -19.326458], [29.555866131000073, -19.326514003999876], [29.555983128000094, -19.326624012999844], [29.556158123000102, -19.326788024999928], [29.55685410300015, -19.327008040999885], [29.556914102, -19.327008040999885], [29.557028098000046, -19.327008040999885], [29.557144095000126, -19.327006040999834], [29.557320090000076, -19.327006040999834], [29.557377089000056, -19.327006040999834], [29.557900074000088, -19.32695003599997], [29.55811106800013, -19.32684202799993], [29.55814535000013, -19.326847131999898], [29.558565055000145, -19.326939034999953], [29.558605054000168, -19.326937033999968], [29.558666052000035, -19.32697503699984], [29.558768049000037, -19.327012039999886], [29.55966002400004, -19.327488075999838], [29.559679024, -19.327488075999838], [29.559679024, -19.327507076999893], [29.559721022000133, -19.327527078999935], [29.559782021000103, -19.327601083999923], [29.559864019000145, -19.327675089999957], [29.560785993000025, -19.328629160999924], [29.560805993000088, -19.328629160999924], [29.560825992000048, -19.32864816299997], [29.56082699200016, -19.328667163999967], [29.56084699100012, -19.328686165999954], [29.560867991000066, -19.328724168999884], [29.560908989999973, -19.32878017299987], [29.560950989000162, -19.328856178999956], [29.5613859770001, -19.32951422799988], [29.56140697600017, -19.329571232999967], [29.561446975000024, -19.329607234999912], [29.561446975000024, -19.3296262369999], [29.56146797500014, -19.329646237999953], [29.56146797500014, -19.32966523999994], [29.561488974000042, -19.329684240999825], [29.561509973000057, -19.329720243999873], [29.561530973, -19.329739244999928], [29.561551972000075, -19.32979624999996], [29.561591971000098, -19.329813250999905], [29.561612971000045, -19.329832251999903], [29.56208195800008, -19.330262284999947], [29.562102957000093, -19.330262284999947], [29.562102957000093, -19.330281285999945], [29.562122956000053, -19.330281285999945], [29.56216495500007, -19.33031728899988], [29.562204954000094, -19.330336289999934], [29.56226595200019, -19.330353290999938], [29.56232695100016, -19.33039129399998], [29.562366950000182, -19.33040929599997], [29.562427948000106, -19.330428296999912], [29.563157928000066, -19.330851328999927], [29.563176927000143, -19.330851328999927], [29.563197926000043, -19.330870329999982], [29.56321892600016, -19.33088933099998], [29.56321892600016, -19.330908332999854], [29.563258925000184, -19.330906332999973], [29.563279924000028, -19.330925333999915], [29.564275896000026, -19.331612385999847], [29.56431589500005, -19.33161038499992], [29.56431589500005, -19.331629386999907], [29.564336895, -19.331629386999907], [29.564336895, -19.331648387999962], [29.564357894000068, -19.331648387999962], [29.56439789300009, -19.33168539099995], [29.564458891000186, -19.33172339399988], [29.564540889, -19.331778397999813], [29.564620887000046, -19.331833401999916], [29.56563185800013, -19.332215429999906], [29.565652858000078, -19.332215429999906], [29.565671857000154, -19.332215429999906], [29.565671857000154, -19.3322324319999], [29.5656928570001, -19.3322324319999], [29.565711856000178, -19.3322324319999], [29.565753855000025, -19.332251432999954], [29.5657728540001, -19.33224943299996], [29.565833853000072, -19.33224943299996], [29.567001820000144, -19.332436445999974], [29.56702081900005, -19.332455447999962], [29.567100817000096, -19.332472448999965], [29.567201813999986, -19.3325084519999], [29.567302811000104, -19.332526452999957], [29.56738280900015, -19.332524452999905], [29.568212786000174, -19.332833475999962], [29.56827378400004, -19.33286947799985], [29.56833278200014, -19.33286947799985], [29.568372781000164, -19.3328864799999], [29.568412780000187, -19.33288647899991], [29.568433779000088, -19.33288647899991], [29.568433779000088, -19.332905480999898], [29.568454779000035, -19.332905480999898], [29.569692744000065, -19.333662537999942], [29.569713744000182, -19.33368253899988], [29.569755742000098, -19.333737542999927], [29.570188731000144, -19.334395592999897], [29.57019073100014, -19.334414593999952], [29.57019073100014, -19.334471598999983], [29.570171731000187, -19.334490599999867], [29.570171731000187, -19.334509601999912], [29.57004373500007, -19.33510264699987], [29.570003737000093, -19.33512364799992], [29.56998473700014, -19.33512364799992], [29.56996373800007, -19.33512364799992], [29.56996373800007, -19.335143649999964], [29.56998473700014, -19.335143649999964], [29.569244759000185, -19.336220731999845], [29.56922376000017, -19.33623973399989], [29.569225760000165, -19.33629673799993], [29.569205760000102, -19.336335740999857], [29.56925775900004, -19.33686778099991], [29.56925775900004, -19.336886782999954], [29.569276759, -19.336905783999953], [29.56927875800011, -19.33692478599994], [29.569299758000056, -19.336962787999937], [29.56932075700007, -19.336998790999928], [29.56933975700008, -19.337017792999973], [29.569360756000094, -19.3370567959999], [29.569381756000098, -19.337094797999953], [29.569402755000112, -19.33711379999994], [29.569423755000116, -19.337149802999875], [29.569463753000036, -19.337187804999928], [29.569505752000055, -19.337223807999976], [29.569524752000177, -19.33724380999996], [29.569566751000025, -19.33728181299989], [29.56962774900012, -19.33731781499995], [29.56964674800014, -19.337336816999823], [29.569667748000143, -19.337355817999878], [29.569709747000104, -19.337391820999926], [29.56972874600018, -19.33741082199998], [29.569770745000028, -19.337449824999908], [29.56981074400005, -19.33746682599991], [29.569831743000123, -19.337485827999956], [29.569850743000075, -19.337504828999954], [29.569871742000146, -19.337542831999883], [29.569913741000107, -19.33757883499993], [29.570628721000162, -19.33823288399998], [29.570628721000162, -19.338252885999964], [29.570670720000123, -19.338307889999953], [29.570750718, -19.33838189499994], [29.571492697000053, -19.339301964999947], [29.5714926980001, -19.339320965999946], [29.57151369700017, -19.33933996699983], [29.57151369700017, -19.339358968999875], [29.57155569600019, -19.339413972999978], [29.57158669500018, -19.339451975999964], [29.57231467500003, -19.340314040999942], [29.57231467500003, -19.34033304199994], [29.572335674000044, -19.340353043999983], [29.572417672000086, -19.34042704899997], [29.57247867000018, -19.340482053999892], [29.572499670000127, -19.340501054999947], [29.573415645000182, -19.34176014999997], [29.57341764500012, -19.341817153999955], [29.57341764500012, -19.341836155999943], [29.57341764500012, -19.34185615699994], [29.573419645000115, -19.341894159999867], [29.573852633000058, -19.342456201999937], [29.573911631000158, -19.342494204999866], [29.573972630000128, -19.34253120799997], [29.57399362900003, -19.342550208999967], [29.574014628000043, -19.342569210999955], [29.574014628000043, -19.342588211999896], [29.574035628000047, -19.34260521399989], [29.57405662700006, -19.34264321699993], [29.57405662700006, -19.34266221799993], [29.574077627000065, -19.34268121899987], [29.574535614000183, -19.343549284999938], [29.57455661400013, -19.34356628599994], [29.57457761300003, -19.343585287999815], [29.574596613000153, -19.343585287999815], [29.574596613000153, -19.343605288999868], [29.574617612000054, -19.343624290999912], [29.57463861200017, -19.343641291999916], [29.574659611000072, -19.34366029299997], [29.575307593000048, -19.344049321999933], [29.575328592000062, -19.344066323999982], [29.57534759200007, -19.344066323999982], [29.575368591000085, -19.344066323999982], [29.57540859000011, -19.34408532499998], [29.575448589000132, -19.344083324999872], [29.575469588000033, -19.34410232599987], [29.575530587000173, -19.344120327999917], [29.576699554000186, -19.344423349999943], [29.576718553000035, -19.34442134999989], [29.576780551000013, -19.34442134999989], [29.576820550000036, -19.344419348999963], [29.57684155000004, -19.34443835099995], [29.577890520000153, -19.344724371999916], [29.577930519000176, -19.344741372999977], [29.577970517999972, -19.344760374999964], [29.57805051600002, -19.34477837599985], [29.578132513000185, -19.344833379999955], [29.578902492, -19.34523740999998], [29.578963490000092, -19.34529441399991], [29.579003489000115, -19.3453124159999], [29.579024488000186, -19.3453124159999], [29.579024488000186, -19.345331416999954], [29.579065487000094, -19.345348417999958], [29.579106486, -19.345386420999887], [29.579208483, -19.345441424999933], [29.58012145800018, -19.345996466999907], [29.580142457000193, -19.34599446699991], [29.580182456000045, -19.34599446699991], [29.580262454000092, -19.346012467999913], [29.58142642100006, -19.34667551799987], [29.5814604200001, -19.346694518999925], [29.58156141699999, -19.34675052299997], [29.581601416000012, -19.34676752399986], [29.581622416000187, -19.346786525999903], [29.581641415000036, -19.346786525999903], [29.583417366, -19.348237634999975], [29.58343636500007, -19.348237634999975], [29.58351836300011, -19.348274637999964], [29.583558362000133, -19.34831263999996], [29.584510335000118, -19.34875167299998], [29.584531335000065, -19.34875167299998], [29.58457133400009, -19.348749672999816], [29.58473132900008, -19.34878567499993], [29.584792327000173, -19.34882167799998], [29.584832326000026, -19.348827678999953], [29.5854373090001, -19.34890568399993], [29.585477308000122, -19.348903683999936], [29.585517307000146, -19.348903683999936], [29.58557630500019, -19.34890168399994], [29.585656303000064, -19.34890168399994], [29.58571730100016, -19.3488806819999], [29.585878297000136, -19.34887668199991], [29.58722025800006, -19.348871679999945], [29.587260257000082, -19.348871679999945], [29.58728125700003, -19.348871679999945], [29.587321256000052, -19.348850678999895], [29.587400253000112, -19.34881067599997], [29.58746125200014, -19.348791673999926], [29.58839922499999, -19.34862165999988], [29.588500222000107, -19.348619659999883], [29.588760215000036, -19.34861365999984], [29.58884021200015, -19.348630660999902], [29.588901211000177, -19.348649661999957], [29.589002208000068, -19.34864866199996], [29.589061206000167, -19.348646661999908], [29.590005179000173, -19.348705665999887], [29.59010617600012, -19.348703664999903], [29.590186174000166, -19.348701664999908], [29.59024517200004, -19.348701664999908], [29.59034617000009, -19.348699664999913], [29.590387168000063, -19.348716665999916], [29.59044816700009, -19.348716665999916], [29.590547163999986, -19.34871466599992], [29.59060816200008, -19.348712665999926], [29.59224611600007, -19.349025687999927], [29.59226711500014, -19.34902368799993], [29.592307114000164, -19.34902368799993], [29.592387111999983, -19.34904068899982], [29.59246711000003, -19.349077691999867], [29.59317309000005, -19.349235703999966], [29.593213089000074, -19.349235703999966], [29.59325508700016, -19.34927170599991], [29.593335085000035, -19.349327710999944], [29.593396084000176, -19.349365712999884], [29.593417083000077, -19.349365712999884], [29.593417083000077, -19.34938471499993], [29.59343808200009, -19.34940171599993], [29.593459082000038, -19.349439718999975], [29.593478081000114, -19.349477721999904], [29.59349908100006, -19.34949672299996], [29.593520080000133, -19.349533725999947], [29.593522080000128, -19.349571728999877], [29.59461505000013, -19.351053840999953], [29.59461505000013, -19.351072841999894], [29.59461505000013, -19.351110844999937], [29.594657049000148, -19.351186850999852], [29.595800020000127, -19.354992138999933], [29.59586101800005, -19.35504814299992], [29.595901017000074, -19.355086145999962], [29.595922016000088, -19.35510514699996], [29.595922016000088, -19.35512414899995], [29.595924016000083, -19.355162151999878], [29.59594501600003, -19.355237156999863], [29.59600801400012, -19.355332164999822], [29.598530946000153, -19.360062521999964], [29.598551945000168, -19.360100524999893], [29.59857294500017, -19.36011952599989], [29.59857294500017, -19.360158528999932], [29.598593944000186, -19.360196531999975], [29.600746885999968, -19.36440184999998], [29.600771886000075, -19.364399849999927], [29.602358845000026, -19.369663247999938], [29.60236084500019, -19.369682248999936], [29.60236084500019, -19.36972025199998], [29.60325382100018, -19.372160436999877], [29.60325382100018, -19.372179437999932], [29.60325482100012, -19.37219843999992], [29.603275821000068, -19.372255443999848], [29.60329682000014, -19.37232944999994], [29.603298820000077, -19.37238745399992], [29.604323793000106, -19.374385604999873], [29.60434479200012, -19.374424607999913], [29.604365792000124, -19.374462610999956], [29.604384791000143, -19.374481611999897], [29.604405790000044, -19.374517614999945], [29.60442679000016, -19.37455561799993], [29.60442679000016, -19.374574618999873], [29.604427790000102, -19.37459362099986], [29.604427790000102, -19.374612621999916], [29.604427790000102, -19.37463162399996], [29.604702783000164, -19.375337676999948], [29.60610274600009, -19.37894294999984], [29.607330712000078, -19.380561071999978], [29.602621849000116, -19.384318359999952], [29.602581850000092, -19.384318359999952], [29.60254185100007, -19.384358362999933], [29.596587023000154, -19.388468678999914], [29.596395029000064, -19.38860268899998], [29.58998021400015, -19.393011027999876], [29.580522489000032, -19.400860629999897], [29.580503490000126, -19.40088163199988], [29.580484490000174, -19.400900632999935], [29.57557663200015, -19.40455891399995], [29.5738026840001, -19.40588101599991], [29.573804684000095, -19.405900016999965], [29.573783684000148, -19.405900016999965], [29.572381724000138, -19.406041028999823], [29.564872938000065, -19.40719112199986], [29.56485393900016, -19.40719112199986], [29.564813940000136, -19.40719112199986], [29.56479294100012, -19.40719112199986], [29.559244099000182, -19.40866523699998], [29.559185101000082, -19.408667236999975], [29.55914510200006, -19.408686238999906], [29.555474206999975, -19.409669315999906], [29.55545320800013, -19.4096713159999], [29.5544212370001, -19.409901333999926], [29.543219557000157, -19.412408531999972], [29.54320055800008, -19.412410532999957], [29.536068762000127, -19.41406366299998], [29.536009763000152, -19.414065662999974], [29.530432923000035, -19.415217754999958], [29.52972694300007, -19.415362765999816], [29.529705943000067, -19.415362765999816], [29.529686944000048, -19.415362765999816], [29.529665945000147, -19.415362765999816], [29.529625946000124, -19.415364765999982], [29.527465007000103, -19.415690792999953], [29.527366010000037, -19.41569279299995], [29.527305012000113, -19.41569279299995], [29.525630060000083, -19.41621883399995], [29.52561106000013, -19.41621883399995], [29.52559006100006, -19.416238834999888], [29.525550062000036, -19.41625983699987], [29.52401310600004, -19.417033896999953], [29.52394210800003, -19.41706789899996], [29.523801112000115, -19.416867883999828], [29.52218615600009, -19.4145697109999], [29.519544229000076, -19.411950514999944], [29.519544229000076, -19.41193351299995], [29.51790427400016, -19.409201306999933], [29.516958300000056, -19.40801921799988], [29.514108378000174, -19.404455949999942], [29.514108378000174, -19.404436948999887], [29.509549502000084, -19.398311486999944], [29.506559584000115, -19.3942331799999], [29.5065385850001, -19.394211177999978], [29.50070174500013, -19.38750767399989], [29.50052275000013, -19.387053638999873], [29.49791182100006, -19.383614379999926], [29.49801681800011, -19.38354437499987], [29.49759882800015, -19.38132320699998], [29.49759894300007, -19.38121245399992], [29.49759882800015, -19.38109118899996], [29.497600828000145, -19.381032184999924], [29.497600828000145, -19.380858170999943], [29.497600828000145, -19.380799166999964], [29.49760282800014, -19.380683157999954], [29.49773782200009, -19.37834998099987], [29.49773782200009, -19.378173967999885], [29.497739822000085, -19.377998953999963], [29.49773982100004, -19.37776593699988], [29.49768082300011, -19.377590922999957], [29.49768082300011, -19.37741490999997], [29.497621824000134, -19.37723989699998], [29.49701684000013, -19.37537075499995], [29.49695584200009, -19.375194741999962], [29.496894843000064, -19.37501972899986], [29.49683584500019, -19.37484371599993], [29.49683584500019, -19.374786710999956], [29.496774846, -19.374610697999856], [29.496713848000127, -19.374551693999933], [29.495618877000027, -19.372444533999953], [29.495496881000065, -19.372268520999967], [29.49537488400017, -19.372036503999936], [29.49531588600007, -19.371917494999934], [29.495252887000106, -19.37186048999996], [29.493976922000172, -19.369402304999937], [29.493915922999975, -19.36922629099996], [29.493856925000102, -19.369051277999915], [29.493856925000102, -19.36893426899985], [29.493795926000075, -19.368818259999955], [29.493795926000075, -19.368702251999935], [29.493736928000033, -19.368526237999845], [29.493675929, -19.368408228999954], [29.494180913000093, -19.365728025999942], [29.49430490900005, -19.36555401199996], [29.494489904000147, -19.365378998999915], [29.494613900000104, -19.365204985999924], [29.49473789600006, -19.365031971999827], [29.49486189300012, -19.364914962999933], [29.496715839000046, -19.363116825999896], [29.49690083300004, -19.36294281199997], [29.497146826000062, -19.362828802999957], [29.49727082300012, -19.36271179399995], [29.49739481900008, -19.362595785999872], [29.497455817000116, -19.362538780999955], [29.497579814000176, -19.362422771999945], [29.500167739000176, -19.361210677999907], [29.500413732000027, -19.361155673999974], [29.500598727000124, -19.361098669999876], [29.500659725000048, -19.361098669999876], [29.500659725000048, -19.361039664999907], [29.50072072400019, -19.361039664999907], [29.50226567800013, -19.35958955399991], [29.5023266770001, -19.35953254899988], [29.502328677000094, -19.359416540999973], [29.502391675000126, -19.359240526999884], [29.502391675000126, -19.35906751399989], [29.502454673000045, -19.358832495999877], [29.502454672000113, -19.358658482999886], [29.502401673000065, -19.357375385999944], [29.502340675000028, -19.357256376999942], [29.502279676000057, -19.357081362999963], [29.502219678000017, -19.356905349999977], [29.502219678000017, -19.356732336999926], [29.502158679000047, -19.35655632399994], [29.502099681000175, -19.356438314999934], [29.500999711000077, -19.355383234999977], [29.500877714000012, -19.35520622199988], [29.500816716000145, -19.35514921799995], [29.499345757000185, -19.354323155999907], [29.499099764000164, -19.354264151999928], [29.495542864000072, -19.35284304599992], [29.49468488800011, -19.352604028999963], [29.494561892000036, -19.352604028999963], [29.491063989999986, -19.351707962999967], [29.490817997000192, -19.351707963999957], [29.48854706100002, -19.35111091999994], [29.48854706100002, -19.351076916999887], [29.488331067000104, -19.350730890999955], [29.488331067000104, -19.350713889999952], [29.488440064000145, -19.350454869999965], [29.488680056000135, -19.349874825999905], [29.490269010000134, -19.34780366799987], [29.490305009000167, -19.347787665999874], [29.49034100800003, -19.347770664999814], [29.490359007000052, -19.347770664999814], [29.490599, -19.346929600999943], [29.490617999000165, -19.346878596999886], [29.49063499900012, -19.346826592999946], [29.490653998000028, -19.346792590999883], [29.490672997000104, -19.34677558899989], [29.490672997000104, -19.346740586999942], [29.49087399100017, -19.346294552999893], [29.490928990000043, -19.346260549999897], [29.49100098800011, -19.34622554699996], [29.491037987000084, -19.34622554699996], [29.49152797300013, -19.34597252799989], [29.491599970000152, -19.3459545259999], [29.492091956000138, -19.345596498999953], [29.49214595500007, -19.3455444949999], [29.492200953, -19.345493490999957], [29.4922369520001, -19.345458487999906], [29.492255951000118, -19.345458487999906], [29.49264194000017, -19.344396406999977], [29.49409689500004, -19.339933066999947], [29.495094864000123, -19.33650180599983], [29.495113862999972, -19.33650180599983], [29.495170861000076, -19.33584875599996], [29.495170861000076, -19.335814753999898], [29.495885840000028, -19.334340640999983], [29.495931838000104, -19.334322639999982], [29.495931838000104, -19.334305637999933], [29.50049370800008, -19.333514574999924], [29.501016693000054, -19.333292557999926], [29.50107369200009, -19.333237553999936], [29.501943666000102, -19.332795518999944], [29.50205966300001, -19.332739514999844], [29.50223565800013, -19.33268451099991], [29.502349655000046, -19.33262950699998], [29.502408653000145, -19.332573501999946], [29.503858611, -19.331854446999955], [29.50461158900015, -19.33026032499987], [29.50461158900015, -19.33020432099994], [29.50455059000018, -19.329102236999972], [29.504550589000075, -19.32899122899994], [29.504550589000075, -19.328936223999904], [29.50460958800005, -19.328936223999904], [29.50524857, -19.329487265999944], [29.50524857, -19.32954126999988], [29.505306569000084, -19.329596273999982], [29.505422565000117, -19.329651277999915], [29.50559556000013, -19.329651277999915], [29.505655559000047, -19.329651277999915], [29.50606154700006, -19.32920924399997], [29.50606154700006, -19.32910023599993], [29.506059547000064, -19.329045231999885], [29.50617554300004, -19.32799815199985], [29.506290539000133, -19.32794214799992], [29.5064065360001, -19.327940147999925], [29.506465534000142, -19.327940146999936], [29.50652253300018, -19.32788514299989], [29.506639529000097, -19.32788514299989], [29.506639529000097, -19.327830138999957], [29.50739250700019, -19.326783058999922], [29.50739250700019, -19.3266720499999], [29.507449505000125, -19.326617045999967], [29.507449505000125, -19.32656104199998], [29.50750950400004, -19.326506037999934], [29.507566502000145, -19.32645103399983], [29.507566502000145, -19.32639502899997], [29.507566502000145, -19.326287020999928], [29.50762149900015, -19.324577890999933], [29.50762149900015, -19.324411878999967], [29.50762149900015, -19.324355873999934], [29.50762149900015, -19.324136857999918], [29.507562500000176, -19.324026848999893], [29.507562500000176, -19.323970844999963], [29.50744650300004, -19.32380683299988], [29.50744650300004, -19.323696823999853], [29.50738850500005, -19.323530811999944], [29.507272508000142, -19.323366798999814], [29.507154510000134, -19.32248473299984], [29.507154510000134, -19.32237472399987], [29.507213509000167, -19.322208711999906], [29.50721150800007, -19.32204269899995], [29.507270507000044, -19.32193369099997], [29.50732750500015, -19.321878685999877], [29.50732750500015, -19.32171267399997], [29.507385502999966, -19.32165766999998], [29.508371474000114, -19.32033356799991], [29.508544469000128, -19.320222559999877], [29.508718464000026, -19.320056546999922], [29.508834461000163, -19.319946538999943], [29.50895045700014, -19.319890533999967], [29.50895045700014, -19.31983552999992], [29.50900845600006, -19.31983552999992], [29.50900845600006, -19.31978052599993], [29.510167422000052, -19.319061469999838], [29.510284419000016, -19.319005465999908], [29.51045741400003, -19.31889545799993], [29.510631409000155, -19.318784448999907], [29.510864402000152, -19.318729444999974], [29.51098039900006, -19.318673439999884], [29.51109639600014, -19.31861843599995], [29.511270391000096, -19.318563431999905], [29.512489356000117, -19.31823140599988], [29.51260535200015, -19.318229404999897], [29.51266235100013, -19.318174400999965], [29.512719349000065, -19.318174400999965], [29.51277934700005, -19.318174400999965], [29.512836346000086, -19.318174400999965], [29.51289534400013, -19.318118396999978], [29.512952342000062, -19.318118396999978], [29.513011341000038, -19.318118396999978], [29.5130093410001, -19.31806339299993], [29.513068339000142, -19.318063391999942], [29.513068339000142, -19.318008387999896], [29.513126337000188, -19.31789937999997], [29.513242334000097, -19.317733366999903], [29.513358331000177, -19.317567354999937], [29.5134733270001, -19.317401341999982], [29.51358932400018, -19.3172913329999], [29.51364832200011, -19.31723532899997], [29.51364832200011, -19.31718032499998], [29.513706320000097, -19.317125320999935], [29.514518297000052, -19.316574277999905], [29.514632294000137, -19.316518273999975], [29.514749290000054, -19.316463269999872], [29.51492228500007, -19.31640826499995], [29.51503928200009, -19.316297256999917], [29.515212277000103, -19.31624225299987], [29.515271274999975, -19.31624225299987], [29.515329274000067, -19.316240251999886], [29.5154452700001, -19.316240251999886], [29.515504269000076, -19.316184247999956], [29.515851259000044, -19.3159632309999], [29.51585125800011, -19.315744213999892], [29.51585125800011, -19.315633205999973], [29.51590825700015, -19.315578201999926], [29.51637224300015, -19.31513716799992], [29.516895229000056, -19.315631204999875], [29.516954227000156, -19.315631204999875], [29.51701122500009, -19.315631204999875], [29.517070224000065, -19.315631204999875], [29.51712722200017, -19.315576200999942], [29.51724421900019, -19.315521195999906], [29.517301217000067, -19.315465191999976], [29.517417214000034, -19.315410187999873], [29.517476212000076, -19.315410187999873], [29.51753421000012, -19.315410187999873], [29.517591209000102, -19.31535518299995], [29.51765020700003, -19.31535518299995], [29.517707205000136, -19.31529917899985], [29.517938198000138, -19.314638128999945], [29.517938198000138, -19.314472115999877], [29.517938198000138, -19.314308103999906], [29.517938198000138, -19.313976077999882], [29.517879199000106, -19.313039006999873], [29.517879199000106, -19.312872994999907], [29.51793619700004, -19.312708981999947], [29.51793619700004, -19.3126539779999], [29.517993195000145, -19.31254296999998], [29.517993195000145, -19.312432960999843], [29.518052193000074, -19.312376956999913], [29.518052193000074, -19.31232195299998], [29.518110191000062, -19.312266947999944], [29.518516180000177, -19.311936922999905], [29.51857317800011, -19.311880918999975], [29.518632176000153, -19.311880918999975], [29.51874717300018, -19.311825914999872], [29.518806171000108, -19.311825913999883], [29.518922168000188, -19.311823913999888], [29.520082135000166, -19.311821912999903], [29.520778114999985, -19.31126887099998], [29.52106810700019, -19.311158861999957], [29.521241102000033, -19.311102857999913], [29.521329099000127, -19.31106685499998]]]]}}, {"type": "Feature", "properties": {"GID_3": "ZWE.10.5.19_2", "GID_0": "ZWE", "COUNTRY": "Zimbabwe", "GID_1": "ZWE.10_1", "NAME_1": "Midlands", "NL_NAME_1": "NA", "GID_2": "ZWE.10.5_2", "NAME_2": "Gweru", "NL_NAME_2": "NA", "NAME_3": "Ward 9", "VARNAME_3": "NA", "NL_NAME_3": "NA", "TYPE_3": "Ward", "ENGTYPE_3": "Ward", "CC_3": "NA", "HASC_3": "NA", "id": "ZWE.10.5.19_2", "name": "Ward 9"}, "geometry": {"type": "MultiPolygon", "coordinates": [[[[29.908381872000064, -19.222625173999973], [29.908474046000038, -19.2229518929999], [29.89897332700008, -19.238374071999885], [29.89897332700008, -19.23854208499995], [29.898885330000155, -19.238708097999904], [29.898674344000085, -19.24995395399992], [29.898674344000085, -19.25012196599988], [29.899002335000148, -19.25060700299997], [29.898460379000085, -19.291015075999894], [29.84879482200006, -19.335732504999953], [29.824981668000078, -19.35869041199993], [29.82531269800012, -19.357699574999856], [29.715406799999982, -19.286197567999977], [29.671670274000178, -19.280921068999874], [29.64294923800003, -19.29529808899997], [29.64202458000011, -19.293196478999903], [29.61202764900014, -19.25555750899997], [29.601958483000146, -19.23835760099996], [29.559733995000045, -19.214840937999895], [29.524512191000042, -19.167259531999946], [29.525542868000173, -19.16760393599992], [29.527365816000156, -19.167607934999978], [29.53395162900017, -19.167622930999983], [29.544388334000132, -19.168040955999857], [29.552254110000092, -19.167365898999947], [29.552302109000095, -19.167376899999965], [29.559062918, -19.16907902499986], [29.559062918, -19.169021019999946], [29.574083494999968, -19.172506274999932], [29.581777278, -19.17409739099986], [29.582626254000104, -19.174272403999964], [29.58270625200015, -19.17423440099998], [29.584485202000053, -19.174673432999896], [29.591487004000157, -19.17639755999994], [29.59190699300018, -19.176500566999835], [29.591845993999982, -19.176443562999907], [29.606287587000054, -19.179520787999877], [29.606287587000054, -19.17957979199997], [29.61440335900005, -19.18192896499994], [29.623770095000054, -19.18445915199993], [29.626478019000103, -19.1851912059999], [29.644240510000145, -19.17885671099998], [29.66867181000009, -19.169742], [29.668732809000062, -19.169742], [29.674330649000126, -19.16784685199997], [29.684315362000177, -19.1631294849999], [29.69819296300011, -19.156572975999836], [29.69825396200008, -19.156572975999836], [29.69825396200008, -19.15663198099992], [29.70233284400007, -19.154514816999892], [29.729169074000026, -19.14233386999996], [29.736185888000136, -19.159011136999936], [29.749567505000186, -19.154562788999954], [29.749687500999983, -19.154470781999976], [29.75236542500005, -19.15359571299996], [29.752476422000086, -19.153558709999913], [29.755705351000188, -19.181410829999948], [29.761871172999975, -19.17811457499988], [29.79111433200012, -19.16216433999989], [29.79671217100008, -19.15911010399998], [29.832512151000117, -19.152109546999895], [29.840918911000074, -19.150408411999933], [29.851006624000092, -19.149673348999954], [29.861516325000082, -19.148605260999943], [29.86152732400018, -19.14746617399993], [29.86032235700003, -19.145715041999836], [29.860410355000056, -19.145681038999953], [29.86018636100016, -19.14539101699995], [29.87343898200004, -19.14071365199993], [29.889986508000163, -19.13487119599995], [29.890575491000163, -19.134444162999955], [29.904199098000163, -19.124557399999844], [29.925473483000133, -19.10895419699989], [29.93787114800017, -19.132760003999977], [29.938405134000107, -19.133786081999972], [29.938779123000074, -19.133868087999872], [29.91661977100017, -19.1604911309999], [29.914979819000166, -19.162461281999867], [29.911879909, -19.165309500999967], [29.911702914000045, -19.165391507999914], [29.91161491600019, -19.165475513999866], [29.91134992400015, -19.16564352699993], [29.91108493200005, -19.16572653399993], [29.910994934000087, -19.16581053999994], [29.90686805400003, -19.169745842999873], [29.906780057000105, -19.169745842999873], [29.88134078000013, -19.172037033999914], [29.885568662000026, -19.17532028099987], [29.885656660000052, -19.17540328699988], [29.88609764800009, -19.17574131299989], [29.886537635000025, -19.175993331999962], [29.886890625000092, -19.176246350999918], [29.887066621000088, -19.17633035699987], [29.887066621000088, -19.17641436299988], [29.88715361800007, -19.176498369999933], [29.887329613000134, -19.176582375999942], [29.887506608000137, -19.176750388999892], [29.887594606000164, -19.176836394999896], [29.887859598000034, -19.17700440799996], [29.88803559400003, -19.17717242099991], [29.88821058900004, -19.177339432999872], [29.888300586000128, -19.177339432999872], [29.888298586000133, -19.17742343899988], [29.888387584000043, -19.17750944599993], [29.888386584000102, -19.17759345199994], [29.888475582000012, -19.177677458999938], [29.88970254900005, -19.180364662999978], [29.889791546000026, -19.180364662999978], [29.88978954600003, -19.180532674999938], [29.88996754100009, -19.180700687999888], [29.890230534000125, -19.181038713999953], [29.8904955270001, -19.18129073299997], [29.894283422000058, -19.184404966999978], [29.89437141900015, -19.184404966999978], [29.89454641400016, -19.184572979999928], [29.89463441200013, -19.184656985999936], [29.894811407000134, -19.18490900499995], [29.895075400000053, -19.185246030999906], [29.89710034400008, -19.187180176999902], [29.89710034400008, -19.18726418299991], [29.89753933200018, -19.188273259999846], [29.897449333999987, -19.188273259999846], [29.897272340000086, -19.18843927299997], [29.89656036100007, -19.18994838799989], [29.896648359000096, -19.190118400999836], [29.896648359000096, -19.190286413999956], [29.896648359000096, -19.19045342599992], [29.89673635600019, -19.19062143899987], [29.896736357000066, -19.190789451999933], [29.89682435400016, -19.19104147099989], [29.896911352000075, -19.191209483999955], [29.89690935200008, -19.191377496999905], [29.8969993500001, -19.191461502999857], [29.896997350000106, -19.191544508999982], [29.897087346999967, -19.19162851599998], [29.89717334500017, -19.191880534999882], [29.897262342000147, -19.192048547999946], [29.897350340000173, -19.192216559999963], [29.897526335000066, -19.192386572999908], [29.89761333300015, -19.192469578999862], [29.89761333300015, -19.192553585999974], [29.897701330000075, -19.192637591999983], [29.897876326000187, -19.192805604999933], [29.898054321000075, -19.192889610999885], [29.89814231800017, -19.193057623999948], [29.898229316000084, -19.193057623999948], [29.89831731300012, -19.193143629999952], [29.89831731300012, -19.19322763699995], [29.898407311000142, -19.19322763699995], [29.898405311000147, -19.193478655999968], [29.898405311000147, -19.19364666799993], [29.898403311000152, -19.193898687999877], [29.898403312000084, -19.19415070699995], [29.898403312000084, -19.1943187199999], [29.898313314000063, -19.19440272599985], [29.89822631700008, -19.194568738999976], [29.898136320000162, -19.194735751999872], [29.898136320000162, -19.194903763999832], [29.898046322000027, -19.194987770999944], [29.89804632300013, -19.195239789999903], [29.89813032100011, -19.196498885999915], [29.898308316, -19.19658489199992], [29.898308316, -19.19675190499987], [29.89839531400014, -19.196835910999823], [29.898483311, -19.196835910999823], [29.898571309000033, -19.196919917999935], [29.898658306000186, -19.197087929999896], [29.898836302000177, -19.19725594299996], [29.89909929400011, -19.197423955999966], [29.899364287000083, -19.19759396799992], [29.899540281999975, -19.197677974999863], [29.89962927900018, -19.197760980999874], [29.89971727700015, -19.197844986999826], [29.899893272000043, -19.197928993999938], [29.900070267000046, -19.198015], [29.900070267000046, -19.19809900599995], [29.900158265000073, -19.19818301299989], [29.900158265000073, -19.198267018999843], [29.900245262000055, -19.198351024999965], [29.90033326000008, -19.198519037999972], [29.90033326000008, -19.198603044999913], [29.90033326000008, -19.198687050999865], [29.90042125800005, -19.198770056999876], [29.900419258000056, -19.19902207599995], [29.900507256000083, -19.1991900889999], [29.900507256000083, -19.199358101999962], [29.900507256000083, -19.199526114999912], [29.900507256000083, -19.199694127999976], [29.900593254000057, -19.199945146999937], [29.900591254000062, -19.200952222999945], [29.900591254000062, -19.201036229999886], [29.90084824900015, -19.202959375999967], [29.901026244000036, -19.203211394999926], [29.901201239000045, -19.203463413999827], [29.90208221400019, -19.204136464999976], [29.90225820900008, -19.204222470999923], [29.902523202000054, -19.204306476999932], [29.90393416300003, -19.205231546999926], [29.904022160000125, -19.205484565999882], [29.904110158000094, -19.205568571999834], [29.904110158000094, -19.205652578999945], [29.90357217500008, -19.20825277699987], [29.903482178, -19.208504795999943], [29.90339318000008, -19.208588802999884], [29.903305183000043, -19.20883982199996], [29.903215186000125, -19.208923827999968], [29.90205922000007, -19.21135401399988], [29.90197222300003, -19.21143802099982], [29.90197222300003, -19.211522026999944], [29.901882225000065, -19.21169003999995], [29.90188222600017, -19.211942058999966], [29.901792228000147, -19.212193077999927], [29.90178723000008, -19.214040218999912], [29.90178723000008, -19.214208231999976], [29.901874228, -19.21437524399994], [29.901874228, -19.21454325699989], [29.901874228, -19.214627262999898], [29.90196222500009, -19.21479527599996], [29.90196022600003, -19.21496328899991], [29.902048223000122, -19.21504729499992], [29.902048223000122, -19.21521530799987], [29.903017196000064, -19.216056371999912], [29.90310519400009, -19.216140377999977], [29.903282189000095, -19.21614237799986], [29.90337018600013, -19.21622638399998], [29.90345918400004, -19.21622638399998], [29.903547181000135, -19.21622638399998], [29.90372417600014, -19.21622638399998], [29.90487314400019, -19.215978363999966], [29.90549112600013, -19.215978363999966], [29.905756119000102, -19.21598036399996], [29.905889115000093, -19.21602236699988], [29.90602111100003, -19.216063369999972], [29.90707808200017, -19.217324464999876], [29.907076082000174, -19.21749247799994], [29.907076083000106, -19.21799651699996], [29.908381872000064, -19.222625173999973]]]]}}]}