{"type": "FeatureCollection", "features": [{"type": "Feature", "properties": {"GID_3": "ZWE.10.13.1_2", "GID_0": "ZWE", "COUNTRY": "Zimbabwe", "GID_1": "ZWE.10_1", "NAME_1": "Midlands", "NL_NAME_1": "NA", "GID_2": "ZWE.10.13_2", "NAME_2": "Zvishavane", "NL_NAME_2": "NA", "NAME_3": "Ward 1", "VARNAME_3": "NA", "NL_NAME_3": "NA", "TYPE_3": "Ward", "ENGTYPE_3": "Ward", "CC_3": "NA", "HASC_3": "NA", "id": "ZWE.10.13.1_2", "name": "Ward 1"}, "geometry": {"type": "MultiPolygon", "coordinates": [[[[29.991180234000126, -19.969704252999975], [30.000317969000093, -19.963096750999966], [30.001031948000104, -19.963104751999822], [30.03333301000015, -19.939403952999896], [30.047447605000116, -19.934837600999913], [30.048616572000128, -19.935161624999978], [30.05950726300017, -19.93818484499991], [30.07800174000016, -19.943209209999964], [30.091897344000074, -19.943919253999923], [30.117319624000118, -19.95085875799998], [30.117319624000118, -19.95092176299994], [30.14334088700008, -19.958595321999894], [30.144696850000116, -19.960380454999893], [30.14469485000012, -19.960462460999963], [30.144684852000182, -19.962591620999888], [30.14455585600018, -19.962835638999934], [30.144352863000165, -19.96430974999987], [30.144287865000138, -19.964370754999948], [30.144287865000138, -19.964493763999883], [30.14422186700017, -19.96461777299993], [30.14422186700017, -19.964739781999924], [30.14336689300012, -19.967010952999885], [30.143235897000125, -19.967193966999957], [30.143170899000097, -19.967376980999973], [30.143038902000058, -19.967561994999926], [30.143038902000058, -19.9676229989999], [30.14297390400003, -19.967685003999975], [30.14297390400003, -19.967808012999967], [30.142842908000034, -19.967931021999902], [30.142842908000034, -19.96799202699998], [30.142777910000177, -19.968053031999943], [30.142777910000177, -19.968177040999933], [30.14264591400007, -19.96829904999987], [30.14264591400007, -19.968421058999866], [30.142580916000043, -19.968421058999866], [30.142580916000043, -19.968482063999943], [30.14251691800007, -19.968482063999943], [30.142514918000074, -19.968606072999876], [30.14244992, -19.968606072999876], [30.142319924000105, -19.968728082999974], [30.142319924000105, -19.968789086999948], [30.14212392900015, -19.96885009199991], [30.141863937000096, -19.96903310599987], [30.141669943000068, -19.969094109999958], [30.141602944000113, -19.96915511499992], [30.14147294800017, -19.96915511499992], [30.141407950000144, -19.969216119999942], [30.14114895800003, -19.969277123999973], [30.141081959000076, -19.96933812899988], [30.140952963000075, -19.96933812899988], [30.140887965, -19.969399133999957], [30.140301982000096, -19.96952114299995], [30.140107987000135, -19.96952114299995], [30.140042989000108, -19.969582147999915], [30.139912993000166, -19.969582147999915], [30.13984799500014, -19.969643152999822], [30.139457005999986, -19.969704157999956], [30.139457005999986, -19.969765161999874], [30.13939200800013, -19.96982616699995], [30.139327010000102, -19.96982616699995], [30.139131016000192, -19.970073184999876], [30.139001019000034, -19.970134189999953], [30.139001019000034, -19.970195194999917], [30.138805025000124, -19.970439212999963], [30.138805025000124, -19.970563221999896], [30.138608031, -19.97080724099993], [30.138608031, -19.97093124999998], [30.138477035, -19.971114263999937], [30.138477035, -19.971238272999983], [30.138412037000137, -19.97129927799989], [30.138410037000142, -19.97142128699994], [30.13828004100003, -19.971606300999895], [30.138278041000092, -19.971728309999946], [30.13821404300012, -19.97178931499991], [30.13821404300012, -19.971974328999977], [30.138149045000034, -19.97203533299995], [30.13814704500004, -19.97221834699991], [30.138082047000182, -19.972342355999956], [30.138082047000182, -19.972464364999837], [30.13801504900016, -19.972586374999878], [30.138013050000097, -19.97319541999991], [30.137754057000052, -19.97319541999991], [30.1332141850001, -19.971465293999927], [30.131332239000187, -19.971091266999906], [30.131332239000187, -19.971030261999942], [30.12795433500014, -19.97132928699989], [30.126396380000074, -19.971326286999897], [30.126396380000074, -19.971265282999923], [30.125228413000173, -19.970832250999877], [30.12425944000006, -19.969792173999963], [30.123285467000187, -19.969668164999916], [30.12322046900016, -19.969729169999937], [30.123155471000075, -19.969729169999937], [30.123155471000075, -19.969790173999968], [30.12282948, -19.969851178999875], [30.12282948, -19.969912183999952], [30.122699484000123, -19.969912183999952], [30.122634486000038, -19.969973187999926], [30.122570488000065, -19.969973187999926], [30.122438492000185, -19.97009519799991], [30.12230849499997, -19.97009519799991], [30.12178751000016, -19.970279211999866], [30.121463520000134, -19.97027721199987], [30.12133452300003, -19.97033821699995], [30.120489547000147, -19.970336216999954], [30.120164557000066, -19.970151202999944], [30.119842565000056, -19.969783175999964], [30.11932558000018, -19.96935214399997], [30.11926058200015, -19.969228134999923], [30.119131585000048, -19.96916712999996], [30.119131585000048, -19.969105125999874], [30.118806594000034, -19.968797102999872], [30.118225611000014, -19.96842607499991], [30.118160612000054, -19.96842607499991], [30.118095614000026, -19.968365070999937], [30.117382634000023, -19.968117052999958], [30.117317636000166, -19.968056047999937], [30.117252638000082, -19.968056047999937], [30.117187640000054, -19.967995043999963], [30.11712264199997, -19.967995043999963], [30.117057644000113, -19.96793203899989], [30.116668655000183, -19.967808029999958], [30.11647466000005, -19.967808029999958], [30.116409662000137, -19.967747024999937], [30.115825679000068, -19.967685020999966], [30.115825678000135, -19.96762301599989], [30.111865791000184, -19.967121980999934], [30.111204810000118, -19.96693696799997], [30.109905847000164, -19.96705697799996], [30.109773851000114, -19.967239991999918], [30.109773851000114, -19.967300995999892], [30.10970885300003, -19.96736200099997], [30.109706853000034, -19.967669023999974], [30.109641855000177, -19.967732028999876], [30.109640855000123, -19.96810005599997], [30.10951085900018, -19.968222064999907], [30.109508859000186, -19.968283069999927], [30.10898787400015, -19.96865209799995], [30.108791880000126, -19.968896115999826], [30.108531888000073, -19.96908112999995], [30.108074901, -19.969508162999944], [30.10781490800008, -19.96963017199988], [30.107747910000057, -19.969754180999928], [30.107618914000057, -19.96981518599995], [30.107421920000093, -19.970059203999938], [30.107030931000168, -19.970366227999875], [30.106378950000135, -19.971164287999898], [30.106378950000135, -19.971225292999975], [30.106182956000055, -19.971408305999944], [30.106117958000027, -19.971408305999944], [30.10559697300016, -19.971776333999912], [30.10546497700011, -19.971774333999917], [30.105400979000137, -19.971835338999938], [30.104558003000193, -19.971833338999943], [30.1042960100001, -19.97177233499997], [30.103842023000084, -19.971770334999974], [30.103064045000053, -19.971585321999953], [30.10280505300011, -19.971583321999958], [30.101117100000124, -19.971150289999912], [30.10092410600015, -19.971026280999865], [30.100340122000148, -19.9708412679999], [30.099627142000145, -19.970532244999845], [30.099432148000176, -19.97040823599997], [30.098849164000057, -19.97022322199996], [30.097357207000186, -19.96954417199987], [30.096644227000183, -19.96929615399995], [30.09586824900009, -19.968926126999975], [30.093667310000114, -19.96744601699993], [30.093405318000123, -19.96744601699993], [30.093342319000158, -19.967385012999955], [30.093211323000162, -19.967385012999955], [30.09178636300004, -19.966827971999862], [30.087832475000084, -19.965158849999966], [30.08556453900019, -19.964109771999915], [30.083939585000053, -19.964166777999935], [30.08147165600002, -19.96416177899988], [30.08134165900003, -19.964222783999958], [30.08101766900006, -19.964220783999963], [30.080496684000025, -19.96440379799992], [30.080431686000168, -19.964464801999895], [30.08036768700009, -19.964464801999895], [30.079911701000185, -19.96477182599989], [30.079844703000163, -19.96489383499994], [30.07964970800009, -19.965015843999936], [30.079386715999988, -19.96544487599982], [30.07932171800013, -19.96544487599982], [30.079127724000102, -19.96569089499991], [30.079062725000142, -19.96569089499991], [30.079060726000023, -19.96581290399996], [30.078408745, -19.966425950999906], [30.077822762000096, -19.966730973999915], [30.077561769000113, -19.966913987999874], [30.077366775000144, -19.966913987999874], [30.07723777800004, -19.96697499299995], [30.0771077820001, -19.96697499299995], [30.076975786, -19.967035996999925], [30.07684679000016, -19.967035996999925], [30.07678179100003, -19.96709700199989], [30.076651795000146, -19.96709700199989], [30.076521799000034, -19.967158006999966], [30.076392803000033, -19.967158006999966], [30.076066812000136, -19.96728001599996], [30.075936816000024, -19.967278015999966], [30.075871818000167, -19.967341020999925], [30.075741821000122, -19.96733902099993], [30.075610825000126, -19.96740002499996], [30.07548082900007, -19.96740002599995], [30.075415831000157, -19.967461029999924], [30.07528583400017, -19.967461029999924], [30.07515683800017, -19.967522034999888], [30.07496184400003, -19.967522034999888], [30.0748308470001, -19.967583039999965], [30.07463585300013, -19.967583039999965], [30.07431186200006, -19.967706048999958], [30.07340188800009, -19.967826058999947], [30.073205894000182, -19.967887062999978], [30.073010900000043, -19.967885062999926], [30.072880903000055, -19.96794606799989], [30.07268690900014, -19.96794606799989], [30.07190493100012, -19.968251091999946], [30.071839933000092, -19.968312095999977], [30.071774935000178, -19.968312095999977], [30.071774935000178, -19.968373100999884], [30.07157994100004, -19.968373100999884], [30.071383946000083, -19.968495109999935], [30.071188952000114, -19.968495109999935], [30.071059956000113, -19.968556114999956], [30.07086496100004, -19.968556114999956], [30.07079796300019, -19.96861711999992], [30.070668967000188, -19.96861711999992], [30.070603969000103, -19.968678123999894], [30.070538971000076, -19.968678124999883], [30.07047397300005, -19.96873912899997], [30.070408974000088, -19.96873912899997], [30.07021298000018, -19.968861137999966], [30.070082984000067, -19.968861138999955], [30.069952988000182, -19.96892214299993], [30.069823991000078, -19.968920142999934], [30.06969199500014, -19.96904415299997], [30.069561999000086, -19.969043152999916], [30.069498001000113, -19.969105156999888], [30.06936800400007, -19.96910415699989], [30.068912017000116, -19.969287170999962], [30.06884701900003, -19.969348175999926], [30.068523029000062, -19.96940918099989], [30.06845603100004, -19.969470184999977], [30.06839103200008, -19.969470184999977], [30.068327034000106, -19.969531189999884], [30.06826203600008, -19.969531189999884], [30.068197038, -19.96959219499996], [30.068002044000025, -19.96959219499996], [30.06774105100004, -19.969838212999946], [30.06773505200016, -19.971003300999826], [30.067800050000187, -19.971066304999965], [30.06779605100013, -19.971617346999892], [30.067861048999987, -19.97180235999997], [30.067859050000095, -19.97211038399996], [30.067794051000135, -19.972171387999936], [30.0677280540001, -19.972539415999904], [30.06766305500014, -19.97260041999988], [30.067661056000077, -19.97284643899991], [30.06759605800005, -19.972907442999883], [30.067590058000064, -19.973828512999887], [30.067525060000037, -19.97395052199994], [30.06752406100003, -19.974257544999944], [30.067588059000173, -19.974320548999913], [30.067583060000175, -19.97536462799991], [30.067518062000147, -19.97548663699996], [30.067514062000157, -19.976039677999893], [30.067451064000124, -19.975978673999975], [30.067165076000094, -19.981191064999962], [30.066761089000124, -19.98407728099994], [30.06682408800009, -19.984262294999894], [30.066820089000032, -19.98524536899987], [30.06675309100018, -19.985306372999958], [30.066688093000153, -19.985613396999952], [30.066623094000192, -19.985613396999952], [30.066621095000073, -19.985674400999926], [30.066556096000113, -19.985735405999833], [30.066556097000046, -19.985796409999978], [30.06649209799997, -19.985796409999978], [30.066362102000085, -19.98591841999996], [30.06623010600015, -19.98591841999996], [30.066101110000147, -19.985979423999936], [30.06512613700005, -19.985977424999874], [30.06499614100011, -19.98603842899996], [30.06382717500003, -19.98603442999996], [30.063633180000068, -19.986095434999868], [30.0634381860001, -19.986095434999868], [30.06233221700012, -19.98633745399991], [30.06161623800017, -19.986397458999875], [30.061422243000152, -19.986458462999963], [30.061227249000183, -19.986458462999963], [30.061096253000187, -19.98651946799987], [30.06096625600003, -19.98651946799987], [30.060836260000087, -19.986580472999947], [30.06018627900005, -19.986639477999915], [30.057846346000133, -19.98730852899996], [30.057649352, -19.98730852899996], [30.057325361000096, -19.98749154299992], [30.05719536500004, -19.98749054299992], [30.056999370000085, -19.98761355299996], [30.056219393000106, -19.987917575999973], [30.055893402000038, -19.98797858099988], [30.055568412000127, -19.98810058999993], [30.055501413, -19.98816159499995], [30.05537241700017, -19.98816159499995], [30.055046427000036, -19.988344608999967], [30.05459244000002, -19.98846661799996], [30.053419473000076, -19.98895465599992], [30.053289477000135, -19.98907666499997], [30.053224479000107, -19.98907666499997], [30.053159481000023, -19.989137668999945], [30.053094483000166, -19.989137668999945], [30.053028485000027, -19.98919967399985], [30.05296348700017, -19.98919967399985], [30.05296348700017, -19.989260678999926], [30.052898489000142, -19.989260678999926], [30.05270349400007, -19.989382687999978], [30.052639496000097, -19.989382687999978], [30.052637496000102, -19.98944369299994], [30.052572498000075, -19.98944369299994], [30.048782607000078, -19.991459845999884], [30.04786663400006, -19.992500924999945], [30.047670640000035, -19.99280794799995], [30.0475386440001, -19.993175975999975], [30.04747364600007, -19.99323697999995], [30.04747364600007, -19.993297984999913], [30.047277652, -19.99348299899998], [30.047277652, -19.993544002999954], [30.04714565600011, -19.993728016999967], [30.04701666000011, -19.993789021999874], [30.046951662000026, -19.993974035999884], [30.046819665000044, -19.99403504099996], [30.046558673000106, -19.99434006399997], [30.046558673000106, -19.994403067999883], [30.04649367500008, -19.99440106799989], [30.04603768800007, -19.994647086999976], [30.045972690000042, -19.994645086999924], [30.045972690000042, -19.994708091999883], [30.045127714000103, -19.994704091999893], [30.044933720000074, -19.994582082999955], [30.04467572700014, -19.994273059999955], [30.044221739000193, -19.99414905099991], [30.04396274700008, -19.994027041999857], [30.043247767000082, -19.994025041999976], [30.04311777099997, -19.99408604699994], [30.042858778000152, -19.994084046999944], [30.042532788000187, -19.99420605599994], [30.042402790999972, -19.99420605599994], [30.042272795000088, -19.994267060999903], [30.042142799000146, -19.994267060999903], [30.042076801000178, -19.99432806599998], [30.041881806000163, -19.99432806599998], [30.04181680800008, -19.994389069999954], [30.041687812000077, -19.99438706999996], [30.04162281400005, -19.99445007499986], [30.041360821000126, -19.994449074999977], [30.041231825000068, -19.99451007999994], [30.04077783800011, -19.994508079999946], [30.040515845000186, -19.994569084999853], [30.040451847000043, -19.99463008899994], [30.040256853000074, -19.99463008899994], [30.040060859, -19.99475209899998], [30.03986586400015, -19.99475209899998], [30.03940987700014, -19.994996116999914], [30.03921588300011, -19.99505712199982], [30.0387598960001, -19.99536214499983], [30.0387598960001, -19.995423149999908], [30.03869289800008, -19.995423149999908], [30.03869289800008, -19.99548615499998], [30.03862790000005, -19.995484153999882], [30.03830191000003, -19.995791177999877], [30.03823691100007, -19.995791177999877], [30.038040917000046, -19.99597419199995], [30.038040917000046, -19.996035195999923], [30.03797591900019, -19.996035195999923], [30.03797591900019, -19.996096200999887], [30.037845923000077, -19.996220209999933], [30.03778092500005, -19.996220209999933], [30.03771492700008, -19.996281214999954], [30.03771492700008, -19.996343218999982], [30.036279968000088, -19.997443302999898], [30.036212970000065, -19.997628316999908], [30.036148972000092, -19.997628316999908], [30.036148972000092, -19.997750325999903], [30.036083974000064, -19.997750325999903], [30.03608197400007, -19.997935339999913], [30.036016975999985, -19.99799634399983], [30.036014977000093, -19.998240362999923], [30.035949978000133, -19.998240362999923], [30.035949978000133, -19.998425376999876], [30.035884980000105, -19.998425376999876], [30.035818982000137, -19.99873239999988], [30.03575398400011, -19.99879340399997], [30.035751984000115, -19.998916413999837], [30.03555499000015, -19.99922343699984], [30.035488992000182, -19.999530459999903], [30.03535899600007, -19.999530459999903], [30.035360996000065, -19.99940644999998], [30.035295998000038, -19.999345445999893], [30.035295998000038, -19.99916043199994], [30.035230999000078, -19.999099427999965], [30.035232999000073, -19.998853408999935], [30.035168000999988, -19.99879240499996], [30.035170000999983, -19.99854638599993], [30.035105003000126, -19.99848438199996], [30.03510700200019, -19.998055348999912], [30.035044004000156, -19.99787033599995], [30.035044004000156, -19.997563312999944], [30.03498100500019, -19.997439302999908], [30.03498100500019, -19.997195284999975], [30.034854009000128, -19.996886261999975], [30.034726012000135, -19.99670324799996], [30.03472801200013, -19.996333220999873], [30.034663014000046, -19.99621121099983], [30.034663014000046, -19.99608920199995], [30.034598015000086, -19.99602619799998], [30.03460001500008, -19.9956581699999], [30.034472018000088, -19.99541215199997], [30.034472018000088, -19.995229137999843], [30.03440902000017, -19.995105128999967], [30.03440902000017, -19.994920114999957], [30.03434402200014, -19.994859109999936], [30.034360019000133, -19.991972893999957], [30.034424017000106, -19.99191188899988], [30.03455801300015, -19.991482856999937], [30.034688009000092, -19.991236838999896], [30.034690009000087, -19.991051824999886], [30.03488600300011, -19.99074580199988], [30.03488600300011, -19.99068479699997], [30.034951001000024, -19.9906217919999], [30.034951001000024, -19.990560787999925], [30.035017999000047, -19.990560787999925], [30.035017999000047, -19.99049978299996], [30.03521199400018, -19.99031676899989], [30.035213994000173, -19.990255764999915], [30.03527899200003, -19.99019475999995], [30.03527899200003, -19.99013175499988], [30.035343990000115, -19.990070750999962], [30.035343990000115, -19.990009745999885], [30.035409988000026, -19.98994874199991], [30.035409988000026, -19.989887736999947], [30.03547498600011, -19.989826732999973], [30.035476985000173, -19.989273690999937], [30.03541398700014, -19.989088676999813], [30.035348989000056, -19.989088676999813], [30.034703007000076, -19.988533635999886], [30.03457301100019, -19.988533635999886], [30.034314018000146, -19.988348621999933], [30.034054025000046, -19.98828761799996], [30.033795033000104, -19.988163608999912], [30.03373203400014, -19.98797859499996], [30.03288705800003, -19.98773057699998], [30.031134108000117, -19.98772657799998], [30.03106911000009, -19.987787582999886], [30.03087511500007, -19.98778558299989], [30.03080811700005, -19.98784658699998], [30.030743119000192, -19.98784658699998], [30.030158136000182, -19.988214614999947], [30.029374159000042, -19.988949670999943], [30.02911216700005, -19.989132684999902], [30.029048169000077, -19.989254693999953], [30.02852718400004, -19.989622721999922], [30.02839518800016, -19.98980573599988], [30.02813419500012, -19.989988748999963], [30.02754621200006, -19.99053979099989], [30.027350218000038, -19.990785809999977], [30.027220222000096, -19.99084681399995], [30.02715522400007, -19.990969823999933], [30.027024228000073, -19.991030827999907], [30.02656624100007, -19.991642873999922], [30.026436245000184, -19.991703878999942], [30.02630524900019, -19.991888892999953], [30.025719266000067, -19.99237692999992], [30.025393275, -19.99255994399988], [30.025326277000147, -19.992683952999926], [30.02513228300012, -19.99274495799989], [30.024609298000087, -19.9933580039999], [30.024087313000166, -19.993785036999896], [30.02402231500008, -19.994031054999937], [30.02395531700006, -19.9940920599999], [30.023955318000162, -19.99427707399991], [30.02388832000014, -19.994399082999905], [30.023886320000145, -19.994952123999838], [30.02382132200006, -19.99501312899997], [30.02382132200006, -19.99507413299989], [30.023690326000064, -19.99519614299993], [30.023690326000064, -19.9952591469999], [30.02356033000018, -19.995257146999847], [30.023495331, -19.995318151999925], [30.022845350000125, -19.99531615199993], [30.022780352000098, -19.995255147999956], [30.022780352000098, -19.99519414299988], [30.022652355000105, -19.995009128999925], [30.022652355000105, -19.99494812499995], [30.022523359000047, -19.99482411499997], [30.022523359000047, -19.994763110999827], [30.02245836100019, -19.99470210599992], [30.02239336200006, -19.99470210599992], [30.02239336200006, -19.994641101999946], [30.02213537, -19.99439308299992], [30.02122939500009, -19.9938990469999], [30.020775408000134, -19.99353101999992], [30.020775408000134, -19.993468014999962], [30.02038841899997, -19.99322199699992], [30.020388418000095, -19.993160991999957], [30.019806435000135, -19.992605950999973], [30.019484444000057, -19.99217491899998], [30.019290449000096, -19.992052909999927], [30.01890246000005, -19.991497868999943], [30.01890445900011, -19.99137585899996], [30.018582468000034, -19.990822817999856], [30.01845247200015, -19.99069880899998], [30.01845247200015, -19.99057679999993], [30.0183244750001, -19.990452790999882], [30.018002484000192, -19.98989974899996], [30.017874488000075, -19.989591725999958], [30.01774549100014, -19.98946771699991], [30.01774549100014, -19.989406712999937], [30.017357502000095, -19.988790666999932], [30.017230504999986, -19.98866865799988], [30.017035511000017, -19.98835963499988], [30.017037510000137, -19.988298629999974], [30.016972512000052, -19.988237624999897], [30.016972512000052, -19.988176620999923], [30.016907514000025, -19.988113615999964], [30.016907514000025, -19.988052611999876], [30.016842516000168, -19.98799160699997], [30.016844516000106, -19.987869597999918], [30.016780517000086, -19.98780659299996], [30.016780517000086, -19.987684583999965], [30.016522524000152, -19.98719254699995], [30.016524524000147, -19.987068537999903], [30.016459526000062, -19.98700753399993], [30.016465525000115, -19.985657431999925], [30.016532522999967, -19.985534422999876], [30.016532522999967, -19.98541141399994], [30.01659652100011, -19.985349408999866], [30.016598521000105, -19.98528840499995], [30.017384497000137, -19.984062311999935], [30.017449496000097, -19.98400130799996], [30.017449496000097, -19.983940302999883], [30.017775486000062, -19.983572274999972], [30.017777486000057, -19.98351127099994], [30.01803647800017, -19.983267251999962], [30.018038478000165, -19.983204246999833], [30.018103476000192, -19.98320624799993], [30.018103476000192, -19.983143242999915], [30.01816847400005, -19.98308223799995], [30.01816847400005, -19.983021233999978], [30.018233472000134, -19.982960228999957], [30.01823547200013, -19.982899223999823], [30.018300470000156, -19.982837219999908], [30.018300470000156, -19.982714210999973], [30.018365468000013, -19.982652205999898], [30.018366468000124, -19.982530196999903], [30.018431467000084, -19.982530196999903], [30.018435466000142, -19.981670131999977], [30.018370468000114, -19.981609127999945], [30.018372467000177, -19.981485117999966], [30.017985478000014, -19.980810067999982], [30.01772748500008, -19.980501044999983], [30.01772748500008, -19.980440039999905], [30.017405494000172, -19.98007001299993], [30.017405494000172, -19.980009007999968], [30.01669651400016, -19.979209948999937], [30.01669651400016, -19.979146943999865], [30.016373522000038, -19.97871791199998], [30.016114530000152, -19.97853289899996], [30.01566254200003, -19.97809986599998], [30.01566254200003, -19.97803886199995], [30.015275553000095, -19.977731838999944], [30.01495056200008, -19.977668834999974], [30.014495575000183, -19.97766683499998], [30.014430577000155, -19.977727838999954], [30.014365579000128, -19.977727838999954], [30.013907592000123, -19.978156871999943], [30.013907592000123, -19.978217875999974], [30.0137115980001, -19.978400889999932], [30.013646600000015, -19.97852489999991], [30.01273262700016, -19.97919795099989], [30.012602630000174, -19.979258954999978], [30.01253863200003, -19.979380963999972], [30.012211642000125, -19.979563977999817], [30.01201564700017, -19.979747991999943], [30.01195064900014, -19.979747991999943], [30.011885651000057, -19.979808996999907], [30.011756655000056, -19.979808996999907], [30.01169165700003, -19.979870001999927], [30.011561659999984, -19.979870001999927], [30.011429664000104, -19.9799310059999], [30.011105674000135, -19.979929005999907], [30.010911679000117, -19.980051015999948], [30.010779683000067, -19.980051015999948], [30.010714684999982, -19.980112019999865], [30.010649687000125, -19.980112019999865], [30.01052069000019, -19.980234029999906], [30.010455692000164, -19.980234029999906], [30.010323696000057, -19.980358038999952], [30.010323696000057, -19.980419043999973], [30.01025869800003, -19.980480047999947], [30.01025869800003, -19.98054105299991], [30.01019270000006, -19.98060205799993], [30.01019270000006, -19.980663061999962], [30.010127702000034, -19.980724066999983], [30.010127702000034, -19.980848075999916], [30.010060704000182, -19.980909080999822], [30.010060704000182, -19.980970084999967], [30.009995706000097, -19.981031089999874], [30.009995706000097, -19.98115509899992], [30.00993070800007, -19.981216103999827], [30.009928708000075, -19.981277107999972], [30.009799712000074, -19.981399117999956], [30.009734714, -19.981399117999956], [30.00940872300015, -19.98164313599989], [30.009343725000065, -19.98164313599989], [30.009278727000037, -19.981705140999964], [30.009081733000073, -19.981766145999927], [30.009017734, -19.981827149999845], [30.008822740000028, -19.981888154999922], [30.008755742000176, -19.981949158999896], [30.00869074400015, -19.981949158999896], [30.008496749000187, -19.982071168999937], [30.008431751000103, -19.982071168999937], [30.00823575700008, -19.982193177999932], [30.00804076300011, -19.982254182999895], [30.00751777800008, -19.982683214999952], [30.007453780000105, -19.9826812149999], [30.007453780000105, -19.982744219999972], [30.00706279100018, -19.983049242999982], [30.00706279100018, -19.983110247999946], [30.00693279500007, -19.98317125199992], [30.006930795000073, -19.98323225699994], [30.006865797000046, -19.9832952619999], [30.006735801000104, -19.983293261999904], [30.006735801000104, -19.983356265999873], [30.006671802000085, -19.98341727099995], [30.006606804, -19.98341727099995], [30.00634481200018, -19.98360028499991], [30.00634481200018, -19.983661288999883], [30.006213816000184, -19.983784298999865], [30.006148818000156, -19.983784298999865], [30.00601882100011, -19.983906307999916], [30.006018822000044, -19.98396731199989], [30.00595182300009, -19.984028316999968], [30.005951824000192, -19.98409132199987], [30.005755829000066, -19.984274335999885], [30.005755829000066, -19.984335339999973], [30.00569083099998, -19.98439634499988], [30.00569083099998, -19.984457348999968], [30.005559835000156, -19.98458135899989], [30.005559835000156, -19.984703367999884], [30.005427839000106, -19.9848863819999], [30.00536284100002, -19.985071395999967], [30.005297843000164, -19.98513239999994], [30.00529584300017, -19.985254408999822], [30.004969853000034, -19.985744445999956], [30.00483885700004, -19.985868455999935], [30.00477385900018, -19.98605146999995], [30.004511866000087, -19.986358492999955], [30.004510866000146, -19.98654250699991], [30.00444586800012, -19.98654250699991], [30.00444586800012, -19.986666515999957], [30.004378870000096, -19.98672751999993], [30.004372871000044, -19.98777059899993], [30.00430787300013, -19.98777059899993], [30.00430787300013, -19.98789260799998], [30.004243874999986, -19.98789260799998], [30.00417887700013, -19.987953611999956], [30.0041138790001, -19.987953612999945], [30.0041138790001, -19.98801461699992], [30.004046881000022, -19.98801461699992], [30.003981883000165, -19.98807562199994], [30.003851886000177, -19.98807562199994], [30.003851886000177, -19.988136625999914], [30.003787888000033, -19.988136625999914], [30.003655892000097, -19.988258635999955], [30.00359089400007, -19.988258635999955], [30.00359089400007, -19.988321639999924], [30.003460898000128, -19.98831963999993], [30.00339689900011, -19.988197630999878], [30.003398899000103, -19.988073621999945], [30.003140906000112, -19.987459575999935], [30.00301290900012, -19.987028543999884], [30.00294991100003, -19.986967538999977], [30.00294991100003, -19.986906534999832], [30.002884913000173, -19.986845529999925], [30.002884913000173, -19.98672152099988], [30.002692918000037, -19.9863534939999], [30.002692918000037, -19.98622948399992], [30.00256492200009, -19.986107474999983], [30.00249992300013, -19.985922460999916], [30.002371927000183, -19.985737447999895], [30.002049935, -19.985061396999924], [30.001792943000055, -19.98469136999995], [30.00179294200018, -19.984569359999966], [30.001664946000062, -19.984384346999946], [30.001664946000062, -19.98426033699991], [30.001536949000013, -19.984016318999977], [30.001536949000013, -19.98389230999993], [30.001471951000156, -19.98383130499991], [30.00147395100015, -19.9836462909999], [30.001408953000123, -19.983585286999983], [30.001408953000123, -19.98346327799993], [30.001343954000163, -19.983400272999972], [30.0013459540001, -19.983217258999844], [30.001280956000073, -19.983154254999874], [30.001280956000073, -19.98303224599988], [30.001023963000023, -19.982662217999916], [30.001023963000023, -19.982601212999953], [30.000701972000115, -19.982294190999937], [30.000636974000088, -19.982294190999937], [30.000636974000088, -19.98223118599998], [30.00057197600006, -19.98223118599998], [30.0005069770001, -19.982170180999958], [30.000441979000186, -19.982170180999958], [30.000247985000158, -19.98204617199991], [29.99816104200005, -19.979468979999865], [29.995840107000106, -19.976912789999915], [29.994020157000193, -19.974545613999908], [29.992904187000192, -19.97179340799994], [29.992700192000086, -19.971129358999974], [29.991563224000174, -19.970153285999913], [29.991491226000107, -19.970090281999944], [29.991180234000126, -19.969704252999975]]]]}}, {"type": "Feature", "properties": {"GID_3": "ZWE.10.13.2_2", "GID_0": "ZWE", "COUNTRY": "Zimbabwe", "GID_1": "ZWE.10_1", "NAME_1": "Midlands", "NL_NAME_1": "NA", "GID_2": "ZWE.10.13_2", "NAME_2": "Zvishavane", "NL_NAME_2": "NA", "NAME_3": "Ward 10", "VARNAME_3": "NA", "NL_NAME_3": "NA", "TYPE_3": "Ward", "ENGTYPE_3": "Ward", "CC_3": "NA", "HASC_3": "NA", "id": "ZWE.10.13.2_2", "name": "Ward 10"}, "geometry": {"type": "MultiPolygon", "coordinates": [[[[30.049879788, -20.28239558399997], [30.04982579000017, -20.282472589999884], [30.039479081000025, -20.276160125999922], [30.031029325000077, -20.279939412999965], [30.030444341000134, -20.278853332999915], [30.030444341000134, -20.27877532699995], [30.02756741900015, -20.272800883999878], [30.02481749500015, -20.268928596999956], [30.020016630000043, -20.26668243299997], [30.016816720000122, -20.265049312999963], [30.01499677200019, -20.26457027899994], [30.013011828000117, -20.263859226999898], [30.012129853000033, -20.263605208999934], [30.01196385800006, -20.263477198999908], [30.010935886000084, -20.26192608399998], [30.011973856000168, -20.260933009999974], [30.011962855000093, -20.259349891999932], [30.01230784300003, -20.257451749999973], [30.01281682700005, -20.255526605999933], [30.012965822000183, -20.253268437999964], [30.013232813000172, -20.252175355999952], [30.014927764000163, -20.25065724199993], [30.016570716000047, -20.24952815699993], [30.01746069000012, -20.24972417099991], [30.021536570000023, -20.244812801999956], [30.021824560000084, -20.242374619999964], [30.021260576000145, -20.241640564999955], [30.019810617000132, -20.241676568999935], [30.01970362100019, -20.24174357399994], [30.015990727000087, -20.242048598999872], [30.015530740000145, -20.24194959199997], [30.015034754000112, -20.24191658999996], [30.011288861000082, -20.241253542999914], [30.009413914000106, -20.24105452999987], [30.009379915000068, -20.241022526999814], [30.00913192200005, -20.24105452999987], [30.007964956000137, -20.24142455799995], [30.007575967000037, -20.241590570999904], [30.006054011, -20.242538641999943], [30.006200004000107, -20.238722357999904], [30.006911982000076, -20.23678621299996], [30.00684498300012, -20.234949075999907], [30.006989977000046, -20.23254589699991], [30.006707985000162, -20.232312879999938], [30.005966006000108, -20.231879847999892], [30.006249997000054, -20.231444814999975], [30.00621399800019, -20.231244799999843], [30.00603800300013, -20.23094477799998], [30.004839036000135, -20.230044711999938], [30.00399206000003, -20.229109641999912], [30.003891061000104, -20.226144420999958], [30.004352047000054, -20.225009335999857], [30.00435204600018, -20.224841323999897], [30.00385806000014, -20.22450729899998], [30.003433072000178, -20.22454130199992], [30.00258409700018, -20.225211352999963], [30.00222910700012, -20.225344362999977], [30.001876118000098, -20.225379365999913], [30.001770121000163, -20.225278357999912], [30.001699122000048, -20.225045340999884], [30.001701122000043, -20.224644310999963], [30.001878117, -20.22431128599993], [30.001915116000134, -20.224110270999972], [30.002267105000044, -20.22367523799994], [30.00234010300005, -20.223441220999973], [30.002481099000192, -20.223307210999963], [30.002552096999977, -20.223141197999894], [30.00265809400014, -20.223040190999825], [30.002802089000056, -20.222573155999896], [30.003194076000113, -20.22010297099996], [30.00432704300016, -20.219165900999883], [30.00432704300016, -20.219099895999932], [30.004539037000086, -20.218832875999965], [30.004894026000045, -20.21823183099997], [30.004930025000135, -20.21823183099997], [30.005178018000095, -20.21769779099992], [30.004827026000044, -20.21612767399995], [30.003313068000182, -20.213359467999965], [30.003313068000182, -20.213226457999895], [30.003881050000075, -20.21175534799994], [30.004524029000095, -20.20848410399998], [30.004558028000133, -20.20848410399998], [30.00753593999997, -20.204108774999895], [30.00796292700005, -20.20303869499992], [30.01030485600012, -20.19773229799989], [30.01030485600012, -20.197632289999945], [30.01172581300017, -20.193759], [30.017474640000046, -20.181499080999856], [30.0190005930001, -20.17775880099998], [30.019106590000092, -20.1768237309999], [30.01971157100013, -20.175023595999903], [30.022225497000136, -20.172551409999983], [30.021838508000144, -20.17168334499985], [30.021519517000115, -20.171282315999974], [30.02095553200013, -20.17081728099987], [30.019404575000124, -20.168782129999954], [30.01933357700011, -20.168349097999908], [30.0194805700001, -20.16457581599991], [30.019517569000072, -20.16454181399996], [30.01909957800018, -20.16036950199998], [30.017617619000077, -20.15910340899984], [30.014226715000177, -20.15830735199995], [30.014226715000177, -20.1582733489999], [30.009282854000105, -20.15540813799987], [30.007519903000173, -20.153374987999882], [30.00713491300013, -20.151305832999924], [30.007266906000098, -20.147961582999983], [30.009049855000114, -20.147881575999918], [30.010470815000076, -20.148695635999957], [30.010520814000017, -20.148766640999952], [30.013108741000053, -20.149987730999953], [30.015568671000153, -20.1506077759999], [30.01699163100011, -20.15067777999991], [30.01876957900015, -20.14995472499993], [30.020802520000075, -20.14813158699991], [30.02139050200003, -20.146475462999945], [30.021596495000097, -20.14503535499989], [30.022969454000133, -20.1429241969999], [30.023833429000092, -20.14239515699984], [30.02522939000005, -20.142418156999952], [30.027386327999977, -20.14255816699989], [30.02939727100005, -20.142603168999926], [30.02977826, -20.142531162999887], [30.03099722500008, -20.141978120999966], [30.031582207000156, -20.141474082999935], [30.032345185000054, -20.14063301899995], [30.035733083000025, -20.133197461999885], [30.037211038, -20.128831133999938], [30.037877016000095, -20.125183860999982], [30.038614994, -20.123816758999908], [30.042196891000174, -20.12290068799996], [30.044708819, -20.122753674999956], [30.043563853000137, -20.12488883599997], [30.043178866000176, -20.12702299499989], [30.04338286000018, -20.12740602399998], [30.043991843000185, -20.127958064999973], [30.044675824000024, -20.12812407699988], [30.044494830000133, -20.129491178999842], [30.04393384800011, -20.131698343999915], [30.043651857000157, -20.13323345899994], [30.043804852999983, -20.13366449099982], [30.044817825000166, -20.134767572999976], [30.047887738000043, -20.135673638999947], [30.050754657000027, -20.136772718999964], [30.053196588, -20.138015809999956], [30.054107563000173, -20.139379911999924], [30.054184561000113, -20.13961992999998], [30.054485554000053, -20.141682082999978], [30.05526753400011, -20.144747311999936], [30.059778409000046, -20.15066475099991], [30.065280255000175, -20.15489906399995], [30.067867183000146, -20.15743625199991], [30.068855156000097, -20.159017368999912], [30.07365002199998, -20.162317611999924], [30.077334917000144, -20.16348669699994], [30.080203836000123, -20.163721712999973], [30.08380773300013, -20.16337968499988], [30.08596767000006, -20.16251161899993], [30.087769619000028, -20.16272563399997], [30.087769619000028, -20.162845642999855], [30.087336632000188, -20.164236746999848], [30.085324694000178, -20.170090184999935], [30.084990705000166, -20.17229734999995], [30.084277727000142, -20.17376245999992], [30.08295576500018, -20.175274573999957], [30.07972885900017, -20.177414735999946], [30.078532895000137, -20.179070859999854], [30.07787291400018, -20.179455888999826], [30.07601696800009, -20.181135015999928], [30.07187408800013, -20.183563199999924], [30.061754382, -20.19050972499997], [30.057457507000038, -20.193225929999983], [30.060781413000086, -20.194874050999942], [30.062179373000106, -20.19472903899998], [30.063755327000138, -20.194103991999896], [30.06459230400003, -20.194101990999968], [30.065074290000098, -20.194438015999822], [30.06542928000016, -20.194844045999844], [30.065683273000104, -20.19549009399998], [30.06580927000016, -20.19568310799997], [30.06593526600011, -20.195754112999907], [30.06621525800017, -20.19577811499994], [30.067232229000012, -20.1954160869999], [30.069263171000046, -20.19459802499989], [30.069492164000053, -20.19459802499989], [30.07025514200012, -20.194716032999906], [30.071167117000186, -20.195458087999953], [30.07160010500013, -20.19572110699994], [30.072969066000155, -20.19629514899998], [30.073705045, -20.196509164999952], [30.07594598100019, -20.196433157999877], [30.07706195000003, -20.19719921399991], [30.077975924000157, -20.197198212999922], [30.078280915000107, -20.197102205999897], [30.07848490900011, -20.197100205999902], [30.07901689400012, -20.197316221999927], [30.079829871000186, -20.197962268999902], [30.080311858000186, -20.198105279999936], [30.081200832000036, -20.19810427899995], [30.081646820000117, -20.198662319999926], [30.081355833000146, -20.205538833999924], [30.080719870000166, -20.230975730999944], [30.08056788100015, -20.239752385999964], [30.057413537000116, -20.233277917999942], [30.04598687500004, -20.248278043999903], [30.046810851000032, -20.248837084999877], [30.047237840000093, -20.24982515899984], [30.0485078050001, -20.251401274999864], [30.050184760000036, -20.255648590999897], [30.051593723000167, -20.259486875999983], [30.053091683000105, -20.263271156999906], [30.048198832000026, -20.27644214099996], [30.049057808000043, -20.276700159999905], [30.049430798000174, -20.277472216999968], [30.04950379600018, -20.27777023999994], [30.049964783000064, -20.278674306999847], [30.04998478300007, -20.278937325999948], [30.050321774000167, -20.27963037799998], [30.050939757000037, -20.28049944199995], [30.050994754999977, -20.280780462999928], [30.049879788, -20.28239558399997]]]]}}, {"type": "Feature", "properties": {"GID_3": "ZWE.10.13.3_2", "GID_0": "ZWE", "COUNTRY": "Zimbabwe", "GID_1": "ZWE.10_1", "NAME_1": "Midlands", "NL_NAME_1": "NA", "GID_2": "ZWE.10.13_2", "NAME_2": "Zvishavane", "NL_NAME_2": "NA", "NAME_3": "Ward 11", "VARNAME_3": "NA", "NL_NAME_3": "NA", "TYPE_3": "Ward", "ENGTYPE_3": "Ward", "CC_3": "NA", "HASC_3": "NA", "id": "ZWE.10.13.3_2", "name": "Ward 11"}, "geometry": {"type": "MultiPolygon", "coordinates": [[[[29.906542894000097, -20.296856756999944], [29.887933411, -20.27651925399988], [29.881928577000053, -20.26975675499989], [29.880036630000063, -20.26797962299986], [29.876723721000133, -20.264288350999948], [29.875705749000133, -20.262050183999975], [29.87566875000016, -20.261883171999898], [29.874247789000094, -20.260675082999967], [29.871331870000176, -20.257331835999935], [29.867436978000114, -20.253241533999983], [29.863058099000114, -20.248242163999976], [29.861633140000038, -20.2483831749999], [29.86048517600011, -20.25228246699993], [29.860521176000077, -20.253855583999893], [29.85885222600018, -20.256705797999928], [29.858064251000087, -20.25997104199996], [29.85614031000017, -20.264704395999956], [29.85546532899997, -20.26442737499991], [29.852760405000026, -20.262979268999914], [29.851024453000093, -20.26168817399997], [29.84798853700005, -20.25804890499984], [29.847212557000148, -20.25506568299994], [29.84720255700006, -20.254838665999955], [29.847530546000087, -20.252005454999846], [29.84766454200019, -20.25190244699985], [29.84799053100005, -20.250060309999924], [29.848245524000106, -20.249926299999856], [29.850036467000052, -20.24290177499995], [29.85053845200008, -20.241661681999915], [29.85060344900006, -20.240354583999874], [29.850674447000074, -20.240217573999928], [29.850656445000027, -20.237468368999885], [29.850584447000074, -20.23740036399994], [29.850580447000084, -20.236782317999882], [29.850353452000093, -20.235477220999826], [29.85028145400014, -20.235410215999877], [29.85027745399998, -20.234792169999878], [29.850202456000034, -20.23465515999993], [29.850189455000077, -20.232386989999952], [29.85026245199998, -20.232318984999893], [29.85032845000012, -20.231423918999894], [29.850401448000127, -20.231423917999905], [29.85039744700009, -20.23080587199985], [29.850469445000158, -20.230735866999908], [29.850468445000104, -20.23039184099997], [29.850681438000038, -20.229703789999974], [29.85089943200012, -20.229426768999872], [29.851759406000042, -20.227359613999965], [29.85182240300003, -20.22584650199991], [29.852968368000063, -20.222813274999965], [29.85325235900001, -20.221711191999816], [29.853250359000015, -20.221299160999934], [29.853323357000022, -20.221230155999876], [29.853458352000132, -20.219786047999946], [29.853601347000108, -20.21923500699984], [29.853815341000086, -20.2186839659999], [29.853956336000124, -20.217857903999914], [29.85387833700014, -20.216964837999853], [29.852917363000188, -20.214636664999944], [29.85269736900011, -20.21450065499988], [29.851013416000114, -20.21273452399987], [29.860573126000077, -20.190666870999962], [29.863064055000052, -20.19082888099996], [29.8649100020001, -20.19059986299993], [29.86522799300002, -20.190465851999875], [29.868531899, -20.190244833999884], [29.87014885200017, -20.189844802999914], [29.87199379900011, -20.189636785999937], [29.874703721000174, -20.189096743999926], [29.875844689000076, -20.18917274899991], [29.877143652000143, -20.18911974399998], [29.877623638000102, -20.18941676599985], [29.87954458400003, -20.19017482099997], [29.881449530999987, -20.191473916999882], [29.882613498000126, -20.191549921999865], [29.884776435000106, -20.191078884999968], [29.886554385000125, -20.19121389399993], [29.887719352000147, -20.191484912999897], [29.889931289000117, -20.19170192799993], [29.89059127000013, -20.191503912999963], [29.891204252000193, -20.191001874999927], [29.89179523500019, -20.19067384999994], [29.892546213000116, -20.190452832999938], [29.894362160000185, -20.189317746999905], [29.89504514100014, -20.18916173499997], [29.89778206300008, -20.189117729999964], [29.898373046000074, -20.18898271899991], [29.89942201600013, -20.189037722999842], [29.90042398700018, -20.188793703999977], [29.90266292300015, -20.188688693999893], [29.90384388900003, -20.188160653999944], [29.904253876999974, -20.1880726469999], [29.90523384900007, -20.188106648999963], [29.907306790000064, -20.18765861399993], [29.908239763000097, -20.187284585999976], [29.909719720000055, -20.18707656899994], [29.910242705000087, -20.186857552999925], [29.91067569300003, -20.186853551999945], [29.911749662000148, -20.187168574999816], [29.912184650000086, -20.18746559699997], [29.9135576110001, -20.188098642999933], [29.91490357300006, -20.188388663999945], [29.915067569000144, -20.189205724999965], [29.91546255900016, -20.19014979499991], [29.915558556000178, -20.190752839999902], [29.91611154100019, -20.19160890299986], [29.916569527999968, -20.192033934999927], [29.917915490000155, -20.192110939999907], [29.918554472000096, -20.192382958999872], [29.919216453000047, -20.19240095999993], [29.919853435, -20.19230895299995], [29.92010542800017, -20.192369956999926], [29.922401363000176, -20.19405208099994], [29.92363332800005, -20.194192090999877], [29.924635300000148, -20.193989074999877], [29.926140257000043, -20.193869064999888], [29.931177113000103, -20.19384605999994], [29.931999089000044, -20.194012071999907], [29.932411078000143, -20.194201085999907], [29.933166057000165, -20.194754126999953], [29.93360104400017, -20.194966141999885], [29.935586988000182, -20.19514315399988], [29.93624496900003, -20.194813128999954], [29.937770925000166, -20.194392095999945], [29.940415849000146, -20.19445509899998], [29.942013804000112, -20.194226080999954], [29.942040804000044, -20.195813199999918], [29.94196880600009, -20.195950209999978], [29.94199180800007, -20.199248455999907], [29.941777815000023, -20.200076517999946], [29.941781815000184, -20.200419543999942], [29.941428826, -20.202071666999927], [29.94092484100014, -20.202899728999967], [29.940779845000066, -20.202969734999897], [29.940060867000057, -20.204281832999925], [29.940070868000078, -20.205723940999974], [29.94036786000015, -20.206615006999982], [29.94088084600014, -20.207161046999943], [29.941462829000102, -20.20729205699996], [29.942195809000168, -20.207767091999926], [29.942851790000134, -20.208036110999956], [29.943288778000067, -20.208032110999966], [29.943288778000067, -20.207964105999963], [29.944087755, -20.20795610399989], [29.944966729999976, -20.208843169999966], [29.94496872999997, -20.208980179999912], [29.945040728000095, -20.208978179999917], [29.945115726000097, -20.209322205999968], [29.944752737000158, -20.209600226999953], [29.944754737000153, -20.209737236999956], [29.94468273900003, -20.209737236999956], [29.944686740000122, -20.210493292999956], [29.945126727000172, -20.211040333999847], [29.9455657150001, -20.211380358999975], [29.945933705000186, -20.211856393999938], [29.94607870100009, -20.21185539399994], [29.94666968500013, -20.213081484999975], [29.946961677000104, -20.21307748499993], [29.947472662000052, -20.213348503999953], [29.94761965800012, -20.21355251999995], [29.947764654000025, -20.21355251899996], [29.94827564000002, -20.213890543999923], [29.948937621000027, -20.21477960999988], [29.94893962200007, -20.215191640999933], [29.948435637000046, -20.216018702999975], [29.94821864300002, -20.21615871399996], [29.947425666000072, -20.217195790999938], [29.94720967300003, -20.21760982299992], [29.947144676000107, -20.218641899999966], [29.947442668000065, -20.21966997599992], [29.948327644000074, -20.22144810799989], [29.949425613000074, -20.22240117799987], [29.94993759900018, -20.222670197999946], [29.950812574000167, -20.22300822299991], [29.9531415080001, -20.22305622499988], [29.953288503000124, -20.223122229999944], [29.95459846600005, -20.223180232999937], [29.954671464000057, -20.223248237999883], [29.95532744500008, -20.22324223699991], [29.955399443000147, -20.22330924199997], [29.95729338900003, -20.223500254999976], [29.95729338900003, -20.223569259999977], [29.958241362000024, -20.223696268999902], [29.958388358000093, -20.22383427899996], [29.95889734400015, -20.223965288999977], [29.95955532500011, -20.224303313999883], [29.96058129700009, -20.22546339899992], [29.96146127200018, -20.226210453999954], [29.961754264000092, -20.226689489999956], [29.96190126000016, -20.226756494999904], [29.96190126000016, -20.226893504999964], [29.962638240000047, -20.227986585999815], [29.962859234000177, -20.22846562199993], [29.96293123200013, -20.22846562199993], [29.96308222800019, -20.22901266199989], [29.96309522900009, -20.231005810999875], [29.963242225000158, -20.231278830999884], [29.963681213000086, -20.231618855999955], [29.96383020900015, -20.231892876999893], [29.963902207000046, -20.2318908769999], [29.963902207000046, -20.23203088699995], [29.964415193000036, -20.232436916999973], [29.964419193000026, -20.23291795299997], [29.964492191000033, -20.232985957999915], [29.964495191000083, -20.23339798799998], [29.963849211000138, -20.234779091999883], [29.963851211000133, -20.235054111999887], [29.963778213000126, -20.235054111999887], [29.96363921700015, -20.235948178999877], [29.963423224000167, -20.236431214999982], [29.963429224000095, -20.23711826699997], [29.963502222000102, -20.23711826699997], [29.96357622, -20.237324281999975], [29.963721216000124, -20.23732228199998], [29.96540116900013, -20.238336355999934], [29.966859127000134, -20.238325353999926], [29.967660105000164, -20.238455362999957], [29.968314086000134, -20.238449362999972], [29.968825071000083, -20.238651376999883], [29.968825071000083, -20.23872038199994], [29.96904406500005, -20.238718381999945], [29.96970204700017, -20.239055406999853], [29.969847043000073, -20.23905340699997], [29.969847043000073, -20.239122411999972], [29.970359028000075, -20.23939343199993], [29.970803016000048, -20.24041950799983], [29.971177007000165, -20.241857614999958], [29.97125700500004, -20.242887691999954], [29.971329003000108, -20.242956696999954], [29.971335003000092, -20.243643747999954], [29.97141100200008, -20.24419278899984], [29.971484, -20.24419278899984], [29.971486, -20.2443988039999], [29.971632996000153, -20.244671823999965], [29.971634996000148, -20.24481983499993], [29.97156799800007, -20.24481983499993], [29.97106001200018, -20.2449978489999], [29.97096901499998, -20.245085855999946], [29.97087501800013, -20.24512885899992], [29.970603026, -20.24591491799987], [29.970603026, -20.245958920999954], [29.970555027000046, -20.246002923999868], [29.97055702700004, -20.24609093099997], [29.970511029000136, -20.24617793699997], [29.970465030000128, -20.24626594399996], [29.97041803200017, -20.246307946999877], [29.96977305000007, -20.24666097399995], [29.969727052000167, -20.24666097399995], [29.969588056000077, -20.246662973999946], [29.969035071000064, -20.24649096199994], [29.968388090000076, -20.246406955999873], [29.96820309500015, -20.246364952999954], [29.96820309500015, -20.24632094999987], [29.96815609600003, -20.246277945999964], [29.96811009700008, -20.246235942999874], [29.968064099000173, -20.24619193999996], [29.9680161, -20.246147936999876], [29.967971101000103, -20.24610393399996], [29.967925103000027, -20.24601792699997], [29.967879104000076, -20.24601792699997], [29.96787710400008, -20.24597392399994], [29.967831105000073, -20.24597392399994], [29.96778610700011, -20.24593192099985], [29.967786106000176, -20.245888917999935], [29.9677401080001, -20.245844913999917], [29.967692109000097, -20.24575690799992], [29.967692109000097, -20.245670900999926], [29.967692109000097, -20.245582894999927], [29.967692109000097, -20.245453884999904], [29.967738108000106, -20.245409881999933], [29.96792110200016, -20.24523386899989], [29.96806009800008, -20.24510285899993], [29.96810609700009, -20.245014851999827], [29.968152095000164, -20.244970848999913], [29.968152095000164, -20.244926845999828], [29.968198094000172, -20.244926845999828], [29.968198094000172, -20.24488284199998], [29.968198094000172, -20.244665825999903], [29.968196094000177, -20.244621822999875], [29.968058098000142, -20.244491812999968], [29.967919102000167, -20.244362803999877], [29.967780105000145, -20.244188790999942], [29.96764110900017, -20.244100783999954], [29.96764110900017, -20.24405878099992], [29.967595111000094, -20.24405878099992], [29.967549112000086, -20.24405878099992], [29.966437143, -20.24323672099996], [29.966437143, -20.243192717999875], [29.966391144000056, -20.24314971399997], [29.965926157000183, -20.242237646999968], [29.965649165, -20.242239646999963], [29.965510169000083, -20.242239646999963], [29.9653251740001, -20.242241646999958], [29.9653251740001, -20.242285650999975], [29.96527917500015, -20.242328653999948], [29.96527917500015, -20.24237065699998], [29.965234177000127, -20.24241465999995], [29.965234177000127, -20.24245866399997], [29.965188178000176, -20.24245866399997], [29.964637194000034, -20.242985702999874], [29.964589196000134, -20.242985702999874], [29.964543197000182, -20.242943699999955], [29.964404201000036, -20.24289969699987], [29.964266205000172, -20.242813690999867], [29.9641732070001, -20.242769686999964], [29.964127209000026, -20.24268368099996], [29.964081210000074, -20.242639677999932], [29.964034211000182, -20.24259567499996], [29.964034211000182, -20.24255267099994], [29.964034211000182, -20.242466664999938], [29.964034211000182, -20.24242266199991], [29.964034211000182, -20.242334654999922], [29.963988212000174, -20.242292651999833], [29.96398621200018, -20.242161641999928], [29.96398621200018, -20.24207363599993], [29.96412320800016, -20.24146258999997], [29.964169206000065, -20.241375583999968], [29.964215205000016, -20.241331579999894], [29.964215205000016, -20.24128757699998], [29.964261204000024, -20.24115756699996], [29.964259203000097, -20.24080854099998], [29.96421320500002, -20.240679531999945], [29.964120207000178, -20.240503518999958], [29.9640262100001, -20.240417511999908], [29.96398021100015, -20.240373508999937], [29.963935212000024, -20.240331505999904], [29.96388721400018, -20.240244498999914], [29.963795216, -20.24020049599983], [29.963656220000075, -20.24015849299991], [29.963425227000016, -20.240072486999964], [29.96324023200009, -20.23998648099996], [29.963149234000014, -20.239942476999886], [29.963055237000162, -20.23985647099994], [29.962916241000187, -20.239727461999962], [29.962777245000098, -20.23963945499986], [29.96268524700008, -20.239553448999914], [29.962592250000114, -20.239509444999953], [29.962546251000163, -20.23946744199992], [29.961020294000093, -20.238474368999903], [29.961018294000098, -20.238430365999932], [29.960881298000118, -20.23830035599991], [29.960787301000096, -20.238212349999912], [29.96064830500012, -20.238127343999963], [29.960463310000193, -20.238085340999874], [29.960417311000015, -20.23804133699997], [29.960326314000042, -20.23804133799996], [29.960232316000088, -20.237999333999937], [29.960095320000107, -20.23799933499987], [29.96000232300014, -20.237955330999966], [29.959817328000042, -20.237913327999934], [29.959679332000178, -20.237871324999958], [29.95958633500004, -20.23782732199993], [29.959447339000064, -20.23782732199993], [29.959355341000105, -20.237873325999942], [29.959263344000192, -20.237873325999942], [29.959124348000103, -20.237873325999942], [29.959033350000027, -20.237917328999913], [29.958893354000168, -20.237919328999908], [29.958802356999968, -20.237919328999908], [29.958708360000116, -20.237962332999928], [29.95861736200004, -20.237962332999928], [29.958571364000136, -20.2380063359999], [29.95848036600006, -20.238050338999983], [29.958432368000047, -20.238052339999967], [29.95834037000003, -20.23809634299988], [29.958295372000066, -20.238184349999813], [29.958249373000058, -20.238184349999813], [29.958203374000107, -20.238271355999927], [29.95815737600003, -20.23835736299992], [29.95815737600003, -20.23840136599989], [29.958111377000023, -20.23848937199989], [29.958064379000064, -20.23848937199989], [29.958018380000055, -20.238533375999907], [29.957926382999972, -20.238533375999907], [29.957835385000124, -20.238535375999902], [29.957556393000118, -20.238535375999902], [29.957465396000146, -20.238537375999954], [29.95723440200004, -20.238537376999886], [29.957188404000135, -20.238580379999974], [29.957143405000068, -20.23858237999997], [29.95704940800016, -20.238626382999882], [29.95700340899998, -20.238626382999882], [29.95700340899998, -20.238670386999956], [29.956958410000084, -20.23871438999987], [29.956958410000084, -20.23875639299996], [29.956912412, -20.238800395999874], [29.956912412, -20.23884439999989], [29.956866413000057, -20.238931405999892], [29.956866413000057, -20.23901941299988], [29.956866413000057, -20.239063415999965], [29.956866413000057, -20.23914942199997], [29.956866413000057, -20.2392374289999], [29.956820415000152, -20.23932443599989], [29.956822415000147, -20.23949844899994], [29.95677641600014, -20.23954245199991], [29.95677641600014, -20.239586454999937], [29.956731418000174, -20.23962945799991], [29.956731418000174, -20.2397174649999], [29.956685419000166, -20.239761467999926], [29.956685419000166, -20.239805470999897], [29.95663742, -20.23980547199983], [29.956591422000088, -20.239849474999914], [29.95654642300019, -20.23989347799983], [29.956361428000093, -20.23989347799983], [29.95631543000019, -20.239937481999903], [29.95626943100001, -20.239937481999903], [29.956177434000153, -20.239980484999933], [29.956132435000086, -20.240024487999904], [29.956084436000083, -20.24006849199992], [29.956038438000178, -20.240112494999835], [29.955947440000102, -20.24015649799992], [29.955855443000075, -20.240202501999818], [29.955807444000072, -20.240202501999818], [29.955762446000108, -20.240246504999902], [29.955762446000108, -20.240289507999933], [29.9557164470001, -20.240333511999893], [29.9557164470001, -20.240419517999896], [29.95567044800009, -20.24050752499994], [29.955624450000016, -20.24059553099994], [29.95562645000001, -20.24068253799993], [29.95557945100012, -20.240768543999934], [29.95558045100006, -20.240812546999848], [29.95558045100006, -20.240856550999922], [29.95558045100006, -20.24094455699992], [29.95553545300004, -20.24094455699992], [29.95553545300004, -20.24098855999995], [29.955489454000087, -20.24103156399991], [29.95539545700018, -20.24107556699994], [29.955304459000104, -20.24107556699994], [29.955210462000082, -20.24111956999991], [29.955165463000185, -20.24111956999991], [29.95511946500011, -20.241119570999956], [29.9550734660001, -20.241121570999837], [29.95498246900013, -20.241165573999922], [29.95479647400009, -20.241165573999922], [29.954703477000123, -20.24112357099989], [29.954657478000172, -20.24103556499989], [29.9545644800001, -20.240949557999897], [29.954518482000026, -20.24090655499998], [29.954518482000026, -20.240862551999896], [29.95447248300019, -20.240818548999982], [29.9543334870001, -20.240732541999876], [29.95424048900003, -20.240646535999872], [29.954148492000115, -20.24055852899994], [29.954102493000164, -20.24055852899994], [29.95410049300017, -20.240516525999965], [29.953917499000113, -20.240690538999957], [29.953826501000037, -20.240778545999945], [29.953780503000132, -20.240822548999972], [29.953732504000186, -20.240865552999878], [29.95373450400018, -20.240909555999963], [29.953686505000178, -20.240909555999963], [29.953686505000178, -20.240953558999877], [29.953641507000043, -20.24099756199996], [29.953595508000035, -20.24104156599998], [29.95350351100012, -20.24108556899995], [29.953458512000054, -20.241129571999977], [29.953364515000032, -20.241216578999968], [29.953318516000024, -20.241304585999956], [29.95327351800006, -20.241392591999954], [29.953181520000044, -20.241480598999942], [29.953181520000044, -20.241567604999943], [29.953135521999968, -20.24165361199988], [29.953089523000187, -20.241697614999964], [29.953089523000187, -20.241785621999952], [29.95304452400012, -20.24182962499998], [29.953044525000166, -20.24191663099998], [29.952998526000044, -20.24200463799997], [29.952998526000044, -20.242090643999973], [29.952952527000036, -20.242222653999875], [29.95295452700003, -20.242395666999982], [29.952908529000126, -20.242483673999914], [29.952908529000126, -20.24261468299983], [29.952862530000118, -20.24270268999993], [29.952862530000118, -20.242788695999934], [29.952862530000118, -20.242876702999922], [29.95286253100005, -20.24296470999991], [29.952817532000154, -20.243049715999916], [29.95281953200015, -20.24322572899996], [29.952771533000146, -20.243313735999948], [29.95272553500007, -20.243442744999868], [29.952634538000098, -20.243618758999958], [29.952542540000138, -20.24370576499996], [29.952450543000054, -20.243793771999947], [29.952359546000082, -20.243837774999974], [29.952220550000106, -20.243925781999963], [29.952128552000147, -20.243969784999933], [29.95203555500018, -20.244056791999867], [29.951943558000153, -20.244144797999866], [29.951852560000077, -20.24418880199994], [29.951806562000172, -20.244232804999967], [29.951760563000164, -20.24427680799994], [29.951667566000026, -20.24427680799994], [29.951621567000018, -20.244320811999955], [29.951575568000067, -20.244364814999926], [29.951483571000153, -20.24440981799995], [29.951438572000086, -20.244453821999855], [29.951344575000064, -20.24449782499994], [29.951207579000084, -20.244541827999853], [29.951161580000075, -20.244585831999927], [29.951068583000108, -20.244629834999955], [29.950791591000097, -20.24463183499995], [29.95060659600017, -20.24463183499995], [29.950514599000087, -20.244589831999917], [29.950421601000073, -20.244589831999917], [29.95032960400016, -20.244545828999833], [29.950144609000063, -20.244547828999885], [29.950051612000095, -20.24450382599997], [29.949959615000182, -20.244505825999966], [29.949774620000085, -20.244505826999898], [29.949729621000188, -20.244549829999983], [29.949637624000104, -20.244549829999983], [29.949591625000153, -20.2445928329999], [29.949498628000185, -20.244636836999973], [29.949452629000177, -20.244680839999887], [29.949361632000034, -20.244726842999967], [29.949315633000026, -20.24481284999996], [29.949221636000175, -20.244858852999982], [29.94917663700005, -20.244987862999892], [29.949084640000024, -20.24507586999988], [29.949038641000186, -20.24516387599988], [29.94899264300011, -20.245207878999963], [29.948901645000035, -20.245294885999897], [29.948901645000035, -20.24533888899998], [29.948855647000187, -20.24533888899998], [29.948807648000184, -20.24542689599997], [29.94876265, -20.245470898999884], [29.94871665100004, -20.2455149029999], [29.948670652000033, -20.24555890599987], [29.94857965500006, -20.2456019089999], [29.948533656000052, -20.24568991599989], [29.94843965900003, -20.245733918999974], [29.948348662000058, -20.24577792199989], [29.94830266300005, -20.245821925999962], [29.948210666000193, -20.245865928999876], [29.948117668000123, -20.245908931999907], [29.94802567100004, -20.245996938999895], [29.947934674000066, -20.24604094199998], [29.947795678000148, -20.246084945999883], [29.94770368000013, -20.24617295199988], [29.94742668800012, -20.246347964999813], [29.94733569100015, -20.246435971999972], [29.94719669500006, -20.24648197599987], [29.947104698000146, -20.246525978999955], [29.947011700000076, -20.246525978999955], [29.94691970300005, -20.24656898199987], [29.946782707000068, -20.24661298599989], [29.946643711000092, -20.246614985999884], [29.946366719000082, -20.246616985999935], [29.945719737000047, -20.24661898699992], [29.944981757999983, -20.246666990999927], [29.94470376600009, -20.24666899099998], [29.944518772000038, -20.246670991999963], [29.944380776000173, -20.246670991999963], [29.94428777800016, -20.246670991999963], [29.944241780000084, -20.24671399499988], [29.94415078200018, -20.246715994999875], [29.944058785000095, -20.24675999799996], [29.943965787000025, -20.24675999899989], [29.94387379000017, -20.246804001999976], [29.943734794000193, -20.24684800499989], [29.943642797000166, -20.246850004999942], [29.94350380100019, -20.246938011999873], [29.943412803000115, -20.24698101499996], [29.943320806000088, -20.24706902199995], [29.94327480700008, -20.247113024999976], [29.943181810000112, -20.247201031999964], [29.943135812000037, -20.247245034999878], [29.942998816000056, -20.247332041999982], [29.942906818000097, -20.247376044999953], [29.942858820000026, -20.24742004799998], [29.94276782200012, -20.24746405199994], [29.942721824000046, -20.24750805499997], [29.94263082599997, -20.247596061999957], [29.94253682900012, -20.247639064999873], [29.942444832000035, -20.247683067999958], [29.942353834000187, -20.247771074999946], [29.94225983700011, -20.247815077999974], [29.942168840000136, -20.247859081999877], [29.942076842000176, -20.24790308499996], [29.942031844000155, -20.247947087999876], [29.94193784600003, -20.247948087999873], [29.941891848000125, -20.247992091999947], [29.94175285199998, -20.248036094999975], [29.94166185400013, -20.248036094999975], [29.94152385800004, -20.248080098999935], [29.94143086100007, -20.24808209899993], [29.941292865000037, -20.248126101999958], [29.94119986800007, -20.248126101999958], [29.94110787000011, -20.248170105999918], [29.940968874000134, -20.248172105999913], [29.940831877999983, -20.248215108999943], [29.940646883000056, -20.248215108999943], [29.940552886000035, -20.24821710899994], [29.940415890000054, -20.248217109999928], [29.940322893000086, -20.2482611129999], [29.940230895000127, -20.2482611129999], [29.940045901000076, -20.248263112999894], [29.939999902000068, -20.248263112999894], [29.939908905000095, -20.24830711699991], [29.93981490700014, -20.24830711699991], [29.93972391000017, -20.248353119999877], [29.93958391400014, -20.248353119999877], [29.93940091899998, -20.248397123999894], [29.93926192300006, -20.24839912399989], [29.939170926000088, -20.248442126999976], [29.939122927000085, -20.248442126999976], [29.939076928000134, -20.24848612999989], [29.939030930000058, -20.24848613099988], [29.938939932000153, -20.248530133999964], [29.938893934000077, -20.248530133999964], [29.938800936000177, -20.248574136999878], [29.938615942000183, -20.248576137999976], [29.938523944000167, -20.248620140999947], [29.93843194700014, -20.248664143999974], [29.938386948000016, -20.248708147999878], [29.938246951999986, -20.24879515399988], [29.938201954000192, -20.248839156999964], [29.938109956000062, -20.24888316099998], [29.938016959000095, -20.24892716399995], [29.937970960000087, -20.24897116699998], [29.93792496200018, -20.24901517099994], [29.937878963, -20.249059173999967], [29.937785966000035, -20.249060173999965], [29.937739967000084, -20.249104176999936], [29.93764897000011, -20.249104177999868], [29.937556972000095, -20.249148180999953], [29.937463975000128, -20.249148180999953], [29.937463975000128, -20.249192183999867], [29.937417976000177, -20.249192183999867], [29.937325979000093, -20.24923618799994], [29.937279980000085, -20.24923618799994], [29.937279980000085, -20.24928019099997], [29.937140984000166, -20.24949920699987], [29.937140985000042, -20.249543210999946], [29.937003988000185, -20.249543210999946], [29.935209041000064, -20.25134034599995], [29.935163042000113, -20.25134034599995], [29.935070045000145, -20.251471355999968], [29.93493204900011, -20.251559361999966], [29.933418095000036, -20.254704597999876], [29.933281099000112, -20.25483660799995], [29.933189101000096, -20.254967617999966], [29.930061193000142, -20.258427877999907], [29.927166280000165, -20.26306322499994], [29.923784380000086, -20.267876585999943], [29.923830379000094, -20.267876585999943], [29.920749470000146, -20.272243913999887], [29.92065847200007, -20.272243913999887], [29.918449538000118, -20.274915113999953], [29.91840353900011, -20.274915113999953], [29.91840353900011, -20.275002120999943], [29.918312542000137, -20.27509012699994], [29.918266543000186, -20.27517813399993], [29.916383600000074, -20.278935414999978], [29.91629260200017, -20.279067424999937], [29.916200605000085, -20.279199434999953], [29.913255692000064, -20.282830706999846], [29.913210693000167, -20.282830706999846], [29.913118696000083, -20.282918713999948], [29.913072697000132, -20.283006720999936], [29.912979700000164, -20.283049723999852], [29.911878733000094, -20.28510487799997], [29.91173973700012, -20.285148880999884], [29.911648740000146, -20.285235887999875], [29.911508744000116, -20.28536789799989], [29.911371748000136, -20.28545590399989], [29.908560830000113, -20.287432052999975], [29.908560830000113, -20.28747605699988], [29.908514831000105, -20.287519059999966], [29.908468832000153, -20.28756306299988], [29.908422834000078, -20.287607065999964], [29.90837683500007, -20.28765106999998], [29.90837683500007, -20.287695072999895], [29.908148842000116, -20.288568137999903], [29.908148842000116, -20.288610140999936], [29.908193841000013, -20.288698147999924], [29.90819584100018, -20.28904717399996], [29.908712828999967, -20.291790377999973], [29.908712828999967, -20.29192038699989], [29.908712828999967, -20.292095400999926], [29.908714829000132, -20.2922254099999], [29.908714829000132, -20.292400422999947], [29.908714829000132, -20.29261843899991], [29.908716829000127, -20.29279145199996], [29.907295872000077, -20.296242709999945], [29.906542894000097, -20.296856756999944]]]]}}, {"type": "Feature", "properties": {"GID_3": "ZWE.10.13.4_2", "GID_0": "ZWE", "COUNTRY": "Zimbabwe", "GID_1": "ZWE.10_1", "NAME_1": "Midlands", "NL_NAME_1": "NA", "GID_2": "ZWE.10.13_2", "NAME_2": "Zvishavane", "NL_NAME_2": "NA", "NAME_3": "Ward 12", "VARNAME_3": "NA", "NL_NAME_3": "NA", "TYPE_3": "Ward", "ENGTYPE_3": "Ward", "CC_3": "NA", "HASC_3": "NA", "id": "ZWE.10.13.4_2", "name": "Ward 12"}, "geometry": {"type": "MultiPolygon", "coordinates": [[[[29.99536535599998, -20.296234650999907], [29.99531935800013, -20.296389661999967], [29.995273360000056, -20.297430739999925], [29.995132365000188, -20.298307804999922], [29.995050367000147, -20.298508819999938], [29.994842374000086, -20.299894923999886], [29.995016370000087, -20.301856068999882], [29.994619382999986, -20.30302515699998], [29.994486387, -20.303142165999816], [29.99168746800018, -20.305589349999877], [29.99110648500016, -20.306149391999952], [29.98790957900013, -20.309228622999967], [29.981329771000162, -20.31436200999991], [29.964623259000064, -20.328002035999873], [29.962792312000147, -20.329791170999954], [29.952273619000152, -20.33837281599989], [29.947955745000115, -20.342007088999935], [29.945590811000045, -20.338952863999907], [29.941722919000085, -20.335593615999983], [29.938024021000103, -20.331332301999907], [29.935135102000118, -20.328551096999945], [29.927706307000165, -20.320021466999947], [29.913959689000137, -20.305026359999943], [29.907364872000073, -20.297754822999934], [29.906557894000116, -20.296873757999947], [29.906542894000097, -20.296856756999944], [29.907295872000077, -20.296242709999945], [29.908716829000127, -20.29279145199996], [29.908714829000132, -20.29261843899991], [29.908714829000132, -20.292400422999947], [29.908714829000132, -20.2922254099999], [29.908712828999967, -20.292095400999926], [29.908712828999967, -20.29192038699989], [29.908712828999967, -20.291790377999973], [29.90819584100018, -20.28904717399996], [29.908193841000013, -20.288698147999924], [29.908148842000116, -20.288610140999936], [29.908148842000116, -20.288568137999903], [29.90837683500007, -20.287695072999895], [29.90837683500007, -20.28765106999998], [29.908422834000078, -20.287607065999964], [29.908468832000153, -20.28756306299988], [29.908514831000105, -20.287519059999966], [29.908560830000113, -20.28747605699988], [29.908560830000113, -20.287432052999975], [29.911371748000136, -20.28545590399989], [29.911508744000116, -20.28536789799989], [29.911648740000146, -20.285235887999875], [29.91173973700012, -20.285148880999884], [29.911878733000094, -20.28510487799997], [29.912979700000164, -20.283049723999852], [29.913072697000132, -20.283006720999936], [29.913118696000083, -20.282918713999948], [29.913210693000167, -20.282830706999846], [29.913255692000064, -20.282830706999846], [29.916200605000085, -20.279199434999953], [29.91629260200017, -20.279067424999937], [29.916383600000074, -20.278935414999978], [29.918266543000186, -20.27517813399993], [29.918312542000137, -20.27509012699994], [29.91840353900011, -20.275002120999943], [29.91840353900011, -20.274915113999953], [29.918449538000118, -20.274915113999953], [29.92065847200007, -20.272243913999887], [29.920749470000146, -20.272243913999887], [29.923830379000094, -20.267876585999943], [29.923784380000086, -20.267876585999943], [29.927166280000165, -20.26306322499994], [29.930061193000142, -20.258427877999907], [29.933189101000096, -20.254967617999966], [29.933281099000112, -20.25483660799995], [29.933418095000036, -20.254704597999876], [29.93493204900011, -20.251559361999966], [29.935070045000145, -20.251471355999968], [29.935163042000113, -20.25134034599995], [29.935209041000064, -20.25134034599995], [29.937003988000185, -20.249543210999946], [29.937140985000042, -20.249543210999946], [29.937140984000166, -20.24949920699987], [29.937279980000085, -20.24928019099997], [29.937279980000085, -20.24923618799994], [29.937325979000093, -20.24923618799994], [29.937417976000177, -20.249192183999867], [29.937463975000128, -20.249192183999867], [29.937463975000128, -20.249148180999953], [29.937556972000095, -20.249148180999953], [29.93764897000011, -20.249104177999868], [29.937739967000084, -20.249104176999936], [29.937785966000035, -20.249060173999965], [29.937878963, -20.249059173999967], [29.93792496200018, -20.24901517099994], [29.937970960000087, -20.24897116699998], [29.938016959000095, -20.24892716399995], [29.938109956000062, -20.24888316099998], [29.938201954000192, -20.248839156999964], [29.938246951999986, -20.24879515399988], [29.938386948000016, -20.248708147999878], [29.93843194700014, -20.248664143999974], [29.938523944000167, -20.248620140999947], [29.938615942000183, -20.248576137999976], [29.938800936000177, -20.248574136999878], [29.938893934000077, -20.248530133999964], [29.938939932000153, -20.248530133999964], [29.939030930000058, -20.24848613099988], [29.939076928000134, -20.24848612999989], [29.939122927000085, -20.248442126999976], [29.939170926000088, -20.248442126999976], [29.93926192300006, -20.24839912399989], [29.93940091899998, -20.248397123999894], [29.93958391400014, -20.248353119999877], [29.93972391000017, -20.248353119999877], [29.93981490700014, -20.24830711699991], [29.939908905000095, -20.24830711699991], [29.939999902000068, -20.248263112999894], [29.940045901000076, -20.248263112999894], [29.940230895000127, -20.2482611129999], [29.940322893000086, -20.2482611129999], [29.940415890000054, -20.248217109999928], [29.940552886000035, -20.24821710899994], [29.940646883000056, -20.248215108999943], [29.940831877999983, -20.248215108999943], [29.940968874000134, -20.248172105999913], [29.94110787000011, -20.248170105999918], [29.94119986800007, -20.248126101999958], [29.941292865000037, -20.248126101999958], [29.94143086100007, -20.24808209899993], [29.94152385800004, -20.248080098999935], [29.94166185400013, -20.248036094999975], [29.94175285199998, -20.248036094999975], [29.941891848000125, -20.247992091999947], [29.94193784600003, -20.247948087999873], [29.942031844000155, -20.247947087999876], [29.942076842000176, -20.24790308499996], [29.942168840000136, -20.247859081999877], [29.94225983700011, -20.247815077999974], [29.942353834000187, -20.247771074999946], [29.942444832000035, -20.247683067999958], [29.94253682900012, -20.247639064999873], [29.94263082599997, -20.247596061999957], [29.942721824000046, -20.24750805499997], [29.94276782200012, -20.24746405199994], [29.942858820000026, -20.24742004799998], [29.942906818000097, -20.247376044999953], [29.942998816000056, -20.247332041999982], [29.943135812000037, -20.247245034999878], [29.943181810000112, -20.247201031999964], [29.94327480700008, -20.247113024999976], [29.943320806000088, -20.24706902199995], [29.943412803000115, -20.24698101499996], [29.94350380100019, -20.246938011999873], [29.943642797000166, -20.246850004999942], [29.943734794000193, -20.24684800499989], [29.94387379000017, -20.246804001999976], [29.943965787000025, -20.24675999899989], [29.944058785000095, -20.24675999799996], [29.94415078200018, -20.246715994999875], [29.944241780000084, -20.24671399499988], [29.94428777800016, -20.246670991999963], [29.944380776000173, -20.246670991999963], [29.944518772000038, -20.246670991999963], [29.94470376600009, -20.24666899099998], [29.944981757999983, -20.246666990999927], [29.945719737000047, -20.24661898699992], [29.946366719000082, -20.246616985999935], [29.946643711000092, -20.246614985999884], [29.946782707000068, -20.24661298599989], [29.94691970300005, -20.24656898199987], [29.947011700000076, -20.246525978999955], [29.947104698000146, -20.246525978999955], [29.94719669500006, -20.24648197599987], [29.94733569100015, -20.246435971999972], [29.94742668800012, -20.246347964999813], [29.94770368000013, -20.24617295199988], [29.947795678000148, -20.246084945999883], [29.947934674000066, -20.24604094199998], [29.94802567100004, -20.245996938999895], [29.948117668000123, -20.245908931999907], [29.948210666000193, -20.245865928999876], [29.94830266300005, -20.245821925999962], [29.948348662000058, -20.24577792199989], [29.94843965900003, -20.245733918999974], [29.948533656000052, -20.24568991599989], [29.94857965500006, -20.2456019089999], [29.948670652000033, -20.24555890599987], [29.94871665100004, -20.2455149029999], [29.94876265, -20.245470898999884], [29.948807648000184, -20.24542689599997], [29.948855647000187, -20.24533888899998], [29.948901645000035, -20.24533888899998], [29.948901645000035, -20.245294885999897], [29.94899264300011, -20.245207878999963], [29.949038641000186, -20.24516387599988], [29.949084640000024, -20.24507586999988], [29.94917663700005, -20.244987862999892], [29.949221636000175, -20.244858852999982], [29.949315633000026, -20.24481284999996], [29.949361632000034, -20.244726842999967], [29.949452629000177, -20.244680839999887], [29.949498628000185, -20.244636836999973], [29.949591625000153, -20.2445928329999], [29.949637624000104, -20.244549829999983], [29.949729621000188, -20.244549829999983], [29.949774620000085, -20.244505826999898], [29.949959615000182, -20.244505825999966], [29.950051612000095, -20.24450382599997], [29.950144609000063, -20.244547828999885], [29.95032960400016, -20.244545828999833], [29.950421601000073, -20.244589831999917], [29.950514599000087, -20.244589831999917], [29.95060659600017, -20.24463183499995], [29.950791591000097, -20.24463183499995], [29.951068583000108, -20.244629834999955], [29.951161580000075, -20.244585831999927], [29.951207579000084, -20.244541827999853], [29.951344575000064, -20.24449782499994], [29.951438572000086, -20.244453821999855], [29.951483571000153, -20.24440981799995], [29.951575568000067, -20.244364814999926], [29.951621567000018, -20.244320811999955], [29.951667566000026, -20.24427680799994], [29.951760563000164, -20.24427680799994], [29.951806562000172, -20.244232804999967], [29.951852560000077, -20.24418880199994], [29.951943558000153, -20.244144797999866], [29.95203555500018, -20.244056791999867], [29.952128552000147, -20.243969784999933], [29.952220550000106, -20.243925781999963], [29.952359546000082, -20.243837774999974], [29.952450543000054, -20.243793771999947], [29.952542540000138, -20.24370576499996], [29.952634538000098, -20.243618758999958], [29.95272553500007, -20.243442744999868], [29.952771533000146, -20.243313735999948], [29.95281953200015, -20.24322572899996], [29.952817532000154, -20.243049715999916], [29.95286253100005, -20.24296470999991], [29.952862530000118, -20.242876702999922], [29.952862530000118, -20.242788695999934], [29.952862530000118, -20.24270268999993], [29.952908529000126, -20.24261468299983], [29.952908529000126, -20.242483673999914], [29.95295452700003, -20.242395666999982], [29.952952527000036, -20.242222653999875], [29.952998526000044, -20.242090643999973], [29.952998526000044, -20.24200463799997], [29.953044525000166, -20.24191663099998], [29.95304452400012, -20.24182962499998], [29.953089523000187, -20.241785621999952], [29.953089523000187, -20.241697614999964], [29.953135521999968, -20.24165361199988], [29.953181520000044, -20.241567604999943], [29.953181520000044, -20.241480598999942], [29.95327351800006, -20.241392591999954], [29.953318516000024, -20.241304585999956], [29.953364515000032, -20.241216578999968], [29.953458512000054, -20.241129571999977], [29.95350351100012, -20.24108556899995], [29.953595508000035, -20.24104156599998], [29.953641507000043, -20.24099756199996], [29.953686505000178, -20.240953558999877], [29.953686505000178, -20.240909555999963], [29.95373450400018, -20.240909555999963], [29.953732504000186, -20.240865552999878], [29.953780503000132, -20.240822548999972], [29.953826501000037, -20.240778545999945], [29.953917499000113, -20.240690538999957], [29.95410049300017, -20.240516525999965], [29.954102493000164, -20.24055852899994], [29.954148492000115, -20.24055852899994], [29.95424048900003, -20.240646535999872], [29.9543334870001, -20.240732541999876], [29.95447248300019, -20.240818548999982], [29.954518482000026, -20.240862551999896], [29.954518482000026, -20.24090655499998], [29.9545644800001, -20.240949557999897], [29.954657478000172, -20.24103556499989], [29.954703477000123, -20.24112357099989], [29.95479647400009, -20.241165573999922], [29.95498246900013, -20.241165573999922], [29.9550734660001, -20.241121570999837], [29.95511946500011, -20.241119570999956], [29.955165463000185, -20.24111956999991], [29.955210462000082, -20.24111956999991], [29.955304459000104, -20.24107556699994], [29.95539545700018, -20.24107556699994], [29.955489454000087, -20.24103156399991], [29.95553545300004, -20.24098855999995], [29.95553545300004, -20.24094455699992], [29.95558045100006, -20.24094455699992], [29.95558045100006, -20.240856550999922], [29.95558045100006, -20.240812546999848], [29.95557945100012, -20.240768543999934], [29.95562645000001, -20.24068253799993], [29.955624450000016, -20.24059553099994], [29.95567044800009, -20.24050752499994], [29.9557164470001, -20.240419517999896], [29.9557164470001, -20.240333511999893], [29.955762446000108, -20.240289507999933], [29.955762446000108, -20.240246504999902], [29.955807444000072, -20.240202501999818], [29.955855443000075, -20.240202501999818], [29.955947440000102, -20.24015649799992], [29.956038438000178, -20.240112494999835], [29.956084436000083, -20.24006849199992], [29.956132435000086, -20.240024487999904], [29.956177434000153, -20.239980484999933], [29.95626943100001, -20.239937481999903], [29.95631543000019, -20.239937481999903], [29.956361428000093, -20.23989347799983], [29.95654642300019, -20.23989347799983], [29.956591422000088, -20.239849474999914], [29.95663742, -20.23980547199983], [29.956685419000166, -20.239805470999897], [29.956685419000166, -20.239761467999926], [29.956731418000174, -20.2397174649999], [29.956731418000174, -20.23962945799991], [29.95677641600014, -20.239586454999937], [29.95677641600014, -20.23954245199991], [29.956822415000147, -20.23949844899994], [29.956820415000152, -20.23932443599989], [29.956866413000057, -20.2392374289999], [29.956866413000057, -20.23914942199997], [29.956866413000057, -20.239063415999965], [29.956866413000057, -20.23901941299988], [29.956866413000057, -20.238931405999892], [29.956912412, -20.23884439999989], [29.956912412, -20.238800395999874], [29.956958410000084, -20.23875639299996], [29.956958410000084, -20.23871438999987], [29.95700340899998, -20.238670386999956], [29.95700340899998, -20.238626382999882], [29.95704940800016, -20.238626382999882], [29.957143405000068, -20.23858237999997], [29.957188404000135, -20.238580379999974], [29.95723440200004, -20.238537376999886], [29.957465396000146, -20.238537375999954], [29.957556393000118, -20.238535375999902], [29.957835385000124, -20.238535375999902], [29.957926382999972, -20.238533375999907], [29.958018380000055, -20.238533375999907], [29.958064379000064, -20.23848937199989], [29.958111377000023, -20.23848937199989], [29.95815737600003, -20.23840136599989], [29.95815737600003, -20.23835736299992], [29.958203374000107, -20.238271355999927], [29.958249373000058, -20.238184349999813], [29.958295372000066, -20.238184349999813], [29.95834037000003, -20.23809634299988], [29.958432368000047, -20.238052339999967], [29.95848036600006, -20.238050338999983], [29.958571364000136, -20.2380063359999], [29.95861736200004, -20.237962332999928], [29.958708360000116, -20.237962332999928], [29.958802356999968, -20.237919328999908], [29.958893354000168, -20.237919328999908], [29.959033350000027, -20.237917328999913], [29.959124348000103, -20.237873325999942], [29.959263344000192, -20.237873325999942], [29.959355341000105, -20.237873325999942], [29.959447339000064, -20.23782732199993], [29.95958633500004, -20.23782732199993], [29.959679332000178, -20.237871324999958], [29.959817328000042, -20.237913327999934], [29.96000232300014, -20.237955330999966], [29.960095320000107, -20.23799933499987], [29.960232316000088, -20.237999333999937], [29.960326314000042, -20.23804133799996], [29.960417311000015, -20.23804133699997], [29.960463310000193, -20.238085340999874], [29.96064830500012, -20.238127343999963], [29.960787301000096, -20.238212349999912], [29.960881298000118, -20.23830035599991], [29.961018294000098, -20.238430365999932], [29.961020294000093, -20.238474368999903], [29.962546251000163, -20.23946744199992], [29.962592250000114, -20.239509444999953], [29.96268524700008, -20.239553448999914], [29.962777245000098, -20.23963945499986], [29.962916241000187, -20.239727461999962], [29.963055237000162, -20.23985647099994], [29.963149234000014, -20.239942476999886], [29.96324023200009, -20.23998648099996], [29.963425227000016, -20.240072486999964], [29.963656220000075, -20.24015849299991], [29.963795216, -20.24020049599983], [29.96388721400018, -20.240244498999914], [29.963935212000024, -20.240331505999904], [29.96398021100015, -20.240373508999937], [29.9640262100001, -20.240417511999908], [29.964120207000178, -20.240503518999958], [29.96421320500002, -20.240679531999945], [29.964259203000097, -20.24080854099998], [29.964261204000024, -20.24115756699996], [29.964215205000016, -20.24128757699998], [29.964215205000016, -20.241331579999894], [29.964169206000065, -20.241375583999968], [29.96412320800016, -20.24146258999997], [29.96398621200018, -20.24207363599993], [29.96398621200018, -20.242161641999928], [29.963988212000174, -20.242292651999833], [29.964034211000182, -20.242334654999922], [29.964034211000182, -20.24242266199991], [29.964034211000182, -20.242466664999938], [29.964034211000182, -20.24255267099994], [29.964034211000182, -20.24259567499996], [29.964081210000074, -20.242639677999932], [29.964127209000026, -20.24268368099996], [29.9641732070001, -20.242769686999964], [29.964266205000172, -20.242813690999867], [29.964404201000036, -20.24289969699987], [29.964543197000182, -20.242943699999955], [29.964589196000134, -20.242985702999874], [29.964637194000034, -20.242985702999874], [29.965188178000176, -20.24245866399997], [29.965234177000127, -20.24245866399997], [29.965234177000127, -20.24241465999995], [29.96527917500015, -20.24237065699998], [29.96527917500015, -20.242328653999948], [29.9653251740001, -20.242285650999975], [29.9653251740001, -20.242241646999958], [29.965510169000083, -20.242239646999963], [29.965649165, -20.242239646999963], [29.965926157000183, -20.242237646999968], [29.966391144000056, -20.24314971399997], [29.966437143, -20.243192717999875], [29.966437143, -20.24323672099996], [29.967549112000086, -20.24405878099992], [29.967595111000094, -20.24405878099992], [29.96764110900017, -20.24405878099992], [29.96764110900017, -20.244100783999954], [29.967780105000145, -20.244188790999942], [29.967919102000167, -20.244362803999877], [29.968058098000142, -20.244491812999968], [29.968196094000177, -20.244621822999875], [29.968198094000172, -20.244665825999903], [29.968198094000172, -20.24488284199998], [29.968198094000172, -20.244926845999828], [29.968152095000164, -20.244926845999828], [29.968152095000164, -20.244970848999913], [29.96810609700009, -20.245014851999827], [29.96806009800008, -20.24510285899993], [29.96792110200016, -20.24523386899989], [29.967738108000106, -20.245409881999933], [29.967692109000097, -20.245453884999904], [29.967692109000097, -20.245582894999927], [29.967692109000097, -20.245670900999926], [29.967692109000097, -20.24575690799992], [29.9677401080001, -20.245844913999917], [29.967786106000176, -20.245888917999935], [29.96778610700011, -20.24593192099985], [29.967831105000073, -20.24597392399994], [29.96787710400008, -20.24597392399994], [29.967879104000076, -20.24601792699997], [29.967925103000027, -20.24601792699997], [29.967971101000103, -20.24610393399996], [29.9680161, -20.246147936999876], [29.968064099000173, -20.24619193999996], [29.96811009700008, -20.246235942999874], [29.96815609600003, -20.246277945999964], [29.96820309500015, -20.24632094999987], [29.96820309500015, -20.246364952999954], [29.968388090000076, -20.246406955999873], [29.969035071000064, -20.24649096199994], [29.969588056000077, -20.246662973999946], [29.969727052000167, -20.24666097399995], [29.96977305000007, -20.24666097399995], [29.97041803200017, -20.246307946999877], [29.970465030000128, -20.24626594399996], [29.970511029000136, -20.24617793699997], [29.97055702700004, -20.24609093099997], [29.970555027000046, -20.246002923999868], [29.970603026, -20.245958920999954], [29.970603026, -20.24591491799987], [29.97087501800013, -20.24512885899992], [29.97096901499998, -20.245085855999946], [29.97106001200018, -20.2449978489999], [29.97156799800007, -20.24481983499993], [29.971634996000148, -20.24481983499993], [29.971634996000148, -20.24487783999996], [29.972656967000034, -20.24521286399994], [29.973238950000166, -20.245207862999962], [29.973238950000166, -20.245275867999908], [29.973529942000084, -20.24527186799986], [29.97368893900017, -20.247126005999974], [29.97412892700015, -20.247741050999878], [29.97471291000005, -20.247737050999888], [29.974855906000187, -20.24759703999996], [29.975509887000044, -20.247454028999925], [29.977184839000074, -20.247439026999928], [29.97754882900017, -20.24757303699994], [29.97805881400018, -20.24756903599996], [29.978059814000062, -20.24763804099996], [29.9789337900001, -20.247836054999937], [29.980026758000065, -20.247826053999972], [29.981121727000186, -20.248229082999956], [29.981121727000186, -20.24829708799996], [29.983734654000102, -20.24930516199987], [29.9843776350001, -20.2493161619999], [29.985756597000147, -20.250300234999884], [29.987527547000127, -20.251351311999883], [29.989439493000077, -20.252822419999916], [29.989498492000052, -20.252818419999983], [29.990160473, -20.253691483999887], [29.99094245300006, -20.255936650999956], [29.991132448000087, -20.257645777999983], [29.99115744900007, -20.259612924999942], [29.99128544600012, -20.259831940999845], [29.992090423000036, -20.260529992999977], [29.992777404000094, -20.26055899499994], [29.993776375000095, -20.260237969999935], [29.995512325000163, -20.26044798399994], [29.996698292000133, -20.260988023999914], [29.997089281000115, -20.261787082999945], [29.997293276000164, -20.263073178999946], [29.997310277000054, -20.264871312999958], [29.99777426500009, -20.265978394999934], [29.998802237000064, -20.2677065229999], [29.99879023900013, -20.269564661999823], [29.99884223700019, -20.27006769899998], [29.996765299000117, -20.273020919999965], [29.99593732300019, -20.27319393399989], [29.99554033400011, -20.2736879709999], [29.99712929000009, -20.274609038999927], [30.000402197000085, -20.275882130999946], [30.00034120000015, -20.27726123399998], [29.999683219000133, -20.277907282999877], [29.999109237000084, -20.279786422999848], [29.998674252000058, -20.28286665299987], [29.998758250000094, -20.28345269599987], [29.998790249000137, -20.28418275099989], [29.99845525900014, -20.284703789999924], [29.997299293000083, -20.285537852999937], [29.994661369000085, -20.285897880999983], [29.992075443000033, -20.286706942999956], [29.990358494000134, -20.28840807099982], [29.98980351000006, -20.289329139999893], [29.990724485000158, -20.29067023899995], [29.99275742700013, -20.291544302999966], [29.995321354999987, -20.292255353999906], [29.99586833900014, -20.292541374999928], [29.996025335000184, -20.292704386999958], [29.995029365000164, -20.294489520999946], [29.995220360000076, -20.296196647999977], [29.99536535599998, -20.296234650999907]]]]}}, {"type": "Feature", "properties": {"GID_3": "ZWE.10.13.5_2", "GID_0": "ZWE", "COUNTRY": "Zimbabwe", "GID_1": "ZWE.10_1", "NAME_1": "Midlands", "NL_NAME_1": "NA", "GID_2": "ZWE.10.13_2", "NAME_2": "Zvishavane", "NL_NAME_2": "NA", "NAME_3": "Ward 13", "VARNAME_3": "NA", "NL_NAME_3": "NA", "TYPE_3": "Ward", "ENGTYPE_3": "Ward", "CC_3": "NA", "HASC_3": "NA", "id": "ZWE.10.13.5_2", "name": "Ward 13"}, "geometry": {"type": "MultiPolygon", "coordinates": [[[[30.068419396000138, -20.29412162599988], [30.068391268000084, -20.294069440999976], [30.068395534000103, -20.294036209999888], [30.068580262000125, -20.292597331999957], [30.068580262000125, -20.292534326999885], [30.06871425800017, -20.29233931199991], [30.06884725400016, -20.292082292999964], [30.069242241000097, -20.290863201999912], [30.06930923900012, -20.29073319199989], [30.069307239000125, -20.290543177999893], [30.06930523900013, -20.29041516899997], [30.06930523900013, -20.290350163999904], [30.069236241000112, -20.290224153999873], [30.069234241000117, -20.29015914899992], [30.06909524499997, -20.289778120999927], [30.06909524499997, -20.289585106999937], [30.069027247000065, -20.289522101999978], [30.06902524700007, -20.289331087999983], [30.069023247000075, -20.289204077999955], [30.069023246000143, -20.28913907399982], [30.068954248000125, -20.28907606899992], [30.06895224800013, -20.288948058999893], [30.06895224800013, -20.28882004999997], [30.068883250000113, -20.288692039999944], [30.06888225000006, -20.288565030999905], [30.068880250000063, -20.28837401699991], [30.068811252000046, -20.288246006999827], [30.06880925200005, -20.28811799799996], [30.068740254000033, -20.28799198799993], [30.06873825400004, -20.28786497899989], [30.068670254999972, -20.287671964999845], [30.068599257000187, -20.287417945999948], [30.068531259000054, -20.28729093599992], [30.065998330000184, -20.284572735999916], [30.065929332000167, -20.284572735999916], [30.065794335000078, -20.284573735999913], [30.06431337800018, -20.285550808999915], [30.06424738000004, -20.285615813999982], [30.064045386000032, -20.285746823999887], [30.063774394000177, -20.285941838999975], [30.063505402000146, -20.28613685399995], [30.063303408000138, -20.28626786399991], [30.06175245300011, -20.287053922999974], [30.06161645700007, -20.287053922999974], [30.06141446200013, -20.28712092799998], [30.061279465999974, -20.287122928999963], [30.06107547199997, -20.28712492899996], [30.060873478000133, -20.28706392399988], [30.060735482000098, -20.28700191999991], [30.060531487, -20.28687691099998], [30.060394491000068, -20.286750900999948], [30.060325493, -20.28662289199991], [30.060325493, -20.286557886999958], [30.060257495000087, -20.286494881999886], [30.060255495000092, -20.286366872999963], [30.06018849700007, -20.286368872999958], [30.059984503000067, -20.28637087299984], [30.05971351000011, -20.28637487399982], [30.05937552, -20.286441878999938], [30.059104528000148, -20.286509883999884], [30.05903853, -20.28657488899995], [30.05903853, -20.28663789399991], [30.059040530000175, -20.286702898999977], [30.059040530000175, -20.286765902999946], [30.059040530000175, -20.286830907999956], [30.059040530000175, -20.28689391299997], [30.05904253000017, -20.28702192199995], [30.05904353000011, -20.28714893199998], [30.05904353000011, -20.287213936999876], [30.05904553000005, -20.28734194599997], [30.058979532000137, -20.287406950999923], [30.058841536000045, -20.287408950999918], [30.05857054400019, -20.287410951999902], [30.058027559000152, -20.28716293399998], [30.05782356500015, -20.287099928999965], [30.05775456700013, -20.28703692399995], [30.057685569000057, -20.28697391999998], [30.057619571000146, -20.28691091499985], [30.05761757100015, -20.286719900999856], [30.05754657300014, -20.28659189099983], [30.057546572000035, -20.28639987699995], [30.057476574000134, -20.286208862999956], [30.05747457400014, -20.28608085299993], [30.057472574000144, -20.285890838999933], [30.05740557600012, -20.28582783499985], [30.057403576000127, -20.285762829999953], [30.057403576000127, -20.285699824999938], [30.05733457800011, -20.285636819999922], [30.057199582000123, -20.285636820999855], [30.057064586000138, -20.285638820999907], [30.05686059100003, -20.285577815999943], [30.056387605000168, -20.28558281699992], [30.05631860700015, -20.28558281699992], [30.05631860700015, -20.285647821999873], [30.056182611000054, -20.28564982199987], [30.05591261900014, -20.285653822999905], [30.055709624000087, -20.2856558229999], [30.05564162600018, -20.2856558229999], [30.055505630000084, -20.285657822999895], [30.055439632000173, -20.28565982299989], [30.0553706340001, -20.28565982299989], [30.05523463800006, -20.285661823999874], [30.055030644000055, -20.285600818999967], [30.05489564800007, -20.285600818999967], [30.054622655000117, -20.28547680999992], [30.054487659000188, -20.28541380599995], [30.054283665000185, -20.285289796999905], [30.05407967100018, -20.285163786999874], [30.053875676000075, -20.2851027829999], [30.05367068200013, -20.284976773999972], [30.05346468800019, -20.28485076399994], [30.053194695000116, -20.28472675499995], [30.05305669900008, -20.28460074599991], [30.05019178000009, -20.28258859799996], [30.049879788, -20.28239558399997], [30.050994754999977, -20.280780462999928], [30.050939757000037, -20.28049944199995], [30.050321774000167, -20.27963037799998], [30.04998478300007, -20.278937325999948], [30.049964783000064, -20.278674306999847], [30.04950379600018, -20.27777023999994], [30.049430798000174, -20.277472216999968], [30.049057808000043, -20.276700159999905], [30.048198832000026, -20.27644214099996], [30.053091683000105, -20.263271156999906], [30.051593723000167, -20.259486875999983], [30.050184760000036, -20.255648590999897], [30.0485078050001, -20.251401274999864], [30.047237840000093, -20.24982515899984], [30.046810851000032, -20.248837084999877], [30.04598687500004, -20.248278043999903], [30.057413537000116, -20.233277917999942], [30.08056788100015, -20.239752385999964], [30.080719870000166, -20.230975730999944], [30.081355833000146, -20.205538833999924], [30.081646820000117, -20.198662319999926], [30.08472373100011, -20.19748723099997], [30.087447653000027, -20.197350218999816], [30.09080655700012, -20.196343140999886], [30.091301542000167, -20.196343140999886], [30.093283483999983, -20.193801949999965], [30.093354482, -20.193801949999965], [30.09381546900005, -20.19343392199994], [30.093991463000066, -20.19319990499997], [30.094239456000025, -20.19306589499996], [30.09455744700017, -20.19306589399997], [30.096182401000135, -20.19383094999995], [30.09681938300008, -20.193996961999915], [30.09809234700009, -20.19362693399995], [30.100178287000176, -20.194255979999923], [30.100813269000128, -20.19448899599996], [30.104134176, -20.196753162999983], [30.105265144000157, -20.197152191999862], [30.105902126000103, -20.197318203999828], [30.108695047000026, -20.19741320999998], [30.11159396400012, -20.197407206999912], [30.111700961, -20.197442209999963], [30.111700961, -20.19747421199986], [30.113500910000027, -20.19834027599984], [30.116365828000085, -20.198334272999944], [30.11788578500017, -20.198899314999892], [30.118238775000066, -20.19909932899992], [30.120006724000064, -20.198495282999943], [30.120077722000076, -20.198428277999938], [30.12209366400009, -20.19822426199994], [30.12262364900016, -20.19828926599996], [30.12378861700006, -20.198989317999974], [30.125732562000053, -20.200854454999956], [30.126153552000062, -20.203253633999964], [30.126117554000132, -20.203953685999977], [30.126010557000086, -20.204655738999975], [30.125692567000044, -20.205557805999888], [30.125301579, -20.206393868999953], [30.12516058300008, -20.206826900999943], [30.125194583000052, -20.208094995999943], [30.12561657200007, -20.20993213299988], [30.125616573000173, -20.210699189999957], [30.125507577000178, -20.212669336999966], [30.125823569000033, -20.21373741699989], [30.126178559000095, -20.214237453999942], [30.126354553999988, -20.21433646099996], [30.126708544000167, -20.214403465999908], [30.127202530000034, -20.214302457999906], [30.127840512000034, -20.213966431999836], [30.128511492000143, -20.21376441699988], [30.129041477000044, -20.21383142199994], [30.130172446000074, -20.21489749999995], [30.130208445000108, -20.215063512999905], [30.132398383000123, -20.21636260799994], [30.132469381000135, -20.216495617999954], [30.13441232700012, -20.218094735999898], [30.134590322, -20.218160740999963], [30.134624321000103, -20.218227745999968], [30.116229868, -20.24866002699997], [30.105814187000192, -20.278073224999957], [30.133655382000143, -20.26404616199983], [30.134687353000174, -20.265566274999912], [30.13482234900016, -20.265692283999954], [30.134893347000173, -20.265819293999982], [30.135028344000034, -20.26594530299991], [30.13516634000007, -20.26607131199995], [30.135234338000032, -20.266199321999977], [30.135372334000067, -20.266390335999972], [30.135509330000048, -20.266516344999843], [30.135646327000075, -20.266641354999877], [30.135784323000166, -20.26683236899987], [30.13598831700017, -20.266956377999918], [30.136056315000076, -20.267084386999954], [30.136192311000173, -20.267145391999918], [30.13626030900008, -20.26721039699987], [30.13626030900008, -20.267273400999954], [30.13823625400005, -20.268400483999926], [30.138645242000166, -20.26852249299992], [30.139053231000105, -20.268709505999936], [30.139188227000034, -20.26870750599994], [30.139326223000126, -20.26876851099985], [30.139528217000134, -20.268766509999864], [30.142591131000074, -20.270199614999967], [30.14272612700006, -20.270197614999972], [30.142793125000082, -20.270132609999905], [30.142997119000086, -20.270193614999982], [30.144010090000165, -20.26986158899996], [30.14019522200016, -20.301880976999826], [30.140138224000054, -20.302770042999953], [30.101874334000115, -20.325752777999924], [30.101874334000115, -20.325817782999877], [30.083464850000098, -20.31133671699996], [30.08353184800012, -20.31133671699996], [30.085989774000097, -20.30612732799989], [30.07391911300016, -20.298088736999944], [30.068664261000038, -20.294323459999873], [30.068597262000083, -20.294323459999873], [30.06852926400012, -20.294325459999868], [30.068419396000138, -20.29412162599988]]]]}}, {"type": "Feature", "properties": {"GID_3": "ZWE.10.13.6_2", "GID_0": "ZWE", "COUNTRY": "Zimbabwe", "GID_1": "ZWE.10_1", "NAME_1": "Midlands", "NL_NAME_1": "NA", "GID_2": "ZWE.10.13_2", "NAME_2": "Zvishavane", "NL_NAME_2": "NA", "NAME_3": "Ward 14", "VARNAME_3": "NA", "NL_NAME_3": "NA", "TYPE_3": "Ward", "ENGTYPE_3": "Ward", "CC_3": "NA", "HASC_3": "NA", "id": "ZWE.10.13.6_2", "name": "Ward 14"}, "geometry": {"type": "MultiPolygon", "coordinates": [[[[30.248450128000115, -20.310733410999887], [30.243609274000164, -20.321955249999974], [30.243016297, -20.330778906999967], [30.24320429200003, -20.3311239329999], [30.243038297000055, -20.331829984999956], [30.24301229800011, -20.332416028999944], [30.24323929300016, -20.33352611099997], [30.243429288000186, -20.334138156999927], [30.24355928400007, -20.33478120399991], [30.24403227200014, -20.335713273999943], [30.249916108000093, -20.342357763999928], [30.250052104000133, -20.342383765999955], [30.253959997000095, -20.348385209999833], [30.255286685999977, -20.349634421999895], [30.255472074000068, -20.349855298999955], [30.255163547, -20.35012570699996], [30.25393500500013, -20.350285506999967], [30.252266053000085, -20.350596530999837], [30.252247054, -20.350596530999837], [30.251265082000145, -20.35068953799987], [30.250334108, -20.35032951199986], [30.248810151000157, -20.34898241299993], [30.247223196, -20.34879339999992], [30.24648521800009, -20.349592459999883], [30.24615322800014, -20.35009449699993], [30.245915234000165, -20.350231507999922], [30.245627243000058, -20.35028151199998], [30.244753267000192, -20.349360443999956], [30.244318279000083, -20.349091423999823], [30.242649326000105, -20.347702321999975], [30.240698381000072, -20.346903262999945], [30.239258423000138, -20.347120279999956], [30.23904442899999, -20.347258290999946], [30.23869244000008, -20.348349371999973], [30.240549389000023, -20.352184655999963], [30.240767383000104, -20.352295663999826], [30.240986377000127, -20.352564683999958], [30.242270341000108, -20.353867779999973], [30.242344339, -20.354117798999937], [30.242228343000193, -20.354660838999962], [30.241875354, -20.355639912999948], [30.241566363000118, -20.355868929999872], [30.24079938500006, -20.356123948999937], [30.240271399999983, -20.356196954999916], [30.238949438000077, -20.356186954999828], [30.236166518000175, -20.356527981999875], [30.233113605000085, -20.356079950999856], [30.23073267300009, -20.356350971999973], [30.22779375800019, -20.358279117999928], [30.224993839000092, -20.359437205999882], [30.224800845000118, -20.359462206999922], [30.223389885000074, -20.360109255999816], [30.221970926000154, -20.359872239999902], [30.221417942000073, -20.359718228999952], [30.220190977000073, -20.35957121799987], [30.218702019000148, -20.359515214999874], [30.217138064000153, -20.3593482039999], [30.216201090000084, -20.35938020699996], [30.215101122000192, -20.359729232999882], [30.214094151000097, -20.359941249999963], [30.213231176000193, -20.360290275999944], [30.21246319800008, -20.36045428899996], [30.212224205000098, -20.360660304999953], [30.210193266000033, -20.365321651999977], [30.209915275000185, -20.366456736999908], [30.209771279000165, -20.366660751999916], [30.20898230199998, -20.366962774999934], [30.20854931500014, -20.367057782999893], [30.20831032200016, -20.36721779499993], [30.207954332000043, -20.367650826999864], [30.207908334000138, -20.367854841999872], [30.207643341000164, -20.367858842999908], [30.207113356000093, -20.36752281799994], [30.206582371000138, -20.367414809999957], [30.205766395000126, -20.367467814999884], [30.205167412000037, -20.367675830999872], [30.20461842800006, -20.36808786199998], [30.204191440000102, -20.368613900999947], [30.20400244600006, -20.368978927999876], [30.204004446000056, -20.36927194999987], [30.204295438000145, -20.369857992999982], [30.20451543200005, -20.37012901299994], [30.204686428000173, -20.370558044999882], [30.204860423000127, -20.37132710199984], [30.204995421000092, -20.37316023799997], [30.20497542100003, -20.373478261999935], [30.20462043200007, -20.374205315999973], [30.204240443000117, -20.374663350999924], [30.20357146300006, -20.37528139699998], [30.20314547600003, -20.376009450999902], [30.203006480000113, -20.376621496999917], [30.202720488000068, -20.376919518999898], [30.202075507000075, -20.377331549999894], [30.201719518000175, -20.377766582999982], [30.200944541000126, -20.38003875199996], [30.200923542000055, -20.3804007789999], [30.20085154400016, -20.380469783999956], [30.20045055600019, -20.3813088469999], [30.200378558000068, -20.381310846999895], [30.199191593000023, -20.38190389199991], [30.198869602000116, -20.381979897999827], [30.19781863300011, -20.382780957999955], [30.19663266800012, -20.38455909099997], [30.19593968800018, -20.38517713799996], [30.1954137030001, -20.38538515299996], [30.19380574900009, -20.385444158999917], [30.19322776600012, -20.385404155999822], [30.1927487800001, -20.385568168999896], [30.191961803000083, -20.386276221999935], [30.191268823000144, -20.386712254999964], [30.19009785700007, -20.38756131799994], [30.18964587000005, -20.388019352999947], [30.189288881000095, -20.38856439299991], [30.186921950000112, -20.390512539999975], [30.186273968000137, -20.390495538999915], [30.18521299800011, -20.39020951799995], [30.184756011000047, -20.390008503999923], [30.184466020000116, -20.389808488999904], [30.18415302800014, -20.389741483999956], [30.183863037000037, -20.389587472999892], [30.183548045000123, -20.3891374399999], [30.18349904700011, -20.388910422999857], [30.183520046000183, -20.38854739599992], [30.18382503600003, -20.387729334999904], [30.18387103499998, -20.387389309999946], [30.18429202200008, -20.38595720299992], [30.18395103100005, -20.385326155999962], [30.183085056000095, -20.38524415099988], [30.182461074000116, -20.385362159999886], [30.182198081000138, -20.38547616799991], [30.181311107000113, -20.385667182999896], [30.17972615200017, -20.385862198999973], [30.17778120800017, -20.385833197999887], [30.175328278000052, -20.385469171999944], [30.174487302000102, -20.385612182999978], [30.173577328000135, -20.386028214999953], [30.173075343000107, -20.386325236999937], [30.172499359000028, -20.386466247999863], [30.17098740299997, -20.386480249999863], [30.17019542500003, -20.386735269999917], [30.169861435000087, -20.386920283999928], [30.169386449000058, -20.38760333499988], [30.1693164510001, -20.387830351999924], [30.169344451000143, -20.38837439199989], [30.168929464000144, -20.390439545999982], [30.168002492000028, -20.391692639999917], [30.167883495000012, -20.391942657999834], [30.166928524000184, -20.39322075399997], [30.166687530000104, -20.393268757999863], [30.16567655900002, -20.39316374999987], [30.165343569000186, -20.393302760999916], [30.165129575000094, -20.393688789999885], [30.164942581000048, -20.39432583699994], [30.16495058200013, -20.395276907999914], [30.165570566000042, -20.397923103999915], [30.165673563000155, -20.39871416299991], [30.166457542000103, -20.400631304999933], [30.166508541000155, -20.401173344999904], [30.166417544000183, -20.40153737199995], [30.16615355199997, -20.401812392999943], [30.16555456900005, -20.40211141499998], [30.163681623000173, -20.402172420999875], [30.162840647000053, -20.402134418999935], [30.162121667000065, -20.402253427999938], [30.16171367900006, -20.402460443999928], [30.160925702000156, -20.40298948399993], [30.16075970700018, -20.403261503999943], [30.160666710000044, -20.40355752599993], [30.160544718000097, -20.409539969999912], [30.161000722000153, -20.43409279399998], [30.1610497260001, -20.440479267999933], [30.160740735000047, -20.440933301999962], [30.159611767000058, -20.440853295999887], [30.159397774000013, -20.441240324999967], [30.15949577100008, -20.441488343999936], [30.15971276500005, -20.441690358999892], [30.159836761, -20.44198437999995], [30.15976976400009, -20.442731435999974], [30.160059756000066, -20.443046458999902], [30.16042274600011, -20.44324647399992], [30.160712738000143, -20.443538494999927], [30.16071473800008, -20.44376551199997], [30.159745767000118, -20.44572265799991], [30.158814794000136, -20.446727732999932], [30.158551802000034, -20.446842741999944], [30.15776382500013, -20.44748378999998], [30.15676585400007, -20.448965899999962], [30.156052875000114, -20.449899969999876], [30.154692915000055, -20.451180065999836], [30.15462591800008, -20.45185911699997], [30.153429952000067, -20.452660176999927], [30.1529749660001, -20.452845190999938], [30.152544978000037, -20.453188216999877], [30.151850998000157, -20.453557243999967], [30.150987023000027, -20.45379126199998], [30.149883055000146, -20.453936273999886], [30.148519094000164, -20.454672328999948], [30.14792411200017, -20.45538038199993], [30.147085136000044, -20.455704406999814], [30.14694214000008, -20.455796413999963], [30.145935170000087, -20.456755485999906], [30.144863201000135, -20.457898570999816], [30.140876316, -20.45831560499994], [30.140760319000094, -20.458838643999968], [30.142112288000135, -20.469225412999947], [30.142019291000167, -20.469495432999906], [30.137027437000143, -20.47375175199994], [30.126373748000162, -20.482380398999965], [30.12385682600012, -20.484211388999938], [30.064548563000187, -20.389748832999942], [30.067485345000193, -20.362750552999955], [30.067621341000063, -20.36281155699993], [30.067689339000026, -20.36281155699993], [30.067825335000066, -20.362874561999888], [30.06802932900007, -20.362935565999976], [30.068708310000034, -20.363055574999976], [30.068981302000054, -20.363115578999953], [30.06911629800004, -20.363113578999958], [30.069387290000066, -20.363111578999963], [30.069658283000024, -20.36317258299988], [30.070064271000035, -20.363166581999906], [30.070337263000056, -20.363162581999916], [30.07054125700006, -20.363223585999947], [30.070812250000017, -20.363221585999952], [30.0710832420001, -20.36328058999993], [30.071828221000146, -20.36327358899996], [30.072031215000095, -20.363206583999954], [30.07216621100008, -20.36320458399996], [30.07493913100018, -20.362468526999976], [30.079074012999968, -20.36254452999998], [30.079279007000082, -20.36254252999987], [30.079483001000085, -20.36260353399996], [30.07968699600019, -20.362601533999964], [30.079752994000103, -20.362600533999967], [30.07988899000003, -20.362662537999938], [30.080092984000032, -20.362724542999956], [30.080365976000053, -20.36284755199989], [30.080637969000065, -20.362973560999933], [30.08090896100009, -20.36303356499991], [30.081112955000094, -20.363095569999814], [30.081250951000186, -20.363221578999912], [30.081318949000092, -20.363284583999928], [30.081454946000065, -20.363347587999954], [30.081591942000045, -20.363473597999928], [30.081797936000044, -20.36366261099994], [30.08213992600008, -20.36397763499997], [30.08248091700017, -20.364293657999895], [30.082755909000184, -20.364545676999967], [30.082961904000058, -20.36479969499993], [30.08316589800006, -20.36498870899993], [30.08323589600019, -20.36517872299987], [30.083304894000037, -20.365306732999954], [30.083443890000126, -20.365688760999944], [30.08358088700004, -20.36581376999993], [30.083785881000097, -20.36600278399993], [30.08385387900006, -20.366130793999957], [30.083991875000095, -20.366256802999885], [30.083991875000095, -20.366321807999952], [30.084061873000053, -20.36644781699988], [30.08413087100007, -20.36657482699991], [30.084267868000097, -20.36670083599995], [30.084403864000024, -20.366826844999878], [30.084540860000118, -20.36688984999995], [30.084675856000104, -20.36701585899982], [30.084813851999968, -20.36714186799992], [30.084881851000034, -20.367269877999945], [30.08501984700007, -20.367332881999914], [30.08528983900004, -20.36732888199998], [30.085492833000103, -20.36726187699992], [30.085696827000106, -20.367259875999935], [30.085762825000074, -20.36725787599994], [30.085831823000092, -20.367192870999872], [30.085965819000023, -20.367128866999906], [30.086100816000055, -20.367061860999968], [30.086236812000152, -20.366996856999947], [30.086371808000138, -20.36693185199988], [30.08650480400013, -20.36686484699993], [30.08650480400013, -20.366801841999973], [30.086573802000146, -20.366800841999975], [30.08657180200015, -20.36660982799998], [30.086569802000156, -20.366544822999913], [30.086501804000193, -20.366481817999954], [30.086415805000115, -20.36450167099997], [30.08654680100011, -20.364116641999942], [30.086613799000133, -20.364114641999947], [30.08735377700009, -20.363465592999944], [30.0906386850001, -20.366494815999943], [30.090842680000037, -20.366620825999973], [30.090977676000193, -20.366746834999958], [30.091116672000112, -20.366937848999953], [30.09132266600011, -20.36725387199988], [30.091393665000055, -20.367507890999946], [30.091530661000036, -20.367826914999966], [30.091603658999986, -20.368144937999887], [30.09167165700012, -20.36840095699995], [30.091673657000115, -20.36859297199993], [30.09167565700011, -20.368783985999983], [30.091677657000105, -20.368977], [30.091610659000082, -20.36910500999994], [30.09161466000012, -20.369425033999846], [30.091547662000096, -20.36949003799998], [30.091547662000096, -20.36955304299994], [30.092043649000175, -20.371721203999925], [30.092114647000187, -20.37191221799992], [30.092251643000168, -20.372103231999915], [30.092320642000118, -20.37229424599991], [30.092389640000135, -20.372357250999983], [30.092389640000135, -20.37242025599994], [30.09245763800004, -20.37248325999991], [30.09245763800004, -20.37254726499998], [30.09252663600006, -20.37261026999994], [30.095246559000145, -20.37347233199995], [30.095519551000166, -20.37359634099994], [30.095793543000127, -20.373848359999897], [30.09586054100015, -20.373848359999897], [30.098395471000117, -20.3765665599999], [30.098031469000034, -20.360074333999933], [30.098753442000145, -20.350733638999884], [30.101698340000098, -20.32601479799996], [30.10176533800012, -20.32601479799996], [30.101874334000115, -20.325817782999877], [30.101874334000115, -20.325752777999924], [30.140138224000054, -20.302770042999953], [30.14019522200016, -20.301880976999826], [30.144010090000165, -20.26986158899996], [30.142997119000086, -20.270193614999982], [30.142793125000082, -20.270132609999905], [30.14272612700006, -20.270197614999972], [30.142591131000074, -20.270199614999967], [30.139528217000134, -20.268766509999864], [30.139326223000126, -20.26876851099985], [30.139188227000034, -20.26870750599994], [30.139053231000105, -20.268709505999936], [30.138645242000166, -20.26852249299992], [30.13823625400005, -20.268400483999926], [30.13626030900008, -20.267273400999954], [30.13626030900008, -20.26721039699987], [30.136192311000173, -20.267145391999918], [30.136056315000076, -20.267084386999954], [30.13598831700017, -20.266956377999918], [30.135784323000166, -20.26683236899987], [30.135646327000075, -20.266641354999877], [30.135509330000048, -20.266516344999843], [30.135372334000067, -20.266390335999972], [30.135234338000032, -20.266199321999977], [30.13516634000007, -20.26607131199995], [30.135028344000034, -20.26594530299991], [30.134893347000173, -20.265819293999982], [30.13482234900016, -20.265692283999954], [30.134687353000174, -20.265566274999912], [30.133655382000143, -20.26404616199983], [30.105814187000192, -20.278073224999957], [30.116229868, -20.24866002699997], [30.134624321000103, -20.218227745999968], [30.137311245000035, -20.21875578399988], [30.14105913800006, -20.21891679299989], [30.14180311600012, -20.21878078299983], [30.143356074000053, -20.22138097599992], [30.145616011000072, -20.224114177999866], [30.14582800500017, -20.224280189999945], [30.145864004000032, -20.224181182999814], [30.14851892600018, -20.22043690199996], [30.148590922999972, -20.220169881999936], [30.149121908000154, -20.21929981699998], [30.14919190500018, -20.218832781999936], [30.149369900000067, -20.218731773999934], [30.150715860000048, -20.21679362899988], [30.151493838000135, -20.216056572999946], [30.152413811000088, -20.21541952499996], [30.153368783000076, -20.214651466999953], [30.15584671000005, -20.21220728299994], [30.157013676000133, -20.210302139999953], [30.15712067300018, -20.210035119999873], [30.157156671000166, -20.209768099999906], [30.156344693000108, -20.208167981999964], [30.15596470400004, -20.207842957999958], [30.15602570200008, -20.20767194499996], [30.156358264000062, -20.20735388999998], [30.156454780000047, -20.20725698399997], [30.156639232000032, -20.207208436999963], [30.158545623000123, -20.206538700999943], [30.169642298000156, -20.195825894999814], [30.169642298000156, -20.195776890999923], [30.185006850000093, -20.182610897999837], [30.19776747800006, -20.171677073999945], [30.206228241000133, -20.177618511999924], [30.206281239000077, -20.177618511999924], [30.2361684010001, -20.19935711599993], [30.242396226000153, -20.203658433999863], [30.248455056000182, -20.20784274199997], [30.249234034000153, -20.208922821999977], [30.26372272000009, -20.21921032599994], [30.271837400000038, -20.224971004999873], [30.271892398000148, -20.224969004999878], [30.271892398000148, -20.22502200899993], [30.271947397000133, -20.22502200899993], [30.27697125600008, -20.228785286999823], [30.277194249000104, -20.228890293999882], [30.277362245000177, -20.228942297999936], [30.277417243000116, -20.22899330199988], [30.277473242000042, -20.22899330199988], [30.277530240000146, -20.22899330199988], [30.277585238000086, -20.229047305999927], [30.277641237000182, -20.229047305999927], [30.27769623500012, -20.229045305999932], [30.277751234000107, -20.229045305999932], [30.2777802330001, -20.229045305999932], [30.278636210000172, -20.231631497999956], [30.278491215000145, -20.232726579999962], [30.278207225000074, -20.234860738999885], [30.277999231000138, -20.2354727849999], [30.277337251000063, -20.237429930999895], [30.27742469000009, -20.237430763999896], [30.277425249000032, -20.237595943999963], [30.27751324700006, -20.237843961999886], [30.279271198000117, -20.23982010799989], [30.27935919500004, -20.239818107999895], [30.279382195000153, -20.240137131999916], [30.27954219200018, -20.24254831199994], [30.277799244000164, -20.246282590999897], [30.27618729200003, -20.248541759999966], [30.275102325000034, -20.251156955999875], [30.275012328000173, -20.251659993999965], [30.274743336000085, -20.253188107999904], [30.27509632800019, -20.25567529299991], [30.27489433400018, -20.25666736699992], [30.274795337000057, -20.256938386999877], [30.27397136100012, -20.257609437999974], [30.27397136100012, -20.257701444999952], [30.271276439000076, -20.258763525999882], [30.268850510000163, -20.261185707999857], [30.268113532000086, -20.262717821999956], [30.269191503, -20.264762973999893], [30.26918750300007, -20.26512300099995], [30.268550522, -20.26625008499991], [30.267465555000058, -20.268999290999943], [30.267488556000103, -20.271034441999916], [30.267141567000067, -20.271982512999955], [30.262553700000126, -20.27492973599982], [30.261338735000095, -20.276365842999894], [30.261337736000087, -20.276501853999946], [30.260442763000185, -20.279162051999947], [30.260200773000065, -20.283503375999885], [30.257140865, -20.29075391799995], [30.24950609600006, -20.308013207999977], [30.24943609800016, -20.308448240999894], [30.248450128000115, -20.310733410999887]]]]}}, {"type": "Feature", "properties": {"GID_3": "ZWE.10.13.7_2", "GID_0": "ZWE", "COUNTRY": "Zimbabwe", "GID_1": "ZWE.10_1", "NAME_1": "Midlands", "NL_NAME_1": "NA", "GID_2": "ZWE.10.13_2", "NAME_2": "Zvishavane", "NL_NAME_2": "NA", "NAME_3": "Ward 15", "VARNAME_3": "NA", "NL_NAME_3": "NA", "TYPE_3": "Ward", "ENGTYPE_3": "Ward", "CC_3": "NA", "HASC_3": "NA", "id": "ZWE.10.13.7_2", "name": "Ward 15"}, "geometry": {"type": "MultiPolygon", "coordinates": [[[[30.132982596000033, -20.532464107999942], [30.13272860300009, -20.53237410199995], [30.132657605000077, -20.53224309199993], [30.132657605000077, -20.532111081999915], [30.132587607000175, -20.532111081999915], [30.134828536000043, -20.523329429999876], [30.136859472000026, -20.514479772999948], [30.136928470000043, -20.51441576799988], [30.137348454000175, -20.50953240599995], [30.13531851100015, -20.507756274999906], [30.134128545000124, -20.507497256999955], [30.129928662000168, -20.503816986999936], [30.129716668000185, -20.503553966999846], [30.129716668000185, -20.503355952999982], [30.125587784000174, -20.500137716999973], [30.12502679900018, -20.49947966799988], [30.124887803000092, -20.499084638999875], [30.12481680500008, -20.499017633999927], [30.1249378010001, -20.498890624999888], [30.125177793999967, -20.498628604999908], [30.11553006400004, -20.490701023999975], [30.11960294500011, -20.487305768999875], [30.12385682600012, -20.484211388999938], [30.126373748000162, -20.482380398999965], [30.137027437000143, -20.47375175199994], [30.142019291000167, -20.469495432999906], [30.142112288000135, -20.469225412999947], [30.140760319000094, -20.458838643999968], [30.140876316, -20.45831560499994], [30.144863201000135, -20.457898570999816], [30.145935170000087, -20.456755485999906], [30.14694214000008, -20.455796413999963], [30.147085136000044, -20.455704406999814], [30.14792411200017, -20.45538038199993], [30.148519094000164, -20.454672328999948], [30.149883055000146, -20.453936273999886], [30.150987023000027, -20.45379126199998], [30.151850998000157, -20.453557243999967], [30.152544978000037, -20.453188216999877], [30.1529749660001, -20.452845190999938], [30.153429952000067, -20.452660176999927], [30.15462591800008, -20.45185911699997], [30.154692915000055, -20.451180065999836], [30.156052875000114, -20.449899969999876], [30.15676585400007, -20.448965899999962], [30.15776382500013, -20.44748378999998], [30.158551802000034, -20.446842741999944], [30.158814794000136, -20.446727732999932], [30.159745767000118, -20.44572265799991], [30.16071473800008, -20.44376551199997], [30.160712738000143, -20.443538494999927], [30.16042274600011, -20.44324647399992], [30.160059756000066, -20.443046458999902], [30.15976976400009, -20.442731435999974], [30.159836761, -20.44198437999995], [30.15971276500005, -20.441690358999892], [30.15949577100008, -20.441488343999936], [30.159397774000013, -20.441240324999967], [30.159611767000058, -20.440853295999887], [30.160740735000047, -20.440933301999962], [30.1610497260001, -20.440479267999933], [30.161000722000153, -20.43409279399998], [30.160544718000097, -20.409539969999912], [30.160666710000044, -20.40355752599993], [30.16075970700018, -20.403261503999943], [30.160925702000156, -20.40298948399993], [30.16171367900006, -20.402460443999928], [30.162121667000065, -20.402253427999938], [30.162840647000053, -20.402134418999935], [30.163681623000173, -20.402172420999875], [30.16555456900005, -20.40211141499998], [30.16615355199997, -20.401812392999943], [30.166417544000183, -20.40153737199995], [30.166508541000155, -20.401173344999904], [30.166457542000103, -20.400631304999933], [30.165673563000155, -20.39871416299991], [30.165570566000042, -20.397923103999915], [30.16495058200013, -20.395276907999914], [30.164942581000048, -20.39432583699994], [30.165129575000094, -20.393688789999885], [30.165343569000186, -20.393302760999916], [30.16567655900002, -20.39316374999987], [30.166687530000104, -20.393268757999863], [30.166928524000184, -20.39322075399997], [30.167883495000012, -20.391942657999834], [30.168002492000028, -20.391692639999917], [30.168929464000144, -20.390439545999982], [30.169344451000143, -20.38837439199989], [30.1693164510001, -20.387830351999924], [30.169386449000058, -20.38760333499988], [30.169861435000087, -20.386920283999928], [30.17019542500003, -20.386735269999917], [30.17098740299997, -20.386480249999863], [30.172499359000028, -20.386466247999863], [30.173075343000107, -20.386325236999937], [30.173577328000135, -20.386028214999953], [30.174487302000102, -20.385612182999978], [30.175328278000052, -20.385469171999944], [30.17778120800017, -20.385833197999887], [30.17972615200017, -20.385862198999973], [30.181311107000113, -20.385667182999896], [30.182198081000138, -20.38547616799991], [30.182461074000116, -20.385362159999886], [30.183085056000095, -20.38524415099988], [30.18395103100005, -20.385326155999962], [30.18429202200008, -20.38595720299992], [30.18387103499998, -20.387389309999946], [30.18382503600003, -20.387729334999904], [30.183520046000183, -20.38854739599992], [30.18349904700011, -20.388910422999857], [30.183548045000123, -20.3891374399999], [30.183863037000037, -20.389587472999892], [30.18415302800014, -20.389741483999956], [30.184466020000116, -20.389808488999904], [30.184756011000047, -20.390008503999923], [30.18521299800011, -20.39020951799995], [30.186273968000137, -20.390495538999915], [30.186921950000112, -20.390512539999975], [30.189288881000095, -20.38856439299991], [30.18964587000005, -20.388019352999947], [30.19009785700007, -20.38756131799994], [30.191268823000144, -20.386712254999964], [30.191961803000083, -20.386276221999935], [30.1927487800001, -20.385568168999896], [30.19322776600012, -20.385404155999822], [30.19380574900009, -20.385444158999917], [30.1954137030001, -20.38538515299996], [30.19593968800018, -20.38517713799996], [30.19663266800012, -20.38455909099997], [30.19781863300011, -20.382780957999955], [30.198869602000116, -20.381979897999827], [30.199191593000023, -20.38190389199991], [30.20128253500019, -20.38413905699997], [30.203369477000024, -20.386575236999818], [30.205966406000016, -20.392114646999914], [30.209873299000094, -20.398651129999962], [30.21204123900003, -20.401615348999883], [30.214591168000084, -20.40436055099991], [30.217210095000155, -20.406046674999914], [30.2206359970001, -20.4067617259999], [30.22281793600007, -20.4081398269999], [30.223072929000125, -20.408257834999972], [30.225889848000065, -20.408690865999915], [30.22724981000016, -20.40964093599996], [30.22768879800003, -20.410071966999965], [30.228791767000075, -20.41066300999995], [30.22986473600014, -20.410846022999976], [30.232451663000063, -20.411762089999854], [30.23260565900017, -20.411880097999926], [30.23296464800012, -20.41199810699993], [30.23507559000018, -20.414169266999977], [30.236193559000185, -20.416591445999927], [30.236454552000055, -20.417335500999968], [30.23704753600009, -20.418004550999967], [30.23791551100004, -20.417999549999934], [30.238060506000068, -20.41717948899992], [30.238289500000178, -20.417032477999896], [30.238749486000188, -20.41702847699986], [30.239237473000173, -20.417360500999962], [30.239517465000063, -20.417358500999967], [30.239823456000067, -20.417211489999886], [30.240025450000076, -20.41691946799989], [30.240227444000084, -20.4167264539999], [30.24085842500017, -20.415758380999932], [30.241106418000186, -20.41505832899992], [30.24143240800015, -20.41435627699991], [30.241812397000047, -20.41396724799995], [30.24229738300005, -20.413818235999884], [30.24275637000011, -20.413791233999973], [30.2435273480001, -20.414409278999926], [30.2437063430001, -20.414480284999968], [30.24421732800016, -20.41449928599991], [30.244599317000052, -20.414304270999878], [30.244902308000178, -20.413965245999975], [30.245333296000126, -20.41362321999992], [30.24556228900019, -20.41352421199997], [30.24709324500003, -20.413558213999977], [30.25058214500001, -20.41304717399987], [30.251589117000037, -20.413747224999952], [30.25168411400017, -20.413928238999915], [30.251732113000116, -20.41393023899991], [30.253002078000122, -20.41592938599996], [30.25352706300015, -20.41616040299988], [30.253767056000186, -20.41611839999996], [30.253767056000186, -20.41607239699988], [30.25463503100019, -20.415807375999975], [30.255480008000177, -20.417262483999934], [30.257016964000172, -20.417095470999982], [30.25706496300012, -20.41704946699997], [30.257161960000076, -20.41704946699997], [30.257161960000076, -20.417005463999885], [30.257209958000146, -20.417005463999885], [30.25851991999997, -20.415704365999886], [30.258907909000015, -20.41543734599992], [30.260463863000155, -20.41368621499987], [30.260658857000124, -20.413415194999857], [30.261825823000038, -20.41215810099993], [30.263799766000034, -20.411542053999938], [30.263944762000165, -20.411453046999952], [30.264817736000055, -20.41060198299988], [30.264867735000053, -20.41033096299992], [30.26491773300006, -20.410284959999956], [30.265121727000064, -20.409201878999852], [30.265317721000145, -20.40888685599998], [30.265365719000044, -20.40888685599998], [30.265365719000044, -20.408840851999912], [30.266090698000085, -20.408440821999932], [30.26628269300005, -20.408442821999927], [30.266280693000056, -20.408488824999893], [30.266708681000125, -20.408898855999894], [30.26670668100013, -20.40907986899998], [30.266259695000088, -20.41029695999987], [30.266242696, -20.411788070999876], [30.266811681000092, -20.412290106999933], [30.26800364700017, -20.412889150999945], [30.26804564600019, -20.413387187999945], [30.266589689000057, -20.414775291999945], [30.26575471400014, -20.41648841999995], [30.265336728000193, -20.41928862799989], [30.263540780000085, -20.421037758999944], [30.263540780000085, -20.42108176299996], [30.261663834000046, -20.421563798999955], [30.26088185700013, -20.42277888999996], [30.259477898000057, -20.423807967999892], [30.257980942000188, -20.424700034999887], [30.257182966000016, -20.427222221999955], [30.25558701300008, -20.428294302999916], [30.25544201700012, -20.428337305999946], [30.255394018000175, -20.42842731299993], [30.254235052000183, -20.42905135999996], [30.254185054000175, -20.429186369999854], [30.25389506200014, -20.429320379999922], [30.25389506200014, -20.42936438399994], [30.253176083000085, -20.429358383999954], [30.25303508600001, -20.429085362999956], [30.25207911399997, -20.42877834099994], [30.251061143000072, -20.429657406999922], [30.250519160000067, -20.430918500999894], [30.250565158000143, -20.431010507999872], [30.250515160000077, -20.431145517999937], [30.250550159000056, -20.431160518999945], [30.249203199000135, -20.432679632999964], [30.248257226000135, -20.43256062399996], [30.247090259000117, -20.432137593999983], [30.24687426500003, -20.432139593999977], [30.24612128700005, -20.432555624999907], [30.24585229500019, -20.43288864999994], [30.24524031300018, -20.43398973199993], [30.242504393000104, -20.436665932999915], [30.242169404000038, -20.43855407299992], [30.242600394000135, -20.441507291999926], [30.242577395000126, -20.44214433999997], [30.242443399000024, -20.442401358999916], [30.242050411000037, -20.443805462999933], [30.242323403000057, -20.444211492999955], [30.242602396000166, -20.445049554999912], [30.242495399000063, -20.445356577999917], [30.242014414000153, -20.44594762199995], [30.241183438000178, -20.446821687999886], [30.24107844100007, -20.447103708999975], [30.241106441000113, -20.447408730999882], [30.241190438000046, -20.447610745999896], [30.242146412000068, -20.448698825999884], [30.242281408000053, -20.44892684299998], [30.243000389000144, -20.450727975999882], [30.242991390000157, -20.452767127999948], [30.242884394000043, -20.4530221469999], [30.242749398000058, -20.453101152999977], [30.242182414000013, -20.453232162999882], [30.242022419000193, -20.453387173999943], [30.241648430000055, -20.454054223999947], [30.241257442000062, -20.45566234399996], [30.240671460000044, -20.45696744099996], [30.24070445900003, -20.45750348099989], [30.241333442000155, -20.45833854199998], [30.241335442000093, -20.4586705669999], [30.241122448000056, -20.458952587999875], [30.24051146700009, -20.4603856949999], [30.240380471000037, -20.46082072699994], [30.240303473000097, -20.46138076899996], [30.240170477000106, -20.461585783999965], [30.239739490000034, -20.461691791999954], [30.239304502000095, -20.461440773999982], [30.238869513999987, -20.461291762999906], [30.23830153100016, -20.461245759999827], [30.23797854000003, -20.461350767999875], [30.237818544999982, -20.46165779099988], [30.23784954399997, -20.462014816999954], [30.23814853600004, -20.46244584899989], [30.23839452900006, -20.462697867999964], [30.23910650900018, -20.463633936999884], [30.240334477000147, -20.468340284999897], [30.240582471000096, -20.468975331999957], [30.24028448200005, -20.472236573999965], [30.24004248900019, -20.4722905779999], [30.239296511000077, -20.473596675999886], [30.239249513000118, -20.47448974199989], [30.239170515000126, -20.474744760999954], [30.238901523000095, -20.474950775999957], [30.237742557000104, -20.475420811999925], [30.236819583000113, -20.475504818999923], [30.236149603000115, -20.47632687999993], [30.23548762300004, -20.478015005999964], [30.23548762300004, -20.478167016999862], [30.23592661100014, -20.478928072999963], [30.237780559000043, -20.480748206999976], [30.23955251000001, -20.482285319999903], [30.239878501000078, -20.482512336999946], [30.241846446000125, -20.484559486999956], [30.243096410000135, -20.485211534999905], [30.243374403000132, -20.485999592999917], [30.243593397000154, -20.486455626999884], [30.243573398000024, -20.487094673999934], [30.24346640100015, -20.487273687999902], [30.24349240100014, -20.487399696999944], [30.243958388000067, -20.487879731999953], [30.244564371000024, -20.489426845999958], [30.24562534100005, -20.490002888999925], [30.245827337000094, -20.491506], [30.245760340000118, -20.4932401289999], [30.248593263000146, -20.49875453599992], [30.247614292000037, -20.500671677999946], [30.247757291000084, -20.505555039999933], [30.247828289000097, -20.505555039999933], [30.247828289000097, -20.505620044999887], [30.24775729200013, -20.505620044999887], [30.24656932700003, -20.50833024699989], [30.246569328000078, -20.508593265999878], [30.246920319000083, -20.51011037899991], [30.246851321000065, -20.51011037899991], [30.245735358, -20.51829698599994], [30.244273406000048, -20.526615602999982], [30.243653434000066, -20.54093666499989], [30.242466472000103, -20.546812100999944], [30.24249147200004, -20.54725813399989], [30.23707262500011, -20.544787953999958], [30.236092653000185, -20.544595940999898], [30.235812661000125, -20.54439892599993], [30.230416813999966, -20.541911744999936], [30.220542096000088, -20.54201675999991], [30.211860346000094, -20.54310584599989], [30.210670380000067, -20.54311184699992], [30.205625522000105, -20.53989761199989], [30.20485253900017, -20.533236118999923], [30.20485253900017, -20.532576069999948], [30.203729567000153, -20.527830718999894], [30.203590571000177, -20.52763270499986], [30.203519573000165, -20.52743568999989], [30.20337857700008, -20.527303679999875], [30.20057865700005, -20.526918653999928], [30.197427748000166, -20.52857977899987], [30.19287688100013, -20.531301982999878], [30.187416037000048, -20.53204804199987], [30.18713604500016, -20.532050041999867], [30.18699505000012, -20.532115046999934], [30.186646059999987, -20.532117047999975], [30.184334125000134, -20.531069971999955], [30.184264127000176, -20.530872956999815], [30.184124131000146, -20.530805951999866], [30.184054133000075, -20.530609937999884], [30.1839151370001, -20.530542932999936], [30.18377314000014, -20.53021490899988], [30.18146220400007, -20.526659646999974], [30.18132220800004, -20.52626461699998], [30.181321207000053, -20.52600159799988], [30.181252209000036, -20.52600159799988], [30.179570254000055, -20.520334178999917], [30.17949925500011, -20.52020216899996], [30.17949925500011, -20.520069159999935], [30.177048324999987, -20.5188900739999], [30.17690932900007, -20.518892073999893], [30.17690932900007, -20.51895707899996], [30.174948386000096, -20.52034918299995], [30.170187527000053, -20.526832666999894], [30.163258729000177, -20.53259709799994], [30.163258729000177, -20.532664102999945], [30.154925970000022, -20.536387384999898], [30.154715976999967, -20.536521394999966], [30.154574981000053, -20.536521394999966], [30.154225991000146, -20.53665440499998], [30.154015997000158, -20.53678641499988], [30.153665007000086, -20.53691942499995], [30.153385015000026, -20.537118439999915], [30.15282603100013, -20.53725344999998], [30.1521240510001, -20.537255450999965], [30.151424071000122, -20.537125440999944], [30.15114307900012, -20.53699443199997], [30.151004082999975, -20.536996431999967], [30.150585095000167, -20.536799417999873], [30.150443099000142, -20.536799417999873], [30.15037510100018, -20.536732412999925], [30.14953412500006, -20.536473393999927], [30.14932413100007, -20.5363413849999], [30.148344159000033, -20.536015360999954], [30.145193249000044, -20.535828348999928], [30.1449122570001, -20.535960358999944], [30.14036138800003, -20.53729546099993], [30.139591410000094, -20.53743147199998], [30.139100424000162, -20.537432471999978], [30.137559468, -20.536580409999885], [30.1360185100001, -20.533616190999965], [30.1360185100001, -20.533551186999887], [30.132982596000033, -20.532464107999942]]]]}}, {"type": "Feature", "properties": {"GID_3": "ZWE.10.13.8_2", "GID_0": "ZWE", "COUNTRY": "Zimbabwe", "GID_1": "ZWE.10_1", "NAME_1": "Midlands", "NL_NAME_1": "NA", "GID_2": "ZWE.10.13_2", "NAME_2": "Zvishavane", "NL_NAME_2": "NA", "NAME_3": "Ward 16", "VARNAME_3": "NA", "NL_NAME_3": "NA", "TYPE_3": "Ward", "ENGTYPE_3": "Ward", "CC_3": "NA", "HASC_3": "NA", "id": "ZWE.10.13.8_2", "name": "Ward 16"}, "geometry": {"type": "MultiPolygon", "coordinates": [[[[30.255472074000068, -20.349855298999955], [30.25803588300016, -20.352263495999978], [30.26147278600007, -20.353558589999977], [30.27393542900012, -20.353794599999958], [30.27393542900012, -20.35375059699993], [30.27928927700009, -20.35519470099996], [30.28190420400017, -20.357025835999934], [30.283582156000136, -20.356949828999973], [30.28680006400009, -20.356568798999888], [30.286943059000123, -20.356659804999936], [30.287181053000097, -20.356707808999943], [30.2908569490001, -20.35809190899988], [30.31384329600013, -20.36493240399983], [30.31384329600013, -20.36507941499991], [30.31744219600006, -20.36862367599997], [30.318611163000014, -20.369109711999954], [30.32014312000007, -20.37134787699995], [30.320093122000173, -20.371436883999934], [30.320049124000093, -20.371972923999977], [30.319845131000193, -20.374399103999906], [30.319704136000155, -20.37609122999993], [30.318201183000042, -20.381552636999913], [30.31832318400012, -20.38761508799996], [30.320439126, -20.391248356999938], [30.320439126, -20.391340362999927], [30.322729064000157, -20.396377735999977], [30.330241856000043, -20.406689497999878], [30.331840812000166, -20.408881659999906], [30.333875755000065, -20.411293837999835], [30.339072611000176, -20.418119341999954], [30.34320949500011, -20.42131757699991], [30.34325549400012, -20.42140758299996], [30.343398490000027, -20.42149958999994], [30.344678454000075, -20.42286669099991], [30.344678454000075, -20.42291269399982], [30.34482145000004, -20.42291269399982], [30.34496444600012, -20.423004700999968], [30.3452034390001, -20.42305170399993], [30.346839392000163, -20.42265667399994], [30.352435230000083, -20.419942468999977], [30.356265118000067, -20.416353199999946], [30.356265118000067, -20.41630919699992], [30.35795306900019, -20.415508135999914], [30.35795306900019, -20.41546213299995], [30.358386057000132, -20.41546613299988], [30.360152007000067, -20.41611217999997], [30.36047999800013, -20.41679322999994], [30.361742964000143, -20.419788451999977], [30.361738963999983, -20.42001346899991], [30.362160953, -20.42101254299996], [30.362295949000156, -20.421735595999962], [30.36434289500005, -20.427405015999966], [30.365713857000173, -20.429089139999974], [30.365761855000073, -20.429089139999974], [30.36623484200004, -20.42963618099992], [30.36809079000011, -20.431052284999964], [30.368134789000123, -20.4314143119999], [30.369433755000102, -20.43535860399993], [30.36961975000014, -20.435812636999913], [30.371742691, -20.438944868999897], [30.373407644000054, -20.440089952999813], [30.37378894000011, -20.440203050999912], [30.371311712000136, -20.443103330999918], [30.36944276900016, -20.44720463699997], [30.367346831000134, -20.449993844999938], [30.36493190400006, -20.455718270999967], [30.359859054000083, -20.462916808999978], [30.358730088000073, -20.465258982999956], [30.357410127000037, -20.467374140999937], [30.356748148000065, -20.47062538199998], [30.35630016200014, -20.47206548899993], [30.35422422200014, -20.473178572999927], [30.35094032, -20.479125015999898], [30.35089232100006, -20.479123015999903], [30.35089232100006, -20.479079012999932], [30.349065374000133, -20.47947204299993], [30.34225457000008, -20.480456119999815], [30.342240570000172, -20.480368113999816], [30.34219357100011, -20.480366113999935], [30.338626669, -20.473419600999875], [30.336051738000037, -20.46779218499995], [30.33423078700008, -20.463484865999817], [30.332524835000186, -20.461571724999885], [30.332212842000047, -20.459580577999873], [30.332788823000158, -20.455559278999885], [30.332486830000164, -20.452572057999873], [30.330550883000114, -20.44988885999993], [30.328757933000077, -20.447250664999956], [30.328387943, -20.445981570999948], [30.32861293400009, -20.443180362999897], [30.324976038000045, -20.442426308999927], [30.317341257000123, -20.44304435999993], [30.310999438000067, -20.44380942099997], [30.306721561000188, -20.444543477999957], [30.303003663000084, -20.438364020999927], [30.300257740000177, -20.435355799999968], [30.29969875500018, -20.433949695999956], [30.29660484200008, -20.431843540999978], [30.293747922000136, -20.430062410999938], [30.29082800800012, -20.43365567899997], [30.289369051000108, -20.43531680299992], [30.28835208100014, -20.436163866999948], [30.284301198000094, -20.437893997999936], [30.284301198000094, -20.4379400009999], [30.284253200000023, -20.4379400009999], [30.280807301000095, -20.4413492569999], [30.278316374000156, -20.44494652499992], [30.276977412000065, -20.44470950799996], [30.275127464000093, -20.442975380999883], [30.274572479000085, -20.441162246999966], [30.2746194770001, -20.441162246999966], [30.274835470000085, -20.439266105999934], [30.274753471000167, -20.438135021999983], [30.274703473000102, -20.438133021999874], [30.27356850400008, -20.43681292399998], [30.27304052000011, -20.436808923999934], [30.272073548000037, -20.437569980999854], [30.27188055300013, -20.437611984999933], [30.26812766400019, -20.44260235799993], [30.26769667600007, -20.442417343999978], [30.267698676000066, -20.442373340999893], [30.267602679, -20.442325336999943], [30.265643732, -20.437605987999973], [30.262929808000024, -20.436001870999974], [30.258331939000186, -20.435419829999944], [30.255652016, -20.434855789999972], [30.255652016, -20.434809786999892], [30.255461021000144, -20.434763783999927], [30.251040145000104, -20.43138053499996], [30.250550159000056, -20.431160518999945], [30.250515160000077, -20.431145517999937], [30.250565158000143, -20.431010507999872], [30.250519160000067, -20.430918500999894], [30.251061143000072, -20.429657406999922], [30.25207911399997, -20.42877834099994], [30.25303508600001, -20.429085362999956], [30.253176083000085, -20.429358383999954], [30.25389506200014, -20.42936438399994], [30.25389506200014, -20.429320379999922], [30.254185054000175, -20.429186369999854], [30.254235052000183, -20.42905135999996], [30.255394018000175, -20.42842731299993], [30.25544201700012, -20.428337305999946], [30.25558701300008, -20.428294302999916], [30.257182966000016, -20.427222221999955], [30.257980942000188, -20.424700034999887], [30.259477898000057, -20.423807967999892], [30.26088185700013, -20.42277888999996], [30.261663834000046, -20.421563798999955], [30.263540780000085, -20.42108176299996], [30.263540780000085, -20.421037758999944], [30.265336728000193, -20.41928862799989], [30.26575471400014, -20.41648841999995], [30.266589689000057, -20.414775291999945], [30.26804564600019, -20.413387187999945], [30.26800364700017, -20.412889150999945], [30.266811681000092, -20.412290106999933], [30.266242696, -20.411788070999876], [30.266259695000088, -20.41029695999987], [30.26670668100013, -20.40907986899998], [30.266708681000125, -20.408898855999894], [30.266280693000056, -20.408488824999893], [30.26628269300005, -20.408442821999927], [30.266090698000085, -20.408440821999932], [30.265365719000044, -20.408840851999912], [30.265365719000044, -20.40888685599998], [30.265317721000145, -20.40888685599998], [30.265121727000064, -20.409201878999852], [30.26491773300006, -20.410284959999956], [30.264867735000053, -20.41033096299992], [30.264817736000055, -20.41060198299988], [30.263944762000165, -20.411453046999952], [30.263799766000034, -20.411542053999938], [30.261825823000038, -20.41215810099993], [30.260658857000124, -20.413415194999857], [30.260463863000155, -20.41368621499987], [30.258907909000015, -20.41543734599992], [30.25851991999997, -20.415704365999886], [30.257209958000146, -20.417005463999885], [30.257161960000076, -20.417005463999885], [30.257161960000076, -20.41704946699997], [30.25706496300012, -20.41704946699997], [30.257016964000172, -20.417095470999982], [30.255480008000177, -20.417262483999934], [30.25463503100019, -20.415807375999975], [30.253767056000186, -20.41607239699988], [30.253767056000186, -20.41611839999996], [30.25352706300015, -20.41616040299988], [30.253002078000122, -20.41592938599996], [30.251732113000116, -20.41393023899991], [30.25168411400017, -20.413928238999915], [30.251589117000037, -20.413747224999952], [30.25058214500001, -20.41304717399987], [30.24709324500003, -20.413558213999977], [30.24556228900019, -20.41352421199997], [30.245333296000126, -20.41362321999992], [30.244902308000178, -20.413965245999975], [30.244599317000052, -20.414304270999878], [30.24421732800016, -20.41449928599991], [30.2437063430001, -20.414480284999968], [30.2435273480001, -20.414409278999926], [30.24275637000011, -20.413791233999973], [30.24229738300005, -20.413818235999884], [30.241812397000047, -20.41396724799995], [30.24143240800015, -20.41435627699991], [30.241106418000186, -20.41505832899992], [30.24085842500017, -20.415758380999932], [30.240227444000084, -20.4167264539999], [30.240025450000076, -20.41691946799989], [30.239823456000067, -20.417211489999886], [30.239517465000063, -20.417358500999967], [30.239237473000173, -20.417360500999962], [30.238749486000188, -20.41702847699986], [30.238289500000178, -20.417032477999896], [30.238060506000068, -20.41717948899992], [30.23791551100004, -20.417999549999934], [30.23704753600009, -20.418004550999967], [30.236454552000055, -20.417335500999968], [30.236193559000185, -20.416591445999927], [30.23507559000018, -20.414169266999977], [30.23296464800012, -20.41199810699993], [30.23260565900017, -20.411880097999926], [30.232451663000063, -20.411762089999854], [30.22986473600014, -20.410846022999976], [30.228791767000075, -20.41066300999995], [30.22768879800003, -20.410071966999965], [30.22724981000016, -20.40964093599996], [30.225889848000065, -20.408690865999915], [30.223072929000125, -20.408257834999972], [30.22281793600007, -20.4081398269999], [30.2206359970001, -20.4067617259999], [30.217210095000155, -20.406046674999914], [30.214591168000084, -20.40436055099991], [30.21204123900003, -20.401615348999883], [30.209873299000094, -20.398651129999962], [30.205966406000016, -20.392114646999914], [30.203369477000024, -20.386575236999818], [30.20128253500019, -20.38413905699997], [30.199191593000023, -20.38190389199991], [30.200378558000068, -20.381310846999895], [30.20045055600019, -20.3813088469999], [30.20085154400016, -20.380469783999956], [30.200923542000055, -20.3804007789999], [30.200944541000126, -20.38003875199996], [30.201719518000175, -20.377766582999982], [30.202075507000075, -20.377331549999894], [30.202720488000068, -20.376919518999898], [30.203006480000113, -20.376621496999917], [30.20314547600003, -20.376009450999902], [30.20357146300006, -20.37528139699998], [30.204240443000117, -20.374663350999924], [30.20462043200007, -20.374205315999973], [30.20497542100003, -20.373478261999935], [30.204995421000092, -20.37316023799997], [30.204860423000127, -20.37132710199984], [30.204686428000173, -20.370558044999882], [30.20451543200005, -20.37012901299994], [30.204295438000145, -20.369857992999982], [30.204004446000056, -20.36927194999987], [30.20400244600006, -20.368978927999876], [30.204191440000102, -20.368613900999947], [30.20461842800006, -20.36808786199998], [30.205167412000037, -20.367675830999872], [30.205766395000126, -20.367467814999884], [30.206582371000138, -20.367414809999957], [30.207113356000093, -20.36752281799994], [30.207643341000164, -20.367858842999908], [30.207908334000138, -20.367854841999872], [30.207954332000043, -20.367650826999864], [30.20831032200016, -20.36721779499993], [30.20854931500014, -20.367057782999893], [30.20898230199998, -20.366962774999934], [30.209771279000165, -20.366660751999916], [30.209915275000185, -20.366456736999908], [30.210193266000033, -20.365321651999977], [30.212224205000098, -20.360660304999953], [30.21246319800008, -20.36045428899996], [30.213231176000193, -20.360290275999944], [30.214094151000097, -20.359941249999963], [30.215101122000192, -20.359729232999882], [30.216201090000084, -20.35938020699996], [30.217138064000153, -20.3593482039999], [30.218702019000148, -20.359515214999874], [30.220190977000073, -20.35957121799987], [30.221417942000073, -20.359718228999952], [30.221970926000154, -20.359872239999902], [30.223389885000074, -20.360109255999816], [30.224800845000118, -20.359462206999922], [30.224993839000092, -20.359437205999882], [30.22779375800019, -20.358279117999928], [30.23073267300009, -20.356350971999973], [30.233113605000085, -20.356079950999856], [30.236166518000175, -20.356527981999875], [30.238949438000077, -20.356186954999828], [30.240271399999983, -20.356196954999916], [30.24079938500006, -20.356123948999937], [30.241566363000118, -20.355868929999872], [30.241875354, -20.355639912999948], [30.242228343000193, -20.354660838999962], [30.242344339, -20.354117798999937], [30.242270341000108, -20.353867779999973], [30.240986377000127, -20.352564683999958], [30.240767383000104, -20.352295663999826], [30.240549389000023, -20.352184655999963], [30.23869244000008, -20.348349371999973], [30.23904442899999, -20.347258290999946], [30.239258423000138, -20.347120279999956], [30.240698381000072, -20.346903262999945], [30.242649326000105, -20.347702321999975], [30.244318279000083, -20.349091423999823], [30.244753267000192, -20.349360443999956], [30.245627243000058, -20.35028151199998], [30.245915234000165, -20.350231507999922], [30.24615322800014, -20.35009449699993], [30.24648521800009, -20.349592459999883], [30.247223196, -20.34879339999992], [30.248810151000157, -20.34898241299993], [30.250334108, -20.35032951199986], [30.251265082000145, -20.35068953799987], [30.252247054, -20.350596530999837], [30.252266053000085, -20.350596530999837], [30.25393500500013, -20.350285506999967], [30.255163547, -20.35012570699996], [30.255472074000068, -20.349855298999955]]]]}}, {"type": "Feature", "properties": {"GID_3": "ZWE.10.13.9_2", "GID_0": "ZWE", "COUNTRY": "Zimbabwe", "GID_1": "ZWE.10_1", "NAME_1": "Midlands", "NL_NAME_1": "NA", "GID_2": "ZWE.10.13_2", "NAME_2": "Zvishavane", "NL_NAME_2": "NA", "NAME_3": "Ward 17", "VARNAME_3": "NA", "NL_NAME_3": "NA", "TYPE_3": "Ward", "ENGTYPE_3": "Ward", "CC_3": "NA", "HASC_3": "NA", "id": "ZWE.10.13.9_2", "name": "Ward 17"}, "geometry": {"type": "MultiPolygon", "coordinates": [[[[30.308834590000174, -20.572574966999923], [30.308815591000098, -20.572476959999904], [30.308748592000143, -20.572101931999953], [30.30874759200009, -20.57190291699993], [30.30881759000016, -20.571704901999965], [30.308815590000165, -20.57157089299983], [30.308815590000165, -20.57130787299991], [30.308815590000165, -20.57124086799996], [30.307326631000024, -20.56853666899997], [30.29767290300009, -20.562501227999974], [30.294531992000145, -20.561376146999976], [30.287326196000095, -20.55878895999996], [30.286975206000193, -20.558723954999948], [30.28676321200004, -20.55865894999988], [30.2865522190001, -20.558660950999865], [30.286481221000088, -20.558594945999914], [30.286412222000138, -20.558596945999966], [30.285508248000156, -20.55834492799994], [30.281015376000028, -20.557091837999963], [30.28036039500006, -20.556909824999934], [30.28008040300017, -20.556845819999978], [30.279798411000115, -20.556846820999965], [30.27937642300003, -20.55684882099996], [30.277625474, -20.558115915999963], [30.277625474, -20.55818292099991], [30.277557476000084, -20.55818292099991], [30.277557476000084, -20.558248925999976], [30.27629651300009, -20.55980804199993], [30.27615951700011, -20.55997905499993], [30.276088519000098, -20.56017806899996], [30.27601952100008, -20.560443088999875], [30.276021521000075, -20.5606411039999], [30.27602152200018, -20.560906122999825], [30.275953524000045, -20.561171142999967], [30.275953524000045, -20.561236147999864], [30.275747530000046, -20.562297226999817], [30.275537537, -20.56262925099992], [30.275533537000058, -20.562642251999932], [30.275398541000072, -20.562961275999953], [30.275258545000042, -20.56329230099982], [30.27519054700008, -20.56335930599994], [30.275188547000084, -20.56329430099987], [30.272727617000044, -20.56304328399989], [30.272376627000142, -20.562913273999982], [30.272094635000087, -20.562848269999847], [30.2718846410001, -20.56278326499995], [30.271743645000186, -20.56278326499995], [30.268502737000063, -20.56094813099992], [30.26829174300019, -20.56068511199993], [30.268079749000037, -20.560489097999948], [30.26786775500011, -20.560357087999876], [30.267797757000153, -20.560225077999974], [30.26772675900014, -20.56015907299991], [30.26765676100007, -20.56015907299991], [30.26271989900016, -20.555950764999977], [30.26243790700005, -20.555687745999876], [30.262296911000135, -20.555424725999956], [30.261176942000077, -20.55427364199994], [30.25724205200015, -20.55023834499991], [30.25594508800009, -20.548906246999934], [30.255734094000047, -20.548708232999957], [30.25545110200011, -20.54844521399997], [30.255310106000138, -20.548380208999845], [30.255240108000066, -20.548380208999845], [30.253693152000153, -20.54785917099997], [30.253552156000183, -20.547861171999955], [30.25334416200019, -20.54799318099998], [30.250374248000128, -20.54987932299997], [30.243237451000027, -20.54773316899997], [30.242886461000126, -20.547470148999935], [30.24249147200004, -20.54725813399989], [30.242466472000103, -20.546812100999944], [30.243653434000066, -20.54093666499989], [30.244273406000048, -20.526615602999982], [30.245735358, -20.51829698599994], [30.246851321000065, -20.51011037899991], [30.246920319000083, -20.51011037899991], [30.246569328000078, -20.508593265999878], [30.24656932700003, -20.50833024699989], [30.24775729200013, -20.505620044999887], [30.247828289000097, -20.505620044999887], [30.247828289000097, -20.505555039999933], [30.247757291000084, -20.505555039999933], [30.247614292000037, -20.500671677999946], [30.248593263000146, -20.49875453599992], [30.245760340000118, -20.4932401289999], [30.245827337000094, -20.491506], [30.24562534100005, -20.490002888999925], [30.244564371000024, -20.489426845999958], [30.243958388000067, -20.487879731999953], [30.24349240100014, -20.487399696999944], [30.24346640100015, -20.487273687999902], [30.243573398000024, -20.487094673999934], [30.243593397000154, -20.486455626999884], [30.243374403000132, -20.485999592999917], [30.243096410000135, -20.485211534999905], [30.241846446000125, -20.484559486999956], [30.239878501000078, -20.482512336999946], [30.23955251000001, -20.482285319999903], [30.237780559000043, -20.480748206999976], [30.23592661100014, -20.478928072999963], [30.23548762300004, -20.478167016999862], [30.23548762300004, -20.478015005999964], [30.236149603000115, -20.47632687999993], [30.236819583000113, -20.475504818999923], [30.237742557000104, -20.475420811999925], [30.238901523000095, -20.474950775999957], [30.239170515000126, -20.474744760999954], [30.239249513000118, -20.47448974199989], [30.239296511000077, -20.473596675999886], [30.24004248900019, -20.4722905779999], [30.24028448200005, -20.472236573999965], [30.240582471000096, -20.468975331999957], [30.240334477000147, -20.468340284999897], [30.23910650900018, -20.463633936999884], [30.23839452900006, -20.462697867999964], [30.23814853600004, -20.46244584899989], [30.23784954399997, -20.462014816999954], [30.237818544999982, -20.46165779099988], [30.23797854000003, -20.461350767999875], [30.23830153100016, -20.461245759999827], [30.238869513999987, -20.461291762999906], [30.239304502000095, -20.461440773999982], [30.239739490000034, -20.461691791999954], [30.240170477000106, -20.461585783999965], [30.240303473000097, -20.46138076899996], [30.240380471000037, -20.46082072699994], [30.24051146700009, -20.4603856949999], [30.241122448000056, -20.458952587999875], [30.241335442000093, -20.4586705669999], [30.241333442000155, -20.45833854199998], [30.24070445900003, -20.45750348099989], [30.240671460000044, -20.45696744099996], [30.241257442000062, -20.45566234399996], [30.241648430000055, -20.454054223999947], [30.242022419000193, -20.453387173999943], [30.242182414000013, -20.453232162999882], [30.242749398000058, -20.453101152999977], [30.242884394000043, -20.4530221469999], [30.242991390000157, -20.452767127999948], [30.243000389000144, -20.450727975999882], [30.242281408000053, -20.44892684299998], [30.242146412000068, -20.448698825999884], [30.241190438000046, -20.447610745999896], [30.241106441000113, -20.447408730999882], [30.24107844100007, -20.447103708999975], [30.241183438000178, -20.446821687999886], [30.242014414000153, -20.44594762199995], [30.242495399000063, -20.445356577999917], [30.242602396000166, -20.445049554999912], [30.242323403000057, -20.444211492999955], [30.242050411000037, -20.443805462999933], [30.242443399000024, -20.442401358999916], [30.242577395000126, -20.44214433999997], [30.242600394000135, -20.441507291999926], [30.242169404000038, -20.43855407299992], [30.242504393000104, -20.436665932999915], [30.24524031300018, -20.43398973199993], [30.24585229500019, -20.43288864999994], [30.24612128700005, -20.432555624999907], [30.24687426500003, -20.432139593999977], [30.247090259000117, -20.432137593999983], [30.248257226000135, -20.43256062399996], [30.249203199000135, -20.432679632999964], [30.250550159000056, -20.431160518999945], [30.251040145000104, -20.43138053499996], [30.255461021000144, -20.434763783999927], [30.255652016, -20.434809786999892], [30.255652016, -20.434855789999972], [30.258331939000186, -20.435419829999944], [30.262929808000024, -20.436001870999974], [30.265643732, -20.437605987999973], [30.267602679, -20.442325336999943], [30.267698676000066, -20.442373340999893], [30.26769667600007, -20.442417343999978], [30.26812766400019, -20.44260235799993], [30.27188055300013, -20.437611984999933], [30.272073548000037, -20.437569980999854], [30.27304052000011, -20.436808923999934], [30.27356850400008, -20.43681292399998], [30.274703473000102, -20.438133021999874], [30.274753471000167, -20.438135021999983], [30.274835470000085, -20.439266105999934], [30.2746194770001, -20.441162246999966], [30.274572479000085, -20.441162246999966], [30.275127464000093, -20.442975380999883], [30.276977412000065, -20.44470950799996], [30.278316374000156, -20.44494652499992], [30.280807301000095, -20.4413492569999], [30.284253200000023, -20.4379400009999], [30.284301198000094, -20.4379400009999], [30.284301198000094, -20.437893997999936], [30.28835208100014, -20.436163866999948], [30.289369051000108, -20.43531680299992], [30.29082800800012, -20.43365567899997], [30.293747922000136, -20.430062410999938], [30.29660484200008, -20.431843540999978], [30.29969875500018, -20.433949695999956], [30.300257740000177, -20.435355799999968], [30.303003663000084, -20.438364020999927], [30.306721561000188, -20.444543477999957], [30.310999438000067, -20.44380942099997], [30.317341257000123, -20.44304435999993], [30.324976038000045, -20.442426308999927], [30.32861293400009, -20.443180362999897], [30.328387943, -20.445981570999948], [30.328757933000077, -20.447250664999956], [30.330550883000114, -20.44988885999993], [30.332486830000164, -20.452572057999873], [30.332788823000158, -20.455559278999885], [30.332212842000047, -20.459580577999873], [30.332524835000186, -20.461571724999885], [30.33423078700008, -20.463484865999817], [30.336051738000037, -20.46779218499995], [30.338626669, -20.473419600999875], [30.34219357100011, -20.480366113999935], [30.342240570000172, -20.480368113999816], [30.34225457000008, -20.480456119999815], [30.344060521000188, -20.48481444299989], [30.34635145900006, -20.49012283499991], [30.346398458000124, -20.49012283499991], [30.34659745400006, -20.493744102999983], [30.346614456000054, -20.496957340999927], [30.34843740500014, -20.49824343599994], [30.34838441100004, -20.50493493199997], [30.348386411000035, -20.504974934999893], [30.348483410000142, -20.507983157999945], [30.34844341200005, -20.508103166999945], [30.348401413000033, -20.50826117799994], [30.348359414000186, -20.508380186999943], [30.348317415000167, -20.508460192999962], [30.347415444000035, -20.51309853799995], [30.34741744400003, -20.51325754899989], [30.347419445000128, -20.513573572999917], [30.34737744600011, -20.51365257899988], [30.34701845899997, -20.51773388099997], [30.34701845899997, -20.517932895999934], [30.346978460000116, -20.518130910999957], [30.34693646200003, -20.518288922999886], [30.34693646200003, -20.518367927999975], [30.346894463000012, -20.518447933999937], [30.346896463000178, -20.51852593999996], [30.345683499000188, -20.519762031999846], [30.34555750200019, -20.519920043999946], [30.345475505000024, -20.520159061999834], [30.34518251300011, -20.52055109099996], [30.346915465000166, -20.52248223299995], [30.34704146200005, -20.522560238999915], [30.347125459000154, -20.522638244999882], [30.347209457000133, -20.522718250999844], [30.347295455000165, -20.52279625599988], [30.347295455000165, -20.522836258999916], [30.347295455000165, -20.522875261999957], [30.348436423000066, -20.524095351999904], [30.348436423000066, -20.524254363999944], [30.348437423000178, -20.524374372999887], [30.348437423000178, -20.52441237499994], [30.34839742500003, -20.525047421999886], [30.349330399000166, -20.52662453899984], [30.349458395000056, -20.526821552999877], [30.349500394000074, -20.526979564999976], [30.34958439200011, -20.52709757399998], [30.349628391000124, -20.52721658199988], [30.349712389000103, -20.52737459399998], [30.349712389000103, -20.527414596999904], [30.35042936800005, -20.52804464299993], [30.350598364000177, -20.528162651999935], [30.35072436000013, -20.528318662999936], [30.35085235700012, -20.528396668999903], [30.350936354000055, -20.52847567499998], [30.350978353000073, -20.528515677999906], [30.35106235100011, -20.528593683999873], [30.351907327, -20.529421743999933], [30.35199132500003, -20.52953975299988], [30.352077322000127, -20.529657761999886], [30.352119321000146, -20.52969576499993], [30.352161320000164, -20.529775769999958], [30.352161320000164, -20.52981477299994], [30.352204319000066, -20.52989477899996], [30.352204319000066, -20.529972784999927], [30.35238031500006, -20.531753916999946], [30.352382315000057, -20.53183292299991], [30.352382315000057, -20.532110942999907], [30.35238431500005, -20.53222895199991], [30.35168933800003, -20.53670828399993], [30.35168933800003, -20.53674828699991], [30.351648340000168, -20.53674828699991], [30.34988139600017, -20.545073904999924], [30.34988139600017, -20.545113907999962], [30.34988139600017, -20.545153910999886], [30.34988139600017, -20.545192913999927], [30.34992339500019, -20.545272919999945], [30.349891397000192, -20.54701404899987], [30.34842444000003, -20.54793311799989], [30.348298443000033, -20.54793511799994], [30.34817244700008, -20.54797512099998], [30.34808644900005, -20.54797512099998], [30.348045450000143, -20.54797512099998], [30.34594351100003, -20.547911117999945], [30.339982682000027, -20.549332226999923], [30.339940684000112, -20.54937222999996], [30.339898685000094, -20.54937222999996], [30.339856686000076, -20.54937222999996], [30.339814687000114, -20.54941223299994], [30.339772688000096, -20.54941223299994], [30.33973069000018, -20.549414232999936], [30.33745975400018, -20.549110211999846], [30.337207762000105, -20.549112211999898], [30.337081765000107, -20.549112211999898], [30.33703976600009, -20.549112211999898], [30.336028795000175, -20.54892119899995], [30.335986795999986, -20.54892119899995], [30.335986795999986, -20.548881195999968], [30.33594479800007, -20.548803189999944], [30.335902799000053, -20.548763186999906], [30.335860800000034, -20.548763186999906], [30.335860800000034, -20.548723183999982], [30.335817801000132, -20.5486451779999], [30.335775802000114, -20.548605174999977], [30.33526581600006, -20.54746009099989], [30.33517981800003, -20.54722407299994], [30.33509682099998, -20.547106064999923], [30.33509682099998, -20.54698505599987], [30.335052822000193, -20.546907049999902], [30.334159846000034, -20.544734889999916], [30.334075848000168, -20.54457687799993], [30.333905853000033, -20.544339860999855], [30.333821855, -20.544261854999945], [30.333779856000035, -20.544183848999978], [30.333736857000076, -20.544143845999884], [30.33369485900016, -20.54406483999992], [30.332381895000083, -20.541854676999947], [30.332296897000163, -20.54169766599989], [30.332254898000144, -20.541577656999834], [30.332170900000108, -20.541499650999867], [30.332168901000045, -20.541459647999943], [30.331071931000054, -20.54059558499995], [30.33098793400012, -20.54059558499995], [30.328598002999968, -20.541838678999852], [30.327927022000154, -20.54192068499998], [30.32767503000008, -20.5419626879999], [30.32742303700013, -20.542002691999983], [30.32725504200016, -20.542044694999845], [30.32708804600003, -20.542085697999937], [30.32692005100006, -20.542125700999975], [30.32683405400013, -20.542125700999975], [30.324400124000192, -20.542615738999928], [30.324274126999967, -20.542655741999965], [30.324148131000015, -20.54269774499994], [30.323981136000157, -20.54273774799998], [30.32381114100002, -20.542777750999903], [30.323771142, -20.54281775399994], [30.321678203000147, -20.545007917999953], [30.32151120800006, -20.545207932999915], [30.321387212000104, -20.54536594399991], [30.321261215999982, -20.54548595299991], [30.321177218000173, -20.545644964999838], [30.32109322100007, -20.545764973999894], [30.320471240000188, -20.547392094999964], [30.320471240000188, -20.547588109999936], [30.320473240000183, -20.54774712099993], [30.320473240000183, -20.54786712999993], [30.320473240000183, -20.5480631449999], [30.321797205000053, -20.55221045099995], [30.322697182000184, -20.55640276099996], [30.322825179000176, -20.556639777999976], [30.32291217700009, -20.557272824999927], [30.32299817400019, -20.557825865999973], [30.323042173000033, -20.557943874999864], [30.32308417200005, -20.558061883999926], [30.32308417200005, -20.558142889999885], [30.32308417200005, -20.558220894999977], [30.32338516500016, -20.559804011999915], [30.323387165000156, -20.560000026999887], [30.323345166000138, -20.56019904199985], [30.323347166000133, -20.56035705299996], [30.32326316900003, -20.56059507099991], [30.323397166000177, -20.5620601789999], [30.323481163999986, -20.562257193999983], [30.323481163999986, -20.562297196999907], [30.32521511600015, -20.564305343999877], [30.328167033000057, -20.56654450799988], [30.328379027000153, -20.566663516999938], [30.32858902100014, -20.566781525999943], [30.328631019000056, -20.566819528999872], [30.33120394700012, -20.56874466899984], [30.331372941999973, -20.568862677999903], [30.331498939000028, -20.56894068399987], [30.33158293600013, -20.569058691999885], [30.331653939000034, -20.57511514099997], [30.33165593900003, -20.575275152999893], [30.33165593900003, -20.575355158999855], [30.33165993900019, -20.57545516599987], [30.33112695400007, -20.575478167999904], [30.33105695600011, -20.575478167999904], [30.32030726400012, -20.575052142999937], [30.31951428600007, -20.575020140999925], [30.319515286000126, -20.575083145999884], [30.318402318000096, -20.575262159999966], [30.315230409000094, -20.575771198999973], [30.315090413000064, -20.575838204999854], [30.314879420000068, -20.575838204999854], [30.314739424000038, -20.575905209999974], [30.314457432000154, -20.57590720999997], [30.314247438, -20.575975214999914], [30.314108442000077, -20.576042219999863], [30.313967446000106, -20.576042219999863], [30.31375545200018, -20.576044220999847], [30.313616456000034, -20.576044220999847], [30.31284747799998, -20.575909210999953], [30.310732537999968, -20.575533184999927], [30.310662540000067, -20.575533184999927], [30.31037954800007, -20.57540117499991], [30.31016855400003, -20.575272165999934], [30.310078557000168, -20.575243163999914], [30.309958560000098, -20.575207160999867], [30.309817564000127, -20.575075150999965], [30.30974456600012, -20.57494214199994], [30.309605569999974, -20.57487713699993], [30.30946457400006, -20.574745126999915], [30.309181582000065, -20.574482107999927], [30.308834590000174, -20.572574966999923]]]]}}, {"type": "Feature", "properties": {"GID_3": "ZWE.10.13.10_2", "GID_0": "ZWE", "COUNTRY": "Zimbabwe", "GID_1": "ZWE.10_1", "NAME_1": "Midlands", "NL_NAME_1": "NA", "GID_2": "ZWE.10.13_2", "NAME_2": "Zvishavane", "NL_NAME_2": "NA", "NAME_3": "Ward 18", "VARNAME_3": "NA", "NL_NAME_3": "NA", "TYPE_3": "Ward", "ENGTYPE_3": "Ward", "CC_3": "NA", "HASC_3": "NA", "id": "ZWE.10.13.10_2", "name": "Ward 18"}, "geometry": {"type": "MultiPolygon", "coordinates": [[[[30.37378894000011, -20.440203050999912], [30.373861692000105, -20.440224629999932], [30.374508613000103, -20.440459978999968], [30.3748406040001, -20.440688995999892], [30.375080597000135, -20.440780002999873], [30.375319590000117, -20.440917012999932], [30.375317590000122, -20.44096301599984], [30.37555558300005, -20.441101025999956], [30.390209174000177, -20.45636214999996], [30.392031122000105, -20.45642115399994], [30.394133063000027, -20.457387223999945], [30.39773396300012, -20.461440522999965], [30.39777996099997, -20.461575532999916], [30.407657685000174, -20.470830213999875], [30.407657685000174, -20.470876216999955], [30.411304584, -20.47505952499995], [30.413482523000027, -20.477745722999884], [30.413667518000125, -20.47846977699993], [30.414117507000128, -20.481140974999903], [30.414115507000133, -20.481321987999934], [30.414016510000067, -20.48159300799989], [30.41391951300011, -20.481728017999956], [30.41386751500005, -20.481909031999862], [30.412690550000093, -20.48429720999991], [30.41264155200014, -20.484295208999924], [30.41107559800008, -20.48713442099995], [30.410972602000072, -20.487767467999902], [30.411902577000035, -20.49035165899994], [30.41204457300006, -20.49062467899995], [30.412139570000193, -20.490714685999933], [30.41232456500012, -20.49121372299993], [30.41507448900012, -20.49426394699998], [30.418548391000115, -20.49695914499995], [30.419950352, -20.49874727699995], [30.42098132300015, -20.49928331599989], [30.431878021000045, -20.513907393999943], [30.442215733000126, -20.52600128399996], [30.442341730000123, -20.52615129499992], [30.442392728000073, -20.526237300999867], [30.443754691000095, -20.52803043299997], [30.443830688000048, -20.528175443999885], [30.443981684000107, -20.52846346499996], [30.44413468000016, -20.52867948099987], [30.444286676000104, -20.528967502999876], [30.444439672000158, -20.529255523999836], [30.444742663000113, -20.52983356699997], [30.444971657000053, -20.53019359299998], [30.448397563000185, -20.536103028999833], [30.44847356100007, -20.536246038999934], [30.448626557000125, -20.536464055999943], [30.448700555000187, -20.53667907099998], [30.44885355100007, -20.536897086999886], [30.449005546000137, -20.537185108999836], [30.44915854200019, -20.537400124999863], [30.449234540000077, -20.537616140999887], [30.44938753600013, -20.537833156999966], [30.449461534000193, -20.53804917199983], [30.449690528000133, -20.53833719399995], [30.44984252300003, -20.538625214999968], [30.45007151700014, -20.53898524099992], [30.450224512999966, -20.539273262999927], [30.45045150700014, -20.53956328399994], [30.45060350199998, -20.5398513049999], [30.45083249600009, -20.540139326999906], [30.45106149000003, -20.54050035299997], [30.451290483000093, -20.54086037999997], [30.45151747700004, -20.541220405999923], [30.45174647100015, -20.541508426999883], [30.4520514620001, -20.541869453999823], [30.45228045600004, -20.542229480999936], [30.45250945000015, -20.542517501999953], [30.452660445000106, -20.542735517999972], [30.452965437000103, -20.543166549999853], [30.453117433000102, -20.54345457099987], [30.4532704290001, -20.543671586999892], [30.453423424000107, -20.54395960799991], [30.45387841200005, -20.54460865599998], [30.454031408000105, -20.544896676999826], [30.454176404, -20.54516969699995], [30.454184403000056, -20.545184697999957], [30.454412397000112, -20.545472718999974], [30.454639391000057, -20.545832745999917], [30.45479238700011, -20.54612276699993], [30.45502138000012, -20.546481793999874], [30.45517337600012, -20.546771814999886], [30.45540237000006, -20.547059835999903], [30.455553366000117, -20.54741986299996], [30.455782359000125, -20.547707883999976], [30.45593535500018, -20.547995904999937], [30.456163349, -20.548283926999943], [30.456469340000012, -20.548644952999894], [30.456924328000184, -20.549222995999855], [30.457153321000078, -20.549511016999872], [30.45738231500019, -20.54987104399993], [30.45761130900013, -20.550232069999936], [30.457840302000136, -20.55059209699988], [30.458143293999967, -20.55095312299983], [30.45829629000019, -20.55124114399996], [30.458525283000085, -20.551529165999966], [30.458601281000142, -20.551674175999892], [30.458754277000025, -20.5519621979999], [30.45890627300014, -20.552177212999936], [30.458982271000025, -20.55239322899996], [30.459133267000084, -20.552610244999983], [30.45920926499997, -20.552898266999932], [30.459362261000024, -20.553114282999957], [30.459515255999975, -20.553402303999974], [30.459591254000088, -20.55369032499982], [30.459742250000147, -20.55397834599995], [30.460047242000144, -20.554411377999884], [30.46012324000003, -20.55469939999989], [30.46035223400014, -20.555059425999957], [30.46042623200003, -20.555347446999974], [30.460579226999982, -20.55556546299988], [30.460655225000096, -20.555853484999943], [30.460732223000036, -20.55599649499993], [30.46080822100015, -20.55614150599996], [30.460884219000036, -20.556356521999874], [30.460958217000098, -20.55664454299989], [30.460958217000098, -20.556932563999965], [30.461035215000095, -20.55729359099996], [30.46110921400009, -20.558445675999906], [30.461107214000094, -20.558803702999967], [30.46125821100003, -20.559524755999917], [30.46125821100003, -20.559812777999866], [30.461334209000142, -20.559955787999968], [30.461411207000083, -20.560243808999928], [30.461411207000083, -20.560310813999934], [30.46137620800016, -20.560375818999887], [30.461308210000027, -20.560640838999973], [30.461166214000173, -20.56077484899987], [30.46109821600004, -20.560907858999883], [30.461029218000192, -20.561106873999904], [30.460926221000136, -20.561203880999926], [30.460182244000123, -20.56282700099996], [30.460258241000076, -20.56289900699994], [30.460182244000123, -20.562898006999944], [30.45979925500012, -20.562898006999944], [30.459112274000063, -20.562896006999893], [30.458424294000167, -20.562896007999882], [30.458118303000163, -20.562894007999887], [30.4576613160001, -20.562894007999887], [30.457430322000164, -20.56296401299994], [30.457125331000043, -20.56296401299994], [30.45682034000015, -20.562962012999947], [30.456131360000143, -20.562962013999936], [30.455750371000136, -20.56296101399994], [30.45513738800014, -20.56296101399994], [30.45483239700002, -20.562959013999944], [30.45460340300008, -20.562959014999933], [30.45437441000007, -20.562959014999933], [30.454069419000177, -20.562957014999938], [30.453457436000065, -20.562957014999938], [30.453075447000174, -20.562955014999886], [30.45284745400005, -20.562955014999886], [30.452539462000118, -20.562882009999953], [30.44810159100018, -20.565680219999933], [30.448025594000057, -20.565823230999968], [30.44794859600006, -20.565967240999896], [30.447872598000174, -20.566111251999928], [30.447872598000174, -20.566182256999923], [30.447794601, -20.566255262999903], [30.447794601, -20.566327267999952], [30.447718603000112, -20.566398272999947], [30.44764160500017, -20.566543283999863], [30.447565607000058, -20.566686294999954], [30.44748761000011, -20.56690131099998], [30.447411612000053, -20.567046320999907], [30.447258617000102, -20.56726233799992], [30.44718261899999, -20.567405347999966], [30.447104621000108, -20.56762036399988], [30.446951626000157, -20.567836379999903], [30.446798630000103, -20.567981390999933], [30.446720633000155, -20.56819640699996], [30.44656863700004, -20.56841242299987], [30.446491639000044, -20.568555433999904], [30.446413642000095, -20.568700444999934], [30.44626064600004, -20.56891546099996], [30.44618464900003, -20.56905847099995], [30.44610665100015, -20.569274486999973], [30.446030653000093, -20.569417497999893], [30.445877658000143, -20.569562508999923], [30.445801660000086, -20.56977752499995], [30.445723661999978, -20.569993540999974], [30.44564666500014, -20.570136550999962], [30.445570667000027, -20.57035256699993], [30.445492669000146, -20.57056958299995], [30.445416672000192, -20.570855604999963], [30.44526367600014, -20.57114362599998], [30.44518567900019, -20.57143164799993], [30.445108681000193, -20.571647663999954], [30.445030684000017, -20.57193568499997], [30.445030684000017, -20.57222370599993], [30.44495468600013, -20.572511727999938], [30.444952686000136, -20.572726743999965], [30.444876689000182, -20.573014764999925], [30.444876689000182, -20.573302785999942], [30.444874689000187, -20.573590807999892], [30.444874689000187, -20.573806823999973], [30.44487469000012, -20.574094844999934], [30.444872690000125, -20.57438286599995], [30.444872690000125, -20.574597881999978], [30.444872690000125, -20.574885902999938], [30.444872690000125, -20.575101918999962], [30.44487069000013, -20.575316934999876], [30.444870691000062, -20.575749966999922], [30.447430620000034, -20.57932523099987], [30.44913157300016, -20.582386455999938], [30.44932656800006, -20.582735481999975], [30.450556537000125, -20.589539984999874], [30.451225523000062, -20.596288483999956], [30.450829537000118, -20.60079181699996], [30.4507605390001, -20.600989831999982], [30.4507605390001, -20.60119084699994], [30.449375581000083, -20.60490612299992], [30.449375581000083, -20.60497312699988], [30.44946758100008, -20.60887741599987], [30.44946958200012, -20.609209440999905], [30.45004556700013, -20.611721625999962], [30.45032555900019, -20.61185163599987], [30.450607551000076, -20.61204764999991], [30.450678549000088, -20.61211465499997], [30.453800463000107, -20.61732203799994], [30.453802463000102, -20.617522052999902], [30.453732465000144, -20.617654062999975], [30.453663467000126, -20.617854077999937], [30.453592469000114, -20.617986087999952], [30.452417505000085, -20.621101318999933], [30.45144553500012, -20.623695510999823], [30.45123554100013, -20.623828520999893], [30.45109654500004, -20.624026535999917], [30.45102554700003, -20.62409354099998], [30.450264569000126, -20.624515571999893], [30.449694586000135, -20.62483159599992], [30.449553590000164, -20.62483159599992], [30.44913160200008, -20.6248355969999], [30.44903685600002, -20.624867174999963], [30.448984612000174, -20.62488175099992], [30.44891961400009, -20.624902752999958], [30.44878061800017, -20.624904752999953], [30.447021669000037, -20.62498275999991], [30.446880673000067, -20.624850749999837], [30.446669679000024, -20.624786744999938], [30.44652768300017, -20.624654735999968], [30.446386687000086, -20.6245897309999], [30.446316689000128, -20.6245897309999], [30.446316689000128, -20.624522725999952], [30.446175692999986, -20.624391715999934], [30.445183720000102, -20.62281059999998], [30.44511272200009, -20.622743594999918], [30.445110722000095, -20.622611584999845], [30.445110722000095, -20.622478575999935], [30.445040723999966, -20.62241357099998], [30.445040723999966, -20.62234656599992], [30.445383713000012, -20.621020467999926], [30.445454711000025, -20.620887457999913], [30.445454711000025, -20.620837453999968], [30.445454711000025, -20.62082245299996], [30.445499709000046, -20.62073444599997], [30.445549708000158, -20.620689442999947], [30.445547708, -20.62059743599997], [30.447105662000126, -20.618711295999958], [30.447203659000138, -20.61866529199989], [30.44744365100013, -20.616826155999945], [30.44744365100013, -20.616735148999965], [30.44744365100013, -20.616550135999944], [30.44739365200013, -20.616458128999966], [30.447344654000176, -20.616321118999906], [30.447344653000073, -20.616229111999928], [30.44729665500006, -20.616183108999962], [30.446610674000055, -20.615081027999906], [30.44636568100009, -20.61494401799996], [30.446121688000062, -20.61480600799996], [30.44587769400016, -20.6146689979999], [30.445827696000094, -20.614622993999944], [30.44406774500004, -20.61315488699995], [30.443970748000083, -20.612970872999938], [30.443773753000073, -20.612740855999903], [30.443626757000118, -20.61251183899998], [30.44348076100016, -20.612236818999918], [30.443333766000137, -20.612005801999942], [30.443235768000193, -20.61177678499996], [30.443039773000066, -20.611317750999945], [30.442989775, -20.611088734999896], [30.442892777000168, -20.610949723999852], [30.442842779000102, -20.610766710999883], [30.4427457810001, -20.61062870099994], [30.442696783000088, -20.61053769399996], [30.442646784000146, -20.61049169099988], [30.442646784000146, -20.610443686999815], [30.44088083200006, -20.605850347999876], [30.44088083200006, -20.60580434499991], [30.44088083200006, -20.60571333799993], [30.440678835000142, -20.60277212099993], [30.440678835000142, -20.60258910699997], [30.440725834000034, -20.602497099999937], [30.440775832000043, -20.602406093999946], [30.440823831000046, -20.602266082999904], [30.44087282900017, -20.602175076999913], [30.440920828000174, -20.602083069999935], [30.440969826000128, -20.601992062999955], [30.441284816000064, -20.599755896999966], [30.441305815000135, -20.599601885999903], [30.441305815000135, -20.59937086899987], [30.441305815000135, -20.599278861999892], [30.441305815000135, -20.599095847999877], [30.44130381500014, -20.598956837999935], [30.44130381500014, -20.598819827999932], [30.441256816000077, -20.598681817999875], [30.44099882200004, -20.59634564499987], [30.440956823000192, -20.595971617999908], [30.440956823000192, -20.595878610999932], [30.441004821000092, -20.595832606999977], [30.43860488700011, -20.591979323999908], [30.438507889999983, -20.59179630999995], [30.438360894000084, -20.591567292999912], [30.438213898000186, -20.591290272999913], [30.438066902000116, -20.591107258999955], [30.43796990500016, -20.59087824299985], [30.437870908000036, -20.590693228999896], [30.43787090700016, -20.59055621899995], [30.437820909000095, -20.590510214999938], [30.437820909000095, -20.590419208999947], [30.437820909000095, -20.59032720199997], [30.43727992300012, -20.58812203899987], [30.43727992300012, -20.588029031999895], [30.43659294100007, -20.586100889999898], [30.432735049000087, -20.58215359999997], [30.43232806000009, -20.581739569999968], [30.43232806000009, -20.58164856299993], [30.432279062000134, -20.581556555999953], [30.43223106300013, -20.581465548999972], [30.43218106400019, -20.58137154199983], [30.432084067000062, -20.58123453199994], [30.431888072000106, -20.580959511999936], [30.431790075000094, -20.580868505999945], [30.431741076000037, -20.580728494999903], [30.431201091, -20.57944339999989], [30.431201091, -20.57940139699997], [30.431201091, -20.579306389999942], [30.43115109200005, -20.579214382999965], [30.43115109200005, -20.57907537299991], [30.4311000940001, -20.57893036199988], [30.431054095000093, -20.578800352999963], [30.431029095000156, -20.578686343999948], [30.431005096000035, -20.578571335999868], [30.431005096000035, -20.578432325999927], [30.430955097000094, -20.578295315999924], [30.43090509900003, -20.578112301999965], [30.430707102999975, -20.576504182999884], [30.430707102999975, -20.576273165999964], [30.430707102999975, -20.57590513899987], [30.430657104000034, -20.575676121999948], [30.430657104000034, -20.575630117999935], [30.430608105000147, -20.57558411499997], [30.430608105000147, -20.575539111999888], [30.42870215900018, -20.574621044999958], [30.428557163000107, -20.574621044999958], [30.428458166000155, -20.574621044999958], [30.428361169000027, -20.57457504199988], [30.427972180000097, -20.57457504199988], [30.42792218200003, -20.574530038999967], [30.427825184000028, -20.574530038999967], [30.42772818700007, -20.574532038999962], [30.42694620900005, -20.574532038999962], [30.424703274000024, -20.574993074999895], [30.424508280000055, -20.57504107899996], [30.424411282000165, -20.575087081999982], [30.424117291000073, -20.575178088999962], [30.42397229500017, -20.575178088999962], [30.423776301000146, -20.575224092999918], [30.423631305000015, -20.575226092999912], [30.423484309000116, -20.57527209599982], [30.423337313000047, -20.57527209599982], [30.42319231800002, -20.575317099999893], [30.42304532200012, -20.575363102999972], [30.422948325, -20.575363102999972], [30.422801329000094, -20.57540910699987], [30.422704331999967, -20.575457109999945], [30.42011940600014, -20.576515189999895], [30.420022409000012, -20.57665420099994], [30.41987741300011, -20.57679221099994], [30.41978041599998, -20.576929220999887], [30.419633421000185, -20.577023227999916], [30.419536423000125, -20.577114234999897], [30.419486425000116, -20.577160237999976], [30.419438426000113, -20.577206241999875], [30.41938942800016, -20.57729724899997], [30.41836845800003, -20.578770357999815], [30.418319460000077, -20.578907367999932], [30.418222462000074, -20.579092381999885], [30.418174464000174, -20.579229391999945], [30.418077467000046, -20.579367402999935], [30.418027468000105, -20.579460409999967], [30.417979470000034, -20.579552415999956], [30.417930471000147, -20.579643422999936], [30.415689536000116, -20.580656499999975], [30.415494542000147, -20.58074950699995], [30.415298547000134, -20.58084151299994], [30.415153552000163, -20.580933519999917], [30.41505555400005, -20.580978523999818], [30.414670566000154, -20.581902591999892], [30.414479572000175, -20.58236362699995], [30.414424573000133, -20.582497636999904], [30.414502571000185, -20.582655647999957], [30.415059556000188, -20.58378273099993], [30.41510955500013, -20.583919740999818], [30.415158554000016, -20.58410475499994], [30.41520855200008, -20.584242764999885], [30.415256551000084, -20.584425778999957], [30.41530555000014, -20.584656795999933], [30.41535554800015, -20.584793805999936], [30.415404547000037, -20.584930815999883], [30.41545254600004, -20.584976818999962], [30.41677450900005, -20.586353919999965], [30.41691950500018, -20.586445926999943], [30.417018502000076, -20.58653693399998], [30.41706650100008, -20.586630940999953], [30.417115499000033, -20.586676943999862], [30.417165497999974, -20.586767950999842], [30.417213497000148, -20.58685995799982], [30.417213497000148, -20.586950963999982], [30.417020503000174, -20.588099048999936], [30.416923506000046, -20.588284062999946], [30.4168755070001, -20.58833006699996], [30.416825509000034, -20.588376069999924], [30.41668051300013, -20.588422073999936], [30.416583516000173, -20.588561083999878], [30.41648451900005, -20.588607086999957], [30.416387522000093, -20.588698093999938], [30.416387522000093, -20.588744097999836], [30.416144529000178, -20.58879810199994], [30.41531555200004, -20.588975114999926], [30.415217555000027, -20.588975114999926], [30.415021561000174, -20.58892911199996], [30.4148265660001, -20.58892911199996], [30.41468057100019, -20.58888310899988], [30.41453357500012, -20.588885108999932], [30.41223864, -20.587693021999826], [30.4120916440001, -20.587600015999953], [30.41189764900014, -20.58755401199994], [30.411750654000173, -20.587556011999936], [30.405936817000054, -20.583830739999826], [30.405789822000088, -20.583784736999917], [30.405643826000073, -20.583693729999936], [30.405398833000106, -20.583601723999948], [30.405107841000017, -20.58350971699997], [30.404862848000107, -20.583418709999933], [30.404716852000092, -20.583372706999853], [30.404666854000027, -20.583372706999853], [30.40461885500008, -20.583326703999944], [30.403443887000037, -20.581259551999892], [30.402759907000075, -20.58112154199995], [30.402076926000177, -20.58093852899998], [30.401393945000052, -20.58075551599984], [30.40109995400013, -20.58057250199988], [30.400806962000047, -20.580389488999913], [30.400561969000137, -20.580252478999967], [30.400367974000176, -20.580160471999875], [30.400220979000153, -20.580069464999895], [30.40012398100015, -20.579975458999968], [30.400073983000084, -20.579929454999956], [30.400025984000138, -20.579929454999956], [30.397583053000062, -20.57860035799996], [30.397291061000033, -20.57850835199997], [30.396998070000052, -20.57846334899989], [30.39675307700014, -20.578417344999934], [30.396509084000115, -20.57837134199991], [30.396315089000097, -20.57837134199991], [30.39616809400013, -20.57837134199991], [30.39612009500013, -20.578419345999976], [30.39597309900006, -20.578419345999976], [30.39397415700006, -20.579477424999936], [30.393780163000145, -20.579569431999914], [30.39338917400005, -20.57975444599998], [30.393147181000188, -20.579800449999937], [30.392950187000054, -20.57984545299996], [30.39280519100015, -20.579891456999917], [30.39265819500008, -20.57993745999994], [30.392561198000124, -20.57993745999994], [30.390658252000037, -20.5798934579999], [30.389975272000186, -20.57980345199985], [30.389681280000048, -20.57971244499987], [30.38948628600008, -20.57966644199996], [30.38938928900012, -20.57966644199996], [30.389290291000123, -20.579620438999882], [30.389242293000052, -20.579620438999882], [30.389193294000165, -20.579620438999882], [30.383909444000153, -20.57741527899998], [30.383617452000124, -20.577278268999976], [30.38332446000004, -20.57718726199994], [30.383032469000113, -20.577049251999938], [30.382738477000146, -20.576910241999826], [30.38249448400012, -20.576773231999937], [30.38190950100011, -20.576498211999933], [30.38161550900014, -20.576406205999945], [30.381371516000115, -20.576315198999964], [30.381224520000046, -20.57622319199993], [30.381079524000086, -20.576178188999904], [30.380932528000187, -20.576086181999926], [30.380785532000118, -20.57599417599988], [30.38068853500016, -20.575901168999906], [30.380589538000095, -20.575855164999837], [30.380394543000193, -20.57576415899996], [30.380247548, -20.57567215199998], [30.380003554000098, -20.575581145999877], [30.37971156300017, -20.575443135999933], [30.379467570000145, -20.575306125999873], [30.37922357700012, -20.575169115999927], [30.37892958500015, -20.575031104999937], [30.378636593000067, -20.574892094999825], [30.378441599000098, -20.57480008899995], [30.378246604000026, -20.57470908199997], [30.37810060800018, -20.57461707499988], [30.377953612000113, -20.574526068999887], [30.3778556150001, -20.574480064999932], [30.37746862600011, -20.574232046999896], [30.374683705000166, -20.572448916999974], [30.3746117070001, -20.572410913999875], [30.374199718, -20.57219289799997], [30.369251858000098, -20.56958170799993], [30.368696874000193, -20.569287686999928], [30.368485880000094, -20.569158676999905], [30.368132890000027, -20.56902666799988], [30.367781900000125, -20.56896366299992], [30.36756990600003, -20.56896366299992], [30.367498908000186, -20.568965662999915], [30.367428910000058, -20.568898658999956], [30.359069150000096, -20.569281691999947], [30.35878715800004, -20.56935069699989], [30.35850616600004, -20.56941770199984], [30.35822617400015, -20.569486707999943], [30.358016180000163, -20.569552712999894], [30.35787518400008, -20.56955471299989], [30.35773418800011, -20.56955471299989], [30.346080523000182, -20.572009901999934], [30.345658535999974, -20.572078906999934], [30.34537654400009, -20.57208090799992], [30.34509655200003, -20.572081907999916], [30.344815560000086, -20.57215091299986], [30.344604565999987, -20.57215091299986], [30.344464570000127, -20.572152913999844], [30.344323574000043, -20.572219918999963], [30.341336659999968, -20.573317001999953], [30.336255807000157, -20.57518214299995], [30.335982815000136, -20.57518214299995], [30.33527183500007, -20.57518814399998], [30.33508884000014, -20.575222146999863], [30.33492084500017, -20.57525414899993], [30.334779849000086, -20.575323153999875], [30.33165993900019, -20.57545516599987], [30.33165593900003, -20.575355158999855], [30.33165593900003, -20.575275152999893], [30.331653939000034, -20.57511514099997], [30.33158293600013, -20.569058691999885], [30.331498939000028, -20.56894068399987], [30.331372941999973, -20.568862677999903], [30.33120394700012, -20.56874466899984], [30.328631019000056, -20.566819528999872], [30.32858902100014, -20.566781525999943], [30.328379027000153, -20.566663516999938], [30.328167033000057, -20.56654450799988], [30.32521511600015, -20.564305343999877], [30.323481163999986, -20.562297196999907], [30.323481163999986, -20.562257193999983], [30.323397166000177, -20.5620601789999], [30.32326316900003, -20.56059507099991], [30.323347166000133, -20.56035705299996], [30.323345166000138, -20.56019904199985], [30.323387165000156, -20.560000026999887], [30.32338516500016, -20.559804011999915], [30.32308417200005, -20.558220894999977], [30.32308417200005, -20.558142889999885], [30.32308417200005, -20.558061883999926], [30.323042173000033, -20.557943874999864], [30.32299817400019, -20.557825865999973], [30.32291217700009, -20.557272824999927], [30.322825179000176, -20.556639777999976], [30.322697182000184, -20.55640276099996], [30.321797205000053, -20.55221045099995], [30.320473240000183, -20.5480631449999], [30.320473240000183, -20.54786712999993], [30.320473240000183, -20.54774712099993], [30.320471240000188, -20.547588109999936], [30.320471240000188, -20.547392094999964], [30.32109322100007, -20.545764973999894], [30.321177218000173, -20.545644964999838], [30.321261215999982, -20.54548595299991], [30.321387212000104, -20.54536594399991], [30.32151120800006, -20.545207932999915], [30.321678203000147, -20.545007917999953], [30.323771142, -20.54281775399994], [30.32381114100002, -20.542777750999903], [30.323981136000157, -20.54273774799998], [30.324148131000015, -20.54269774499994], [30.324274126999967, -20.542655741999965], [30.324400124000192, -20.542615738999928], [30.32683405400013, -20.542125700999975], [30.32692005100006, -20.542125700999975], [30.32708804600003, -20.542085697999937], [30.32725504200016, -20.542044694999845], [30.32742303700013, -20.542002691999983], [30.32767503000008, -20.5419626879999], [30.327927022000154, -20.54192068499998], [30.328598002999968, -20.541838678999852], [30.33098793400012, -20.54059558499995], [30.331071931000054, -20.54059558499995], [30.332168901000045, -20.541459647999943], [30.332170900000108, -20.541499650999867], [30.332254898000144, -20.541577656999834], [30.332296897000163, -20.54169766599989], [30.332381895000083, -20.541854676999947], [30.33369485900016, -20.54406483999992], [30.333736857000076, -20.544143845999884], [30.333779856000035, -20.544183848999978], [30.333821855, -20.544261854999945], [30.333905853000033, -20.544339860999855], [30.334075848000168, -20.54457687799993], [30.334159846000034, -20.544734889999916], [30.335052822000193, -20.546907049999902], [30.33509682099998, -20.54698505599987], [30.33509682099998, -20.547106064999923], [30.33517981800003, -20.54722407299994], [30.33526581600006, -20.54746009099989], [30.335775802000114, -20.548605174999977], [30.335817801000132, -20.5486451779999], [30.335860800000034, -20.548723183999982], [30.335860800000034, -20.548763186999906], [30.335902799000053, -20.548763186999906], [30.33594479800007, -20.548803189999944], [30.335986795999986, -20.548881195999968], [30.335986795999986, -20.54892119899995], [30.336028795000175, -20.54892119899995], [30.33703976600009, -20.549112211999898], [30.337081765000107, -20.549112211999898], [30.337207762000105, -20.549112211999898], [30.33745975400018, -20.549110211999846], [30.33973069000018, -20.549414232999936], [30.339772688000096, -20.54941223299994], [30.339814687000114, -20.54941223299994], [30.339856686000076, -20.54937222999996], [30.339898685000094, -20.54937222999996], [30.339940684000112, -20.54937222999996], [30.339982682000027, -20.549332226999923], [30.34594351100003, -20.547911117999945], [30.348045450000143, -20.54797512099998], [30.34808644900005, -20.54797512099998], [30.34817244700008, -20.54797512099998], [30.348298443000033, -20.54793511799994], [30.34842444000003, -20.54793311799989], [30.349891397000192, -20.54701404899987], [30.34992339500019, -20.545272919999945], [30.34988139600017, -20.545192913999927], [30.34988139600017, -20.545153910999886], [30.34988139600017, -20.545113907999962], [30.34988139600017, -20.545073904999924], [30.351648340000168, -20.53674828699991], [30.35168933800003, -20.53674828699991], [30.35168933800003, -20.53670828399993], [30.35238431500005, -20.53222895199991], [30.352382315000057, -20.532110942999907], [30.352382315000057, -20.53183292299991], [30.35238031500006, -20.531753916999946], [30.352204319000066, -20.529972784999927], [30.352204319000066, -20.52989477899996], [30.352161320000164, -20.52981477299994], [30.352161320000164, -20.529775769999958], [30.352119321000146, -20.52969576499993], [30.352077322000127, -20.529657761999886], [30.35199132500003, -20.52953975299988], [30.351907327, -20.529421743999933], [30.35106235100011, -20.528593683999873], [30.350978353000073, -20.528515677999906], [30.350936354000055, -20.52847567499998], [30.35085235700012, -20.528396668999903], [30.35072436000013, -20.528318662999936], [30.350598364000177, -20.528162651999935], [30.35042936800005, -20.52804464299993], [30.349712389000103, -20.527414596999904], [30.349712389000103, -20.52737459399998], [30.349628391000124, -20.52721658199988], [30.34958439200011, -20.52709757399998], [30.349500394000074, -20.526979564999976], [30.349458395000056, -20.526821552999877], [30.349330399000166, -20.52662453899984], [30.34839742500003, -20.525047421999886], [30.348437423000178, -20.52441237499994], [30.348437423000178, -20.524374372999887], [30.348436423000066, -20.524254363999944], [30.348436423000066, -20.524095351999904], [30.347295455000165, -20.522875261999957], [30.347295455000165, -20.522836258999916], [30.347295455000165, -20.52279625599988], [30.347209457000133, -20.522718250999844], [30.347125459000154, -20.522638244999882], [30.34704146200005, -20.522560238999915], [30.346915465000166, -20.52248223299995], [30.34518251300011, -20.52055109099996], [30.345475505000024, -20.520159061999834], [30.34555750200019, -20.519920043999946], [30.345683499000188, -20.519762031999846], [30.346896463000178, -20.51852593999996], [30.346894463000012, -20.518447933999937], [30.34693646200003, -20.518367927999975], [30.34693646200003, -20.518288922999886], [30.346978460000116, -20.518130910999957], [30.34701845899997, -20.517932895999934], [30.34701845899997, -20.51773388099997], [30.34737744600011, -20.51365257899988], [30.347419445000128, -20.513573572999917], [30.34741744400003, -20.51325754899989], [30.347415444000035, -20.51309853799995], [30.348317415000167, -20.508460192999962], [30.348359414000186, -20.508380186999943], [30.348401413000033, -20.50826117799994], [30.34844341200005, -20.508103166999945], [30.348483410000142, -20.507983157999945], [30.348386411000035, -20.504974934999893], [30.34838441100004, -20.50493493199997], [30.34843740500014, -20.49824343599994], [30.346614456000054, -20.496957340999927], [30.34659745400006, -20.493744102999983], [30.346398458000124, -20.49012283499991], [30.34635145900006, -20.49012283499991], [30.344060521000188, -20.48481444299989], [30.34225457000008, -20.480456119999815], [30.349065374000133, -20.47947204299993], [30.35089232100006, -20.479079012999932], [30.35089232100006, -20.479123015999903], [30.35094032, -20.479125015999898], [30.35422422200014, -20.473178572999927], [30.35630016200014, -20.47206548899993], [30.356748148000065, -20.47062538199998], [30.357410127000037, -20.467374140999937], [30.358730088000073, -20.465258982999956], [30.359859054000083, -20.462916808999978], [30.36493190400006, -20.455718270999967], [30.367346831000134, -20.449993844999938], [30.36944276900016, -20.44720463699997], [30.371311712000136, -20.443103330999918], [30.37378894000011, -20.440203050999912]]]]}}, {"type": "Feature", "properties": {"GID_3": "ZWE.10.13.11_2", "GID_0": "ZWE", "COUNTRY": "Zimbabwe", "GID_1": "ZWE.10_1", "NAME_1": "Midlands", "NL_NAME_1": "NA", "GID_2": "ZWE.10.13_2", "NAME_2": "Zvishavane", "NL_NAME_2": "NA", "NAME_3": "Ward 19", "VARNAME_3": "NA", "NL_NAME_3": "NA", "TYPE_3": "Ward", "ENGTYPE_3": "Ward", "CC_3": "NA", "HASC_3": "NA", "id": "ZWE.10.13.11_2", "name": "Ward 19"}, "geometry": {"type": "MultiPolygon", "coordinates": [[[[30.11553006400004, -20.490701023999975], [30.109547232000068, -20.486266698999884], [30.10349340200014, -20.48101731299988], [30.098427544000174, -20.47743905099992], [30.095757619000153, -20.475311894999948], [30.08722285800019, -20.468425389999936], [30.08439393700013, -20.466049214999884], [30.065486467000028, -20.45088410199986], [30.06436749800008, -20.44999703699989], [30.047998957000118, -20.437013083999943], [30.043347087000143, -20.433321812999964], [30.022297676000107, -20.41642957199997], [30.01871977600001, -20.41328834099994], [30.000597283000104, -20.39871627099984], [30.000499286000036, -20.398699269999952], [30.00011629700009, -20.398630264999895], [29.999513314000183, -20.39812922799996], [29.995338431000164, -20.394658972999935], [29.995790424000177, -20.402449550999904], [29.996244417000185, -20.41025513099987], [29.9962124220001, -20.415679533999878], [29.99619842400017, -20.418050709999875], [29.996151425000107, -20.41805270999987], [29.996418423000193, -20.42539125499991], [29.996372424000185, -20.42543625899998], [29.99641043200012, -20.437398146999953], [29.996322441000075, -20.44532773599991], [29.996370439000145, -20.445325734999926], [29.996463439000024, -20.448636980999936], [29.997322420000103, -20.455367479999893], [29.997636413000066, -20.458266694999963], [29.994129513000132, -20.45737963199997], [29.994131513000127, -20.45742363499994], [29.988964659000032, -20.455483493999907], [29.985714751000046, -20.45398238499996], [29.984220793000077, -20.453290334999906], [29.98406679700014, -20.453219329999968], [29.979696921000084, -20.451325191999956], [29.978304960000116, -20.450722147999954], [29.975381042000095, -20.449008022999976], [29.9753790420001, -20.44896401999995], [29.973166104000143, -20.447216890999925], [29.972659118000138, -20.44647583699998], [29.96834223800016, -20.44109543999997], [29.966819280000095, -20.439039288999936], [29.964863334000086, -20.436399093999967], [29.96412535500008, -20.436214080999946], [29.96409535500004, -20.436206079999977], [29.96360536900005, -20.435867054999903], [29.959292492000145, -20.435011994999854], [29.95674256500007, -20.43550103299998], [29.95632257700015, -20.435581038999942], [29.950171755000156, -20.438428253999973], [29.950028759000077, -20.43842325399993], [29.947982818000128, -20.43833924899991], [29.94720984000014, -20.438062228999968], [29.94527989400018, -20.437372178999908], [29.942008987000122, -20.43642911199987], [29.938392089000047, -20.434065938999936], [29.93499218400018, -20.43120272799996], [29.933359230000065, -20.430821700999957], [29.93321423400016, -20.430737694999948], [29.932560253000133, -20.430691691999982], [29.93197427000007, -20.43065368999993], [29.931362287000127, -20.430766697999957], [29.93018532200017, -20.432158801999947], [29.92960733900003, -20.432387819999974], [29.92951034200013, -20.432452824999928], [29.929380345000084, -20.432536830999936], [29.929119352999976, -20.432621837999875], [29.92898935700009, -20.432663840999965], [29.92872836400005, -20.43274984699991], [29.928642367000123, -20.43279385099993], [29.928583368000147, -20.43279385099993], [29.928524370000048, -20.43279585099998], [29.926437429000146, -20.431790777999936], [29.92631943200007, -20.43173377399995], [29.926126438000097, -20.43169477099991], [29.926075439000044, -20.43160776399992], [29.92593244300008, -20.43156976199998], [29.92361450800007, -20.429602616999944], [29.923464512000123, -20.429428603999895], [29.921930554000028, -20.426846413999954], [29.921718560000045, -20.426361377999967], [29.921688560000064, -20.42582733799992], [29.921531563000144, -20.42305413199989], [29.921188570000083, -20.420558946999847], [29.92110057300016, -20.42022192199994], [29.92110057300016, -20.420177918999855], [29.921055574000093, -20.420055909999974], [29.920994576, -20.419998905999876], [29.920009603000153, -20.418546797999966], [29.91692969000013, -20.417594729999905], [29.91322179600013, -20.417566729999976], [29.90964189900012, -20.418292786999928], [29.90582000900008, -20.418939836999982], [29.902921091000053, -20.418876834999935], [29.899693182000192, -20.41672667699993], [29.89964618300013, -20.416728676999924], [29.899644183000134, -20.41668367399984], [29.899548186000118, -20.41668667399989], [29.899546186000123, -20.416643670999974], [29.898152226000093, -20.416250642999955], [29.897860234000063, -20.416082630999938], [29.897572242000024, -20.41600562499997], [29.89698725900007, -20.41567060099993], [29.896840263000172, -20.415542590999905], [29.89669526700004, -20.41550258799998], [29.89650027199997, -20.41537657899994], [29.896308278000106, -20.415338575999897], [29.895825291, -20.41513456099983], [29.8957262940001, -20.415048554999885], [29.895581297999968, -20.415010551999956], [29.895484301000067, -20.414924545999952], [29.89510031200018, -20.414850540999964], [29.89379834900018, -20.41440950899988], [29.892461387000026, -20.414239496999926], [29.892173394999986, -20.41416149199995], [29.891520540999977, -20.4140922709999], [29.89064543900008, -20.413999480999962], [29.890113454000186, -20.413751462999983], [29.889104482, -20.413522445999945], [29.88895948600009, -20.413438439999823], [29.887610525000127, -20.413000408999892], [29.885415587000068, -20.41277439299995], [29.884692608000023, -20.412536375999878], [29.884545612000124, -20.412452369999926], [29.882914658000175, -20.41206934299987], [29.882247677000123, -20.41200633799997], [29.881188707000092, -20.41169131599986], [29.880902715000047, -20.411657312999978], [29.880177736, -20.41137329299994], [29.879889744000025, -20.411338289999946], [29.87969575000011, -20.411212280999905], [29.878970769999967, -20.41092826099998], [29.878821774000073, -20.410800250999955], [29.878678778000165, -20.410760247999917], [29.87794879900008, -20.41034321799998], [29.877650807000123, -20.410039194999854], [29.877503811000054, -20.409955188999902], [29.877303816999984, -20.40969616999996], [29.876780831000076, -20.408470078999983], [29.87646083900006, -20.40771202299993], [29.876345842000035, -20.407269990999964], [29.87504887600005, -20.403557715999966], [29.873482919000026, -20.400215467999885], [29.868242065, -20.395302106999964], [29.86656011200006, -20.393726990999937], [29.859167320000154, -20.389472679999926], [29.858187347000126, -20.38891063899996], [29.858126349000088, -20.38876362799988], [29.85745036700007, -20.387191510999912], [29.851713528000175, -20.38406528299987], [29.85171152800018, -20.384021279999956], [29.845215712000027, -20.380874049999875], [29.838775895000026, -20.37972396899994], [29.838657898000122, -20.37970296799989], [29.837887920000185, -20.379463949999945], [29.83774292400011, -20.379379943999822], [29.837549930000137, -20.379343941999934], [29.837404934, -20.379259935999926], [29.83424102400005, -20.37857888699989], [29.833814036000092, -20.378596888999937], [29.830224139000165, -20.379097928999954], [29.82970315400013, -20.37911892999989], [29.828082200000154, -20.37905592699991], [29.82627825100019, -20.378985922999902], [29.826035258000047, -20.37890591699994], [29.82354632800019, -20.377302799999825], [29.823249336000117, -20.37699977699998], [29.82190437300011, -20.37436558299987], [29.821256390000087, -20.37218742099998], [29.821021396000162, -20.371399362999966], [29.82088739800008, -20.36900718499993], [29.820836398000154, -20.36809011699995], [29.820588405000137, -20.36749907299992], [29.820723401000123, -20.36744706899998], [29.82229135299997, -20.3630107379999], [29.826089236000087, -20.351902908999932], [29.82907814800012, -20.349449723999896], [29.83218505700006, -20.346508502999882], [29.832866037000088, -20.345509428999833], [29.833030032000067, -20.34534141599994], [29.834128000000135, -20.34367629099995], [29.847015626000143, -20.337197799999842], [29.851358501000163, -20.335080639999887], [29.864212128000077, -20.328635150999958], [29.8735428600001, -20.325863938999817], [29.876134784000158, -20.32459184199996], [29.877343750000193, -20.32477085499994], [29.880730654000104, -20.326059947999966], [29.884896536000042, -20.32712702499998], [29.888211442, -20.32751205099993], [29.889924393000115, -20.327378039999928], [29.89319730000011, -20.32898415799997], [29.894402265000053, -20.327684059999967], [29.89544823300008, -20.325600903999884], [29.89705418600016, -20.32294170499995], [29.89865813800003, -20.32106256399993], [29.898196151000093, -20.319914478999976], [29.896312204000083, -20.31918042599989], [29.89152634000004, -20.318111348999878], [29.887521454000137, -20.317623315999924], [29.885772503000112, -20.316883261999976], [29.884898527000075, -20.315720175999843], [29.885091520000174, -20.313734027999885], [29.886229485000058, -20.309798733999912], [29.8863914800001, -20.30953371399994], [29.8864184790001, -20.309369701999913], [29.88616448500005, -20.30824661899993], [29.88590749200017, -20.30783658799993], [29.88446753200003, -20.30627247299998], [29.88261358500006, -20.3054704139999], [29.882365592000042, -20.30528740099993], [29.880568643000117, -20.305034382999963], [29.87915568300008, -20.30492937599996], [29.878238709000073, -20.30431833199998], [29.876376761000017, -20.30251219799993], [29.876262764000103, -20.30225817899992], [29.87479980400019, -20.300113020999902], [29.87468080700006, -20.29975999499993], [29.87350783800008, -20.29718280299994], [29.87246286600009, -20.29437459499991], [29.870717913000078, -20.2904263019999], [29.870683913999983, -20.2904263019999], [29.869603943000072, -20.28761909399998], [29.869178953000073, -20.284814884999946], [29.869183950000092, -20.281670650999956], [29.869305946000054, -20.281340625999917], [29.869210947000056, -20.279044454999905], [29.86871496100008, -20.277863367999885], [29.86862896300005, -20.277446336999958], [29.86724500100013, -20.275557196999955], [29.865211057000067, -20.27372606199998], [29.86520805700019, -20.27366205699991], [29.86386309400018, -20.271868923999875], [29.86197614700012, -20.269481747999976], [29.860388190000094, -20.267179576999922], [29.857841262000193, -20.26540244699987], [29.85614031000017, -20.264704395999956], [29.858064251000087, -20.25997104199996], [29.85885222600018, -20.256705797999928], [29.860521176000077, -20.253855583999893], [29.86048517600011, -20.25228246699993], [29.861633140000038, -20.2483831749999], [29.863058099000114, -20.248242163999976], [29.867436978000114, -20.253241533999983], [29.871331870000176, -20.257331835999935], [29.874247789000094, -20.260675082999967], [29.87566875000016, -20.261883171999898], [29.875705749000133, -20.262050183999975], [29.876723721000133, -20.264288350999948], [29.880036630000063, -20.26797962299986], [29.881928577000053, -20.26975675499989], [29.887933411, -20.27651925399988], [29.906542894000097, -20.296856756999944], [29.906557894000116, -20.296873757999947], [29.907364872000073, -20.297754822999934], [29.913959689000137, -20.305026359999943], [29.927706307000165, -20.320021466999947], [29.935135102000118, -20.328551096999945], [29.938024021000103, -20.331332301999907], [29.941722919000085, -20.335593615999983], [29.945590811000045, -20.338952863999907], [29.947955745000115, -20.342007088999935], [29.952273619000152, -20.33837281599989], [29.962792312000147, -20.329791170999954], [29.964623259000064, -20.328002035999873], [29.981329771000162, -20.31436200999991], [29.98790957900013, -20.309228622999967], [29.99110648500016, -20.306149391999952], [30.000164233000135, -20.31451600899993], [30.000368227000138, -20.314642017999972], [30.00064121900016, -20.314831031999972], [30.000776216000077, -20.31489403599994], [30.00077821600007, -20.315022045999967], [30.000915212, -20.315210059999913], [30.001051208000092, -20.31533806899995], [30.001188204000016, -20.31552708299995], [30.00125720200009, -20.315655092999975], [30.001394199000117, -20.315781101999903], [30.001531195000098, -20.316034120999973], [30.001533195000093, -20.316099125999926], [30.001669191000133, -20.316162129999896], [30.001737189000096, -20.316225134999968], [30.001806187000113, -20.316351143999896], [30.00187518500013, -20.316414148999968], [30.002147178000143, -20.316540157999896], [30.002351172000147, -20.316666166999937], [30.00255516600015, -20.316727171999958], [30.002691162000076, -20.316853180999885], [30.002760160000093, -20.316916185999958], [30.002828159000103, -20.31697818999993], [30.00289715700012, -20.317106199999955], [30.00289715700012, -20.317169203999924], [30.00296715500008, -20.31729721399995], [30.003036153000096, -20.317425222999873], [30.003105151000113, -20.317551232999904], [30.003175149000015, -20.31780625199997], [30.00324614800013, -20.318190279999953], [30.003315146000148, -20.31838029399995], [30.003445312999986, -20.318618177999895], [30.003454142000123, -20.318634312999905], [30.00352314000014, -20.3188253269999], [30.00372913400014, -20.3190143409999], [30.004003127000146, -20.319395368999892], [30.004072125000164, -20.319521378999923], [30.00414112300001, -20.31964938799996], [30.004209121000144, -20.319712392999918], [30.004278119000162, -20.319840401999954], [30.004346117000125, -20.320030415999952], [30.004484114000093, -20.320156425999983], [30.004552112, -20.320347439999978], [30.00469010800009, -20.320538453999973], [30.00482910400018, -20.320791472999872], [30.00496610000016, -20.320982486999867], [30.005170095000096, -20.321108495999965], [30.00530809100013, -20.32123450499995], [30.005375089000154, -20.32123450499995], [30.005577083000162, -20.321167499999888], [30.005781077000165, -20.32110049499994], [30.005983071, -20.320971484999916], [30.006185066000114, -20.320839474999843], [30.006319062000046, -20.320774469999947], [30.006454057999974, -20.320709464999936], [30.006521056000054, -20.320644460999972], [30.00665605200004, -20.32051545099995], [30.006723050000062, -20.320385440999928], [30.006857046000107, -20.32025743199989], [30.006992042000093, -20.320128421999982], [30.007126038000024, -20.31999841199996], [30.00726103400018, -20.319931406999956], [30.007328032000032, -20.31980339699993], [30.00739403000017, -20.319675387999894], [30.007461028000023, -20.319611382999938], [30.007459028000028, -20.3194833739999], [30.007595024000068, -20.319416367999963], [30.007797018000076, -20.319286358999932], [30.00820300700019, -20.31915334799993], [30.008337003000122, -20.31908834399991], [30.00840500100003, -20.319023338999955], [30.00847199900005, -20.319023338999955], [30.008540997000125, -20.31902133799997], [30.008607995000148, -20.31908434299993], [30.009150980000015, -20.31920635199998], [30.009423972000036, -20.319330360999857], [30.00962796600004, -20.319456369999955], [30.009762962000025, -20.319454369999903], [30.009900958000117, -20.319517373999872], [30.010035954000045, -20.319515373999877], [30.010171951000018, -20.319513373999882], [30.010306947, -20.319511373999887], [30.010373945000083, -20.319511373999887], [30.01044194300016, -20.319511373999887], [30.010508941000012, -20.319510373999833], [30.010712935000015, -20.319571377999978], [30.010985927000092, -20.319632381999952], [30.011189922000142, -20.319695386999967], [30.01139191599998, -20.319691385999874], [30.011595909999983, -20.319754390999947], [30.011664908, -20.319752390999952], [30.01173190600008, -20.31981539499992], [30.011799903999986, -20.31981539499992], [30.011935900000083, -20.319876399999828], [30.01220689300004, -20.319874398999843], [30.012410887000044, -20.319935403999978], [30.012683879000065, -20.319996407999895], [30.013226864000103, -20.320118416999946], [30.013430858000106, -20.32017942099992], [30.013566854000032, -20.32017742099987], [30.013632852000114, -20.32017742099987], [30.01376884800004, -20.32011041599992], [30.013835846000063, -20.32011041599992], [30.013903844000026, -20.320045410999967], [30.01397084200005, -20.319981405999897], [30.01403784000007, -20.319916400999944], [30.01417283700016, -20.319851395999876], [30.014239835000183, -20.31984939599988], [30.01437483100017, -20.319784390999928], [30.01444182900019, -20.319719385999974], [30.014645823000023, -20.31971738599998], [30.014781819000063, -20.319716385999982], [30.015051811000035, -20.319712385999935], [30.015254805000154, -20.319645379999884], [30.01559379600019, -20.319641379999837], [30.015864788000044, -20.31970238399998], [30.01627277600005, -20.319698383999935], [30.016474771000162, -20.319695382999953], [30.016678765000165, -20.319693382999958], [30.01688375900011, -20.319754386999932], [30.017018755000095, -20.319817391999834], [30.017222749000098, -20.31987839599998], [30.017291747000115, -20.31994140099988], [30.017563740000128, -20.32006640999998], [30.017768734000015, -20.320255423999924], [30.017905730000166, -20.320381432999966], [30.01804072600015, -20.320507442999883], [30.018111725000097, -20.320698456999878], [30.018179723, -20.320826465999914], [30.018179723, -20.32089047099987], [30.018181723, -20.320953475999943], [30.018250721000015, -20.32108148499998], [30.018250721000015, -20.321144489999938], [30.01825272100001, -20.321337503999928], [30.01825672100017, -20.32165552799995], [30.018189723000148, -20.32184854199994], [30.018191723000143, -20.32210456199988], [30.01812672500006, -20.32229657599987], [30.01805772700004, -20.32236158099994], [30.01799172900013, -20.322363580999934], [30.018088729000112, -20.325686827999903], [30.01802173100009, -20.325750832999972], [30.01802173100009, -20.325815837999983], [30.018023731000085, -20.325943846999962], [30.017956733000062, -20.326071856999874], [30.017956733000062, -20.32613686199994], [30.017958733000057, -20.326328875999934], [30.017893734999973, -20.326456885999846], [30.017893734999973, -20.326649899999893], [30.01789573500014, -20.326712904999965], [30.01789573500014, -20.32677790999992], [30.017897735000133, -20.326967923999916], [30.017897735000133, -20.327032928999813], [30.0180357320001, -20.32715893799991], [30.0180357320001, -20.327221941999824], [30.018103730000064, -20.327349951999906], [30.01817272800008, -20.327349951999906], [30.018580716000088, -20.3274719609999], [30.018851709000046, -20.327532964999875], [30.018920707000063, -20.327532964999875], [30.01898670500003, -20.32753096499988], [30.019053703000054, -20.327465959999927], [30.01912270100007, -20.327400954999973], [30.019120701000077, -20.3273379499999], [30.01918869900004, -20.327335949999906], [30.019255697000062, -20.32720894099998], [30.019322695000085, -20.327143935999914], [30.019389693000107, -20.32701392599995], [30.019456691000187, -20.326948920999882], [30.019522689000098, -20.32688591599998], [30.019591687000172, -20.32688391599993], [30.019658685000024, -20.32688391599993], [30.019795681000176, -20.326881915999934], [30.020201669000187, -20.326876914999957], [30.020472662000145, -20.326874914999962], [30.02067665600015, -20.326935918999936], [30.02081265200019, -20.326933918999885], [30.020947648000174, -20.326996923999957], [30.02101664600019, -20.327059927999983], [30.021084644000155, -20.32705792799993], [30.021151642000177, -20.32712093299989], [30.021355637000056, -20.327118932999895], [30.021491633000153, -20.32711693199991], [30.02162662900014, -20.327114931999915], [30.02169362700016, -20.327051926999957], [30.021828623000147, -20.327049926999962], [30.021964619000187, -20.326983921999954], [30.022099615000172, -20.326918916999887], [30.022235611000042, -20.326916916999892], [30.022235611000042, -20.326853911999933], [30.02230160900018, -20.32685191199994], [30.022505604000116, -20.326849911999943], [30.022776596000142, -20.326845910999964], [30.023116586000015, -20.326841910999974], [30.023318580000023, -20.326839910999922], [30.023385578000102, -20.326775905999966], [30.023453576, -20.3267109009999], [30.02365557100012, -20.32664389599995], [30.023926562999975, -20.32663989499997], [30.024197555000057, -20.326572889999852], [30.024399549000066, -20.326443879999943], [30.024602543000128, -20.32637687499988], [30.024804537000136, -20.326309869999932], [30.024872536000032, -20.326309869999932], [30.025006532000077, -20.32618085999991], [30.025075530000095, -20.326115855999944], [30.025139528000068, -20.32598784599992], [30.02520652600009, -20.32585783599984], [30.02520652600009, -20.325729826999975], [30.02527352400017, -20.325602816999947], [30.025340522000192, -20.325537811999936], [30.02540652000016, -20.325407802999905], [30.025473518000183, -20.32534279799995], [30.025471518000188, -20.325214787999926], [30.02553851600004, -20.325087778999887], [30.025605514000063, -20.32495776899998], [30.025672512000142, -20.324829758999954], [30.025672512000142, -20.32476475499982], [30.025738510000053, -20.324636744999964], [30.025805508000133, -20.324572739999894], [30.025872506000155, -20.32450773499994], [30.02600750200014, -20.324377725999966], [30.02614349800018, -20.324375724999868], [30.02634549200019, -20.324373724999873], [30.026549486000192, -20.32443472899996], [30.026753480000025, -20.32449773399992], [30.02695747500013, -20.32449373399993], [30.027228467000157, -20.32461974299997], [30.027365463000137, -20.324745751999842], [30.027434461000155, -20.32480875699997], [30.02756945700014, -20.32487176099994], [30.02763845600009, -20.324997770999914], [30.027707454000108, -20.325060774999884], [30.02784445000009, -20.325186784999914], [30.027981446000013, -20.32537779899991], [30.028119442000104, -20.325567812999907], [30.02818744000018, -20.325630816999876], [30.028256438000028, -20.32569382199995], [30.028391435000117, -20.325819830999876], [30.028460433000134, -20.325947840999902], [30.028597429000115, -20.326073849999943], [30.02873542500015, -20.32626386399994], [30.028939419000153, -20.326389872999982], [30.029076416, -20.326515882999843], [30.0292144120001, -20.326704896999956], [30.0294204060001, -20.32689591099995], [30.02969239800018, -20.32708492499995], [30.029896393000115, -20.327335942999923], [30.030102387000113, -20.327461951999965], [30.030238383000153, -20.327587961999882], [30.030375379000134, -20.327778975999877], [30.030446377000146, -20.327969989999872], [30.030514376000156, -20.32809699899991], [30.03065237200002, -20.32822300899994], [30.030720370000154, -20.328351017999978], [30.03078936800017, -20.328542031999973], [30.030858366000018, -20.32860503699993], [30.030926364000152, -20.328733045999968], [30.030928364000147, -20.328796050999927], [30.030997362000164, -20.328923060999955], [30.031066361000114, -20.32904906999994], [30.031203357000095, -20.329175078999867], [30.03134035300002, -20.329366092999862], [30.031544347000022, -20.329555106999976], [30.031750342000123, -20.329745120999974], [30.031888338000158, -20.329934134999974], [30.032023334000144, -20.330062144999886], [30.03216233000012, -20.330316162999964], [30.032229328000142, -20.33031416299997], [30.03229832600016, -20.33031416299997], [30.0325003210001, -20.330312162999974], [30.032704315000103, -20.330308161999824], [30.03297530700013, -20.330306161999943], [30.033246299000155, -20.330302161999953], [30.033721286000116, -20.330297160999976], [30.033991278000087, -20.33029316099993], [30.034262270000113, -20.330291159999945], [30.034533261999968, -20.330222154999888], [30.03473525700008, -20.330157149999934], [30.034937251000088, -20.330091144999983], [30.03514224500003, -20.330024139999864], [30.035412237000173, -20.330020138999885], [30.035479235000025, -20.330020138999885], [30.035615231000065, -20.33001813899989], [30.035752227000046, -20.330016138999895], [30.035954222000157, -20.33001413799991], [30.03615821600016, -20.330012137999915], [30.03636021000017, -20.330009137999866], [30.036496206000038, -20.330009137999866], [30.03656420400017, -20.33000713799987], [30.03663320200019, -20.330070141999954], [30.03676919800006, -20.330195150999884], [30.036906195000142, -20.33032316099991], [30.037043191000066, -20.33051217499991], [30.037181187000158, -20.330640183999947], [30.037249185000064, -20.330703188999905], [30.037249185000064, -20.33083119799994], [30.03725118500006, -20.3308942029999], [30.037253185000054, -20.331086216999893], [30.037253185000054, -20.33121422699992], [30.03711918900018, -20.331472245999862], [30.037121189000175, -20.331662259999973], [30.037055191000036, -20.331727264999927], [30.03691919500011, -20.331794269999932], [30.036852197000087, -20.331859274999886], [30.03665020300008, -20.33198828499991], [30.03658420500011, -20.332053289999976], [30.036515207000093, -20.332053289999976], [30.036517207000088, -20.33211829499993], [30.03644820900007, -20.33211829499993], [30.036313213000085, -20.33218529999988], [30.036246215000062, -20.33224830499995], [30.03617921700004, -20.33231330899997], [30.036044221000054, -20.332379313999866], [30.035842227000046, -20.332446319999974], [30.035571234000088, -20.332513324999923], [30.03516624600013, -20.332709339999894], [30.035031250000145, -20.33271133999989], [30.03489625400016, -20.33271333999994], [30.03476025800012, -20.33271333999994], [30.03448926500016, -20.33271734099992], [30.034421267000027, -20.332719340999915], [30.034218273000135, -20.332784345999983], [30.033948281000164, -20.332788345999973], [30.033879283000147, -20.33285235099993], [30.033812285000124, -20.33285235099993], [30.03367728900014, -20.332919355999934], [30.033543293000037, -20.333177374999877], [30.033410297000046, -20.333369389999973], [30.03327630100017, -20.333564403999958], [30.033278301000166, -20.33369241399987], [30.03320930300015, -20.333757418999937], [30.033211303000144, -20.33381942299991], [30.034896256000025, -20.335654558999977], [30.035235246000184, -20.33552354899996], [30.035643235000066, -20.335710562999964], [30.035779231000163, -20.335836571999835], [30.035983225000166, -20.33589757599998], [30.036118221000095, -20.335895575999928], [30.03618721900017, -20.335895575999928], [30.03645821200007, -20.33589157499995], [30.036662206000074, -20.335889574999953], [30.03679720200006, -20.33588757499996], [30.036933198000156, -20.335950579999917], [30.037068194000142, -20.335948578999933], [30.037272188000145, -20.336009583999953], [30.037680177000027, -20.33613159299989], [30.037816173000124, -20.336259601999927], [30.03788417100003, -20.336322606999886], [30.038022167000065, -20.336448615999927], [30.03809016500003, -20.336511620999886], [30.038159163000046, -20.336639629999922], [30.038228162000166, -20.336701634999827], [30.038231162000045, -20.337213672999894], [30.03823316200004, -20.33740368699989], [30.038235162000035, -20.33759670099988], [30.038170164000178, -20.337852719999944], [30.038174164000168, -20.338172743999962], [30.038174164000168, -20.338300753999874], [30.038174164000168, -20.338365757999952], [30.040082111000174, -20.339364831999887], [30.040356103000136, -20.33961684999997], [30.04056009700014, -20.339807863999965], [30.04083308900016, -20.33993187299984], [30.04178306200015, -20.34004788099992], [30.042056055000103, -20.340171889999965], [30.04246404300011, -20.340358903999913], [30.042533041000127, -20.340358903999913], [30.042737036, -20.340547917999913], [30.042874032000157, -20.340610921999883], [30.04307802600016, -20.34067192699996], [30.043349018000015, -20.340795935999836], [30.043553012000018, -20.340793935999955], [30.043757007000124, -20.34085493999993], [30.04402799900015, -20.340852939999934], [30.044433987, -20.34084693899996], [30.045721950000086, -20.34083193699996], [30.045925945000192, -20.340764931999956], [30.04612793900003, -20.34076293199996], [30.046196937000047, -20.34076293199996], [30.046262935000186, -20.340697926999894], [30.046329933000038, -20.34069592599991], [30.046464929000024, -20.340631921999943], [30.046600925000064, -20.340501911999922], [30.046802919000072, -20.3403719019999], [30.04700491300008, -20.340304896999953], [30.047277906000033, -20.340428905999943], [30.047550898000054, -20.340617919999943], [30.047823890000075, -20.340806933999943], [30.04802788500018, -20.34093294299987], [30.04816488100016, -20.341121956999814], [30.04823387900018, -20.341249965999907], [30.048301877000142, -20.34137497599994], [30.04830387700008, -20.341439979999905], [30.048372875000155, -20.34156798999993], [30.048374875000093, -20.341759003999925], [30.048374875000093, -20.34182400899988], [30.048374875000093, -20.34188701399995], [30.04837987600007, -20.342463056999918], [30.048381876000064, -20.342526060999887], [30.048381876000064, -20.342590065999957], [30.048381876000064, -20.342653070999916], [30.04838387600006, -20.342846084999906], [30.04838387600006, -20.342909089999978], [30.04865686800008, -20.342970093999952], [30.0489298600001, -20.343159107999952], [30.049270851000188, -20.343348121999952], [30.049543843000038, -20.3435351359999], [30.04974783700004, -20.343660144999944], [30.049882834000073, -20.343723148999914], [30.05008882800007, -20.343849158999944], [30.05029182200019, -20.34391016299992], [30.050563814000157, -20.344034171999965], [30.050767809000035, -20.34416018099995], [30.05090580500007, -20.34428619099998], [30.05104280100005, -20.34434919499995], [30.051109799000074, -20.344347194999955], [30.051178797000148, -20.344410199999913], [30.05138279100015, -20.344473203999883], [30.05158678600003, -20.34459721299993], [30.051790780000033, -20.344660217999888], [30.05192577600019, -20.344721221999976], [30.052063772000054, -20.34484723199995], [30.052063772000054, -20.34491223599997], [30.052200768000034, -20.34497524099993], [30.052337764000185, -20.34510124999997], [30.052473761000158, -20.345226258999958], [30.05254375900006, -20.345417273999942], [30.05268175500015, -20.345671291999906], [30.052682755000035, -20.345863306999888], [30.05268475500003, -20.346054320999883], [30.052686755000025, -20.346247334999873], [30.052619757000173, -20.346375344999956], [30.05154878899998, -20.347660440999903], [30.05154878899998, -20.34772544599997], [30.05154878899998, -20.34778845099993], [30.05148179100013, -20.34791845999996], [30.051483791000123, -20.348108473999957], [30.05148579100012, -20.348301488999937], [30.051488791, -20.348557507999942], [30.051488791, -20.348620512999958], [30.051490791000163, -20.348875531999965], [30.051492791000157, -20.34894053599993], [30.05149279200009, -20.34913355099991], [30.051427794, -20.349260559999948], [30.051427794, -20.349388569999974], [30.051361796000094, -20.349516578999896], [30.05136379600009, -20.349646588999917], [30.05129679800001, -20.34983860299991], [30.051298798000175, -20.349901607999982], [30.051298798000175, -20.350029617999894], [30.051231800000153, -20.350094621999972], [30.051233800000148, -20.35035064099992], [30.05110180400004, -20.35060766099997], [30.05110180400004, -20.35080067499996], [30.051103804000036, -20.35092768399994], [30.051103804000036, -20.350990688999957], [30.051107804000026, -20.35137471799993], [30.05110980400019, -20.35143972299994], [30.05110980400019, -20.35156673199998], [30.051178802000038, -20.351629736999882], [30.051315799000065, -20.351820750999877], [30.051452795000046, -20.352009764999877], [30.05145479500004, -20.35213777399997], [30.051523793000058, -20.35226578399994], [30.051658789000044, -20.352327787999968], [30.05179678500008, -20.352453797999942], [30.051864784000145, -20.35257980699987], [30.05200278000018, -20.352642810999953], [30.052137776000166, -20.35276882099987], [30.052274772000146, -20.35289482999991], [30.052343770000164, -20.353022838999948], [30.05241276800018, -20.353085843999907], [30.052480766000087, -20.35314884899998], [30.052480766000087, -20.353212853999935], [30.05254976400016, -20.353211852999948], [30.05261876200018, -20.353274857999907], [30.05268676100019, -20.353401866999945], [30.05275375900004, -20.353401866999945], [30.052822757000058, -20.353464871999904], [30.053028751000056, -20.353653885999847], [30.05323274500006, -20.353779894999946], [30.053436740000166, -20.353903903999935], [30.05364073400017, -20.354029913999966], [30.053709732000186, -20.354092917999935], [30.05377773000015, -20.354155922999894], [30.05391372600019, -20.3541539229999], [30.05405072200017, -20.35421692699998], [30.05432171500013, -20.354277931999945], [30.054660705000117, -20.354273930999966], [30.054931697000143, -20.354334934999883], [30.055135691000146, -20.354330934999894], [30.05520268900017, -20.354330934999894], [30.055339686000025, -20.354393938999976], [30.05547568200012, -20.35439193899998], [30.055746674000147, -20.354387938999935], [30.05601666600012, -20.35444894299991], [30.056221660000176, -20.354445942999916], [30.056425655000112, -20.354508946999886], [30.056493653000075, -20.35450694699989], [30.056560651000098, -20.354569951999963], [30.056697647000078, -20.354632955999932], [30.056833643000118, -20.354757965999966], [30.057039637000116, -20.35488397499995], [30.05731263000007, -20.355007983999883], [30.057582621999984, -20.355133992999924], [30.057788616000153, -20.35525800199997], [30.05792461200008, -20.35532100699993], [30.057992610000156, -20.3553840109999], [30.058061609000106, -20.35544701599997], [30.05826560300011, -20.355508019999945], [30.05860559299998, -20.355632028999935], [30.059555565999972, -20.35568503299993], [30.059825558000114, -20.355746036999847], [30.060030552000057, -20.355743036999968], [30.06016554900009, -20.355741036999973], [30.060436541000172, -20.355739035999875], [30.0605715370001, -20.355672030999926], [30.06063853500018, -20.355607025999973], [30.060705533000032, -20.355542020999906], [30.060772531000055, -20.355477015999952], [30.06084052900019, -20.355477015999952], [30.06084052900019, -20.35541301199993], [30.06090752700004, -20.355350006999856], [30.061178519000066, -20.355281001999913], [30.061380513000074, -20.355213996999964], [30.061718504000055, -20.35514799099991], [30.06178650200019, -20.355209995999815], [30.061924498000053, -20.355273000999944], [30.062194490000024, -20.355333004999977], [30.062465483000153, -20.35539400899995], [30.062603479000188, -20.35545701399991], [30.062669477000156, -20.355455013999915], [30.062738475000174, -20.355455013999915], [30.06280747300019, -20.355518017999884], [30.062875471000154, -20.35558002299996], [30.062944469000172, -20.35564302699993], [30.063011467000024, -20.355706031999887], [30.063079465000158, -20.35576903699996], [30.063148463000175, -20.35583204099993], [30.063148463000175, -20.355897045999882], [30.063219461000187, -20.356025055999908], [30.063287460000026, -20.35615106499995], [30.063287460000026, -20.356216069999903], [30.063289460000192, -20.3564060839999], [30.063289460000192, -20.356471088999967], [30.063291460000187, -20.35659909799989], [30.063224462000164, -20.356727107999916], [30.06322646200016, -20.35691912199991], [30.063228462000154, -20.357110135999903], [30.063228462000154, -20.35717514099997], [30.06257048200007, -20.359164289999967], [30.062503484, -20.359294298999885], [30.062505485000088, -20.359550317999947], [30.062507485000083, -20.359677327999975], [30.062509485000078, -20.35986834199997], [30.062511485000073, -20.36006135599996], [30.062511485000073, -20.36012636099997], [30.062511485000073, -20.360189365999872], [30.06258048300009, -20.360252369999955], [30.062648481, -20.36037937999987], [30.062719479, -20.36050538899991], [30.06278647700009, -20.36056839399987], [30.062788477000083, -20.360696402999906], [30.06285647500016, -20.360761407999973], [30.062994472000128, -20.3608874169999], [30.063129468000113, -20.361013426999932], [30.063266464000094, -20.361139435999974], [30.06333546200011, -20.3612664449999], [30.06340446000013, -20.36132944999997], [30.063472458000092, -20.3614554589999], [30.06354145600011, -20.36151846399997], [30.063610454000127, -20.361583468999925], [30.063678453000136, -20.361709477999966], [30.063747450999983, -20.361772482999925], [30.063884447000135, -20.361898491999966], [30.063953445000152, -20.361962496999922], [30.064088441000138, -20.362024500999837], [30.064157439000155, -20.36208650599997], [30.06429243500014, -20.362149509999938], [30.0645634280001, -20.36214650999989], [30.06483642000012, -20.362207513999977], [30.065107411999975, -20.36226851899994], [30.065311405999978, -20.362329522999914], [30.06544840200013, -20.36239252799993], [30.065788393000105, -20.36245153199991], [30.066738366000095, -20.362502534999862], [30.067144354000106, -20.36262654399991], [30.067485345000193, -20.362750552999955], [30.064548563000187, -20.389748832999942], [30.12385682600012, -20.484211388999938], [30.11960294500011, -20.487305768999875], [30.11553006400004, -20.490701023999975]]]]}}, {"type": "Feature", "properties": {"GID_3": "ZWE.10.13.12_2", "GID_0": "ZWE", "COUNTRY": "Zimbabwe", "GID_1": "ZWE.10_1", "NAME_1": "Midlands", "NL_NAME_1": "NA", "GID_2": "ZWE.10.13_2", "NAME_2": "Zvishavane", "NL_NAME_2": "NA", "NAME_3": "Ward 2", "VARNAME_3": "NA", "NL_NAME_3": "NA", "TYPE_3": "Ward", "ENGTYPE_3": "Ward", "CC_3": "NA", "HASC_3": "NA", "id": "ZWE.10.13.12_2", "name": "Ward 2"}, "geometry": {"type": "MultiPolygon", "coordinates": [[[[30.145150888000046, -20.024083908999955], [30.14445789500013, -20.02417107499997], [30.143223932000126, -20.02616622599993], [30.143223932000126, -20.026217228999883], [30.143175933000123, -20.026217228999883], [30.14317093400018, -20.026269232999937], [30.143116935000023, -20.02632023699988], [30.143116935000023, -20.026372240999933], [30.14306193700014, -20.026423244999876], [30.143008938000094, -20.026473248999935], [30.14296694000018, -20.026513251999972], [30.142657949000068, -20.02804536699989], [30.14259995100008, -20.02832338799982], [30.142968942000152, -20.02961848399997], [30.14402417200006, -20.033325138999942], [30.14319694400018, -20.033015898999963], [30.14309094700019, -20.033015898999963], [30.142455965000067, -20.032783881999933], [30.138606073, -20.03042170799995], [30.13814908600017, -20.030055679999975], [30.136630128000036, -20.028623573999937], [30.136207140000067, -20.028155538999954], [30.133985202000076, -20.02602338099996], [30.131053285, -20.024894297999936], [30.12967632400006, -20.025165319999928], [30.12861635500019, -20.02523332499993], [30.127521386000126, -20.025035310999897], [30.12462646800003, -20.02410624299995], [30.12148455700003, -20.024013237999952], [30.119718607000095, -20.023816224999905], [30.119718607000095, -20.023848226999974], [30.117845661000047, -20.024087245999965], [30.117351675, -20.0240542439999], [30.116823690000103, -20.02388923199993], [30.116645695000045, -20.02375522199992], [30.116188708000152, -20.02322318299997], [30.116010713000094, -20.02285515499989], [30.11601271100011, -20.02125303499986], [30.115730719, -20.020752997999978], [30.115623722000123, -20.020752997999978], [30.115200734000155, -20.021220032999963], [30.114458756000033, -20.021790075999945], [30.114210763000187, -20.021924086999945], [30.113750777000178, -20.022426124999924], [30.112760805000164, -20.023196182999982], [30.112373817000105, -20.023330192999936], [30.111879831000067, -20.02333219399992], [30.11074886300014, -20.02296516699994], [30.110219878000123, -20.02283415699992], [30.109760891000064, -20.022801154999968], [30.109477899000126, -20.022901162999972], [30.109123909000118, -20.023370197999952], [30.10908891100007, -20.02380323099993], [30.108875917000034, -20.02437127299993], [30.106719979, -20.025010322999947], [30.10605099800017, -20.02491131599993], [30.105273020000084, -20.024945318999983], [30.10407105500002, -20.026050401999953], [30.103682067000193, -20.026284419999968], [30.102765093000187, -20.02648643599997], [30.102587098000072, -20.026620445999868], [30.102303108000058, -20.029057627999975], [30.101347136000186, -20.029759681999906], [30.100110172000143, -20.0311317849999], [30.09792023500006, -20.031836838999823], [30.096402279000017, -20.032172865999826], [30.09237539300011, -20.03154782099989], [30.09216439900007, -20.03154782099989], [30.090008461000025, -20.031918850999944], [30.086863551000192, -20.03325995299997], [30.086899550000055, -20.03329295599997], [30.084002633000125, -20.033664984999916], [30.078669785000102, -20.033441971999935], [30.072735955000155, -20.03408602399992], [30.06973404100006, -20.034225035999953], [30.066804124000043, -20.03352898599985], [30.062780238000187, -20.032367901999976], [30.06171926800016, -20.032134884999948], [30.06133227900017, -20.03193486999993], [30.060133312000175, -20.030868790999932], [30.059957317000112, -20.030568768999956], [30.059074342000144, -20.030503764999935], [30.058084371000064, -20.03140583299995], [30.056314423000117, -20.033412983999938], [30.055219455000156, -20.03434905499995], [30.052957521000053, -20.03595517699995], [30.04903463300019, -20.037096264999946], [30.042888809000033, -20.038174348999974], [30.042888809000033, -20.03820835199997], [30.0377659560001, -20.039017415999922], [30.03218511600005, -20.039625464999972], [30.028266227000074, -20.03919843599988], [30.024840325000127, -20.039036425999882], [30.022296398000037, -20.040108507999946], [30.020493451000164, -20.041311598999926], [30.019747473000052, -20.04311673399991], [30.019747473000052, -20.043215741999916], [30.01904049400008, -20.044085806999874], [30.019036496000126, -20.046685001999833], [30.018258519000142, -20.04785408999993], [30.01793752900005, -20.049157187999924], [30.01793752900005, -20.04932319999989], [30.018252521000193, -20.050626297999884], [30.01761554000018, -20.05178938499995], [30.014723621000087, -20.049493214999927], [30.01310066700006, -20.048327128999972], [30.012122694000084, -20.04719504499991], [30.01081073000006, -20.04566093099993], [30.010457740000163, -20.04492687599992], [30.010565735000114, -20.043423762999907], [30.011487707000185, -20.041185594999888], [30.011033718000192, -20.038382385999967], [30.009589757000185, -20.03558017699993], [30.009484760000134, -20.03548116999997], [30.009413762000122, -20.03548116999997], [30.008427789000166, -20.03334600999989], [30.008925773000158, -20.031474869999954], [30.01076671900006, -20.02840163899998], [30.013882626, -20.02349426899991], [30.016711543000042, -20.020753061999983], [30.019681457000104, -20.01837788199998], [30.020707427000104, -20.017040780999935], [30.02081442400015, -20.016973775999816], [30.022229381000102, -20.014368579999825], [30.022336378000148, -20.014101559999915], [30.022091384000134, -20.01266745299995], [30.022021386000176, -20.012499439999885], [30.019515456000136, -20.011167341999965], [30.01637554500013, -20.01010326399995], [30.01637554500013, -20.010071261999883], [30.009879730000137, -20.00874516699986], [30.009879730000137, -20.008778168999925], [30.00472587600018, -20.00768309099982], [29.999889013000086, -20.007255061999842], [29.99933002900002, -20.00635899499997], [29.99927703000003, -20.00635899499997], [29.99895103800003, -20.004580861999898], [29.998792042000048, -20.004186832999892], [29.999200030000054, -20.00289673599991], [30.000392995000084, -20.001155603999905], [30.001132972999983, -20.001077597999938], [30.001418965000028, -20.000344542999983], [30.001143972000136, -19.99920545799995], [30.00264492600013, -19.99507414699997], [30.00331490400015, -19.991636888999892], [30.00359089400007, -19.988321639999924], [30.00359089400007, -19.988258635999955], [30.003655892000097, -19.988258635999955], [30.003787888000033, -19.988136625999914], [30.003851886000177, -19.988136625999914], [30.003851886000177, -19.98807562199994], [30.003981883000165, -19.98807562199994], [30.004046881000022, -19.98801461699992], [30.0041138790001, -19.98801461699992], [30.0041138790001, -19.987953612999945], [30.00417887700013, -19.987953611999956], [30.004243874999986, -19.98789260799998], [30.00430787300013, -19.98789260799998], [30.00430787300013, -19.98777059899993], [30.004372871000044, -19.98777059899993], [30.004378870000096, -19.98672751999993], [30.00444586800012, -19.986666515999957], [30.00444586800012, -19.98654250699991], [30.004510866000146, -19.98654250699991], [30.004511866000087, -19.986358492999955], [30.00477385900018, -19.98605146999995], [30.00483885700004, -19.985868455999935], [30.004969853000034, -19.985744445999956], [30.00529584300017, -19.985254408999822], [30.005297843000164, -19.98513239999994], [30.00536284100002, -19.985071395999967], [30.005427839000106, -19.9848863819999], [30.005559835000156, -19.984703367999884], [30.005559835000156, -19.98458135899989], [30.00569083099998, -19.984457348999968], [30.00569083099998, -19.98439634499988], [30.005755829000066, -19.984335339999973], [30.005755829000066, -19.984274335999885], [30.005951824000192, -19.98409132199987], [30.00595182300009, -19.984028316999968], [30.006018822000044, -19.98396731199989], [30.00601882100011, -19.983906307999916], [30.006148818000156, -19.983784298999865], [30.006213816000184, -19.983784298999865], [30.00634481200018, -19.983661288999883], [30.00634481200018, -19.98360028499991], [30.006606804, -19.98341727099995], [30.006671802000085, -19.98341727099995], [30.006735801000104, -19.983356265999873], [30.006735801000104, -19.983293261999904], [30.006865797000046, -19.9832952619999], [30.006930795000073, -19.98323225699994], [30.00693279500007, -19.98317125199992], [30.00706279100018, -19.983110247999946], [30.00706279100018, -19.983049242999982], [30.007453780000105, -19.982744219999972], [30.007453780000105, -19.9826812149999], [30.00751777800008, -19.982683214999952], [30.00804076300011, -19.982254182999895], [30.00823575700008, -19.982193177999932], [30.008431751000103, -19.982071168999937], [30.008496749000187, -19.982071168999937], [30.00869074400015, -19.981949158999896], [30.008755742000176, -19.981949158999896], [30.008822740000028, -19.981888154999922], [30.009017734, -19.981827149999845], [30.009081733000073, -19.981766145999927], [30.009278727000037, -19.981705140999964], [30.009343725000065, -19.98164313599989], [30.00940872300015, -19.98164313599989], [30.009734714, -19.981399117999956], [30.009799712000074, -19.981399117999956], [30.009928708000075, -19.981277107999972], [30.00993070800007, -19.981216103999827], [30.009995706000097, -19.98115509899992], [30.009995706000097, -19.981031089999874], [30.010060704000182, -19.980970084999967], [30.010060704000182, -19.980909080999822], [30.010127702000034, -19.980848075999916], [30.010127702000034, -19.980724066999983], [30.01019270000006, -19.980663061999962], [30.01019270000006, -19.98060205799993], [30.01025869800003, -19.98054105299991], [30.01025869800003, -19.980480047999947], [30.010323696000057, -19.980419043999973], [30.010323696000057, -19.980358038999952], [30.010455692000164, -19.980234029999906], [30.01052069000019, -19.980234029999906], [30.010649687000125, -19.980112019999865], [30.010714684999982, -19.980112019999865], [30.010779683000067, -19.980051015999948], [30.010911679000117, -19.980051015999948], [30.011105674000135, -19.979929005999907], [30.011429664000104, -19.9799310059999], [30.011561659999984, -19.979870001999927], [30.01169165700003, -19.979870001999927], [30.011756655000056, -19.979808996999907], [30.011885651000057, -19.979808996999907], [30.01195064900014, -19.979747991999943], [30.01201564700017, -19.979747991999943], [30.012211642000125, -19.979563977999817], [30.01253863200003, -19.979380963999972], [30.012602630000174, -19.979258954999978], [30.01273262700016, -19.97919795099989], [30.013646600000015, -19.97852489999991], [30.0137115980001, -19.978400889999932], [30.013907592000123, -19.978217875999974], [30.013907592000123, -19.978156871999943], [30.014365579000128, -19.977727838999954], [30.014430577000155, -19.977727838999954], [30.014495575000183, -19.97766683499998], [30.01495056200008, -19.977668834999974], [30.015275553000095, -19.977731838999944], [30.01566254200003, -19.97803886199995], [30.01566254200003, -19.97809986599998], [30.016114530000152, -19.97853289899996], [30.016373522000038, -19.97871791199998], [30.01669651400016, -19.979146943999865], [30.01669651400016, -19.979209948999937], [30.017405494000172, -19.980009007999968], [30.017405494000172, -19.98007001299993], [30.01772748500008, -19.980440039999905], [30.01772748500008, -19.980501044999983], [30.017985478000014, -19.980810067999982], [30.018372467000177, -19.981485117999966], [30.018370468000114, -19.981609127999945], [30.018435466000142, -19.981670131999977], [30.018431467000084, -19.982530196999903], [30.018366468000124, -19.982530196999903], [30.018365468000013, -19.982652205999898], [30.018300470000156, -19.982714210999973], [30.018300470000156, -19.982837219999908], [30.01823547200013, -19.982899223999823], [30.018233472000134, -19.982960228999957], [30.01816847400005, -19.983021233999978], [30.01816847400005, -19.98308223799995], [30.018103476000192, -19.983143242999915], [30.018103476000192, -19.98320624799993], [30.018038478000165, -19.983204246999833], [30.01803647800017, -19.983267251999962], [30.017777486000057, -19.98351127099994], [30.017775486000062, -19.983572274999972], [30.017449496000097, -19.983940302999883], [30.017449496000097, -19.98400130799996], [30.017384497000137, -19.984062311999935], [30.016598521000105, -19.98528840499995], [30.01659652100011, -19.985349408999866], [30.016532522999967, -19.98541141399994], [30.016532522999967, -19.985534422999876], [30.016465525000115, -19.985657431999925], [30.016459526000062, -19.98700753399993], [30.016524524000147, -19.987068537999903], [30.016522524000152, -19.98719254699995], [30.016780517000086, -19.987684583999965], [30.016780517000086, -19.98780659299996], [30.016844516000106, -19.987869597999918], [30.016842516000168, -19.98799160699997], [30.016907514000025, -19.988052611999876], [30.016907514000025, -19.988113615999964], [30.016972512000052, -19.988176620999923], [30.016972512000052, -19.988237624999897], [30.017037510000137, -19.988298629999974], [30.017035511000017, -19.98835963499988], [30.017230504999986, -19.98866865799988], [30.017357502000095, -19.988790666999932], [30.01774549100014, -19.989406712999937], [30.01774549100014, -19.98946771699991], [30.017874488000075, -19.989591725999958], [30.018002484000192, -19.98989974899996], [30.0183244750001, -19.990452790999882], [30.01845247200015, -19.99057679999993], [30.01845247200015, -19.99069880899998], [30.018582468000034, -19.990822817999856], [30.01890445900011, -19.99137585899996], [30.01890246000005, -19.991497868999943], [30.019290449000096, -19.992052909999927], [30.019484444000057, -19.99217491899998], [30.019806435000135, -19.992605950999973], [30.020388418000095, -19.993160991999957], [30.02038841899997, -19.99322199699992], [30.020775408000134, -19.993468014999962], [30.020775408000134, -19.99353101999992], [30.02122939500009, -19.9938990469999], [30.02213537, -19.99439308299992], [30.02239336200006, -19.994641101999946], [30.02239336200006, -19.99470210599992], [30.02245836100019, -19.99470210599992], [30.022523359000047, -19.994763110999827], [30.022523359000047, -19.99482411499997], [30.022652355000105, -19.99494812499995], [30.022652355000105, -19.995009128999925], [30.022780352000098, -19.99519414299988], [30.022780352000098, -19.995255147999956], [30.022845350000125, -19.99531615199993], [30.023495331, -19.995318151999925], [30.02356033000018, -19.995257146999847], [30.023690326000064, -19.9952591469999], [30.023690326000064, -19.99519614299993], [30.02382132200006, -19.99507413299989], [30.02382132200006, -19.99501312899997], [30.023886320000145, -19.994952123999838], [30.02388832000014, -19.994399082999905], [30.023955318000162, -19.99427707399991], [30.02395531700006, -19.9940920599999], [30.02402231500008, -19.994031054999937], [30.024087313000166, -19.993785036999896], [30.024609298000087, -19.9933580039999], [30.02513228300012, -19.99274495799989], [30.025326277000147, -19.992683952999926], [30.025393275, -19.99255994399988], [30.025719266000067, -19.99237692999992], [30.02630524900019, -19.991888892999953], [30.026436245000184, -19.991703878999942], [30.02656624100007, -19.991642873999922], [30.027024228000073, -19.991030827999907], [30.02715522400007, -19.990969823999933], [30.027220222000096, -19.99084681399995], [30.027350218000038, -19.990785809999977], [30.02754621200006, -19.99053979099989], [30.02813419500012, -19.989988748999963], [30.02839518800016, -19.98980573599988], [30.02852718400004, -19.989622721999922], [30.029048169000077, -19.989254693999953], [30.02911216700005, -19.989132684999902], [30.029374159000042, -19.988949670999943], [30.030158136000182, -19.988214614999947], [30.030743119000192, -19.98784658699998], [30.03080811700005, -19.98784658699998], [30.03087511500007, -19.98778558299989], [30.03106911000009, -19.987787582999886], [30.031134108000117, -19.98772657799998], [30.03288705800003, -19.98773057699998], [30.03373203400014, -19.98797859499996], [30.033795033000104, -19.988163608999912], [30.034054025000046, -19.98828761799996], [30.034314018000146, -19.988348621999933], [30.03457301100019, -19.988533635999886], [30.034703007000076, -19.988533635999886], [30.035348989000056, -19.989088676999813], [30.03541398700014, -19.989088676999813], [30.035476985000173, -19.989273690999937], [30.03547498600011, -19.989826732999973], [30.035409988000026, -19.989887736999947], [30.035409988000026, -19.98994874199991], [30.035343990000115, -19.990009745999885], [30.035343990000115, -19.990070750999962], [30.03527899200003, -19.99013175499988], [30.03527899200003, -19.99019475999995], [30.035213994000173, -19.990255764999915], [30.03521199400018, -19.99031676899989], [30.035017999000047, -19.99049978299996], [30.035017999000047, -19.990560787999925], [30.034951001000024, -19.990560787999925], [30.034951001000024, -19.9906217919999], [30.03488600300011, -19.99068479699997], [30.03488600300011, -19.99074580199988], [30.034690009000087, -19.991051824999886], [30.034688009000092, -19.991236838999896], [30.03455801300015, -19.991482856999937], [30.034424017000106, -19.99191188899988], [30.034360019000133, -19.991972893999957], [30.03434402200014, -19.994859109999936], [30.03440902000017, -19.994920114999957], [30.03440902000017, -19.995105128999967], [30.034472018000088, -19.995229137999843], [30.034472018000088, -19.99541215199997], [30.03460001500008, -19.9956581699999], [30.034598015000086, -19.99602619799998], [30.034663014000046, -19.99608920199995], [30.034663014000046, -19.99621121099983], [30.03472801200013, -19.996333220999873], [30.034726012000135, -19.99670324799996], [30.034854009000128, -19.996886261999975], [30.03498100500019, -19.997195284999975], [30.03498100500019, -19.997439302999908], [30.035044004000156, -19.997563312999944], [30.035044004000156, -19.99787033599995], [30.03510700200019, -19.998055348999912], [30.035105003000126, -19.99848438199996], [30.035170000999983, -19.99854638599993], [30.035168000999988, -19.99879240499996], [30.035232999000073, -19.998853408999935], [30.035230999000078, -19.999099427999965], [30.035295998000038, -19.99916043199994], [30.035295998000038, -19.999345445999893], [30.035360996000065, -19.99940644999998], [30.03535899600007, -19.999530459999903], [30.035488992000182, -19.999530459999903], [30.03555499000015, -19.99922343699984], [30.035751984000115, -19.998916413999837], [30.03575398400011, -19.99879340399997], [30.035818982000137, -19.99873239999988], [30.035884980000105, -19.998425376999876], [30.035949978000133, -19.998425376999876], [30.035949978000133, -19.998240362999923], [30.036014977000093, -19.998240362999923], [30.036016975999985, -19.99799634399983], [30.03608197400007, -19.997935339999913], [30.036083974000064, -19.997750325999903], [30.036148972000092, -19.997750325999903], [30.036148972000092, -19.997628316999908], [30.036212970000065, -19.997628316999908], [30.036279968000088, -19.997443302999898], [30.03771492700008, -19.996343218999982], [30.03771492700008, -19.996281214999954], [30.03778092500005, -19.996220209999933], [30.037845923000077, -19.996220209999933], [30.03797591900019, -19.996096200999887], [30.03797591900019, -19.996035195999923], [30.038040917000046, -19.996035195999923], [30.038040917000046, -19.99597419199995], [30.03823691100007, -19.995791177999877], [30.03830191000003, -19.995791177999877], [30.03862790000005, -19.995484153999882], [30.03869289800008, -19.99548615499998], [30.03869289800008, -19.995423149999908], [30.0387598960001, -19.995423149999908], [30.0387598960001, -19.99536214499983], [30.03921588300011, -19.99505712199982], [30.03940987700014, -19.994996116999914], [30.03986586400015, -19.99475209899998], [30.040060859, -19.99475209899998], [30.040256853000074, -19.99463008899994], [30.040451847000043, -19.99463008899994], [30.040515845000186, -19.994569084999853], [30.04077783800011, -19.994508079999946], [30.041231825000068, -19.99451007999994], [30.041360821000126, -19.994449074999977], [30.04162281400005, -19.99445007499986], [30.041687812000077, -19.99438706999996], [30.04181680800008, -19.994389069999954], [30.041881806000163, -19.99432806599998], [30.042076801000178, -19.99432806599998], [30.042142799000146, -19.994267060999903], [30.042272795000088, -19.994267060999903], [30.042402790999972, -19.99420605599994], [30.042532788000187, -19.99420605599994], [30.042858778000152, -19.994084046999944], [30.04311777099997, -19.99408604699994], [30.043247767000082, -19.994025041999976], [30.04396274700008, -19.994027041999857], [30.044221739000193, -19.99414905099991], [30.04467572700014, -19.994273059999955], [30.044933720000074, -19.994582082999955], [30.045127714000103, -19.994704091999893], [30.045972690000042, -19.994708091999883], [30.045972690000042, -19.994645086999924], [30.04603768800007, -19.994647086999976], [30.04649367500008, -19.99440106799989], [30.046558673000106, -19.994403067999883], [30.046558673000106, -19.99434006399997], [30.046819665000044, -19.99403504099996], [30.046951662000026, -19.993974035999884], [30.04701666000011, -19.993789021999874], [30.04714565600011, -19.993728016999967], [30.047277652, -19.993544002999954], [30.047277652, -19.99348299899998], [30.04747364600007, -19.993297984999913], [30.04747364600007, -19.99323697999995], [30.0475386440001, -19.993175975999975], [30.047670640000035, -19.99280794799995], [30.04786663400006, -19.992500924999945], [30.048782607000078, -19.991459845999884], [30.052572498000075, -19.98944369299994], [30.052637496000102, -19.98944369299994], [30.052639496000097, -19.989382687999978], [30.05270349400007, -19.989382687999978], [30.052898489000142, -19.989260678999926], [30.05296348700017, -19.989260678999926], [30.05296348700017, -19.98919967399985], [30.053028485000027, -19.98919967399985], [30.053094483000166, -19.989137668999945], [30.053159481000023, -19.989137668999945], [30.053224479000107, -19.98907666499997], [30.053289477000135, -19.98907666499997], [30.053419473000076, -19.98895465599992], [30.05459244000002, -19.98846661799996], [30.055046427000036, -19.988344608999967], [30.05537241700017, -19.98816159499995], [30.055501413, -19.98816159499995], [30.055568412000127, -19.98810058999993], [30.055893402000038, -19.98797858099988], [30.056219393000106, -19.987917575999973], [30.056999370000085, -19.98761355299996], [30.05719536500004, -19.98749054299992], [30.057325361000096, -19.98749154299992], [30.057649352, -19.98730852899996], [30.057846346000133, -19.98730852899996], [30.06018627900005, -19.986639477999915], [30.060836260000087, -19.986580472999947], [30.06096625600003, -19.98651946799987], [30.061096253000187, -19.98651946799987], [30.061227249000183, -19.986458462999963], [30.061422243000152, -19.986458462999963], [30.06161623800017, -19.986397458999875], [30.06233221700012, -19.98633745399991], [30.0634381860001, -19.986095434999868], [30.063633180000068, -19.986095434999868], [30.06382717500003, -19.98603442999996], [30.06499614100011, -19.98603842899996], [30.06512613700005, -19.985977424999874], [30.066101110000147, -19.985979423999936], [30.06623010600015, -19.98591841999996], [30.066362102000085, -19.98591841999996], [30.06649209799997, -19.985796409999978], [30.066556097000046, -19.985796409999978], [30.066556096000113, -19.985735405999833], [30.066621095000073, -19.985674400999926], [30.066623094000192, -19.985613396999952], [30.066688093000153, -19.985613396999952], [30.06675309100018, -19.985306372999958], [30.066820089000032, -19.98524536899987], [30.06682408800009, -19.984262294999894], [30.066761089000124, -19.98407728099994], [30.067165076000094, -19.981191064999962], [30.067451064000124, -19.975978673999975], [30.067514062000157, -19.976039677999893], [30.067518062000147, -19.97548663699996], [30.067583060000175, -19.97536462799991], [30.067588059000173, -19.974320548999913], [30.06752406100003, -19.974257544999944], [30.067525060000037, -19.97395052199994], [30.067590058000064, -19.973828512999887], [30.06759605800005, -19.972907442999883], [30.067661056000077, -19.97284643899991], [30.06766305500014, -19.97260041999988], [30.0677280540001, -19.972539415999904], [30.067794051000135, -19.972171387999936], [30.067859050000095, -19.97211038399996], [30.067861048999987, -19.97180235999997], [30.06779605100013, -19.971617346999892], [30.067800050000187, -19.971066304999965], [30.06773505200016, -19.971003300999826], [30.06774105100004, -19.969838212999946], [30.068002044000025, -19.96959219499996], [30.068197038, -19.96959219499996], [30.06826203600008, -19.969531189999884], [30.068327034000106, -19.969531189999884], [30.06839103200008, -19.969470184999977], [30.06845603100004, -19.969470184999977], [30.068523029000062, -19.96940918099989], [30.06884701900003, -19.969348175999926], [30.068912017000116, -19.969287170999962], [30.06936800400007, -19.96910415699989], [30.069498001000113, -19.969105156999888], [30.069561999000086, -19.969043152999916], [30.06969199500014, -19.96904415299997], [30.069823991000078, -19.968920142999934], [30.069952988000182, -19.96892214299993], [30.070082984000067, -19.968861138999955], [30.07021298000018, -19.968861137999966], [30.070408974000088, -19.96873912899997], [30.07047397300005, -19.96873912899997], [30.070538971000076, -19.968678124999883], [30.070603969000103, -19.968678123999894], [30.070668967000188, -19.96861711999992], [30.07079796300019, -19.96861711999992], [30.07086496100004, -19.968556114999956], [30.071059956000113, -19.968556114999956], [30.071188952000114, -19.968495109999935], [30.071383946000083, -19.968495109999935], [30.07157994100004, -19.968373100999884], [30.071774935000178, -19.968373100999884], [30.071774935000178, -19.968312095999977], [30.071839933000092, -19.968312095999977], [30.07190493100012, -19.968251091999946], [30.07268690900014, -19.96794606799989], [30.072880903000055, -19.96794606799989], [30.073010900000043, -19.967885062999926], [30.073205894000182, -19.967887062999978], [30.07340188800009, -19.967826058999947], [30.07431186200006, -19.967706048999958], [30.07463585300013, -19.967583039999965], [30.0748308470001, -19.967583039999965], [30.07496184400003, -19.967522034999888], [30.07515683800017, -19.967522034999888], [30.07528583400017, -19.967461029999924], [30.075415831000157, -19.967461029999924], [30.07548082900007, -19.96740002599995], [30.075610825000126, -19.96740002499996], [30.075741821000122, -19.96733902099993], [30.075871818000167, -19.967341020999925], [30.075936816000024, -19.967278015999966], [30.076066812000136, -19.96728001599996], [30.076392803000033, -19.967158006999966], [30.076521799000034, -19.967158006999966], [30.076651795000146, -19.96709700199989], [30.07678179100003, -19.96709700199989], [30.07684679000016, -19.967035996999925], [30.076975786, -19.967035996999925], [30.0771077820001, -19.96697499299995], [30.07723777800004, -19.96697499299995], [30.077366775000144, -19.966913987999874], [30.077561769000113, -19.966913987999874], [30.077822762000096, -19.966730973999915], [30.078408745, -19.966425950999906], [30.079060726000023, -19.96581290399996], [30.079062725000142, -19.96569089499991], [30.079127724000102, -19.96569089499991], [30.07932171800013, -19.96544487599982], [30.079386715999988, -19.96544487599982], [30.07964970800009, -19.965015843999936], [30.079844703000163, -19.96489383499994], [30.079911701000185, -19.96477182599989], [30.08036768700009, -19.964464801999895], [30.080431686000168, -19.964464801999895], [30.080496684000025, -19.96440379799992], [30.08101766900006, -19.964220783999963], [30.08134165900003, -19.964222783999958], [30.08147165600002, -19.96416177899988], [30.083939585000053, -19.964166777999935], [30.08556453900019, -19.964109771999915], [30.087832475000084, -19.965158849999966], [30.09178636300004, -19.966827971999862], [30.093211323000162, -19.967385012999955], [30.093342319000158, -19.967385012999955], [30.093405318000123, -19.96744601699993], [30.093667310000114, -19.96744601699993], [30.09586824900009, -19.968926126999975], [30.096644227000183, -19.96929615399995], [30.097357207000186, -19.96954417199987], [30.098849164000057, -19.97022322199996], [30.099432148000176, -19.97040823599997], [30.099627142000145, -19.970532244999845], [30.100340122000148, -19.9708412679999], [30.10092410600015, -19.971026280999865], [30.101117100000124, -19.971150289999912], [30.10280505300011, -19.971583321999958], [30.103064045000053, -19.971585321999953], [30.103842023000084, -19.971770334999974], [30.1042960100001, -19.97177233499997], [30.104558003000193, -19.971833338999943], [30.105400979000137, -19.971835338999938], [30.10546497700011, -19.971774333999917], [30.10559697300016, -19.971776333999912], [30.106117958000027, -19.971408305999944], [30.106182956000055, -19.971408305999944], [30.106378950000135, -19.971225292999975], [30.106378950000135, -19.971164287999898], [30.107030931000168, -19.970366227999875], [30.107421920000093, -19.970059203999938], [30.107618914000057, -19.96981518599995], [30.107747910000057, -19.969754180999928], [30.10781490800008, -19.96963017199988], [30.108074901, -19.969508162999944], [30.108531888000073, -19.96908112999995], [30.108791880000126, -19.968896115999826], [30.10898787400015, -19.96865209799995], [30.109508859000186, -19.968283069999927], [30.10951085900018, -19.968222064999907], [30.109640855000123, -19.96810005599997], [30.109641855000177, -19.967732028999876], [30.109706853000034, -19.967669023999974], [30.10970885300003, -19.96736200099997], [30.109773851000114, -19.967300995999892], [30.109773851000114, -19.967239991999918], [30.109905847000164, -19.96705697799996], [30.111204810000118, -19.96693696799997], [30.111865791000184, -19.967121980999934], [30.115825678000135, -19.96762301599989], [30.115825679000068, -19.967685020999966], [30.116409662000137, -19.967747024999937], [30.11647466000005, -19.967808029999958], [30.116668655000183, -19.967808029999958], [30.117057644000113, -19.96793203899989], [30.11712264199997, -19.967995043999963], [30.117187640000054, -19.967995043999963], [30.117252638000082, -19.968056047999937], [30.117317636000166, -19.968056047999937], [30.117382634000023, -19.968117052999958], [30.118095614000026, -19.968365070999937], [30.118160612000054, -19.96842607499991], [30.118225611000014, -19.96842607499991], [30.118806594000034, -19.968797102999872], [30.119131585000048, -19.969105125999874], [30.119131585000048, -19.96916712999996], [30.11926058200015, -19.969228134999923], [30.11932558000018, -19.96935214399997], [30.119842565000056, -19.969783175999964], [30.120164557000066, -19.970151202999944], [30.120489547000147, -19.970336216999954], [30.12133452300003, -19.97033821699995], [30.121463520000134, -19.97027721199987], [30.12178751000016, -19.970279211999866], [30.12230849499997, -19.97009519799991], [30.122438492000185, -19.97009519799991], [30.122570488000065, -19.969973187999926], [30.122634486000038, -19.969973187999926], [30.122699484000123, -19.969912183999952], [30.12282948, -19.969912183999952], [30.12282948, -19.969851178999875], [30.123155471000075, -19.969790173999968], [30.123155471000075, -19.969729169999937], [30.12322046900016, -19.969729169999937], [30.123285467000187, -19.969668164999916], [30.12425944000006, -19.969792173999963], [30.125228413000173, -19.970832250999877], [30.126396380000074, -19.971265282999923], [30.126396380000074, -19.971326286999897], [30.12795433500014, -19.97132928699989], [30.131332239000187, -19.971030261999942], [30.131332239000187, -19.971091266999906], [30.1332141850001, -19.971465293999927], [30.137754057000052, -19.97319541999991], [30.138013050000097, -19.97319541999991], [30.1380080510001, -19.97455352199995], [30.138135047000162, -19.974799539999935], [30.138135047000162, -19.97492154999992], [30.138263044000155, -19.97516756799996], [30.138263044000155, -19.975291576999894], [30.138328042000012, -19.97535258199997], [30.13845603900006, -19.97572060899995], [30.13845603900006, -19.975905622999903], [30.13852103700009, -19.97596662799998], [30.141158966000148, -19.981249021999872], [30.141547955000078, -19.98161904899996], [30.141674951000084, -19.981802062999975], [30.141674951000084, -19.981865067999877], [30.141739950000044, -19.981865067999877], [30.142905917000178, -19.98303415499987], [30.143355905000078, -19.983772209999927], [30.143420903000163, -19.983955222999953], [30.143484901000136, -19.984018227999968], [30.143483901000025, -19.984140236999906], [30.14361289800013, -19.98432525099986], [30.143805893000035, -19.984939296999926], [30.14419088300008, -19.985924369999907], [30.144188883000083, -19.986147386999903], [30.144188883000083, -19.986231392999912], [30.144318879000025, -19.986538415999917], [30.144316880000133, -19.98684543899992], [30.14438187800016, -19.986967448999962], [30.144377878, -19.98745948499993], [30.144181884000147, -19.98794952199995], [30.143464905000087, -19.98837855499994], [30.143269911000118, -19.988439559999904], [30.142619929000148, -19.988806586999942], [30.141901950000147, -19.98911161099994], [30.14138196500005, -19.98947963899991], [30.141184971000087, -19.989786661999915], [30.14105597500003, -19.98984766599989], [30.140988977000177, -19.989969675999873], [30.140337996000085, -19.990459712999836], [30.140012005000187, -19.990766735999898], [30.139945007000165, -19.990888744999893], [30.139816011000107, -19.99094974999997], [30.139619016999973, -19.991318777999936], [30.139423022000017, -19.991562795999982], [30.13935802400016, -19.991747809999936], [30.139226028000053, -19.991869818999874], [30.139095032000057, -19.99217684199988], [30.139095032000057, -19.99236185599983], [30.13903003400003, -19.992483864999883], [30.139024035000148, -19.993465938999975], [30.139217030000054, -19.993896970999913], [30.140702989000147, -19.996112135999965], [30.14128297299999, -19.99685019099985], [30.141604964000067, -19.99752524099995], [30.14179695900009, -19.997834264999938], [30.141989954000167, -19.99832430099997], [30.141989954000167, -19.9984483099999], [30.142119951000154, -19.99869432899993], [30.14211795100016, -19.998816337999926], [30.142182949000016, -19.998877341999957], [30.142182949000016, -19.99906235599991], [30.1422479470001, -19.999123360999818], [30.142245947000106, -19.99930837499994], [30.142453941999975, -19.999780409999914], [30.141899959000057, -20.00179456099994], [30.141899959000057, -20.001866566999865], [30.14182396100017, -20.001975574999904], [30.142367947000082, -20.004042728999877], [30.142449946, -20.00560584599998], [30.142487945000028, -20.005641848999858], [30.142487945000028, -20.005677851999906], [30.142487945000028, -20.00575385699989], [30.142487945000028, -20.005895867999982], [30.142449946, -20.00600587599996], [30.142451946000165, -20.00611488499993], [30.140575002000162, -20.008411057999922], [30.14053500300014, -20.008448060999967], [30.139106045000176, -20.0101811909999], [30.139049046000025, -20.010368204999963], [30.139717028, -20.011629298999935], [30.141938966, -20.012913393999952], [30.142102960999978, -20.01300840099998], [30.14541186800011, -20.014807533999885], [30.146639834000098, -20.015991621999888], [30.146666833000154, -20.016413652999915], [30.146639834000098, -20.016613667999934], [30.146269845000177, -20.01712070699989], [30.144995883000092, -20.018627819999892], [30.144553896, -20.019342873999904], [30.14423090500003, -20.019863912999938], [30.144680894000032, -20.021470032999957], [30.14477089100012, -20.021789056999978], [30.145157882000092, -20.023574190999966], [30.145245879000186, -20.023984220999978], [30.145150888000046, -20.024083908999955]]]]}}, {"type": "Feature", "properties": {"GID_3": "ZWE.10.13.13_2", "GID_0": "ZWE", "COUNTRY": "Zimbabwe", "GID_1": "ZWE.10_1", "NAME_1": "Midlands", "NL_NAME_1": "NA", "GID_2": "ZWE.10.13_2", "NAME_2": "Zvishavane", "NL_NAME_2": "NA", "NAME_3": "Ward 3", "VARNAME_3": "NA", "NL_NAME_3": "NA", "TYPE_3": "Ward", "ENGTYPE_3": "Ward", "CC_3": "NA", "HASC_3": "NA", "id": "ZWE.10.13.13_2", "name": "Ward 3"}, "geometry": {"type": "MultiPolygon", "coordinates": [[[[29.986169380000092, -19.973326527999916], [29.991180234000126, -19.969704252999975], [29.991491226000107, -19.970090281999944], [29.991563224000174, -19.970153285999913], [29.992700192000086, -19.971129358999974], [29.992904187000192, -19.97179340799994], [29.994020157000193, -19.974545613999908], [29.995840107000106, -19.976912789999915], [29.99816104200005, -19.979468979999865], [30.000247985000158, -19.98204617199991], [30.000441979000186, -19.982170180999958], [30.0005069770001, -19.982170180999958], [30.00057197600006, -19.98223118599998], [30.000636974000088, -19.98223118599998], [30.000636974000088, -19.982294190999937], [30.000701972000115, -19.982294190999937], [30.001023963000023, -19.982601212999953], [30.001023963000023, -19.982662217999916], [30.001280956000073, -19.98303224599988], [30.001280956000073, -19.983154254999874], [30.0013459540001, -19.983217258999844], [30.001343954000163, -19.983400272999972], [30.001408953000123, -19.98346327799993], [30.001408953000123, -19.983585286999983], [30.00147395100015, -19.9836462909999], [30.001471951000156, -19.98383130499991], [30.001536949000013, -19.98389230999993], [30.001536949000013, -19.984016318999977], [30.001664946000062, -19.98426033699991], [30.001664946000062, -19.984384346999946], [30.00179294200018, -19.984569359999966], [30.001792943000055, -19.98469136999995], [30.002049935, -19.985061396999924], [30.002371927000183, -19.985737447999895], [30.00249992300013, -19.985922460999916], [30.00256492200009, -19.986107474999983], [30.002692918000037, -19.98622948399992], [30.002692918000037, -19.9863534939999], [30.002884913000173, -19.98672152099988], [30.002884913000173, -19.986845529999925], [30.00294991100003, -19.986906534999832], [30.00294991100003, -19.986967538999977], [30.00301290900012, -19.987028543999884], [30.003140906000112, -19.987459575999935], [30.003398899000103, -19.988073621999945], [30.00339689900011, -19.988197630999878], [30.003460898000128, -19.98831963999993], [30.00359089400007, -19.988321639999924], [30.00331490400015, -19.991636888999892], [30.00264492600013, -19.99507414699997], [30.001143972000136, -19.99920545799995], [30.001418965000028, -20.000344542999983], [30.001132972999983, -20.001077597999938], [30.000392995000084, -20.001155603999905], [29.999200030000054, -20.00289673599991], [29.998792042000048, -20.004186832999892], [29.99895103800003, -20.004580861999898], [29.99927703000003, -20.00635899499997], [29.99933002900002, -20.00635899499997], [29.999889013000086, -20.007255061999842], [30.00472587600018, -20.00768309099982], [30.009879730000137, -20.008778168999925], [30.009879730000137, -20.00874516699986], [30.01637554500013, -20.010071261999883], [30.01637554500013, -20.01010326399995], [30.019515456000136, -20.011167341999965], [30.022021386000176, -20.012499439999885], [30.022091384000134, -20.01266745299995], [30.022336378000148, -20.014101559999915], [30.022229381000102, -20.014368579999825], [30.02081442400015, -20.016973775999816], [30.020707427000104, -20.017040780999935], [30.019681457000104, -20.01837788199998], [30.016711543000042, -20.020753061999983], [30.013882626, -20.02349426899991], [30.01076671900006, -20.02840163899998], [30.008925773000158, -20.031474869999954], [30.008427789000166, -20.03334600999989], [30.009413762000122, -20.03548116999997], [30.009484760000134, -20.03548116999997], [30.009589757000185, -20.03558017699993], [30.011033718000192, -20.038382385999967], [30.011487707000185, -20.041185594999888], [30.010565735000114, -20.043423762999907], [30.010457740000163, -20.04492687599992], [30.01081073000006, -20.04566093099993], [30.012122694000084, -20.04719504499991], [30.01207869500007, -20.047229046999973], [30.009818759000154, -20.047032033999926], [30.00695784100003, -20.046935028999826], [30.005755875000034, -20.04730505699996], [30.004012925999973, -20.048917178999943], [30.004021926, -20.048875175999967], [30.00204398300008, -20.049346211999932], [30.00030303300008, -20.049895254999967], [30.000383031000126, -20.05012427199989], [30.00038503100012, -20.050330286999895], [29.99981104800014, -20.05150337499998], [29.999738050000133, -20.05150337499998], [29.999595054000054, -20.051848400999916], [29.998871075000068, -20.052131422999878], [29.997924102000127, -20.052138423999963], [29.996467144000064, -20.051671389999854], [29.99515718100008, -20.051408370999923], [29.99508618300007, -20.051545381999972], [29.99457719700007, -20.051551381999957], [29.99399321400017, -20.051349367999933], [29.99399321400017, -20.05128036199983], [29.991813276000073, -20.051301364999972], [29.99166828000017, -20.051370370999905], [29.99166828000017, -20.051507380999965], [29.991020299000127, -20.052133427999877], [29.990221322000025, -20.052207433999968], [29.99000132800012, -20.05214042899985], [29.989566341000057, -20.052419450999935], [29.989278349000074, -20.052766476999864], [29.988842362000128, -20.05277047699991], [29.988477372000148, -20.052636467999946], [29.988111382000056, -20.05215743199983], [29.987238407000177, -20.052096427999913], [29.98673242200016, -20.052583464999884], [29.986734422000154, -20.052720474999944], [29.986519428000122, -20.052997495999875], [29.986091442000088, -20.054305593999914], [29.98588044799999, -20.05526866599996], [29.985735452000085, -20.05540867699989], [29.985736453000072, -20.05554568699995], [29.98566245500018, -20.055547686999944], [29.985668455000166, -20.056165733999933], [29.985965447000012, -20.057124804999944], [29.9859714480001, -20.058017871999937], [29.98582645199997, -20.05815688299998], [29.985828452000135, -20.05829389299987], [29.985323467, -20.05877892899997], [29.98510547300009, -20.058848934999958], [29.98474348400009, -20.059196960999884], [29.98460248800012, -20.05967899699982], [29.9845354900001, -20.06050305899987], [29.9846824870001, -20.060846084999923], [29.98475448400012, -20.060845083999936], [29.98482948300017, -20.06105109999993], [29.98497547800008, -20.061119104999875], [29.985124473999974, -20.061598140999877], [29.985126475000072, -20.062079176999816], [29.983970508000084, -20.06298324499994], [29.98361251900002, -20.06367329699998], [29.98361651900018, -20.06429134299998], [29.983909511000093, -20.06463336799993], [29.984640491000164, -20.06517440899995], [29.985077479000097, -20.065308417999915], [29.98558846399999, -20.065647442999932], [29.985590463999984, -20.066059473999815], [29.985738461000096, -20.06654050999998], [29.98574046100009, -20.066815530999918], [29.986932430000024, -20.07085683199989], [29.986936430000185, -20.071476878999874], [29.986723437000023, -20.072027919999982], [29.98621945200017, -20.072786976999907], [29.98607845600003, -20.07354503399995], [29.985862463000046, -20.073890059999883], [29.985721467000076, -20.074372095999877], [29.98564946900018, -20.074372095999877], [29.98471249700009, -20.075618189999943], [29.984640499000193, -20.07562018999994], [29.984640499000193, -20.075757199999828], [29.984567501000186, -20.075757199999828], [29.984426505000044, -20.076377246999982], [29.984434506000127, -20.077613338999925], [29.98436150800012, -20.077613338999925], [29.984150515000124, -20.078303390999906], [29.984151515000065, -20.078647416999956], [29.983869524000056, -20.079885509999883], [29.983654530000024, -20.080232535999926], [29.983507534000125, -20.080232535999926], [29.98336453900015, -20.08044055199997], [29.983509535000053, -20.080506555999932], [29.983511535000048, -20.080781576999982], [29.983368539000082, -20.080989592999856], [29.983881525000072, -20.081466627999873], [29.983881525000072, -20.081603637999933], [29.983808527000065, -20.081603637999933], [29.98323654400008, -20.082914736999896], [29.98294855299997, -20.083329767999942], [29.98186558400016, -20.084506856999894], [29.98179458700008, -20.084714871999893], [29.981722589000185, -20.084714871999893], [29.981722589000185, -20.084851882999942], [29.981577593000054, -20.08499189299988], [29.981578593000165, -20.08512890299994], [29.98150659500004, -20.08512890399993], [29.981516596000063, -20.08643400099993], [29.981588594000186, -20.086502005999876], [29.98159659400011, -20.087670093999975], [29.98138260100012, -20.088291139999853], [29.981310603000168, -20.088291139999853], [29.981310603000168, -20.088429149999968], [29.98123760500016, -20.0884291509999], [29.98095161400005, -20.088982191999833], [29.98087861600004, -20.088982191999833], [29.980663622, -20.08953323299994], [29.980590624, -20.089535233999925], [29.9805926250001, -20.089672243999814], [29.980520627000033, -20.089672243999814], [29.980520627000033, -20.08981025399993], [29.97935866200004, -20.092087424999875], [29.97885567700007, -20.092985492999958], [29.978206696000143, -20.09388456099998], [29.97813469800002, -20.09388456099998], [29.97799170200011, -20.094298591999973], [29.977775708000024, -20.09450660699997], [29.97777570900007, -20.094643617999907], [29.977129728000193, -20.09568069599993], [29.97691173400011, -20.09588871099993], [29.97676873900008, -20.096234736999918], [29.975469777000058, -20.097618841999974], [29.97489179300004, -20.098105877999956], [29.974315810000064, -20.098866935999865], [29.97388082300006, -20.09928296699991], [29.973301840000033, -20.09956298799989], [29.973302840000088, -20.099631993999935], [29.97287985200012, -20.099634993999928], [29.972356867000087, -20.09957098999996], [29.97016992900012, -20.09883393599995], [29.96943894900005, -20.098358900999926], [29.968782968000028, -20.098021875999905], [29.968271982000033, -20.09761384599983], [29.967175013000144, -20.09700480099997], [29.967103015000077, -20.096869790999904], [29.965933048000124, -20.09612373599998], [29.964617084000167, -20.09510466099988], [29.964398090000145, -20.09483063999994], [29.96418109700005, -20.094832640999925], [29.96345011700015, -20.09456562099996], [29.96345011700015, -20.0944966159999], [29.962941132000026, -20.09443161199988], [29.962941132000026, -20.094362605999947], [29.961848163000127, -20.094029581999905], [29.95908424200013, -20.094053585999973], [29.95791927500011, -20.093788566999876], [29.957555285000183, -20.093792566999923], [29.957555285000183, -20.09372356199998], [29.95660831200007, -20.09359455299989], [29.955954330000168, -20.093600553999863], [29.955373347000148, -20.093743564999954], [29.953774393000174, -20.093756566999957], [29.951955445000124, -20.093565553999895], [29.95115346700004, -20.093298534999917], [29.951152467000156, -20.093229529999974], [29.951007471000025, -20.093229529999974], [29.950495486000023, -20.092961509999895], [29.950495486000023, -20.092892504999895], [29.948598539000045, -20.091946434999954], [29.947943558000077, -20.091746420999925], [29.94750557000009, -20.09147540099997], [29.947285576000183, -20.091202379999856], [29.94728057600014, -20.090378318999967], [29.947638564999977, -20.08968826699987], [29.94770956299999, -20.08934224099994], [29.947854558000188, -20.08920523099988], [29.947852558000193, -20.089068219999945], [29.948142550000057, -20.088789198999848], [29.948575537000067, -20.08851117799992], [29.949225518000105, -20.087818125999945], [29.94951551000014, -20.08767711499985], [29.94951551000014, -20.087609109999903], [29.94980550100007, -20.087469099999964], [29.95009349300011, -20.087124073999917], [29.95009349300011, -20.086987062999867], [29.95030848600004, -20.086779047999983], [29.950667476000035, -20.085950984999954], [29.950665476000097, -20.08574496999995], [29.950738473000172, -20.085742969999956], [29.950732473000187, -20.08485090299996], [29.95006849100014, -20.08348280099989], [29.95026348300013, -20.079908533999912], [29.950041489000057, -20.079496502999973], [29.949969491000104, -20.079497502999857], [29.94959950100008, -20.07846942599997], [29.949231511000164, -20.07799339099995], [29.94872052500017, -20.077653365999936], [29.948647527000162, -20.077516355999876], [29.947406562000083, -20.07670329599995], [29.945874605000085, -20.0761652569999], [29.945729609000125, -20.07603024699995], [29.945292622000125, -20.07596524199988], [29.942742694000174, -20.075162183999964], [29.942523700000038, -20.0750271739999], [29.939465787000017, -20.07443513099986], [29.937865832000114, -20.074449133999963], [29.937281849000158, -20.074248118999947], [29.936261877000163, -20.073707078999917], [29.93596788600007, -20.073434058999965], [29.934071939000148, -20.072626999999898], [29.933707949000052, -20.072285973999954], [29.933560953000153, -20.072287974999938], [29.933341960000064, -20.07208395999993], [29.931226019000064, -20.071070884999926], [29.931226019000064, -20.071001879999983], [29.930206048000116, -20.0704598399999], [29.929914056000143, -20.070395835999932], [29.929767060000017, -20.070257824999885], [29.928821087000188, -20.07006181099996], [29.928821087000188, -20.069992805999902], [29.927948111999967, -20.069998806999877], [29.927585122000153, -20.070139817999916], [29.92729513100005, -20.070349833999956], [29.927150135000147, -20.070349833999956], [29.925773175000074, -20.0711188919999], [29.925560181000037, -20.071531922999895], [29.92520719300012, -20.073253051999927], [29.924921201000075, -20.07401010899997], [29.924560212000188, -20.074495145999947], [29.92390623100016, -20.074569151999924], [29.923395245000165, -20.074229126999967], [29.922882259000176, -20.073615080999957], [29.922371273000124, -20.073209050999935], [29.921133309000027, -20.0730810419999], [29.919086366000045, -20.071175900999947], [29.919012368000153, -20.070969885999943], [29.917913398000167, -20.069809799999973], [29.91791139800017, -20.06967278899998], [29.917839400000105, -20.069674789999965], [29.917763402, -20.06905674299992], [29.91718341800015, -20.06919775399996], [29.917110421000075, -20.069405769999946], [29.91703842300018, -20.069405769999946], [29.917040423000117, -20.06981780099983], [29.916969425000104, -20.06988780599994], [29.916975426000192, -20.07091788299988], [29.916618437000068, -20.071882955999968], [29.916546439000115, -20.071882955999968], [29.916546439000115, -20.072020965999968], [29.91640144300004, -20.0721599769999], [29.91618344900013, -20.07222998199984], [29.91611345100017, -20.072367991999954], [29.915382472000033, -20.072098972999925], [29.915382472000033, -20.07202996799998], [29.91479848800003, -20.071692942999903], [29.912088565000033, -20.070753873999934], [29.910486610000135, -20.070492855999817], [29.90990262700018, -20.070152830999916], [29.90961263500003, -20.07015483099991], [29.908300672000053, -20.06982280699998], [29.90771868900015, -20.069759802999897], [29.90771868900015, -20.06969179799995], [29.907573693000074, -20.06969179799995], [29.906843713000058, -20.069147757999872], [29.90625973000016, -20.068810732999964], [29.90618573200004, -20.068672721999917], [29.906040736000136, -20.0686747229999], [29.90552975000014, -20.068403702999888], [29.90552975000014, -20.06833569799994], [29.904546778000167, -20.06799567299987], [29.90436178300007, -20.06793266799997], [29.904176788000086, -20.067770655999823], [29.915085463000025, -20.048472204999825], [29.938443766000148, -20.00773213799988], [29.977131657000086, -20.000592576999964], [29.978128628000093, -19.999059461999934], [29.97870661000013, -19.997649355999897], [29.981987508000145, -19.98555044699998], [29.984581429000116, -19.97925897399989], [29.985868388000085, -19.973544543999935], [29.986169380000092, -19.973326527999916]]]]}}, {"type": "Feature", "properties": {"GID_3": "ZWE.10.13.14_2", "GID_0": "ZWE", "COUNTRY": "Zimbabwe", "GID_1": "ZWE.10_1", "NAME_1": "Midlands", "NL_NAME_1": "NA", "GID_2": "ZWE.10.13_2", "NAME_2": "Zvishavane", "NL_NAME_2": "NA", "NAME_3": "Ward 4", "VARNAME_3": "NA", "NL_NAME_3": "NA", "TYPE_3": "Ward", "ENGTYPE_3": "Ward", "CC_3": "NA", "HASC_3": "NA", "id": "ZWE.10.13.14_2", "name": "Ward 4"}, "geometry": {"type": "MultiPolygon", "coordinates": [[[[30.14402417200006, -20.033325138999942], [30.14413281500009, -20.033365674999914], [30.14439690400019, -20.033479772999954], [30.146902833000127, -20.034877875999882], [30.147396819000164, -20.0349768829999], [30.14782280700001, -20.035174896999877], [30.149798751000105, -20.03580494299996], [30.15008074300016, -20.035937952999973], [30.15099971700016, -20.03653699699987], [30.151316709000128, -20.036837019999894], [30.15138770700014, -20.036970029999907], [30.15445762100012, -20.039400209999883], [30.154528619000132, -20.039400209999883], [30.15481261100018, -20.039633226999968], [30.155306597, -20.039799238999933], [30.155733585000178, -20.04016126599987], [30.156403566000108, -20.040308275999962], [30.156565561000093, -20.040308275999962], [30.156783555000175, -20.04051229099997], [30.15683655400005, -20.04056229499986], [30.15700054900003, -20.040714305999927], [30.157109546000072, -20.040918321999982], [30.15716254500012, -20.041021328999932], [30.157217543, -20.041122336999933], [30.1573265400001, -20.041275347999942], [30.15738053900003, -20.04137835599994], [30.15743553700014, -20.041531366999834], [30.15754453400018, -20.04163237499995], [30.157606533000035, -20.04175038399984], [30.15774252900013, -20.041864391999923], [30.158837498000025, -20.04289646899997], [30.159542479000038, -20.043463510999914], [30.160424454000065, -20.044027551999932], [30.161484424000037, -20.04426056899996], [30.162827386000117, -20.04442458099993], [30.164523337, -20.04445358199996], [30.16501732300003, -20.044418578999966], [30.16565230500015, -20.044050550999884], [30.16579330100012, -20.043882537999934], [30.166006294000056, -20.043816532999926], [30.166359284000123, -20.043581514999914], [30.166819271000065, -20.04357951499992], [30.1671362620001, -20.043846534999886], [30.167488253000045, -20.04447958199995], [30.167771245000154, -20.045481656999925], [30.167805245000125, -20.04591468899997], [30.16798224000013, -20.046715748999873], [30.16805123900008, -20.048084850999942], [30.16822923500007, -20.048851908999893], [30.16969119500004, -20.052493179999885], [30.169691196000144, -20.05261718999992], [30.169747194000138, -20.05282120499993], [30.16980219300018, -20.053025219999938], [30.169855191000124, -20.05317823099989], [30.16985719100012, -20.053330242999948], [30.16996618800016, -20.053483253999843], [30.17002018700009, -20.053636265999955], [30.17012818400002, -20.053790276999905], [30.170237181000118, -20.05394328899996], [30.170401176000098, -20.054145303999974], [30.170617170000185, -20.054349318999982], [30.170706168000095, -20.054462326999953], [30.170838163999974, -20.054586335999886], [30.173558088000163, -20.05664948899988], [30.173874079000086, -20.056949510999914], [30.17408607300007, -20.057082520999927], [30.174582059000045, -20.057281535999948], [30.17620501300007, -20.05777857199996], [30.181325870000023, -20.061204824999948], [30.181325870000023, -20.061271829999896], [30.18517476100004, -20.063533996999922], [30.185386755000025, -20.063531996999927], [30.186376727000038, -20.06393102599992], [30.18701170900016, -20.06413104099994], [30.187682690000145, -20.064428061999934], [30.18930864400005, -20.06475808599987], [30.19022561900016, -20.06525812299992], [30.190368614000192, -20.06529112499993], [30.190402614000163, -20.06535712999994], [30.190685606000102, -20.065523141999847], [30.191356587000143, -20.066456211999935], [30.191673579000053, -20.067291273999956], [30.191673579000053, -20.067892318999952], [30.19160258100004, -20.068192341999975], [30.191354589000127, -20.068693378999967], [30.190931601000102, -20.069363429999953], [30.190576612000143, -20.069798461999824], [30.189763635000133, -20.070433510999976], [30.189058656000157, -20.070736533999877], [30.18877566400016, -20.071003553999958], [30.188173682000127, -20.071705606999956], [30.18714771300006, -20.07471383199993], [30.18691872, -20.075529893999942], [30.18691872, -20.07563290099995], [30.18691872, -20.07578591299989], [30.18692072000016, -20.0759899279999], [30.186920721000092, -20.07629695099996], [30.186921720999976, -20.076601973999914], [30.186921720999976, -20.07675498499998], [30.186868722000156, -20.076908996999975], [30.18681572400004, -20.077012004999972], [30.18681772399998, -20.077113011999927], [30.18670872700011, -20.077317027999925], [30.18665472900011, -20.077472038999872], [30.18654873200012, -20.07762405099993], [30.186536732000036, -20.0776680539999], [30.18649473400012, -20.077830065999933], [30.186387737000018, -20.078035080999825], [30.186281740000084, -20.07829010099988], [30.18617474299998, -20.07854611999994], [30.186082772000134, -20.078774574999898], [30.181802874000027, -20.077661215999967], [30.181686877000118, -20.077579209999953], [30.18127888900011, -20.077497203999883], [30.1773779990001, -20.075965091999876], [30.170681188000174, -20.072622845999945], [30.165469335000125, -20.070349678999946], [30.158505531000174, -20.06708943999996], [30.146773862000032, -20.061283012999922], [30.146044883000172, -20.061808051999947], [30.14388994500007, -20.062500104999913], [30.14016305200016, -20.062729124999862], [30.139287077000063, -20.063170158999924], [30.13604917000015, -20.064222238999946], [30.13313625300009, -20.06439425399998], [30.130458330000124, -20.064371253999923], [30.128274392000037, -20.063963224999895], [30.126090453000074, -20.062454112999944], [30.122482555000033, -20.06127702799995], [30.119688634000056, -20.059878924999907], [30.119161650000137, -20.061148019999962], [30.11843267200004, -20.06225010299994], [30.117820689000098, -20.0626911359999], [30.11697571400009, -20.06346319499994], [30.116567726000085, -20.06412524399991], [30.116304733999982, -20.06497830799998], [30.116245736999986, -20.065941380999902], [30.114845778000074, -20.068171547999953], [30.115192770000192, -20.070427716999916], [30.115072776000034, -20.073811969999895], [30.115057876000037, -20.074699455999962], [30.115011780000145, -20.077445241999953], [30.11693172700012, -20.079312379999976], [30.117309716000193, -20.079587400999912], [30.119695649000164, -20.08093049999985], [30.119811646000073, -20.081206519999967], [30.1198996440001, -20.081893571999956], [30.119869645000165, -20.083078659999956], [30.11978164800007, -20.08340868499988], [30.119577654000068, -20.083821715999875], [30.11916766700017, -20.085088810999935], [30.11890567500018, -20.085721858999875], [30.11841069000019, -20.086602924999966], [30.117710710000154, -20.08751299299996], [30.115901763000124, -20.088724084999967], [30.116075759000125, -20.090073185999927], [30.117353725000044, -20.09389547099994], [30.117465724000112, -20.09744573599994], [30.116184762000046, -20.098742833999893], [30.1162127610001, -20.098934848999875], [30.117696720000083, -20.10047296299996], [30.11827870400009, -20.101985074999845], [30.118307704000188, -20.102288097999974], [30.118160709000165, -20.10358219499983], [30.117809720000025, -20.10484828999995], [30.11783771900008, -20.105397330999892], [30.118738695000047, -20.10757049299997], [30.118474704000107, -20.109113607999973], [30.117044746000147, -20.111177762999887], [30.115587789000074, -20.112363852999977], [30.11363484500015, -20.1131379119999], [30.11319785800015, -20.11437600499994], [30.11278787100008, -20.116194140999824], [30.11024494600008, -20.119171364999943], [30.10794101300013, -20.12096450099989], [30.107737019000126, -20.121239520999836], [30.106368059000033, -20.122011579999935], [30.105668079, -20.12259162399988], [30.105258091, -20.123364681999817], [30.104527114, -20.125841866999963], [30.10406012800013, -20.126501916999928], [30.103739137000105, -20.12675193599995], [30.10059222800004, -20.128106038999874], [30.100564229000156, -20.128188044999945], [30.09782130900004, -20.13075223899989], [30.09636235200003, -20.133449440999982], [30.095923366000136, -20.134771539999917], [30.095835369000042, -20.135349583999982], [30.09594836800005, -20.138376809999897], [30.096238361000132, -20.140495967999982], [30.096354358000042, -20.140714983999885], [30.096352358000104, -20.140880995999964], [30.096758348000094, -20.142750135999904], [30.09667135100011, -20.143135164999876], [30.095566383000175, -20.144591273999936], [30.092923457000154, -20.141930076999927], [30.08794659500012, -20.136096643999963], [30.08183976500004, -20.13069924499996], [30.07262602200018, -20.122872665999978], [30.06821414500007, -20.118805364999957], [30.061334337000176, -20.111707838999962], [30.055406501000164, -20.10523935899988], [30.051418612000134, -20.10177710299996], [30.050464638999983, -20.101278065999963], [30.050394641000082, -20.10117805899995], [30.05032364300007, -20.10117805899995], [30.047958710000046, -20.099646945999893], [30.044961792000095, -20.09571165299991], [30.044891794000137, -20.095545640999944], [30.04259885700003, -20.09257742099993], [30.042387863000158, -20.092144387999895], [30.041967874000136, -20.090075233999926], [30.042038871000102, -20.089640200999895], [30.04302984100019, -20.087635050999836], [30.044450797000138, -20.082526667999957], [30.044668787999967, -20.078553369999895], [30.04375481200003, -20.075721158999954], [30.043048831000135, -20.074353056999882], [30.041671870000187, -20.07358700099985], [30.039093944000058, -20.07379101799995], [30.036940005000076, -20.073294981999936], [30.03327010700019, -20.07026175699997], [30.031581153000047, -20.066591483999957], [30.028580237000085, -20.064926360999948], [30.027945255000134, -20.06482735399993], [30.026885286000095, -20.06533139299995], [30.02501034000005, -20.06670249599989], [30.02363338000015, -20.066704496999876], [30.022503411000173, -20.065870435999955], [30.02183442900008, -20.06473635099985], [30.02183442900008, -20.064602340999954], [30.02116844600016, -20.061867136999922], [30.021563432000107, -20.057458806999875], [30.02071845400019, -20.055123632999937], [30.018216523000035, -20.052089406999983], [30.017722537000054, -20.051923394999903], [30.01761554000018, -20.05178938499995], [30.018252521000193, -20.050626297999884], [30.01793752900005, -20.04932319999989], [30.01793752900005, -20.049157187999924], [30.018258519000142, -20.04785408999993], [30.019036496000126, -20.046685001999833], [30.01904049400008, -20.044085806999874], [30.019747473000052, -20.043215741999916], [30.019747473000052, -20.04311673399991], [30.020493451000164, -20.041311598999926], [30.022296398000037, -20.040108507999946], [30.024840325000127, -20.039036425999882], [30.028266227000074, -20.03919843599988], [30.03218511600005, -20.039625464999972], [30.0377659560001, -20.039017415999922], [30.042888809000033, -20.03820835199997], [30.042888809000033, -20.038174348999974], [30.04903463300019, -20.037096264999946], [30.052957521000053, -20.03595517699995], [30.055219455000156, -20.03434905499995], [30.056314423000117, -20.033412983999938], [30.058084371000064, -20.03140583299995], [30.059074342000144, -20.030503764999935], [30.059957317000112, -20.030568768999956], [30.060133312000175, -20.030868790999932], [30.06133227900017, -20.03193486999993], [30.06171926800016, -20.032134884999948], [30.062780238000187, -20.032367901999976], [30.066804124000043, -20.03352898599985], [30.06973404100006, -20.034225035999953], [30.072735955000155, -20.03408602399992], [30.078669785000102, -20.033441971999935], [30.084002633000125, -20.033664984999916], [30.086899550000055, -20.03329295599997], [30.086863551000192, -20.03325995299997], [30.090008461000025, -20.031918850999944], [30.09216439900007, -20.03154782099989], [30.09237539300011, -20.03154782099989], [30.096402279000017, -20.032172865999826], [30.09792023500006, -20.031836838999823], [30.100110172000143, -20.0311317849999], [30.101347136000186, -20.029759681999906], [30.102303108000058, -20.029057627999975], [30.102587098000072, -20.026620445999868], [30.102765093000187, -20.02648643599997], [30.103682067000193, -20.026284419999968], [30.10407105500002, -20.026050401999953], [30.105273020000084, -20.024945318999983], [30.10605099800017, -20.02491131599993], [30.106719979, -20.025010322999947], [30.108875917000034, -20.02437127299993], [30.10908891100007, -20.02380323099993], [30.109123909000118, -20.023370197999952], [30.109477899000126, -20.022901162999972], [30.109760891000064, -20.022801154999968], [30.110219878000123, -20.02283415699992], [30.11074886300014, -20.02296516699994], [30.111879831000067, -20.02333219399992], [30.112373817000105, -20.023330192999936], [30.112760805000164, -20.023196182999982], [30.113750777000178, -20.022426124999924], [30.114210763000187, -20.021924086999945], [30.114458756000033, -20.021790075999945], [30.115200734000155, -20.021220032999963], [30.115623722000123, -20.020752997999978], [30.115730719, -20.020752997999978], [30.11601271100011, -20.02125303499986], [30.116010713000094, -20.02285515499989], [30.116188708000152, -20.02322318299997], [30.116645695000045, -20.02375522199992], [30.116823690000103, -20.02388923199993], [30.117351675, -20.0240542439999], [30.117845661000047, -20.024087245999965], [30.119718607000095, -20.023848226999974], [30.119718607000095, -20.023816224999905], [30.12148455700003, -20.024013237999952], [30.12462646800003, -20.02410624299995], [30.127521386000126, -20.025035310999897], [30.12861635500019, -20.02523332499993], [30.12967632400006, -20.025165319999928], [30.131053285, -20.024894297999936], [30.133985202000076, -20.02602338099996], [30.136207140000067, -20.028155538999954], [30.136630128000036, -20.028623573999937], [30.13814908600017, -20.030055679999975], [30.138606073, -20.03042170799995], [30.142455965000067, -20.032783881999933], [30.14309094700019, -20.033015898999963], [30.14319694400018, -20.033015898999963], [30.14402417200006, -20.033325138999942]]]]}}, {"type": "Feature", "properties": {"GID_3": "ZWE.10.13.15_2", "GID_0": "ZWE", "COUNTRY": "Zimbabwe", "GID_1": "ZWE.10_1", "NAME_1": "Midlands", "NL_NAME_1": "NA", "GID_2": "ZWE.10.13_2", "NAME_2": "Zvishavane", "NL_NAME_2": "NA", "NAME_3": "Ward 5", "VARNAME_3": "NA", "NL_NAME_3": "NA", "TYPE_3": "Ward", "ENGTYPE_3": "Ward", "CC_3": "NA", "HASC_3": "NA", "id": "ZWE.10.13.15_2", "name": "Ward 5"}, "geometry": {"type": "MultiPolygon", "coordinates": [[[[29.756368214000076, -20.33492069399989], [29.756644319000088, -20.33423543699996], [29.756583208000052, -20.334338650999882], [29.76501195100019, -20.314446163999946], [29.778175552000164, -20.28464093499997], [29.77893652800003, -20.281949733999966], [29.779613507000192, -20.27955755499994], [29.78743025900019, -20.248711250999975], [29.78817923700018, -20.24683611099988], [29.789526195000064, -20.24346585899991], [29.792190116000143, -20.239172536999945], [29.792190116000143, -20.239078529999972], [29.792143099000043, -20.215530772999955], [29.792284095000184, -20.215133743999957], [29.792730081000116, -20.213886649999893], [29.802220794000164, -20.193579127999897], [29.803792745000067, -20.188425741999936], [29.804339728000116, -20.186725614999943], [29.81596337500008, -20.159152547999895], [29.819772260000036, -20.15101393799995], [29.82372747800008, -20.14280331599997], [29.833494847000054, -20.122523798999964], [29.840813625000067, -20.10597755699996], [29.84425152300014, -20.10054914899996], [29.844417518000114, -20.100650155999972], [29.856291182000177, -20.103853387999948], [29.871598748000054, -20.10723062999989], [29.875241645000074, -20.108299706999958], [29.87604662200016, -20.10897975799992], [29.884061395000117, -20.111181916999954], [29.896588040000154, -20.113962115999982], [29.886538342000165, -20.135003695999956], [29.882014478000144, -20.143975368999918], [29.874465705000034, -20.15812443099992], [29.86779190599998, -20.17301654799985], [29.86234807200003, -20.186529560999873], [29.860573126000077, -20.190666870999962], [29.851013416000114, -20.21273452399987], [29.85269736900011, -20.21450065499988], [29.852917363000188, -20.214636664999944], [29.85387833700014, -20.216964837999853], [29.853956336000124, -20.217857903999914], [29.853815341000086, -20.2186839659999], [29.853601347000108, -20.21923500699984], [29.853458352000132, -20.219786047999946], [29.853323357000022, -20.221230155999876], [29.853250359000015, -20.221299160999934], [29.85325235900001, -20.221711191999816], [29.852968368000063, -20.222813274999965], [29.85182240300003, -20.22584650199991], [29.851759406000042, -20.227359613999965], [29.85089943200012, -20.229426768999872], [29.850681438000038, -20.229703789999974], [29.850468445000104, -20.23039184099997], [29.850469445000158, -20.230735866999908], [29.85039744700009, -20.23080587199985], [29.850401448000127, -20.231423917999905], [29.85032845000012, -20.231423918999894], [29.85026245199998, -20.232318984999893], [29.850189455000077, -20.232386989999952], [29.850202456000034, -20.23465515999993], [29.85027745399998, -20.234792169999878], [29.85028145400014, -20.235410215999877], [29.850353452000093, -20.235477220999826], [29.850580447000084, -20.236782317999882], [29.850584447000074, -20.23740036399994], [29.850656445000027, -20.237468368999885], [29.850674447000074, -20.240217573999928], [29.85060344900006, -20.240354583999874], [29.85053845200008, -20.241661681999915], [29.850036467000052, -20.24290177499995], [29.848245524000106, -20.249926299999856], [29.84799053100005, -20.250060309999924], [29.84766454200019, -20.25190244699985], [29.847530546000087, -20.252005454999846], [29.84720255700006, -20.254838665999955], [29.847212557000148, -20.25506568299994], [29.84798853700005, -20.25804890499984], [29.851024453000093, -20.26168817399997], [29.852760405000026, -20.262979268999914], [29.85546532899997, -20.26442737499991], [29.85614031000017, -20.264704395999956], [29.857841262000193, -20.26540244699987], [29.860388190000094, -20.267179576999922], [29.86197614700012, -20.269481747999976], [29.86386309400018, -20.271868923999875], [29.86520805700019, -20.27366205699991], [29.865211057000067, -20.27372606199998], [29.86724500100013, -20.275557196999955], [29.86862896300005, -20.277446336999958], [29.86871496100008, -20.277863367999885], [29.869210947000056, -20.279044454999905], [29.869305946000054, -20.281340625999917], [29.869183950000092, -20.281670650999956], [29.869178953000073, -20.284814884999946], [29.869603943000072, -20.28761909399998], [29.870683913999983, -20.2904263019999], [29.870717913000078, -20.2904263019999], [29.87246286600009, -20.29437459499991], [29.87350783800008, -20.29718280299994], [29.87468080700006, -20.29975999499993], [29.87479980400019, -20.300113020999902], [29.876262764000103, -20.30225817899992], [29.876376761000017, -20.30251219799993], [29.878238709000073, -20.30431833199998], [29.87915568300008, -20.30492937599996], [29.880568643000117, -20.305034382999963], [29.882365592000042, -20.30528740099993], [29.88261358500006, -20.3054704139999], [29.88446753200003, -20.30627247299998], [29.88590749200017, -20.30783658799993], [29.88616448500005, -20.30824661899993], [29.8864184790001, -20.309369701999913], [29.8863914800001, -20.30953371399994], [29.886229485000058, -20.309798733999912], [29.885091520000174, -20.313734027999885], [29.884898527000075, -20.315720175999843], [29.885772503000112, -20.316883261999976], [29.887521454000137, -20.317623315999924], [29.89152634000004, -20.318111348999878], [29.896312204000083, -20.31918042599989], [29.898196151000093, -20.319914478999976], [29.89865813800003, -20.32106256399993], [29.89705418600016, -20.32294170499995], [29.89544823300008, -20.325600903999884], [29.894402265000053, -20.327684059999967], [29.89319730000011, -20.32898415799997], [29.889924393000115, -20.327378039999928], [29.888211442, -20.32751205099993], [29.884896536000042, -20.32712702499998], [29.880730654000104, -20.326059947999966], [29.877343750000193, -20.32477085499994], [29.876134784000158, -20.32459184199996], [29.8735428600001, -20.325863938999817], [29.864212128000077, -20.328635150999958], [29.851358501000163, -20.335080639999887], [29.847015626000143, -20.337197799999842], [29.834128000000135, -20.34367629099995], [29.833030032000067, -20.34534141599994], [29.832866037000088, -20.345509428999833], [29.83218505700006, -20.346508502999882], [29.82907814800012, -20.349449723999896], [29.826089236000087, -20.351902908999932], [29.82229135299997, -20.3630107379999], [29.820723401000123, -20.36744706899998], [29.820588405000137, -20.36749907299992], [29.819781427000123, -20.36557793099996], [29.819724428000143, -20.36535691399996], [29.817086503000098, -20.364743869999927], [29.817088503000093, -20.36478987399994], [29.814767569000082, -20.364927885999975], [29.814254584000025, -20.365152902999966], [29.81068768700004, -20.36672802199996], [29.8101957020001, -20.366945038999972], [29.809012736000057, -20.367081049999967], [29.80901473600005, -20.367127052999933], [29.80748377900011, -20.36709005199998], [29.80687679700003, -20.36707705099991], [29.805161846000146, -20.36696604399998], [29.803849883, -20.36654501399994], [29.801934937000055, -20.365928968999924], [29.801692943999967, -20.365804959999878], [29.79970699900008, -20.363731806999965], [29.799353009000072, -20.363208768999925], [29.797958045000144, -20.35936548399991], [29.79789704700005, -20.359054460999914], [29.796785077000095, -20.357440340999972], [29.794693137000024, -20.356881300999873], [29.79342517300006, -20.356542276999903], [29.792335203000107, -20.355596206999962], [29.791698221, -20.355043166999963], [29.791653222000093, -20.355045166999957], [29.791058239000165, -20.35443412199993], [29.790386256999966, -20.35328403699998], [29.790296259000172, -20.35316202799993], [29.790207262000024, -20.353059019999932], [29.790119264, -20.352937010999938], [29.79009626500016, -20.352897007999843], [29.790073266000093, -20.35285500499998], [29.790029267000136, -20.352815001999886], [29.78898829600007, -20.35186093199991], [29.788923297999986, -20.35182092899987], [29.788856300000134, -20.351799926999945], [29.78876930200005, -20.35176192499989], [29.788464311000155, -20.35170291999998], [29.788156319000052, -20.35166691799992], [29.788025323000056, -20.35164791699998], [29.787872328000105, -20.351648916999977], [29.78767233300016, -20.351711921999936], [29.7876203350001, -20.3517579249999], [29.78739534100015, -20.35179792799994], [29.784981411000103, -20.35222196099994], [29.78464942000005, -20.352234962999944], [29.783634449000033, -20.351826932999927], [29.781681503000073, -20.349394752999956], [29.781628504000025, -20.349262743999873], [29.78107851900012, -20.348662698999874], [29.776953634000108, -20.34416036699986], [29.776789638000082, -20.34392934999994], [29.77166077900017, -20.33675181999996], [29.77021681900004, -20.335151701999905], [29.769888827999978, -20.334895682999957], [29.769436841000186, -20.33454465699998], [29.768400870000164, -20.333743597999955], [29.766325929000175, -20.33382560599989], [29.76603593700014, -20.333800603999975], [29.76590394100009, -20.333802603999857], [29.765818944000046, -20.33380460499984], [29.765795944000104, -20.33382560599989], [29.765774945000032, -20.33382560599989], [29.765612950000047, -20.333854607999967], [29.763967997000123, -20.33413663099998], [29.763619007000045, -20.334142630999906], [29.763314015, -20.334146631999886], [29.76320601900011, -20.33414863199988], [29.763183019000166, -20.33414863199988], [29.763162020000152, -20.33416963399992], [29.7616780620001, -20.334127630999944], [29.761174077000078, -20.334111630999928], [29.760612093000077, -20.334207637999953], [29.759004139000126, -20.334477658999845], [29.756368214000076, -20.33492069399989]]]]}}, {"type": "Feature", "properties": {"GID_3": "ZWE.10.13.16_2", "GID_0": "ZWE", "COUNTRY": "Zimbabwe", "GID_1": "ZWE.10_1", "NAME_1": "Midlands", "NL_NAME_1": "NA", "GID_2": "ZWE.10.13_2", "NAME_2": "Zvishavane", "NL_NAME_2": "NA", "NAME_3": "Ward 6", "VARNAME_3": "NA", "NL_NAME_3": "NA", "TYPE_3": "Ward", "ENGTYPE_3": "Ward", "CC_3": "NA", "HASC_3": "NA", "id": "ZWE.10.13.16_2", "name": "Ward 6"}, "geometry": {"type": "MultiPolygon", "coordinates": [[[[29.84425152300014, -20.10054914899996], [29.84954836600008, -20.092919574999826], [29.857990117000156, -20.082198766999966], [29.873332664000145, -20.06168922199987], [29.87344466000019, -20.061432202999924], [29.889169216000028, -20.067516646999934], [29.90189085700007, -20.071814960999973], [29.904176788000086, -20.067770655999823], [29.90436178300007, -20.06793266799997], [29.904546778000167, -20.06799567299987], [29.90552975000014, -20.06833569799994], [29.90552975000014, -20.068403702999888], [29.906040736000136, -20.0686747229999], [29.90618573200004, -20.068672721999917], [29.90625973000016, -20.068810732999964], [29.906843713000058, -20.069147757999872], [29.907573693000074, -20.06969179799995], [29.90771868900015, -20.06969179799995], [29.90771868900015, -20.069759802999897], [29.908300672000053, -20.06982280699998], [29.90961263500003, -20.07015483099991], [29.90990262700018, -20.070152830999916], [29.910486610000135, -20.070492855999817], [29.912088565000033, -20.070753873999934], [29.91479848800003, -20.071692942999903], [29.915382472000033, -20.07202996799998], [29.915382472000033, -20.072098972999925], [29.91611345100017, -20.072367991999954], [29.91618344900013, -20.07222998199984], [29.91640144300004, -20.0721599769999], [29.916546439000115, -20.072020965999968], [29.916546439000115, -20.071882955999968], [29.916618437000068, -20.071882955999968], [29.916975426000192, -20.07091788299988], [29.916969425000104, -20.06988780599994], [29.917040423000117, -20.06981780099983], [29.91703842300018, -20.069405769999946], [29.917110421000075, -20.069405769999946], [29.91718341800015, -20.06919775399996], [29.917763402, -20.06905674299992], [29.917839400000105, -20.069674789999965], [29.91791139800017, -20.06967278899998], [29.917913398000167, -20.069809799999973], [29.919012368000153, -20.070969885999943], [29.919086366000045, -20.071175900999947], [29.921133309000027, -20.0730810419999], [29.922371273000124, -20.073209050999935], [29.922882259000176, -20.073615080999957], [29.923395245000165, -20.074229126999967], [29.92390623100016, -20.074569151999924], [29.924560212000188, -20.074495145999947], [29.924921201000075, -20.07401010899997], [29.92520719300012, -20.073253051999927], [29.925560181000037, -20.071531922999895], [29.925773175000074, -20.0711188919999], [29.927150135000147, -20.070349833999956], [29.92729513100005, -20.070349833999956], [29.927585122000153, -20.070139817999916], [29.927948111999967, -20.069998806999877], [29.928821087000188, -20.069992805999902], [29.928821087000188, -20.07006181099996], [29.929767060000017, -20.070257824999885], [29.929914056000143, -20.070395835999932], [29.930206048000116, -20.0704598399999], [29.931226019000064, -20.071001879999983], [29.931226019000064, -20.071070884999926], [29.933341960000064, -20.07208395999993], [29.933560953000153, -20.072287974999938], [29.933707949000052, -20.072285973999954], [29.934071939000148, -20.072626999999898], [29.93596788600007, -20.073434058999965], [29.936261877000163, -20.073707078999917], [29.937281849000158, -20.074248118999947], [29.937865832000114, -20.074449133999963], [29.939465787000017, -20.07443513099986], [29.942523700000038, -20.0750271739999], [29.942742694000174, -20.075162183999964], [29.945292622000125, -20.07596524199988], [29.945729609000125, -20.07603024699995], [29.945874605000085, -20.0761652569999], [29.947406562000083, -20.07670329599995], [29.948647527000162, -20.077516355999876], [29.94872052500017, -20.077653365999936], [29.949231511000164, -20.07799339099995], [29.94959950100008, -20.07846942599997], [29.949969491000104, -20.079497502999857], [29.950041489000057, -20.079496502999973], [29.95026348300013, -20.079908533999912], [29.95006849100014, -20.08348280099989], [29.950732473000187, -20.08485090299996], [29.950738473000172, -20.085742969999956], [29.950665476000097, -20.08574496999995], [29.950667476000035, -20.085950984999954], [29.95030848600004, -20.086779047999983], [29.95009349300011, -20.086987062999867], [29.95009349300011, -20.087124073999917], [29.94980550100007, -20.087469099999964], [29.94951551000014, -20.087609109999903], [29.94951551000014, -20.08767711499985], [29.949225518000105, -20.087818125999945], [29.948575537000067, -20.08851117799992], [29.948142550000057, -20.088789198999848], [29.947852558000193, -20.089068219999945], [29.947854558000188, -20.08920523099988], [29.94770956299999, -20.08934224099994], [29.947638564999977, -20.08968826699987], [29.94728057600014, -20.090378318999967], [29.947285576000183, -20.091202379999856], [29.94750557000009, -20.09147540099997], [29.947943558000077, -20.091746420999925], [29.948598539000045, -20.091946434999954], [29.950495486000023, -20.092892504999895], [29.950495486000023, -20.092961509999895], [29.951007471000025, -20.093229529999974], [29.951152467000156, -20.093229529999974], [29.95115346700004, -20.093298534999917], [29.951955445000124, -20.093565553999895], [29.953774393000174, -20.093756566999957], [29.955373347000148, -20.093743564999954], [29.955954330000168, -20.093600553999863], [29.95660831200007, -20.09359455299989], [29.957555285000183, -20.09372356199998], [29.957555285000183, -20.093792566999923], [29.95791927500011, -20.093788566999876], [29.95908424200013, -20.094053585999973], [29.961848163000127, -20.094029581999905], [29.962941132000026, -20.094362605999947], [29.962941132000026, -20.09443161199988], [29.96345011700015, -20.0944966159999], [29.96345011700015, -20.09456562099996], [29.96418109700005, -20.094832640999925], [29.964398090000145, -20.09483063999994], [29.964617084000167, -20.09510466099988], [29.965933048000124, -20.09612373599998], [29.967103015000077, -20.096869790999904], [29.967175013000144, -20.09700480099997], [29.968271982000033, -20.09761384599983], [29.968782968000028, -20.098021875999905], [29.96943894900005, -20.098358900999926], [29.97016992900012, -20.09883393599995], [29.972356867000087, -20.09957098999996], [29.97287985200012, -20.099634993999928], [29.97289285300019, -20.10142112799997], [29.972677859000157, -20.101766153999847], [29.972170874000085, -20.10225218999983], [29.971952880000117, -20.10232319599993], [29.97159489100011, -20.10287623699986], [29.97137889800007, -20.103496283999903], [29.971384898000053, -20.104251339999962], [29.971311900000046, -20.104251339999962], [29.971029909000094, -20.10534642199997], [29.970522924000136, -20.10583245899994], [29.969650949000027, -20.10597747099996], [29.969288959000096, -20.106118480999896], [29.968271988000026, -20.10619548799997], [29.967545009000048, -20.106408503999887], [29.967255018000117, -20.106410503999882], [29.966456041000185, -20.106693525999958], [29.966168049000146, -20.10690054199995], [29.96602505300001, -20.107520587999886], [29.966107052000154, -20.10868867599993], [29.966325046000065, -20.108754679999947], [29.96669303600015, -20.10916471099995], [29.967641009000147, -20.10970475099998], [29.96851798400013, -20.11031779599989], [29.96866298000009, -20.110315795999895], [29.969173966000085, -20.110585814999865], [29.970787921000124, -20.112426951999964], [29.97085991900002, -20.112630966999973], [29.971447903000183, -20.113314017999983], [29.971521901000074, -20.11358903799993], [29.97159489900008, -20.113587037999935], [29.971819893000088, -20.114411099999927], [29.971824894, -20.115303165999933], [29.971683898000094, -20.116129227999977], [29.971397907000153, -20.116680269999904], [29.971399907000148, -20.116886284999964], [29.971183914000108, -20.117369320999956], [29.971185914000102, -20.117646341999887], [29.970972920000065, -20.118197382999938], [29.97061193100012, -20.11875042499986], [29.96930996900005, -20.11965449299987], [29.969236971000043, -20.11979150399992], [29.96793400900009, -20.120697571999926], [29.967936009000027, -20.120835581999813], [29.96786401100013, -20.120835581999813], [29.96779301300012, -20.12124761299998], [29.96764801800009, -20.121455628999968], [29.967580020000185, -20.121868659999848], [29.967292028000145, -20.122351695999953], [29.966859041000134, -20.12283573299993], [29.966643048000094, -20.123387773999923], [29.966428054000062, -20.12366379499997], [29.96651105300009, -20.1251769079999], [29.966584051000098, -20.12517490799985], [29.96665804899999, -20.125449927999966], [29.96673604700004, -20.126272989999904], [29.965949071000125, -20.127929113999983], [29.965735077000033, -20.128618165999967], [29.965590082000176, -20.128826180999965], [29.9655220840001, -20.129375221999908], [29.96530609100006, -20.12985925899983], [29.96501809900019, -20.13020528499993], [29.964947101000178, -20.13047930499988], [29.964802106000036, -20.130618315999925], [29.964371119000134, -20.131515382999964], [29.96416912600006, -20.13371654799994], [29.963736139, -20.13413257899998], [29.962512174999972, -20.136066723999875], [29.961936192000053, -20.136827781999955], [29.960486234000143, -20.137596839999844], [29.960126245000083, -20.138080875999833], [29.959548261000066, -20.13863591799992], [29.958829283000114, -20.139742000999945], [29.958470294000165, -20.14050105799987], [29.95832729800003, -20.141051099999913], [29.958192303000146, -20.142357196999967], [29.9579783100001, -20.143048248999946], [29.95761732000011, -20.143599289999884], [29.95667934800008, -20.144638368999892], [29.95646535500009, -20.14539642499983], [29.95625036100006, -20.14581045599988], [29.955889372000115, -20.14622548799997], [29.95589137200011, -20.146363497999914], [29.955458385000043, -20.147053549999896], [29.95538838700014, -20.147398575999944], [29.955243391000067, -20.14746958099994], [29.955245391, -20.14760659099983], [29.954379417000155, -20.148781679999956], [29.95416342300001, -20.149195710999948], [29.953658438000105, -20.149750752999864], [29.95322545000016, -20.15002977399996], [29.951997487000085, -20.15141387799997], [29.951926489000073, -20.151619892999975], [29.9513485060001, -20.15224393999989], [29.9513485060001, -20.152380950999884], [29.951132512000186, -20.15258896599994], [29.951060514000062, -20.152796981999927], [29.95091551900009, -20.15286598699987], [29.950772523000126, -20.153211012999975], [29.95062752700005, -20.153350022999973], [29.95055652900004, -20.153625043999966], [29.950484531000086, -20.153625043999966], [29.950345536000043, -20.154382100999896], [29.950349536000033, -20.155000146999953], [29.950497532000043, -20.155481182999893], [29.95071752600012, -20.15582220799996], [29.950942521000172, -20.156644268999912], [29.950946521000162, -20.157194309999966], [29.950803525000026, -20.1575393359999], [29.950804525000137, -20.157813356999952], [29.950730528000122, -20.157815356999947], [29.950665530000094, -20.15890843899996], [29.950957522000067, -20.15890443799998], [29.95125151400009, -20.15924646299993], [29.95125151400009, -20.15938347399998], [29.951323512000158, -20.15938347399998], [29.951327512000148, -20.159795503999817], [29.951182516000017, -20.15993451499986], [29.950822527000184, -20.160554560999913], [29.950749529000177, -20.160556561999897], [29.950535535000085, -20.16103959799989], [29.95009954800014, -20.16124961399987], [29.950101548000134, -20.161317618999874], [29.949883554000053, -20.161388623999983], [29.949738559000025, -20.161664644999917], [29.94966656100013, -20.161664644999917], [29.94968756200018, -20.16461986599984], [29.949326573000064, -20.16530991799982], [29.948964584, -20.165519933999974], [29.947800617000098, -20.16552993499988], [29.946999640000172, -20.165330920999963], [29.946999640000172, -20.16526091499992], [29.946343658000046, -20.16519791099995], [29.946343658000046, -20.16512890599995], [29.94510569400012, -20.165140907999955], [29.94467470600017, -20.165693948999888], [29.944239719000166, -20.166040975999977], [29.944024725000133, -20.16652501199991], [29.943736734000026, -20.1670080479999], [29.943665736000185, -20.167351073999953], [29.943745735000164, -20.16831314599989], [29.944409716999985, -20.16975125299996], [29.945071699000096, -20.170775328999923], [29.945143697000162, -20.170775327999934], [29.945882677000043, -20.17207442499995], [29.945885677000092, -20.17276047599995], [29.9459586750001, -20.172829480999894], [29.945889677000082, -20.17337852199995], [29.945023703000174, -20.174416599999972], [29.944298724000134, -20.17490463699994], [29.944228726000063, -20.175042647999874], [29.943721741000104, -20.175391673999968], [29.943577745000084, -20.175665694999907], [29.94328875300016, -20.17587571099989], [29.94285576600015, -20.176428751999822], [29.94242577900019, -20.177531834999968], [29.94228078400016, -20.17767084499991], [29.942210786000032, -20.17794586599996], [29.942137788000082, -20.17794786599984], [29.942137788000082, -20.178084875999957], [29.941849796000042, -20.17836089699989], [29.941632803000118, -20.178431902999932], [29.94083782600012, -20.179194959999904], [29.940549835000013, -20.179678995999893], [29.94055283500012, -20.18029704199995], [29.940772829000025, -20.180502057999945], [29.941069821000042, -20.1814611289999], [29.941216817000168, -20.18152813399996], [29.941218817000163, -20.18200816999996], [29.940930826, -20.182424200999947], [29.94071383200003, -20.182563211999877], [29.940348843000095, -20.183343269999966], [29.93883688800014, -20.18542442599994], [29.938731892000135, -20.186716522999973], [29.93956186900016, -20.188108625999973], [29.94153581400019, -20.19026578599994], [29.942231796000044, -20.192068919999883], [29.942013804000112, -20.194226080999954], [29.940415849000146, -20.19445509899998], [29.937770925000166, -20.194392095999945], [29.93624496900003, -20.194813128999954], [29.935586988000182, -20.19514315399988], [29.93360104400017, -20.194966141999885], [29.933166057000165, -20.194754126999953], [29.932411078000143, -20.194201085999907], [29.931999089000044, -20.194012071999907], [29.931177113000103, -20.19384605999994], [29.926140257000043, -20.193869064999888], [29.924635300000148, -20.193989074999877], [29.92363332800005, -20.194192090999877], [29.922401363000176, -20.19405208099994], [29.92010542800017, -20.192369956999926], [29.919853435, -20.19230895299995], [29.919216453000047, -20.19240095999993], [29.918554472000096, -20.192382958999872], [29.917915490000155, -20.192110939999907], [29.916569527999968, -20.192033934999927], [29.91611154100019, -20.19160890299986], [29.915558556000178, -20.190752839999902], [29.91546255900016, -20.19014979499991], [29.915067569000144, -20.189205724999965], [29.91490357300006, -20.188388663999945], [29.9135576110001, -20.188098642999933], [29.912184650000086, -20.18746559699997], [29.911749662000148, -20.187168574999816], [29.91067569300003, -20.186853551999945], [29.910242705000087, -20.186857552999925], [29.909719720000055, -20.18707656899994], [29.908239763000097, -20.187284585999976], [29.907306790000064, -20.18765861399993], [29.90523384900007, -20.188106648999963], [29.904253876999974, -20.1880726469999], [29.90384388900003, -20.188160653999944], [29.90266292300015, -20.188688693999893], [29.90042398700018, -20.188793703999977], [29.89942201600013, -20.189037722999842], [29.898373046000074, -20.18898271899991], [29.89778206300008, -20.189117729999964], [29.89504514100014, -20.18916173499997], [29.894362160000185, -20.189317746999905], [29.892546213000116, -20.190452832999938], [29.89179523500019, -20.19067384999994], [29.891204252000193, -20.191001874999927], [29.89059127000013, -20.191503912999963], [29.889931289000117, -20.19170192799993], [29.887719352000147, -20.191484912999897], [29.886554385000125, -20.19121389399993], [29.884776435000106, -20.191078884999968], [29.882613498000126, -20.191549921999865], [29.881449530999987, -20.191473916999882], [29.87954458400003, -20.19017482099997], [29.877623638000102, -20.18941676599985], [29.877143652000143, -20.18911974399998], [29.875844689000076, -20.18917274899991], [29.874703721000174, -20.189096743999926], [29.87199379900011, -20.189636785999937], [29.87014885200017, -20.189844802999914], [29.868531899, -20.190244833999884], [29.86522799300002, -20.190465851999875], [29.8649100020001, -20.19059986299993], [29.863064055000052, -20.19082888099996], [29.860573126000077, -20.190666870999962], [29.86234807200003, -20.186529560999873], [29.86779190599998, -20.17301654799985], [29.874465705000034, -20.15812443099992], [29.882014478000144, -20.143975368999918], [29.886538342000165, -20.135003695999956], [29.896588040000154, -20.113962115999982], [29.884061395000117, -20.111181916999954], [29.87604662200016, -20.10897975799992], [29.875241645000074, -20.108299706999958], [29.871598748000054, -20.10723062999989], [29.856291182000177, -20.103853387999948], [29.844417518000114, -20.100650155999972], [29.84425152300014, -20.10054914899996]]]]}}, {"type": "Feature", "properties": {"GID_3": "ZWE.10.13.17_2", "GID_0": "ZWE", "COUNTRY": "Zimbabwe", "GID_1": "ZWE.10_1", "NAME_1": "Midlands", "NL_NAME_1": "NA", "GID_2": "ZWE.10.13_2", "NAME_2": "Zvishavane", "NL_NAME_2": "NA", "NAME_3": "Ward 7", "VARNAME_3": "NA", "NL_NAME_3": "NA", "TYPE_3": "Ward", "ENGTYPE_3": "Ward", "CC_3": "NA", "HASC_3": "NA", "id": "ZWE.10.13.17_2", "name": "Ward 7"}, "geometry": {"type": "MultiPolygon", "coordinates": [[[[30.031029325000077, -20.279939412999965], [30.03088632900011, -20.280093424999848], [30.00606104700006, -20.291370280999956], [30.000017222000167, -20.29474653699998], [29.999679232000062, -20.294273501999896], [29.996257330000105, -20.295366584999954], [29.99608433500009, -20.29548459399996], [29.99539735500008, -20.29616064499993], [29.99536535599998, -20.296234650999907], [29.995220360000076, -20.296196647999977], [29.995029365000164, -20.294489520999946], [29.996025335000184, -20.292704386999958], [29.99586833900014, -20.292541374999928], [29.995321354999987, -20.292255353999906], [29.99275742700013, -20.291544302999966], [29.990724485000158, -20.29067023899995], [29.98980351000006, -20.289329139999893], [29.990358494000134, -20.28840807099982], [29.992075443000033, -20.286706942999956], [29.994661369000085, -20.285897880999983], [29.997299293000083, -20.285537852999937], [29.99845525900014, -20.284703789999924], [29.998790249000137, -20.28418275099989], [29.998758250000094, -20.28345269599987], [29.998674252000058, -20.28286665299987], [29.999109237000084, -20.279786422999848], [29.999683219000133, -20.277907282999877], [30.00034120000015, -20.27726123399998], [30.000402197000085, -20.275882130999946], [29.99712929000009, -20.274609038999927], [29.99554033400011, -20.2736879709999], [29.99593732300019, -20.27319393399989], [29.996765299000117, -20.273020919999965], [29.99884223700019, -20.27006769899998], [29.99879023900013, -20.269564661999823], [29.998802237000064, -20.2677065229999], [29.99777426500009, -20.265978394999934], [29.997310277000054, -20.264871312999958], [29.997293276000164, -20.263073178999946], [29.997089281000115, -20.261787082999945], [29.996698292000133, -20.260988023999914], [29.995512325000163, -20.26044798399994], [29.993776375000095, -20.260237969999935], [29.992777404000094, -20.26055899499994], [29.992090423000036, -20.260529992999977], [29.99128544600012, -20.259831940999845], [29.99115744900007, -20.259612924999942], [29.991132448000087, -20.257645777999983], [29.99094245300006, -20.255936650999956], [29.990160473, -20.253691483999887], [29.989498492000052, -20.252818419999983], [29.989439493000077, -20.252822419999916], [29.987527547000127, -20.251351311999883], [29.985756597000147, -20.250300234999884], [29.9843776350001, -20.2493161619999], [29.983734654000102, -20.24930516199987], [29.981121727000186, -20.24829708799996], [29.981121727000186, -20.248229082999956], [29.980026758000065, -20.247826053999972], [29.9789337900001, -20.247836054999937], [29.978059814000062, -20.24763804099996], [29.97805881400018, -20.24756903599996], [29.97754882900017, -20.24757303699994], [29.977184839000074, -20.247439026999928], [29.975509887000044, -20.247454028999925], [29.974855906000187, -20.24759703999996], [29.97471291000005, -20.247737050999888], [29.97412892700015, -20.247741050999878], [29.97368893900017, -20.247126005999974], [29.973529942000084, -20.24527186799986], [29.973238950000166, -20.245275867999908], [29.973238950000166, -20.245207862999962], [29.972656967000034, -20.24521286399994], [29.971634996000148, -20.24487783999996], [29.971634996000148, -20.24481983499993], [29.971632996000153, -20.244671823999965], [29.971486, -20.2443988039999], [29.971484, -20.24419278899984], [29.97141100200008, -20.24419278899984], [29.971335003000092, -20.243643747999954], [29.971329003000108, -20.242956696999954], [29.97125700500004, -20.242887691999954], [29.971177007000165, -20.241857614999958], [29.970803016000048, -20.24041950799983], [29.970359028000075, -20.23939343199993], [29.969847043000073, -20.239122411999972], [29.969847043000073, -20.23905340699997], [29.96970204700017, -20.239055406999853], [29.96904406500005, -20.238718381999945], [29.968825071000083, -20.23872038199994], [29.968825071000083, -20.238651376999883], [29.968314086000134, -20.238449362999972], [29.967660105000164, -20.238455362999957], [29.966859127000134, -20.238325353999926], [29.96540116900013, -20.238336355999934], [29.963721216000124, -20.23732228199998], [29.96357622, -20.237324281999975], [29.963502222000102, -20.23711826699997], [29.963429224000095, -20.23711826699997], [29.963423224000167, -20.236431214999982], [29.96363921700015, -20.235948178999877], [29.963778213000126, -20.235054111999887], [29.963851211000133, -20.235054111999887], [29.963849211000138, -20.234779091999883], [29.964495191000083, -20.23339798799998], [29.964492191000033, -20.232985957999915], [29.964419193000026, -20.23291795299997], [29.964415193000036, -20.232436916999973], [29.963902207000046, -20.23203088699995], [29.963902207000046, -20.2318908769999], [29.96383020900015, -20.231892876999893], [29.963681213000086, -20.231618855999955], [29.963242225000158, -20.231278830999884], [29.96309522900009, -20.231005810999875], [29.96308222800019, -20.22901266199989], [29.96293123200013, -20.22846562199993], [29.962859234000177, -20.22846562199993], [29.962638240000047, -20.227986585999815], [29.96190126000016, -20.226893504999964], [29.96190126000016, -20.226756494999904], [29.961754264000092, -20.226689489999956], [29.96146127200018, -20.226210453999954], [29.96058129700009, -20.22546339899992], [29.95955532500011, -20.224303313999883], [29.95889734400015, -20.223965288999977], [29.958388358000093, -20.22383427899996], [29.958241362000024, -20.223696268999902], [29.95729338900003, -20.223569259999977], [29.95729338900003, -20.223500254999976], [29.955399443000147, -20.22330924199997], [29.95532744500008, -20.22324223699991], [29.954671464000057, -20.223248237999883], [29.95459846600005, -20.223180232999937], [29.953288503000124, -20.223122229999944], [29.9531415080001, -20.22305622499988], [29.950812574000167, -20.22300822299991], [29.94993759900018, -20.222670197999946], [29.949425613000074, -20.22240117799987], [29.948327644000074, -20.22144810799989], [29.947442668000065, -20.21966997599992], [29.947144676000107, -20.218641899999966], [29.94720967300003, -20.21760982299992], [29.947425666000072, -20.217195790999938], [29.94821864300002, -20.21615871399996], [29.948435637000046, -20.216018702999975], [29.94893962200007, -20.215191640999933], [29.948937621000027, -20.21477960999988], [29.94827564000002, -20.213890543999923], [29.947764654000025, -20.21355251899996], [29.94761965800012, -20.21355251999995], [29.947472662000052, -20.213348503999953], [29.946961677000104, -20.21307748499993], [29.94666968500013, -20.213081484999975], [29.94607870100009, -20.21185539399994], [29.945933705000186, -20.211856393999938], [29.9455657150001, -20.211380358999975], [29.945126727000172, -20.211040333999847], [29.944686740000122, -20.210493292999956], [29.94468273900003, -20.209737236999956], [29.944754737000153, -20.209737236999956], [29.944752737000158, -20.209600226999953], [29.945115726000097, -20.209322205999968], [29.945040728000095, -20.208978179999917], [29.94496872999997, -20.208980179999912], [29.944966729999976, -20.208843169999966], [29.944087755, -20.20795610399989], [29.943288778000067, -20.207964105999963], [29.943288778000067, -20.208032110999966], [29.942851790000134, -20.208036110999956], [29.942195809000168, -20.207767091999926], [29.941462829000102, -20.20729205699996], [29.94088084600014, -20.207161046999943], [29.94036786000015, -20.206615006999982], [29.940070868000078, -20.205723940999974], [29.940060867000057, -20.204281832999925], [29.940779845000066, -20.202969734999897], [29.94092484100014, -20.202899728999967], [29.941428826, -20.202071666999927], [29.941781815000184, -20.200419543999942], [29.941777815000023, -20.200076517999946], [29.94199180800007, -20.199248455999907], [29.94196880600009, -20.195950209999978], [29.942040804000044, -20.195813199999918], [29.942013804000112, -20.194226080999954], [29.942231796000044, -20.192068919999883], [29.94153581400019, -20.19026578599994], [29.93956186900016, -20.188108625999973], [29.938731892000135, -20.186716522999973], [29.93883688800014, -20.18542442599994], [29.940348843000095, -20.183343269999966], [29.94071383200003, -20.182563211999877], [29.940930826, -20.182424200999947], [29.941218817000163, -20.18200816999996], [29.941216817000168, -20.18152813399996], [29.941069821000042, -20.1814611289999], [29.940772829000025, -20.180502057999945], [29.94055283500012, -20.18029704199995], [29.940549835000013, -20.179678995999893], [29.94083782600012, -20.179194959999904], [29.941632803000118, -20.178431902999932], [29.941849796000042, -20.17836089699989], [29.942137788000082, -20.178084875999957], [29.942137788000082, -20.17794786599984], [29.942210786000032, -20.17794586599996], [29.94228078400016, -20.17767084499991], [29.94242577900019, -20.177531834999968], [29.94285576600015, -20.176428751999822], [29.94328875300016, -20.17587571099989], [29.943577745000084, -20.175665694999907], [29.943721741000104, -20.175391673999968], [29.944228726000063, -20.175042647999874], [29.944298724000134, -20.17490463699994], [29.945023703000174, -20.174416599999972], [29.945889677000082, -20.17337852199995], [29.9459586750001, -20.172829480999894], [29.945885677000092, -20.17276047599995], [29.945882677000043, -20.17207442499995], [29.945143697000162, -20.170775327999934], [29.945071699000096, -20.170775328999923], [29.944409716999985, -20.16975125299996], [29.943745735000164, -20.16831314599989], [29.943665736000185, -20.167351073999953], [29.943736734000026, -20.1670080479999], [29.944024725000133, -20.16652501199991], [29.944239719000166, -20.166040975999977], [29.94467470600017, -20.165693948999888], [29.94510569400012, -20.165140907999955], [29.946343658000046, -20.16512890599995], [29.946343658000046, -20.16519791099995], [29.946999640000172, -20.16526091499992], [29.946999640000172, -20.165330920999963], [29.947800617000098, -20.16552993499988], [29.948964584, -20.165519933999974], [29.949326573000064, -20.16530991799982], [29.94968756200018, -20.16461986599984], [29.94966656100013, -20.161664644999917], [29.949738559000025, -20.161664644999917], [29.949883554000053, -20.161388623999983], [29.950101548000134, -20.161317618999874], [29.95009954800014, -20.16124961399987], [29.950535535000085, -20.16103959799989], [29.950749529000177, -20.160556561999897], [29.950822527000184, -20.160554560999913], [29.951182516000017, -20.15993451499986], [29.951327512000148, -20.159795503999817], [29.951323512000158, -20.15938347399998], [29.95125151400009, -20.15938347399998], [29.95125151400009, -20.15924646299993], [29.950957522000067, -20.15890443799998], [29.950665530000094, -20.15890843899996], [29.950730528000122, -20.157815356999947], [29.950804525000137, -20.157813356999952], [29.950803525000026, -20.1575393359999], [29.950946521000162, -20.157194309999966], [29.950942521000172, -20.156644268999912], [29.95071752600012, -20.15582220799996], [29.950497532000043, -20.155481182999893], [29.950349536000033, -20.155000146999953], [29.950345536000043, -20.154382100999896], [29.950484531000086, -20.153625043999966], [29.95055652900004, -20.153625043999966], [29.95062752700005, -20.153350022999973], [29.950772523000126, -20.153211012999975], [29.95091551900009, -20.15286598699987], [29.951060514000062, -20.152796981999927], [29.951132512000186, -20.15258896599994], [29.9513485060001, -20.152380950999884], [29.9513485060001, -20.15224393999989], [29.951926489000073, -20.151619892999975], [29.951997487000085, -20.15141387799997], [29.95322545000016, -20.15002977399996], [29.953658438000105, -20.149750752999864], [29.95416342300001, -20.149195710999948], [29.954379417000155, -20.148781679999956], [29.955245391, -20.14760659099983], [29.955243391000067, -20.14746958099994], [29.95538838700014, -20.147398575999944], [29.955458385000043, -20.147053549999896], [29.95589137200011, -20.146363497999914], [29.955889372000115, -20.14622548799997], [29.95625036100006, -20.14581045599988], [29.95646535500009, -20.14539642499983], [29.95667934800008, -20.144638368999892], [29.95761732000011, -20.143599289999884], [29.9579783100001, -20.143048248999946], [29.958192303000146, -20.142357196999967], [29.95832729800003, -20.141051099999913], [29.958470294000165, -20.14050105799987], [29.958829283000114, -20.139742000999945], [29.959548261000066, -20.13863591799992], [29.960126245000083, -20.138080875999833], [29.960486234000143, -20.137596839999844], [29.961936192000053, -20.136827781999955], [29.962512174999972, -20.136066723999875], [29.963736139, -20.13413257899998], [29.96416912600006, -20.13371654799994], [29.964371119000134, -20.131515382999964], [29.964802106000036, -20.130618315999925], [29.964947101000178, -20.13047930499988], [29.96501809900019, -20.13020528499993], [29.96530609100006, -20.12985925899983], [29.9655220840001, -20.129375221999908], [29.965590082000176, -20.128826180999965], [29.965735077000033, -20.128618165999967], [29.965949071000125, -20.127929113999983], [29.96673604700004, -20.126272989999904], [29.96665804899999, -20.125449927999966], [29.966584051000098, -20.12517490799985], [29.96651105300009, -20.1251769079999], [29.966428054000062, -20.12366379499997], [29.966643048000094, -20.123387773999923], [29.966859041000134, -20.12283573299993], [29.967292028000145, -20.122351695999953], [29.967580020000185, -20.121868659999848], [29.96764801800009, -20.121455628999968], [29.96779301300012, -20.12124761299998], [29.96786401100013, -20.120835581999813], [29.967936009000027, -20.120835581999813], [29.96793400900009, -20.120697571999926], [29.969236971000043, -20.11979150399992], [29.96930996900005, -20.11965449299987], [29.97061193100012, -20.11875042499986], [29.970972920000065, -20.118197382999938], [29.971185914000102, -20.117646341999887], [29.971183914000108, -20.117369320999956], [29.971399907000148, -20.116886284999964], [29.971397907000153, -20.116680269999904], [29.971683898000094, -20.116129227999977], [29.971824894, -20.115303165999933], [29.971819893000088, -20.114411099999927], [29.97159489900008, -20.113587037999935], [29.971521901000074, -20.11358903799993], [29.971447903000183, -20.113314017999983], [29.97085991900002, -20.112630966999973], [29.970787921000124, -20.112426951999964], [29.969173966000085, -20.110585814999865], [29.96866298000009, -20.110315795999895], [29.96851798400013, -20.11031779599989], [29.967641009000147, -20.10970475099998], [29.96669303600015, -20.10916471099995], [29.966325046000065, -20.108754679999947], [29.966107052000154, -20.10868867599993], [29.96602505300001, -20.107520587999886], [29.966168049000146, -20.10690054199995], [29.966456041000185, -20.106693525999958], [29.967255018000117, -20.106410503999882], [29.967545009000048, -20.106408503999887], [29.968271988000026, -20.10619548799997], [29.969288959000096, -20.106118480999896], [29.969650949000027, -20.10597747099996], [29.970522924000136, -20.10583245899994], [29.971029909000094, -20.10534642199997], [29.971311900000046, -20.104251339999962], [29.971384898000053, -20.104251339999962], [29.97137889800007, -20.103496283999903], [29.97159489100011, -20.10287623699986], [29.971952880000117, -20.10232319599993], [29.972170874000085, -20.10225218999983], [29.972677859000157, -20.101766153999847], [29.97289285300019, -20.10142112799997], [29.97287985200012, -20.099634993999928], [29.973302840000088, -20.099631993999935], [29.973301840000033, -20.09956298799989], [29.97388082300006, -20.09928296699991], [29.974315810000064, -20.098866935999865], [29.97489179300004, -20.098105877999956], [29.975469777000058, -20.097618841999974], [29.97676873900008, -20.096234736999918], [29.97691173400011, -20.09588871099993], [29.977129728000193, -20.09568069599993], [29.97777570900007, -20.094643617999907], [29.977775708000024, -20.09450660699997], [29.97799170200011, -20.094298591999973], [29.97813469800002, -20.09388456099998], [29.978206696000143, -20.09388456099998], [29.97885567700007, -20.092985492999958], [29.97935866200004, -20.092087424999875], [29.980520627000033, -20.08981025399993], [29.980520627000033, -20.089672243999814], [29.9805926250001, -20.089672243999814], [29.980590624, -20.089535233999925], [29.980663622, -20.08953323299994], [29.98087861600004, -20.088982191999833], [29.98095161400005, -20.088982191999833], [29.98123760500016, -20.0884291509999], [29.981310603000168, -20.088429149999968], [29.981310603000168, -20.088291139999853], [29.98138260100012, -20.088291139999853], [29.98159659400011, -20.087670093999975], [29.981588594000186, -20.086502005999876], [29.981516596000063, -20.08643400099993], [29.98150659500004, -20.08512890399993], [29.981578593000165, -20.08512890299994], [29.981577593000054, -20.08499189299988], [29.981722589000185, -20.084851882999942], [29.981722589000185, -20.084714871999893], [29.98179458700008, -20.084714871999893], [29.98186558400016, -20.084506856999894], [29.98294855299997, -20.083329767999942], [29.98323654400008, -20.082914736999896], [29.983808527000065, -20.081603637999933], [29.983881525000072, -20.081603637999933], [29.983881525000072, -20.081466627999873], [29.983368539000082, -20.080989592999856], [29.983511535000048, -20.080781576999982], [29.983509535000053, -20.080506555999932], [29.98336453900015, -20.08044055199997], [29.983507534000125, -20.080232535999926], [29.983654530000024, -20.080232535999926], [29.983869524000056, -20.079885509999883], [29.984151515000065, -20.078647416999956], [29.984150515000124, -20.078303390999906], [29.98436150800012, -20.077613338999925], [29.984434506000127, -20.077613338999925], [29.984426505000044, -20.076377246999982], [29.984567501000186, -20.075757199999828], [29.984640499000193, -20.075757199999828], [29.984640499000193, -20.07562018999994], [29.98471249700009, -20.075618189999943], [29.98564946900018, -20.074372095999877], [29.985721467000076, -20.074372095999877], [29.985862463000046, -20.073890059999883], [29.98607845600003, -20.07354503399995], [29.98621945200017, -20.072786976999907], [29.986723437000023, -20.072027919999982], [29.986936430000185, -20.071476878999874], [29.986932430000024, -20.07085683199989], [29.98574046100009, -20.066815530999918], [29.985738461000096, -20.06654050999998], [29.985590463999984, -20.066059473999815], [29.98558846399999, -20.065647442999932], [29.985077479000097, -20.065308417999915], [29.984640491000164, -20.06517440899995], [29.983909511000093, -20.06463336799993], [29.98361651900018, -20.06429134299998], [29.98361251900002, -20.06367329699998], [29.983970508000084, -20.06298324499994], [29.985126475000072, -20.062079176999816], [29.985124473999974, -20.061598140999877], [29.98497547800008, -20.061119104999875], [29.98482948300017, -20.06105109999993], [29.98475448400012, -20.060845083999936], [29.9846824870001, -20.060846084999923], [29.9845354900001, -20.06050305899987], [29.98460248800012, -20.05967899699982], [29.98474348400009, -20.059196960999884], [29.98510547300009, -20.058848934999958], [29.985323467, -20.05877892899997], [29.985828452000135, -20.05829389299987], [29.98582645199997, -20.05815688299998], [29.9859714480001, -20.058017871999937], [29.985965447000012, -20.057124804999944], [29.985668455000166, -20.056165733999933], [29.98566245500018, -20.055547686999944], [29.985736453000072, -20.05554568699995], [29.985735452000085, -20.05540867699989], [29.98588044799999, -20.05526866599996], [29.986091442000088, -20.054305593999914], [29.986519428000122, -20.052997495999875], [29.986734422000154, -20.052720474999944], [29.98673242200016, -20.052583464999884], [29.987238407000177, -20.052096427999913], [29.988111382000056, -20.05215743199983], [29.988477372000148, -20.052636467999946], [29.988842362000128, -20.05277047699991], [29.989278349000074, -20.052766476999864], [29.989566341000057, -20.052419450999935], [29.99000132800012, -20.05214042899985], [29.990221322000025, -20.052207433999968], [29.991020299000127, -20.052133427999877], [29.99166828000017, -20.051507380999965], [29.99166828000017, -20.051370370999905], [29.991813276000073, -20.051301364999972], [29.99399321400017, -20.05128036199983], [29.99399321400017, -20.051349367999933], [29.99457719700007, -20.051551381999957], [29.99508618300007, -20.051545381999972], [29.99515718100008, -20.051408370999923], [29.996467144000064, -20.051671389999854], [29.997924102000127, -20.052138423999963], [29.998871075000068, -20.052131422999878], [29.999595054000054, -20.051848400999916], [29.999738050000133, -20.05150337499998], [29.99981104800014, -20.05150337499998], [30.00038503100012, -20.050330286999895], [30.000383031000126, -20.05012427199989], [30.00030303300008, -20.049895254999967], [30.00204398300008, -20.049346211999932], [30.004021926, -20.048875175999967], [30.004012925999973, -20.048917178999943], [30.003098955000155, -20.052581453999835], [30.003764938000074, -20.05548667099987], [30.004666918999988, -20.064430339999944], [30.004737917, -20.064596351999967], [30.004666918999988, -20.064598351999962], [30.00454892900018, -20.072838968999974], [30.004571933000136, -20.080049507999945], [30.004534934, -20.080115512999896], [30.00449693700017, -20.08231867799998], [30.006819874000087, -20.08695602399996], [30.006562886000097, -20.092865465999978], [30.00824884200017, -20.09890291599993], [30.00919881699997, -20.101571114999956], [30.008412843000144, -20.10571242499998], [30.009253822000176, -20.11041877599996], [30.00878484000009, -20.11616020599996], [30.007290887000067, -20.12203664599997], [30.007325886, -20.12203664599997], [30.007496883000044, -20.125103874999922], [30.008023870000045, -20.12730703999995], [30.009394833000044, -20.13144434799989], [30.009465831000057, -20.131511352999837], [30.00946583200016, -20.131578357999956], [30.0107697950001, -20.132911456999864], [30.01122778299998, -20.13354450399993], [30.011298781, -20.133712515999946], [30.01066180000015, -20.134881603999872], [30.008959850000053, -20.137287784999955], [30.007142909000038, -20.14683649899996], [30.007317904000047, -20.147370538999837], [30.007266906000098, -20.147961582999983], [30.00713491300013, -20.151305832999924], [30.007519903000173, -20.153374987999882], [30.009282854000105, -20.15540813799987], [30.014226715000177, -20.1582733489999], [30.014226715000177, -20.15830735199995], [30.017617619000077, -20.15910340899984], [30.01909957800018, -20.16036950199998], [30.019517569000072, -20.16454181399996], [30.0194805700001, -20.16457581599991], [30.01933357700011, -20.168349097999908], [30.019404575000124, -20.168782129999954], [30.02095553200013, -20.17081728099987], [30.021519517000115, -20.171282315999974], [30.021838508000144, -20.17168334499985], [30.022225497000136, -20.172551409999983], [30.01971157100013, -20.175023595999903], [30.019106590000092, -20.1768237309999], [30.0190005930001, -20.17775880099998], [30.017474640000046, -20.181499080999856], [30.01172581300017, -20.193759], [30.01030485600012, -20.197632289999945], [30.01030485600012, -20.19773229799989], [30.00796292700005, -20.20303869499992], [30.00753593999997, -20.204108774999895], [30.004558028000133, -20.20848410399998], [30.004524029000095, -20.20848410399998], [30.003881050000075, -20.21175534799994], [30.003313068000182, -20.213226457999895], [30.003313068000182, -20.213359467999965], [30.004827026000044, -20.21612767399995], [30.005178018000095, -20.21769779099992], [30.004930025000135, -20.21823183099997], [30.004894026000045, -20.21823183099997], [30.004539037000086, -20.218832875999965], [30.00432704300016, -20.219099895999932], [30.00432704300016, -20.219165900999883], [30.003194076000113, -20.22010297099996], [30.002802089000056, -20.222573155999896], [30.00265809400014, -20.223040190999825], [30.002552096999977, -20.223141197999894], [30.002481099000192, -20.223307210999963], [30.00234010300005, -20.223441220999973], [30.002267105000044, -20.22367523799994], [30.001915116000134, -20.224110270999972], [30.001878117, -20.22431128599993], [30.001701122000043, -20.224644310999963], [30.001699122000048, -20.225045340999884], [30.001770121000163, -20.225278357999912], [30.001876118000098, -20.225379365999913], [30.00222910700012, -20.225344362999977], [30.00258409700018, -20.225211352999963], [30.003433072000178, -20.22454130199992], [30.00385806000014, -20.22450729899998], [30.00435204600018, -20.224841323999897], [30.004352047000054, -20.225009335999857], [30.003891061000104, -20.226144420999958], [30.00399206000003, -20.229109641999912], [30.004839036000135, -20.230044711999938], [30.00603800300013, -20.23094477799998], [30.00621399800019, -20.231244799999843], [30.006249997000054, -20.231444814999975], [30.005966006000108, -20.231879847999892], [30.006707985000162, -20.232312879999938], [30.006989977000046, -20.23254589699991], [30.00684498300012, -20.234949075999907], [30.006911982000076, -20.23678621299996], [30.006200004000107, -20.238722357999904], [30.006054011, -20.242538641999943], [30.007575967000037, -20.241590570999904], [30.007964956000137, -20.24142455799995], [30.00913192200005, -20.24105452999987], [30.009379915000068, -20.241022526999814], [30.009413914000106, -20.24105452999987], [30.011288861000082, -20.241253542999914], [30.015034754000112, -20.24191658999996], [30.015530740000145, -20.24194959199997], [30.015990727000087, -20.242048598999872], [30.01970362100019, -20.24174357399994], [30.019810617000132, -20.241676568999935], [30.021260576000145, -20.241640564999955], [30.021824560000084, -20.242374619999964], [30.021536570000023, -20.244812801999956], [30.01746069000012, -20.24972417099991], [30.016570716000047, -20.24952815699993], [30.014927764000163, -20.25065724199993], [30.013232813000172, -20.252175355999952], [30.012965822000183, -20.253268437999964], [30.01281682700005, -20.255526605999933], [30.01230784300003, -20.257451749999973], [30.011962855000093, -20.259349891999932], [30.011973856000168, -20.260933009999974], [30.010935886000084, -20.26192608399998], [30.01196385800006, -20.263477198999908], [30.012129853000033, -20.263605208999934], [30.013011828000117, -20.263859226999898], [30.01499677200019, -20.26457027899994], [30.016816720000122, -20.265049312999963], [30.020016630000043, -20.26668243299997], [30.02481749500015, -20.268928596999956], [30.02756741900015, -20.272800883999878], [30.030444341000134, -20.27877532699995], [30.030444341000134, -20.278853332999915], [30.031029325000077, -20.279939412999965]]]]}}, {"type": "Feature", "properties": {"GID_3": "ZWE.10.13.18_2", "GID_0": "ZWE", "COUNTRY": "Zimbabwe", "GID_1": "ZWE.10_1", "NAME_1": "Midlands", "NL_NAME_1": "NA", "GID_2": "ZWE.10.13_2", "NAME_2": "Zvishavane", "NL_NAME_2": "NA", "NAME_3": "Ward 8", "VARNAME_3": "NA", "NL_NAME_3": "NA", "TYPE_3": "Ward", "ENGTYPE_3": "Ward", "CC_3": "NA", "HASC_3": "NA", "id": "ZWE.10.13.18_2", "name": "Ward 8"}, "geometry": {"type": "MultiPolygon", "coordinates": [[[[30.081646820000117, -20.198662319999926], [30.081200832000036, -20.19810427899995], [30.080311858000186, -20.198105279999936], [30.079829871000186, -20.197962268999902], [30.07901689400012, -20.197316221999927], [30.07848490900011, -20.197100205999902], [30.078280915000107, -20.197102205999897], [30.077975924000157, -20.197198212999922], [30.07706195000003, -20.19719921399991], [30.07594598100019, -20.196433157999877], [30.073705045, -20.196509164999952], [30.072969066000155, -20.19629514899998], [30.07160010500013, -20.19572110699994], [30.071167117000186, -20.195458087999953], [30.07025514200012, -20.194716032999906], [30.069492164000053, -20.19459802499989], [30.069263171000046, -20.19459802499989], [30.067232229000012, -20.1954160869999], [30.06621525800017, -20.19577811499994], [30.06593526600011, -20.195754112999907], [30.06580927000016, -20.19568310799997], [30.065683273000104, -20.19549009399998], [30.06542928000016, -20.194844045999844], [30.065074290000098, -20.194438015999822], [30.06459230400003, -20.194101990999968], [30.063755327000138, -20.194103991999896], [30.062179373000106, -20.19472903899998], [30.060781413000086, -20.194874050999942], [30.057457507000038, -20.193225929999983], [30.061754382, -20.19050972499997], [30.07187408800013, -20.183563199999924], [30.07601696800009, -20.181135015999928], [30.07787291400018, -20.179455888999826], [30.078532895000137, -20.179070859999854], [30.07972885900017, -20.177414735999946], [30.08295576500018, -20.175274573999957], [30.084277727000142, -20.17376245999992], [30.084990705000166, -20.17229734999995], [30.085324694000178, -20.170090184999935], [30.087336632000188, -20.164236746999848], [30.087769619000028, -20.162845642999855], [30.087769619000028, -20.16272563399997], [30.08596767000006, -20.16251161899993], [30.08380773300013, -20.16337968499988], [30.080203836000123, -20.163721712999973], [30.077334917000144, -20.16348669699994], [30.07365002199998, -20.162317611999924], [30.068855156000097, -20.159017368999912], [30.067867183000146, -20.15743625199991], [30.065280255000175, -20.15489906399995], [30.059778409000046, -20.15066475099991], [30.05526753400011, -20.144747311999936], [30.054485554000053, -20.141682082999978], [30.054184561000113, -20.13961992999998], [30.054107563000173, -20.139379911999924], [30.053196588, -20.138015809999956], [30.050754657000027, -20.136772718999964], [30.047887738000043, -20.135673638999947], [30.044817825000166, -20.134767572999976], [30.043804852999983, -20.13366449099982], [30.043651857000157, -20.13323345899994], [30.04393384800011, -20.131698343999915], [30.044494830000133, -20.129491178999842], [30.044675824000024, -20.12812407699988], [30.043991843000185, -20.127958064999973], [30.04338286000018, -20.12740602399998], [30.043178866000176, -20.12702299499989], [30.043563853000137, -20.12488883599997], [30.044708819, -20.122753674999956], [30.042196891000174, -20.12290068799996], [30.038614994, -20.123816758999908], [30.037877016000095, -20.125183860999982], [30.037211038, -20.128831133999938], [30.035733083000025, -20.133197461999885], [30.032345185000054, -20.14063301899995], [30.031582207000156, -20.141474082999935], [30.03099722500008, -20.141978120999966], [30.02977826, -20.142531162999887], [30.02939727100005, -20.142603168999926], [30.027386327999977, -20.14255816699989], [30.02522939000005, -20.142418156999952], [30.023833429000092, -20.14239515699984], [30.022969454000133, -20.1429241969999], [30.021596495000097, -20.14503535499989], [30.02139050200003, -20.146475462999945], [30.020802520000075, -20.14813158699991], [30.01876957900015, -20.14995472499993], [30.01699163100011, -20.15067777999991], [30.015568671000153, -20.1506077759999], [30.013108741000053, -20.149987730999953], [30.010520814000017, -20.148766640999952], [30.010470815000076, -20.148695635999957], [30.009049855000114, -20.147881575999918], [30.007266906000098, -20.147961582999983], [30.007317904000047, -20.147370538999837], [30.007142909000038, -20.14683649899996], [30.008959850000053, -20.137287784999955], [30.01066180000015, -20.134881603999872], [30.011298781, -20.133712515999946], [30.01122778299998, -20.13354450399993], [30.0107697950001, -20.132911456999864], [30.00946583200016, -20.131578357999956], [30.009465831000057, -20.131511352999837], [30.009394833000044, -20.13144434799989], [30.008023870000045, -20.12730703999995], [30.007496883000044, -20.125103874999922], [30.007325886, -20.12203664599997], [30.007290887000067, -20.12203664599997], [30.00878484000009, -20.11616020599996], [30.009253822000176, -20.11041877599996], [30.008412843000144, -20.10571242499998], [30.00919881699997, -20.101571114999956], [30.00824884200017, -20.09890291599993], [30.006562886000097, -20.092865465999978], [30.006819874000087, -20.08695602399996], [30.00449693700017, -20.08231867799998], [30.004534934, -20.080115512999896], [30.004571933000136, -20.080049507999945], [30.00454892900018, -20.072838968999974], [30.004666918999988, -20.064598351999962], [30.004737917, -20.064596351999967], [30.004666918999988, -20.064430339999944], [30.003764938000074, -20.05548667099987], [30.003098955000155, -20.052581453999835], [30.004012925999973, -20.048917178999943], [30.005755875000034, -20.04730505699996], [30.00695784100003, -20.046935028999826], [30.009818759000154, -20.047032033999926], [30.01207869500007, -20.047229046999973], [30.012122694000084, -20.04719504499991], [30.01310066700006, -20.048327128999972], [30.014723621000087, -20.049493214999927], [30.01761554000018, -20.05178938499995], [30.017722537000054, -20.051923394999903], [30.018216523000035, -20.052089406999983], [30.02071845400019, -20.055123632999937], [30.021563432000107, -20.057458806999875], [30.02116844600016, -20.061867136999922], [30.02183442900008, -20.064602340999954], [30.02183442900008, -20.06473635099985], [30.022503411000173, -20.065870435999955], [30.02363338000015, -20.066704496999876], [30.02501034000005, -20.06670249599989], [30.026885286000095, -20.06533139299995], [30.027945255000134, -20.06482735399993], [30.028580237000085, -20.064926360999948], [30.031581153000047, -20.066591483999957], [30.03327010700019, -20.07026175699997], [30.036940005000076, -20.073294981999936], [30.039093944000058, -20.07379101799995], [30.041671870000187, -20.07358700099985], [30.043048831000135, -20.074353056999882], [30.04375481200003, -20.075721158999954], [30.044668787999967, -20.078553369999895], [30.044450797000138, -20.082526667999957], [30.04302984100019, -20.087635050999836], [30.042038871000102, -20.089640200999895], [30.041967874000136, -20.090075233999926], [30.042387863000158, -20.092144387999895], [30.04259885700003, -20.09257742099993], [30.044891794000137, -20.095545640999944], [30.044961792000095, -20.09571165299991], [30.047958710000046, -20.099646945999893], [30.05032364300007, -20.10117805899995], [30.050394641000082, -20.10117805899995], [30.050464638999983, -20.101278065999963], [30.051418612000134, -20.10177710299996], [30.055406501000164, -20.10523935899988], [30.061334337000176, -20.111707838999962], [30.06821414500007, -20.118805364999957], [30.07262602200018, -20.122872665999978], [30.08183976500004, -20.13069924499996], [30.08794659500012, -20.136096643999963], [30.092923457000154, -20.141930076999927], [30.095566383000175, -20.144591273999936], [30.09775832200006, -20.14679643699992], [30.09775832200006, -20.146862441999872], [30.0994172770001, -20.149697652999976], [30.099486275000118, -20.150097682999956], [30.101674215000116, -20.15349893599995], [30.101815211000087, -20.153565940999954], [30.105029121000086, -20.156093126999963], [30.108595022000145, -20.15875832399996], [30.109055009000144, -20.159223357999906], [30.113611881000054, -20.16275461899994], [30.113681879000126, -20.162887628999954], [30.11657779900014, -20.165653833999954], [30.11675279400015, -20.16592085399992], [30.117387776999976, -20.1673869629999], [30.11735377800011, -20.167688984999927], [30.116323810000154, -20.17116224499989], [30.116392809000104, -20.17276436499992], [30.116956793000043, -20.173598426999945], [30.11787676800003, -20.174464490999924], [30.11886474000005, -20.175129539999887], [30.119783714000107, -20.175929598999915], [30.12267863400018, -20.17953086599988], [30.128362477000167, -20.18592633999998], [30.133518335000076, -20.193159875999925], [30.133552334000115, -20.193260883999926], [30.138252203000036, -20.197692211999936], [30.143020069000045, -20.2014874919999], [30.15015886800012, -20.20524576799994], [30.153340778000143, -20.206637868999906], [30.153340778000143, -20.20660586699995], [30.15559471400013, -20.207553935999954], [30.155814708000037, -20.20766794499997], [30.15596470400004, -20.207842957999958], [30.156344693000108, -20.208167981999964], [30.157156671000166, -20.209768099999906], [30.15712067300018, -20.210035119999873], [30.157013676000133, -20.210302139999953], [30.15584671000005, -20.21220728299994], [30.153368783000076, -20.214651466999953], [30.152413811000088, -20.21541952499996], [30.151493838000135, -20.216056572999946], [30.150715860000048, -20.21679362899988], [30.149369900000067, -20.218731773999934], [30.14919190500018, -20.218832781999936], [30.149121908000154, -20.21929981699998], [30.148590922999972, -20.220169881999936], [30.14851892600018, -20.22043690199996], [30.145864004000032, -20.224181182999814], [30.14582800500017, -20.224280189999945], [30.145616011000072, -20.224114177999866], [30.143356074000053, -20.22138097599992], [30.14180311600012, -20.21878078299983], [30.14105913800006, -20.21891679299989], [30.137311245000035, -20.21875578399988], [30.134624321000103, -20.218227745999968], [30.134590322, -20.218160740999963], [30.13441232700012, -20.218094735999898], [30.132469381000135, -20.216495617999954], [30.132398383000123, -20.21636260799994], [30.130208445000108, -20.215063512999905], [30.130172446000074, -20.21489749999995], [30.129041477000044, -20.21383142199994], [30.128511492000143, -20.21376441699988], [30.127840512000034, -20.213966431999836], [30.127202530000034, -20.214302457999906], [30.126708544000167, -20.214403465999908], [30.126354553999988, -20.21433646099996], [30.126178559000095, -20.214237453999942], [30.125823569000033, -20.21373741699989], [30.125507577000178, -20.212669336999966], [30.125616573000173, -20.210699189999957], [30.12561657200007, -20.20993213299988], [30.125194583000052, -20.208094995999943], [30.12516058300008, -20.206826900999943], [30.125301579, -20.206393868999953], [30.125692567000044, -20.205557805999888], [30.126010557000086, -20.204655738999975], [30.126117554000132, -20.203953685999977], [30.126153552000062, -20.203253633999964], [30.125732562000053, -20.200854454999956], [30.12378861700006, -20.198989317999974], [30.12262364900016, -20.19828926599996], [30.12209366400009, -20.19822426199994], [30.120077722000076, -20.198428277999938], [30.120006724000064, -20.198495282999943], [30.118238775000066, -20.19909932899992], [30.11788578500017, -20.198899314999892], [30.116365828000085, -20.198334272999944], [30.113500910000027, -20.19834027599984], [30.111700961, -20.19747421199986], [30.111700961, -20.197442209999963], [30.11159396400012, -20.197407206999912], [30.108695047000026, -20.19741320999998], [30.105902126000103, -20.197318203999828], [30.105265144000157, -20.197152191999862], [30.104134176, -20.196753162999983], [30.100813269000128, -20.19448899599996], [30.100178287000176, -20.194255979999923], [30.09809234700009, -20.19362693399995], [30.09681938300008, -20.193996961999915], [30.096182401000135, -20.19383094999995], [30.09455744700017, -20.19306589399997], [30.094239456000025, -20.19306589499996], [30.093991463000066, -20.19319990499997], [30.09381546900005, -20.19343392199994], [30.093354482, -20.193801949999965], [30.093283483999983, -20.193801949999965], [30.091301542000167, -20.196343140999886], [30.09080655700012, -20.196343140999886], [30.087447653000027, -20.197350218999816], [30.08472373100011, -20.19748723099997], [30.081646820000117, -20.198662319999926]]]]}}, {"type": "Feature", "properties": {"GID_3": "ZWE.10.13.19_2", "GID_0": "ZWE", "COUNTRY": "Zimbabwe", "GID_1": "ZWE.10_1", "NAME_1": "Midlands", "NL_NAME_1": "NA", "GID_2": "ZWE.10.13_2", "NAME_2": "Zvishavane", "NL_NAME_2": "NA", "NAME_3": "Ward 9", "VARNAME_3": "NA", "NL_NAME_3": "NA", "TYPE_3": "Ward", "ENGTYPE_3": "Ward", "CC_3": "NA", "HASC_3": "NA", "id": "ZWE.10.13.19_2", "name": "Ward 9"}, "geometry": {"type": "MultiPolygon", "coordinates": [[[[30.186082772000134, -20.078774574999898], [30.18606038200005, -20.078828880999936], [30.18601474800016, -20.078954149999845], [30.185962750000158, -20.079053157999965], [30.185907751000116, -20.079160165999838], [30.185851753000122, -20.079261173999953], [30.185798755000178, -20.079312176999963], [30.185800755000173, -20.07941518499996], [30.185747756000126, -20.079620199999965], [30.18569375800007, -20.079824215999963], [30.185640760000126, -20.08002823099997], [30.185586761000025, -20.08018224299991], [30.18553376300008, -20.080335253999976], [30.185479765000082, -20.080489265999915], [30.185426766000035, -20.080590272999927], [30.18537376800009, -20.08064227699998], [30.185317769000164, -20.08064227699998], [30.185758758000134, -20.082423409999933], [30.185758758000134, -20.082473413999878], [30.18581175700018, -20.082473413999878], [30.185813757000176, -20.082677428999887], [30.185867755000174, -20.082780436999883], [30.185922754000046, -20.08298445199989], [30.18592475400004, -20.083188466999957], [30.186033751000082, -20.083392481999965], [30.18608874900019, -20.083596497999906], [30.186197747000108, -20.084005527999977], [30.186252745000047, -20.08415753999998], [30.186305744000094, -20.084258546999877], [30.18630774400009, -20.084411558999932], [30.186254745000042, -20.08451456599994], [30.186254745000042, -20.08456556999988], [30.186200747000044, -20.084668577999878], [30.1861477490001, -20.08476958499989], [30.186094750000052, -20.08492459699994], [30.186094750000052, -20.08502560499994], [30.186040752, -20.08512861199995], [30.186040752, -20.085281121999913], [30.186040752, -20.08543363499996], [30.186042752, -20.085588646999952], [30.186042752, -20.085740657999963], [30.186044752000157, -20.085893669999905], [30.186044752000157, -20.086047680999854], [30.186097751000034, -20.08614868899997], [30.18609975100003, -20.086251695999863], [30.18609975100003, -20.086352703999978], [30.18609975100003, -20.086455711999974], [30.186101751000024, -20.086761734999982], [30.186101751000024, -20.086864741999932], [30.18599475400015, -20.08696774999993], [30.185886758000095, -20.08711976099994], [30.185832759000107, -20.087222768999936], [30.185672764000117, -20.087375780999878], [30.185563767000076, -20.08747878799994], [30.185457770000085, -20.087632799999824], [30.185348774000147, -20.087785811999936], [30.1852417770001, -20.087888818999943], [30.18513478, -20.088040830999944], [30.18508178100018, -20.088195841999948], [30.185027783000123, -20.088348853999832], [30.185029783000118, -20.08870688099995], [30.185029783000118, -20.08891089599996], [30.18502978400005, -20.08906390699991], [30.185085782000044, -20.089318925999976], [30.185140781000086, -20.08952394199997], [30.185249778000127, -20.08972795699998], [30.185304776000066, -20.089931971999874], [30.185413773000107, -20.09013398699983], [30.185521770000094, -20.090389005999953], [30.18568576600012, -20.09059402099996], [30.185794763, -20.090798036999956], [30.18590376000003, -20.091002051999965], [30.186012757000128, -20.09115406299992], [30.18606775500001, -20.091307074999975], [30.186284749000038, -20.091612096999825], [30.186504744000047, -20.09222414299984], [30.186612741000033, -20.092377153999962], [30.18666673900003, -20.09258116899997], [30.186775736000072, -20.09278518499997], [30.18704772900014, -20.09329422299993], [30.187156726000183, -20.09349823799994], [30.187267723000048, -20.093752256999892], [30.187322722000033, -20.094008275999954], [30.187431719000074, -20.09421229099985], [30.187541716000055, -20.09472332899992], [30.18759771400005, -20.095028351999872], [30.18765271300009, -20.095335374999934], [30.18776171000013, -20.095640397999887], [30.18776171000013, -20.095844412999952], [30.187816709000174, -20.096049427999958], [30.187818709000112, -20.09620143999996], [30.187818709000112, -20.09656046599997], [30.187820709000107, -20.096661473999973], [30.187820709000107, -20.09686548899998], [30.18776671100011, -20.097019500999863], [30.187713713000164, -20.09722351599993], [30.18760671600012, -20.09747953499982], [30.187589716000105, -20.097519537999915], [30.18759571600009, -20.09757854299994], [30.18746813900009, -20.09800203499998], [30.18745472100005, -20.098046577999924], [30.18706473200018, -20.098480609999967], [30.18635775300004, -20.099083655999948], [30.18603876200001, -20.099251668999898], [30.18596876400011, -20.099251668999898], [30.185897766000096, -20.099318673999846], [30.185262784000145, -20.09945368399991], [30.183353839000176, -20.099323675999926], [30.180066932000102, -20.09893164899995], [30.17982093900008, -20.09886664399994], [30.177877995000074, -20.099270674999957], [30.177206013999978, -20.099873720999938], [30.177143016000116, -20.099909723999815], [30.176747028000023, -20.100140740999905], [30.17611004700018, -20.10117781899993], [30.176073048000035, -20.101378833999945], [30.176039049000167, -20.101378833999945], [30.175896055000067, -20.103778013999943], [30.17515207700012, -20.104816091999965], [30.173775117000105, -20.105888172999926], [30.172856143000047, -20.10685724599989], [30.17253715300012, -20.107291278999924], [30.172360158000174, -20.107425288999934], [30.171935171000086, -20.108228348999944], [30.17182817400004, -20.108497368999906], [30.171404187000178, -20.109565448999888], [30.171378188000062, -20.10990847499994], [30.171368188000145, -20.11003248399993], [30.171086197000193, -20.111301578999928], [30.17090820300018, -20.111701608999965], [30.17073120900011, -20.11353874699995], [30.170695210000076, -20.114373808999915], [30.17048121700003, -20.115142866999975], [30.170437218000018, -20.115216871999962], [30.17005823000011, -20.115844919999972], [30.16988023500005, -20.116010931999938], [30.169846236000183, -20.11597892999987], [30.168587273000185, -20.118210096999917], [30.16856227400018, -20.118283102999897], [30.168509276, -20.118386110999893], [30.168455277000078, -20.118487117999905], [30.168402279000134, -20.1185901259999], [30.168349280000143, -20.118691133999903], [30.168295282000088, -20.11879414099991], [30.1681872850001, -20.118897148999906], [30.168080288000056, -20.119000156999903], [30.16791829300007, -20.11915216799997], [30.167811296000025, -20.119307179999907], [30.16764930100004, -20.119511194999916], [30.167433307000067, -20.11966520699997], [30.167273312000077, -20.11981821799992], [30.167164315000036, -20.120024233999914], [30.167111317000092, -20.12017724499998], [30.167004320000046, -20.12033125699992], [30.167004320000046, -20.12043226499992], [30.16689732300017, -20.12058727599998], [30.16689732300017, -20.12063627999993], [30.166844325000056, -20.120739287999925], [30.16679032600007, -20.120791290999875], [30.16679032700017, -20.120894298999872], [30.166737328000124, -20.120943302999933], [30.16668433000001, -20.12104631099993], [30.166628331000084, -20.12109831499987], [30.16657533300014, -20.12109831499987], [30.166521334000038, -20.12109831499987], [30.166521334000038, -20.12104631099993], [30.16436039600012, -20.121714361999977], [30.16425439900013, -20.12166235799998], [30.16403640600015, -20.121613354999965], [30.163874410000062, -20.121613354999965], [30.16365941600003, -20.121615354999847], [30.163279427000134, -20.121615354999847], [30.163119432000144, -20.12166635899996], [30.162957437000102, -20.121718362999843], [30.16284844000006, -20.121720362999895], [30.162741443000186, -20.12182137099984], [30.162632446000146, -20.121872374999953], [30.16252444899999, -20.121924378999836], [30.162417452000113, -20.122027386999832], [30.16225545700013, -20.122130393999896], [30.162093462000144, -20.122233401999893], [30.161932466000167, -20.12233640999989], [30.161770471000125, -20.122437417999834], [30.161662474000025, -20.122540424999897], [30.16160847600014, -20.122643432999894], [30.161501479000094, -20.12274644099989], [30.161448480000047, -20.12279544499995], [30.16133948400011, -20.12289845199996], [30.161286485000062, -20.123001459999955], [30.161179488000187, -20.12310446799995], [30.161124490000077, -20.123205475999953], [30.161070491000146, -20.123257478999903], [30.16101749300003, -20.1233604869999], [30.160910496000156, -20.1234614949999], [30.160855498000046, -20.123564502999898], [30.160801499000115, -20.123616505999962], [30.16074850100017, -20.123667509999905], [30.160694503000116, -20.1237705179999], [30.16064150400007, -20.123871525999903], [30.160588506000124, -20.12397453299991], [30.160479509000083, -20.124077540999906], [30.160372512000038, -20.124178548999907], [30.160263515000167, -20.124333559999968], [30.160103520000177, -20.124436567999965], [30.159941525000193, -20.12458857999991], [30.159832528000095, -20.124691586999916], [30.15972653100016, -20.124846598999966], [30.159563536000064, -20.12499861099991], [30.15940354000014, -20.125101617999974], [30.159241545000157, -20.125305633999915], [30.15913454800011, -20.12540864099998], [30.159026551000125, -20.12556365299986], [30.158919555000182, -20.125664660999973], [30.15881055800014, -20.125819671999977], [30.15870356100004, -20.125922679999974], [30.158650563000094, -20.126023687999975], [30.158488567, -20.12612669599997], [30.15843456900018, -20.12627870699987], [30.158327572000132, -20.126433718999976], [30.15827457400019, -20.126585729999874], [30.158165577000148, -20.12668873799987], [30.158167577000143, -20.126841748999936], [30.158112579000033, -20.126944756999933], [30.15811457899997, -20.127096767999944], [30.15806058000004, -20.127251779999824], [30.15806058000004, -20.127507798999943], [30.158116579000136, -20.127608806999945], [30.15820357700005, -20.12785282499982], [30.158224576000123, -20.12791582899996], [30.158333573000164, -20.128117844999963], [30.158442570000034, -20.12826985599986], [30.158606566000117, -20.128474870999923], [30.1587685610001, -20.128678885999932], [30.15893255600008, -20.12888290099994], [30.15909455200017, -20.12908691599995], [30.15925854700015, -20.129288930999962], [30.15936754400019, -20.12944194299996], [30.159529540000108, -20.129645957999855], [30.15963853700015, -20.12979796899998], [30.15974753400019, -20.130001983999932], [30.15980253300006, -20.130206], [30.1599115300001, -20.130411014999936], [30.160021527000026, -20.130716037999946], [30.16007552500008, -20.130920052999954], [30.160130524000067, -20.131124067999963], [30.160132524000062, -20.131328082999858], [30.16160448400018, -20.13464332999996], [30.16171348100005, -20.13479634199996], [30.16176848000009, -20.13494835299997], [30.161877477000132, -20.135101363999865], [30.161930475000077, -20.13520237199998], [30.161930475000077, -20.135305378999874], [30.16209447100016, -20.135764413999937], [30.162096471000098, -20.135969428999942], [30.162152470000024, -20.13617344399995], [30.162152470000024, -20.136377458999846], [30.16215447000002, -20.136632477999967], [30.16220946900006, -20.136937500999977], [30.16220946900006, -20.13724552399998], [30.162264468000103, -20.137550546999933], [30.16226646800004, -20.138112588999945], [30.16227046800003, -20.138725634999957], [30.16227046800003, -20.139032657999962], [30.162272468000026, -20.13918466899986], [30.162274469000124, -20.139593699999864], [30.162274469000124, -20.13979771499993], [30.16227646900012, -20.140001729999938], [30.162331468000104, -20.140308752999942], [30.16238446600005, -20.14051276799995], [30.162440465000145, -20.140766786999848], [30.162550462000127, -20.141174817999854], [30.162768456000038, -20.141685855999924], [30.16287745300008, -20.141837866999936], [30.162985450000065, -20.142042881999828], [30.16314944600009, -20.14224489699984], [30.16320544400014, -20.14239890899995], [30.16331344100007, -20.142551919999846], [30.16342243800017, -20.14275593499991], [30.16358443400003, -20.142957949999868], [30.163748429, -20.143161964999933], [30.163910425000097, -20.143314976999932], [30.164074420000077, -20.143619998999952], [30.164128419, -20.143774010999948], [30.164183417000118, -20.14387501799996], [30.164292413999988, -20.144181040999968], [30.165059394000025, -20.146630223999864], [30.165114393000067, -20.146782234999932], [30.165169391000177, -20.14688524299993], [30.16533338700009, -20.14734327699989], [30.16544238400013, -20.147599295999953], [30.165497383000115, -20.147803310999848], [30.165553381000166, -20.148056329999974], [30.165553381000166, -20.148262344999978], [30.16560837999998, -20.148415356999863], [30.16560837999998, -20.148772382999937], [30.165610380000146, -20.14892439499988], [30.165610380000146, -20.14904248099998], [30.165610380000146, -20.149231417999886], [30.16561238000014, -20.14938442899995], [30.16561238000014, -20.149538440999947], [30.165667379000183, -20.149743455999953], [30.165722378, -20.14989546699985], [30.165776376000053, -20.150099481999916], [30.165884372999983, -20.150303497999857], [30.166048369000066, -20.15050551299987], [30.166211364000162, -20.150710527999877], [30.166359360000115, -20.15091954299993], [30.1667453500001, -20.151905616999898], [30.16670835300016, -20.15503985099997], [30.166262368000105, -20.15745903199985], [30.165869380000117, -20.159585190999906], [30.16530639800004, -20.16264341999988], [30.165217401000064, -20.16312245599994], [30.165146404000154, -20.16328946799996], [30.16397544100016, -20.16946792999994], [30.163588453000102, -20.170169982999937], [30.162993471000107, -20.171248063999883], [30.162665480000044, -20.17184110799991], [30.162524485000176, -20.171942115999855], [30.160647541000117, -20.1758854119999], [30.160612542000024, -20.17625343899988], [30.160729539000158, -20.17696049199992], [30.160929534000104, -20.178154580999887], [30.161423521000017, -20.179223659999877], [30.161148531000038, -20.181735847999903], [30.161148531000038, -20.181870857999968], [30.161095533000093, -20.182074873999966], [30.16109753300009, -20.182229884999913], [30.16104453400004, -20.18243389999992], [30.160990535999986, -20.18258591199998], [30.160990535999986, -20.182740922999926], [30.16093753800004, -20.182944938999924], [30.16088353900011, -20.18304794599993], [30.160830541000166, -20.183199957999875], [30.16072354400012, -20.183302964999882], [30.16066854600018, -20.183354968999936], [30.160561549000136, -20.18350698099988], [30.16050855000009, -20.183609988999876], [30.16039955400015, -20.183711995999886], [30.160292557000105, -20.183815003999882], [30.160239558000058, -20.183969015999935], [30.160132561000182, -20.184122026999887], [30.160077563000073, -20.184225034999884], [30.160023565000188, -20.184429049999892], [30.160025565000183, -20.18458106099996], [30.159972567000068, -20.184785076999958], [30.159972567000068, -20.184989091999967], [30.159974567000063, -20.18519510699997], [30.159974567000063, -20.185400122999965], [30.159975567000117, -20.185604137999974], [30.160029566000105, -20.185808152999982], [30.160031566000043, -20.185960163999937], [30.160084563999987, -20.18611317599988], [30.160086563999982, -20.186317190999887], [30.16013956300003, -20.186420198999883], [30.160141563000025, -20.18657320999995], [30.160195562000126, -20.18667421699996], [30.16019756200012, -20.1868282289999], [30.16019756200012, -20.18703224399991], [30.160199562000116, -20.187236258999974], [30.16014356300019, -20.187389270999972], [30.16014556400006, -20.18749227899997], [30.16009256500007, -20.18759328599998], [30.160038567000186, -20.187748297999974], [30.159930570000085, -20.187952312999982], [30.15987657200003, -20.18810632499998], [30.159769575000155, -20.18825933599993], [30.159716576000108, -20.188362343999927], [30.15960758000017, -20.18851435499988], [30.159554581000123, -20.188617362999878], [30.159500583000124, -20.18871837099988], [30.159447584000077, -20.188770373999944], [30.159394586000133, -20.18887338199994], [30.159338588000082, -20.18887338199994], [30.159285589000092, -20.18892438599994], [30.15917659200005, -20.18892438599994], [30.159123594000107, -20.188976389999937], [30.158907600000134, -20.188976389999937], [30.15874560500015, -20.18902939399993], [30.158421614000076, -20.18902939399993], [30.158312617000036, -20.189029394999864], [30.15804162500018, -20.189031394999915], [30.15793562800019, -20.189031394999915], [30.157826631000148, -20.189031394999915], [30.15766463500006, -20.18903339499991], [30.157502640000075, -20.18903339499991], [30.157284646000164, -20.18903339499991], [30.15712265100018, -20.189035395999895], [30.156907657000147, -20.188983391999955], [30.156689663000066, -20.18898539199995], [30.156258676000164, -20.18898539299994], [30.155987683000035, -20.188987392999934], [30.155878686000165, -20.188987392999934], [30.15577069000011, -20.188987392999934], [30.155501697000147, -20.18898939299993], [30.155392700000107, -20.18898939299993], [30.155230705000122, -20.189041396999983], [30.155068710000137, -20.189092400999925], [30.15490671400005, -20.189092400999925], [30.154690720000133, -20.18919540899992], [30.154528725000148, -20.189247412999975], [30.154366730000163, -20.18930041699997], [30.154257733000065, -20.189350420999972], [30.154097738000075, -20.18945342899997], [30.153935741999987, -20.189556436999965], [30.15371774900018, -20.189607440999907], [30.153502755000147, -20.189762451999854], [30.15328676100006, -20.18986545999985], [30.153124766000076, -20.189968467999847], [30.152964770000153, -20.190071475999844], [30.15285577400016, -20.190172482999913], [30.15269377800007, -20.19027549099991], [30.152586781000025, -20.190378498999905], [30.15247878500014, -20.1904815069999], [30.15242478600004, -20.19053250999997], [30.152317789000165, -20.19063351799997], [30.152262791000055, -20.190736525999966], [30.15220979200018, -20.190788529999907], [30.152102796000065, -20.190940540999975], [30.151993799000024, -20.19104354899997], [30.151886802000092, -20.191198560999908], [30.151780805000158, -20.191350571999976], [30.151671808000117, -20.191453579999973], [30.15161781000006, -20.19165859499998], [30.15151181300007, -20.191810605999933], [30.15145781500007, -20.192016621999926], [30.15134881800003, -20.192169632999878], [30.151295820000087, -20.19232364499993], [30.151188822999984, -20.19252765999994], [30.15113582500004, -20.192731674999948], [30.15108182600011, -20.192936690999943], [30.151028828000165, -20.193090701999893], [30.15097583000005, -20.19329471799989], [30.15092183100012, -20.193395724999903], [30.150923831000114, -20.193550736999953], [30.150868833000175, -20.193651743999965], [30.15087083300017, -20.193805755999904], [30.150816834000068, -20.193906762999916], [30.150816835000114, -20.194009770999912], [30.150763836000124, -20.194110778999914], [30.150763836000124, -20.19421378599992], [30.150763836000124, -20.194316793999917], [30.15071083800018, -20.194418801999916], [30.15071083800018, -20.19452180899998], [30.150656840000124, -20.194622816999924], [30.150656840000124, -20.19467382099998], [30.150603841000077, -20.194776827999874], [30.15054984300008, -20.194828831999928], [30.150441846000092, -20.19492983999993], [30.150387848000094, -20.195032847999983], [30.15017285400006, -20.195236862999934], [30.149956860000145, -20.195390874999873], [30.149849863000043, -20.195493881999937], [30.14979486500016, -20.195545885999934], [30.149687868000058, -20.195596889999933], [30.149687868000058, -20.19564889399993], [30.149634870000114, -20.195697897999878], [30.149578871000188, -20.195749901999932], [30.149578871000188, -20.195800905999874], [30.148133914000084, -20.19789906299991], [30.148133914000084, -20.198002070999905], [30.148079916000086, -20.198104077999915], [30.14802691700004, -20.19820708599991], [30.14797291900004, -20.198310093999908], [30.14797291900004, -20.198462104999976], [30.147919921000096, -20.198565112999972], [30.14792192100009, -20.19876912799998], [30.14813891500006, -20.19917515799989], [30.1482479120001, -20.199278165999885], [30.148356908999972, -20.19943117699995], [30.148680900000045, -20.199633191999965], [30.148844895000025, -20.19973619999996], [30.149060889000168, -20.19988721099992], [30.149277882999968, -20.199990217999925], [30.149386880000066, -20.200039221999816], [30.14960187400004, -20.200141228999883], [30.14971087100014, -20.20019223299994], [30.149819867000076, -20.20019223299994], [30.149928864000117, -20.200242236999827], [30.15003486100011, -20.200242236999827], [30.150196857000026, -20.200242236999827], [30.150360852000176, -20.200291239999956], [30.150523847000045, -20.200291239999956], [30.150685843000133, -20.200341243999844], [30.150847838000118, -20.200341243999844], [30.15095683500016, -20.200341243999844], [30.151118829999973, -20.20034124299991], [30.15128082600006, -20.200390246999973], [30.151387823000107, -20.200390246999973], [30.15165781500008, -20.200389246999976], [30.151982806000092, -20.20038924599993], [30.152144801000077, -20.200387245999934], [30.152253798000118, -20.200387245999934], [30.152361795000047, -20.200387245999934], [30.152470792000145, -20.200387245999934], [30.15257778900019, -20.200387245999934], [30.152739784000175, -20.20038524599994], [30.152848781000046, -20.20038524599994], [30.152901780000093, -20.20038524599994], [30.152956778000032, -20.20038524599994], [30.153063775000078, -20.20038524499995], [30.15311977300007, -20.20038524499995], [30.15317277200012, -20.20038524499995], [30.15328176900016, -20.200383244999955], [30.15349676300019, -20.200383244999955], [30.15355176100013, -20.200383244999955], [30.15517871500009, -20.20164733799993], [30.15517871500009, -20.201699341999927], [30.155232714000192, -20.201802349999923], [30.155287713000064, -20.201903356999935], [30.155342711000173, -20.20195436099982], [30.155342711000173, -20.202107372999933], [30.155396710000105, -20.202159375999884], [30.1553987100001, -20.20226038399983], [30.1553987100001, -20.20231138799994], [30.155451708000044, -20.202363391999825], [30.15545370800004, -20.202668413999902], [30.15550770700014, -20.2027714219999], [30.15550770700014, -20.20282042599996], [30.155508707000024, -20.202923432999967], [30.15556270500008, -20.203024440999968], [30.155562706000126, -20.203127448999965], [30.15556470600012, -20.203484474999925], [30.15556470600012, -20.203639486999975], [30.155566706000116, -20.203740493999817], [30.15561970400006, -20.20389250599993], [30.155621705000158, -20.204148524999823], [30.155621705000158, -20.204302535999943], [30.155623705000153, -20.204556554999897], [30.155623705000153, -20.20481257399996], [30.155625705000148, -20.20506759299991], [30.155625705000148, -20.205220604999965], [30.155680704000133, -20.205323611999972], [30.155680704000133, -20.205424619999974], [30.155735702000072, -20.205578630999923], [30.155789701000174, -20.205680638999922], [30.155789701000174, -20.20578264699992], [30.155898698000044, -20.20588465399993], [30.155898698000044, -20.205935657999873], [30.15600669500003, -20.206036664999885], [30.156062693000024, -20.20613767299983], [30.15617069000018, -20.20639369199995], [30.15627968700005, -20.20649469899996], [30.156443683000134, -20.206801721999966], [30.156443683000134, -20.207057740999915], [30.156454780000047, -20.20725698399997], [30.156358264000062, -20.20735388999998], [30.15602570200008, -20.20767194499996], [30.15596470400004, -20.207842957999958], [30.155814708000037, -20.20766794499997], [30.15559471400013, -20.207553935999954], [30.153340778000143, -20.20660586699995], [30.153340778000143, -20.206637868999906], [30.15015886800012, -20.20524576799994], [30.143020069000045, -20.2014874919999], [30.138252203000036, -20.197692211999936], [30.133552334000115, -20.193260883999926], [30.133518335000076, -20.193159875999925], [30.128362477000167, -20.18592633999998], [30.12267863400018, -20.17953086599988], [30.119783714000107, -20.175929598999915], [30.11886474000005, -20.175129539999887], [30.11787676800003, -20.174464490999924], [30.116956793000043, -20.173598426999945], [30.116392809000104, -20.17276436499992], [30.116323810000154, -20.17116224499989], [30.11735377800011, -20.167688984999927], [30.117387776999976, -20.1673869629999], [30.11675279400015, -20.16592085399992], [30.11657779900014, -20.165653833999954], [30.113681879000126, -20.162887628999954], [30.113611881000054, -20.16275461899994], [30.109055009000144, -20.159223357999906], [30.108595022000145, -20.15875832399996], [30.105029121000086, -20.156093126999963], [30.101815211000087, -20.153565940999954], [30.101674215000116, -20.15349893599995], [30.099486275000118, -20.150097682999956], [30.0994172770001, -20.149697652999976], [30.09775832200006, -20.146862441999872], [30.09775832200006, -20.14679643699992], [30.095566383000175, -20.144591273999936], [30.09667135100011, -20.143135164999876], [30.096758348000094, -20.142750135999904], [30.096352358000104, -20.140880995999964], [30.096354358000042, -20.140714983999885], [30.096238361000132, -20.140495967999982], [30.09594836800005, -20.138376809999897], [30.095835369000042, -20.135349583999982], [30.095923366000136, -20.134771539999917], [30.09636235200003, -20.133449440999982], [30.09782130900004, -20.13075223899989], [30.100564229000156, -20.128188044999945], [30.10059222800004, -20.128106038999874], [30.103739137000105, -20.12675193599995], [30.10406012800013, -20.126501916999928], [30.104527114, -20.125841866999963], [30.105258091, -20.123364681999817], [30.105668079, -20.12259162399988], [30.106368059000033, -20.122011579999935], [30.107737019000126, -20.121239520999836], [30.10794101300013, -20.12096450099989], [30.11024494600008, -20.119171364999943], [30.11278787100008, -20.116194140999824], [30.11319785800015, -20.11437600499994], [30.11363484500015, -20.1131379119999], [30.115587789000074, -20.112363852999977], [30.117044746000147, -20.111177762999887], [30.118474704000107, -20.109113607999973], [30.118738695000047, -20.10757049299997], [30.11783771900008, -20.105397330999892], [30.117809720000025, -20.10484828999995], [30.118160709000165, -20.10358219499983], [30.118307704000188, -20.102288097999974], [30.11827870400009, -20.101985074999845], [30.117696720000083, -20.10047296299996], [30.1162127610001, -20.098934848999875], [30.116184762000046, -20.098742833999893], [30.117465724000112, -20.09744573599994], [30.117353725000044, -20.09389547099994], [30.116075759000125, -20.090073185999927], [30.115901763000124, -20.088724084999967], [30.117710710000154, -20.08751299299996], [30.11841069000019, -20.086602924999966], [30.11890567500018, -20.085721858999875], [30.11916766700017, -20.085088810999935], [30.119577654000068, -20.083821715999875], [30.11978164800007, -20.08340868499988], [30.119869645000165, -20.083078659999956], [30.1198996440001, -20.081893571999956], [30.119811646000073, -20.081206519999967], [30.119695649000164, -20.08093049999985], [30.117309716000193, -20.079587400999912], [30.11693172700012, -20.079312379999976], [30.115011780000145, -20.077445241999953], [30.115057876000037, -20.074699455999962], [30.115072776000034, -20.073811969999895], [30.115192770000192, -20.070427716999916], [30.114845778000074, -20.068171547999953], [30.116245736999986, -20.065941380999902], [30.116304733999982, -20.06497830799998], [30.116567726000085, -20.06412524399991], [30.11697571400009, -20.06346319499994], [30.117820689000098, -20.0626911359999], [30.11843267200004, -20.06225010299994], [30.119161650000137, -20.061148019999962], [30.119688634000056, -20.059878924999907], [30.122482555000033, -20.06127702799995], [30.126090453000074, -20.062454112999944], [30.128274392000037, -20.063963224999895], [30.130458330000124, -20.064371253999923], [30.13313625300009, -20.06439425399998], [30.13604917000015, -20.064222238999946], [30.139287077000063, -20.063170158999924], [30.14016305200016, -20.062729124999862], [30.14388994500007, -20.062500104999913], [30.146044883000172, -20.061808051999947], [30.146773862000032, -20.061283012999922], [30.158505531000174, -20.06708943999996], [30.165469335000125, -20.070349678999946], [30.170681188000174, -20.072622845999945], [30.1773779990001, -20.075965091999876], [30.18127888900011, -20.077497203999883], [30.181686877000118, -20.077579209999953], [30.181802874000027, -20.077661215999967], [30.186082772000134, -20.078774574999898]]]]}}]}