{"type": "FeatureCollection", "features": [{"type": "Feature", "properties": {"GID_3": "ZWE.4.1.1_2", "GID_0": "ZWE", "COUNTRY": "Zimbabwe", "GID_1": "ZWE.4_1", "NAME_1": "Mashonaland Central", "NL_NAME_1": "NA", "GID_2": "ZWE.4.1_2", "NAME_2": "Bindura", "NL_NAME_2": "NA", "NAME_3": "Ward 1", "VARNAME_3": "NA", "NL_NAME_3": "NA", "TYPE_3": "Ward", "ENGTYPE_3": "Ward", "CC_3": "NA", "HASC_3": "NA", "id": "ZWE.4.1.1_2", "name": "Ward 1"}, "geometry": {"type": "MultiPolygon", "coordinates": [[[[31.19937133000002, -16.928418798999928], [31.199066338000193, -16.927966762999915], [31.198906343000033, -16.92781075099998], [31.198908342000095, -16.927499725999894], [31.198912342000085, -16.92718870199991], [31.19891734200013, -16.926721664999945], [31.198919342000124, -16.926410639999858], [31.199083337000104, -16.926256627999976], [31.1990853370001, -16.926099614999885], [31.19908933700009, -16.9257885909999], [31.199251332000074, -16.925634577999972], [31.199415327000054, -16.925481565999974], [31.19941732700005, -16.925170541999933], [31.199583321999967, -16.92485951699996], [31.199745318000055, -16.924705504999906], [31.199909313000035, -16.924552492999965], [31.19991131300003, -16.924396479999928], [31.20007530800018, -16.92408745599994], [31.200239304000092, -16.923932442999956], [31.200403299000072, -16.92377843099996], [31.200403299000072, -16.923621418999915], [31.200567294000052, -16.92346940699997], [31.200731290000135, -16.92331439399993], [31.200731289000032, -16.923158381999883], [31.20089328500012, -16.923160381999935], [31.200895285000115, -16.92300536999994], [31.2010572800001, -16.92300536999994], [31.201059280000095, -16.922851356999956], [31.202530238000122, -16.921308234999913], [31.202694233000102, -16.920999209999934], [31.20302022400017, -16.920690184999955], [31.20350821, -16.92038316099996], [31.203674206000073, -16.92007413599987], [31.20383620100006, -16.919919123999932], [31.203998196000043, -16.919921123999927], [31.204000196000038, -16.91976711199993], [31.20416419200012, -16.919612099999938], [31.20432518700005, -16.91961409999982], [31.207748090000166, -16.91684487899994], [31.207912085000146, -16.91668986699989], [31.20823707600016, -16.916537854999945], [31.20840107100014, -16.916382841999962], [31.208565067000166, -16.916073817999973], [31.208729062000145, -16.915919805999863], [31.20889105700013, -16.915764792999823], [31.209217048000028, -16.915612780999936], [31.209543039000096, -16.915304756999944], [31.20954503900009, -16.915148743999907], [31.209707034000076, -16.915150743999902], [31.209707034000076, -16.91499473199997], [31.20970903400007, -16.914839719999918], [31.211018997000167, -16.91314058499995], [31.211182992000147, -16.91298557199991], [31.211184992000142, -16.912829559999977], [31.21688783000019, -16.90836920399994], [31.217213821000087, -16.90821719199988], [31.22114370900016, -16.903428811999902], [31.22130370399998, -16.903430811999897], [31.221305703999974, -16.90327679899997], [31.22147169900012, -16.90296577499987], [31.221633695000037, -16.902810761999945], [31.221797690000187, -16.902658749999887], [31.222123681000085, -16.902349725999898], [31.22244967100005, -16.902040700999976], [31.222773662000122, -16.901889688999916], [31.226352561000056, -16.89974351799998], [31.22651455600004, -16.899745517999975], [31.22667655200013, -16.899745517999975], [31.226838547000114, -16.89974751799997], [31.22700054300003, -16.899593505999917], [31.22716453800018, -16.899440492999872], [31.22748652900009, -16.89944249299998], [31.227811520000046, -16.899289480999983], [31.22797351500003, -16.899291480999977], [31.2282995060001, -16.89913946899992], [31.228461501000083, -16.898984456999813], [31.22862349700017, -16.898986456999978], [31.228785492000156, -16.898832444999925], [31.22894948800007, -16.898677431999886], [31.228951488000064, -16.898523419999947], [31.229276478000088, -16.89837040799989], [31.22944147400011, -16.898059382999918], [31.22960446900015, -16.897906370999976], [31.229770464000126, -16.897596345999887], [31.229932460000043, -16.89744133399995], [31.229934459000106, -16.897287321999897], [31.23009845500019, -16.896976296999924], [31.230101455000067, -16.89666527199995], [31.230265450000047, -16.8965102599999], [31.2302714490001, -16.89588921099994], [31.230435445000182, -16.89558018599996], [31.230437445000177, -16.895423173999916], [31.230441444000064, -16.895112148999942], [31.230603440000152, -16.894958136999833], [31.23060544000009, -16.894803124999953], [31.23076943500007, -16.89464911199991], [31.230931430000112, -16.894494099999974], [31.231095426000138, -16.89434008799992], [31.231259421000118, -16.894185075999815], [31.23158341200019, -16.894033062999938], [31.231908403000034, -16.893880050999883], [31.232396389000087, -16.89357502699994], [31.23272038000016, -16.893422014999828], [31.23288437500014, -16.893268001999957], [31.233046370000125, -16.893112989999906], [31.23321036599998, -16.892958977999967], [31.233373361000076, -16.892960977999962], [31.233535357000164, -16.892805964999923], [31.23369735200015, -16.892807964999918], [31.23402134300005, -16.89265595299986], [31.23418533800003, -16.89250094099998], [31.23434733400012, -16.892502940999975], [31.234509329000105, -16.892347928999868], [31.234673324000084, -16.892193915999826], [31.236304278000034, -16.89080880599988], [31.236304278000034, -16.890652793999948], [31.23630627800003, -16.890497780999908], [31.236468273000185, -16.890499781999893], [31.23647027300018, -16.89034376899997], [31.236472273000174, -16.890186756999924], [31.236474273000113, -16.889876731999948], [31.236638268000092, -16.889721719999898], [31.236646268000072, -16.888945657999898], [31.236811263000106, -16.888634633999914], [31.2368132630001, -16.88832360899994], [31.23681726300009, -16.888012583999966], [31.236819262000154, -16.887701559999982], [31.23698525800006, -16.887390534999952], [31.23698925700012, -16.887079509999978], [31.237151253000036, -16.886925497999982], [31.237155252000093, -16.88661447399994], [31.23731724800018, -16.8864594609999], [31.237483243000156, -16.88615143699991], [31.23764523800014, -16.88599642399987], [31.23797122899998, -16.88584341199993], [31.238135225000065, -16.88553438799994], [31.238299220000044, -16.885380374999954], [31.23846121500003, -16.885225362999847], [31.238625211000112, -16.885071350999965], [31.238787206000097, -16.884916337999925], [31.238953201000072, -16.884607313999936], [31.23911419700005, -16.88460931399993], [31.239117196000052, -16.884298288999958], [31.239119196000047, -16.884142276999853], [31.239121196000042, -16.88398826499997], [31.239123196000037, -16.883831251999936], [31.239123196000037, -16.883675239999945], [31.239125196000032, -16.883520227999895], [31.238963200000114, -16.8835182279999], [31.23896520000011, -16.883362214999977], [31.238967200000104, -16.883207202999927], [31.238807205000057, -16.883049189999895], [31.23881020400006, -16.88273816599991], [31.237079251000125, -16.8782078079999], [31.23708025100018, -16.87805379499997], [31.23708425100017, -16.87758675799995], [31.237086251000164, -16.877429745999905], [31.23709025000005, -16.87711872099993], [31.23725224600014, -16.876966708999873], [31.237586236000027, -16.876035634999937], [31.237912227000095, -16.875726610999948], [31.238076222000075, -16.87541758599997], [31.23840621200003, -16.874797536999893], [31.238570208000112, -16.87448651199992], [31.238632766000137, -16.87431334199988], [31.23911019200017, -16.873515434999945], [31.241704704000085, -16.873390637999933], [31.24377700400015, -16.87192156899988], [31.24429164100019, -16.87192597899997], [31.247397742000032, -16.869970109999883], [31.24894620499998, -16.869487730999936], [31.24947452800012, -16.868005400999948], [31.25103208900009, -16.86653185199998], [31.252594181000063, -16.86456271199995], [31.253108800000064, -16.864567097999952], [31.253117906000114, -16.863575944999923], [31.253122459000053, -16.86308036799994], [31.253140669000118, -16.861098061999883], [31.253154325000025, -16.859611331999815], [31.25263972000016, -16.859606947999964], [31.252134223000155, -16.858611408999934], [31.250585858000022, -16.859093821999977], [31.25059041600008, -16.85859824599993], [31.25059497400008, -16.858102669999937], [31.250094051000133, -16.856611551999947], [31.24957945400007, -16.856607160999943], [31.249584014000106, -16.85611158499995], [31.249588574000143, -16.855616008999903], [31.24959313400018, -16.855120432999854], [31.25063599000009, -16.853642483999977], [31.250640547000046, -16.853146906999882], [31.25168338300017, -16.85166895099991], [31.25426539600005, -16.85069970599983], [31.256851925000092, -16.849234846999934], [31.25738919100013, -16.84676132599992], [31.25741187500006, -16.844283432999873], [31.25742094700007, -16.843292275999943], [31.257935510000095, -16.843296643999963], [31.257940044000122, -16.84280106499989], [31.25794911300011, -16.84180990699997], [31.25901447800004, -16.83785400499994], [31.25903259800009, -16.83587168699995], [31.260607904000096, -16.832415709999907], [31.262124381000035, -16.835402259999967], [31.262634403000163, -16.835902194999903], [31.26262084200016, -16.83738893599991], [31.26466548800005, -16.83889308499994], [31.265690080000127, -16.839397361999943], [31.26724276300007, -16.8384192339999], [31.269820028000026, -16.837945349999927], [31.272916328000065, -16.836980178999852], [31.274987992999968, -16.835510729999953], [31.276545085000066, -16.834036939999976], [31.276563018, -16.832054603999893], [31.276567501000102, -16.83155901899994], [31.277082038000174, -16.83156333599993], [31.27708651900008, -16.831067751999967], [31.277601054000115, -16.83107206799997], [31.27811558900015, -16.831076381999935], [31.278133503, -16.829094042999884], [31.277636890000053, -16.827107389999924], [31.27764136900015, -16.82661180499997], [31.276625766000052, -16.82511642099996], [31.277384176000112, -16.823452082999893], [31.296575699000016, -16.82600717899993], [31.29627078800013, -16.826321855999936], [31.29564582600011, -16.82671113599997], [31.295610366000176, -16.830675850999967], [31.29661729000003, -16.833162334999884], [31.295566027000177, -16.83563174199992], [31.295552723000128, -16.837118508999936], [31.296049543000038, -16.839105135999887], [31.296550805000095, -16.840596173999813], [31.296546372000194, -16.84109176299995], [31.295002671000077, -16.84107894699997], [31.293450087000053, -16.842057295999894], [31.291387365000105, -16.842535760999965], [31.28932908700017, -16.842518616999882], [31.287776466000025, -16.843496918999904], [31.28571371900017, -16.84397532399987], [31.286733943000172, -16.844975089999934], [31.28672948300016, -16.845470675999877], [31.287754178000114, -16.84597485199987], [31.288765513000044, -16.84796578299995], [31.289790228000186, -16.84846994999998], [31.290819398999986, -16.848478524999905], [31.292345369000145, -16.85047372799994], [31.293356774000074, -16.852464641999916], [31.293866927000067, -16.85296450999988], [31.29541072400019, -16.852977342999964], [31.29540184399997, -16.85396851899992], [31.296422172000064, -16.85496824599994], [31.29796155400004, -16.8554766499999], [31.299496514000055, -16.856480631999943], [31.30154610400018, -16.857488866999972], [31.30153282800012, -16.85897563499998], [31.30202532200019, -16.861457843999915], [31.302003195000054, -16.86393579099996], [31.301994343000047, -16.864926969999885], [31.301989917000185, -16.865422558999967], [31.301985490999982, -16.865918147999935], [31.3019766380001, -16.86690932599987], [31.301963357000147, -16.868396093999877], [31.301945647000082, -16.87037844999992], [31.302455869000028, -16.87087830199988], [31.303999818000136, -16.87089108399988], [31.304514468000093, -16.87089534199987], [31.30502911800005, -16.87089959899987], [31.30502469800001, -16.87139518799995], [31.305015858, -16.87238636799998], [31.30501143800018, -16.872881957999937], [31.30551725500004, -16.873877392999873], [31.30498933400014, -16.875359904999982], [31.303960010000026, -16.8753513879999], [31.301910221000185, -16.874343160999956], [31.302411597000116, -16.875834191999957], [31.30187478500011, -16.8783078699999], [31.301865925000072, -16.87929904699996], [31.30186149400015, -16.87979463599993], [31.30134238900007, -16.8802859569999], [31.299288129000104, -16.879773288999957], [31.29721166800016, -16.881738536999933], [31.296679211000082, -16.883716605999894], [31.29461603100009, -16.884195060999957], [31.294110252000053, -16.883199601999934], [31.292047073000163, -16.883678030999874], [31.29202478500008, -16.88615595999994], [31.291505638000046, -16.886647251999875], [31.290462872999967, -16.88812541699997], [31.290453947000117, -16.889116586999933], [31.29044948400002, -16.88961217299982], [31.29147441800012, -16.89011634999997], [31.291975739000122, -16.89160739999994], [31.25746685200005, -16.895283908999943], [31.267197709000072, -16.939270620999935], [31.27811726300007, -16.92746815399994], [31.27812176900011, -16.926972573999876], [31.286358509000024, -16.927041809999935], [31.296199061000152, -16.97767740699993], [31.29787379000004, -17.003738833999932], [31.27849214300005, -17.00735001299995], [31.272805968, -17.016100149999886], [31.27264850400013, -17.016000687999906], [31.260183657000027, -17.00783805799989], [31.249353962999976, -17.011811376999958], [31.249096970000153, -17.012004391999938], [31.24312713900008, -17.015153642999906], [31.24312713900008, -17.01529265399995], [31.238053861000083, -17.001212765999924], [31.237930687000187, -17.00238590999993], [31.229872276000037, -16.98298742099996], [31.213028594000093, -16.984745575999966], [31.213029970000036, -16.984585237999852], [31.21286797500005, -16.98458323799997], [31.212779977000025, -16.984002191999934], [31.206667427000184, -16.98625370999997], [31.20411161200019, -16.98424879999982], [31.20206133500011, -16.983239520999973], [31.202080219000095, -16.981257292999942], [31.20364385000005, -16.979288685999904], [31.20417762400018, -16.97731099299989], [31.20418233800018, -16.976815435999924], [31.204196479000018, -16.975328761999947], [31.20420119200014, -16.97483320399988], [31.204205905000094, -16.97433764599998], [31.20370043000014, -16.973341993999952], [31.20370514400014, -16.972846435999884], [31.203709858000025, -16.97235087799993], [31.203728712000157, -16.97036864599994], [31.20373342500011, -16.969873087999815], [31.204248316000132, -16.969877623999935], [31.204253027999982, -16.969382065999866], [31.204257739000127, -16.96888650699998], [31.2042624500001, -16.96839094899991], [31.20426716100019, -16.967895390999956], [31.20325624400016, -16.965904087999945], [31.202231199000153, -16.965399454999954], [31.20225006000004, -16.963417222999965], [31.202783787000044, -16.961439527999858], [31.20280263700016, -16.95945729499988], [31.202807350000114, -16.958961736999925], [31.20282619700015, -16.956979503999946], [31.202830909, -16.95648394499989], [31.202320767000117, -16.955983850999928], [31.202325480000013, -16.95548829299986], [31.20233490400011, -16.954497175999904], [31.20233961600013, -16.95400161799995], [31.20234432799998, -16.953506058999892], [31.202358463, -16.952019383999982], [31.202382017, -16.949541590999956], [31.20343522600018, -16.94707286199997], [31.202419697000096, -16.94557712099993], [31.20243382400014, -16.944090443999926], [31.201423028000136, -16.942099140999858], [31.20144658000015, -16.9396213469999], [31.201470128000153, -16.937143551999895], [31.200459372000182, -16.935152247999895], [31.20097887800017, -16.934661223999967], [31.200983588000042, -16.934165664999966], [31.202027295000164, -16.932688051999946], [31.201011843000174, -16.93119230999997], [31.198966846000133, -16.929687491999914], [31.19937133000002, -16.928418798999928]]]]}}, {"type": "Feature", "properties": {"GID_3": "ZWE.4.1.2_2", "GID_0": "ZWE", "COUNTRY": "Zimbabwe", "GID_1": "ZWE.4_1", "NAME_1": "Mashonaland Central", "NL_NAME_1": "NA", "GID_2": "ZWE.4.1_2", "NAME_2": "Bindura", "NL_NAME_2": "NA", "NAME_3": "Ward 10", "VARNAME_3": "NA", "NL_NAME_3": "NA", "TYPE_3": "Ward", "ENGTYPE_3": "Ward", "CC_3": "NA", "HASC_3": "NA", "id": "ZWE.4.1.2_2", "name": "Ward 10"}, "geometry": {"type": "MultiPolygon", "coordinates": [[[[31.306536556000083, -17.4864677409999], [31.306510557000138, -17.4864677409999], [31.306370561000108, -17.48660075099997], [31.306231565000132, -17.486598750999974], [31.305951573000073, -17.48673076099982], [31.305812577000097, -17.486728760999938], [31.305672581000067, -17.486726760999943], [31.305670581000072, -17.48686277199988], [31.305562584000143, -17.486965779999878], [31.304688608000106, -17.487237801999925], [31.304671609000025, -17.48725380299993], [31.30455361200012, -17.487251802999936], [31.304415616000085, -17.487117791999935], [31.304002627000102, -17.486711760999924], [31.303862631000072, -17.486711760999924], [31.303586639000173, -17.486440739999978], [31.303447643000027, -17.486438739999983], [31.303307647000167, -17.486438739999983], [31.303170651000187, -17.48630372899993], [31.30275266200016, -17.48629972899994], [31.30233567400012, -17.48629572899995], [31.302180679000173, -17.486293728999897], [31.30216367899999, -17.486286727999925], [31.301741691000075, -17.48620772199996], [31.30160669500009, -17.48616571899987], [31.3015036970001, -17.485753686999885], [31.301228705000085, -17.485349654999936], [31.300139735000073, -17.482933465999963], [31.30000273800016, -17.482797454999968], [31.299865742, -17.482530433999898], [31.29959075, -17.48225941299995], [31.299453753000137, -17.481990391999886], [31.299317757000097, -17.481588360999922], [31.29918276100011, -17.48118532899997], [31.298907768000163, -17.48078329799995], [31.298634776000142, -17.480245254999943], [31.298360783000135, -17.47984122399987], [31.298224787000038, -17.479440191999913], [31.29808979100011, -17.47903816099995], [31.29781479800016, -17.478767139999945], [31.297679802000175, -17.47836410799988], [31.29754180600014, -17.47809508699993], [31.29740680900005, -17.47782806599986], [31.297408809000046, -17.477693055999964], [31.297137816000088, -17.476889992999872], [31.295552857000132, -17.468451330999926], [31.295554857000127, -17.46818430999997], [31.295560857000112, -17.46765026799983], [31.295562857000107, -17.46738324699993], [31.295565856000053, -17.466982215999963], [31.295571856000038, -17.466580183999838], [31.295573856000033, -17.46624015799995], [31.295563856000058, -17.46612014799996], [31.295563856000058, -17.46605914299988], [31.29550285800019, -17.465939133999825], [31.294345889000112, -17.462989902999936], [31.294347889000107, -17.462808888999973], [31.294350889000157, -17.462449859999936], [31.29433318400004, -17.461823903999857], [31.29128601600013, -17.45983597399993], [31.291828917000032, -17.456407534999983], [31.28980821700003, -17.453937957999926], [31.288832213999967, -17.449025137999854], [31.28633283700003, -17.44311831899995], [31.279254452000146, -17.435210192999875], [31.27618024700007, -17.436164485999882], [31.274647744000163, -17.43615121299996], [31.269028581000043, -17.43610244399997], [31.266497582000113, -17.433628230999886], [31.266530001000035, -17.43019544099991], [31.26655315300019, -17.427743446999898], [31.26552227100018, -17.428715350999937], [31.262522372000035, -17.42182306999996], [31.260005582000133, -17.417877603999898], [31.257015337000098, -17.41000447099998], [31.256541790000085, -17.406076827999982], [31.260154135000107, -17.402184865999914], [31.265753667000126, -17.400659018999875], [31.26575466700001, -17.400391997999975], [31.26561967000015, -17.400122976999967], [31.265070685000126, -17.399315913999942], [31.262060768000026, -17.39420751399996], [31.261923772000046, -17.394072502999904], [31.261923772000046, -17.393938491999904], [31.261925771000108, -17.393805481999948], [31.261650779000092, -17.39353646099994], [31.261375787000077, -17.393131428999936], [31.260959798000044, -17.392861407999874], [31.260683806000145, -17.39272339699994], [31.260546810000164, -17.392590386999927], [31.260406814000135, -17.392588386999932], [31.260130821000132, -17.392450375999886], [31.25957383700006, -17.392447375999893], [31.25915584900008, -17.39230936499996], [31.258877857000186, -17.39230536499997], [31.258320872000183, -17.392300364999983], [31.258180876000154, -17.392300364999983], [31.258180876000154, -17.39243337599993], [31.25804188, -17.392431375999934], [31.25790288400009, -17.39242937499995], [31.257623892000083, -17.39242837499995], [31.257486896000103, -17.392292364999946], [31.257208903000105, -17.39215735399989], [31.256931911000095, -17.392019343999948], [31.25665691900008, -17.391750322999883], [31.25638292600007, -17.391346290999934], [31.255831942000157, -17.390806248999922], [31.255832941000165, -17.39067323799992], [31.255695945000184, -17.39040421699997], [31.25569794500018, -17.390270206999958], [31.25569794500018, -17.3901371959999], [31.255560949000028, -17.39000118599995], [31.255562949000193, -17.389868174999947], [31.255422953000163, -17.389866174999952], [31.255424952000055, -17.389732163999952], [31.255424952000055, -17.38959915399988], [31.25528595600008, -17.38959915399988], [31.2551489600001, -17.389464142999884], [31.254871968000145, -17.38932613299994], [31.25459597600019, -17.389191121999943], [31.253898995000156, -17.389050110999904], [31.25334401100008, -17.38891210099996], [31.25306801800008, -17.38877508999991], [31.252789026000073, -17.388773089999916], [31.25210889500005, -17.388765271999887], [31.237265180000122, -17.392175210999937], [31.235278806000053, -17.386272444999975], [31.23404255200012, -17.384730779999927], [31.234567035000055, -17.383747548999963], [31.234609353, -17.37933401399988], [31.235148216000084, -17.376396169999907], [31.233639759000084, -17.37393066199985], [31.234169212000097, -17.371973604999937], [31.234206811000092, -17.36805045899996], [31.23423970100015, -17.364617704999944], [31.236116227000025, -17.362301690999914], [31.236534718000087, -17.3617851759999], [31.236481436000133, -17.362304913999935], [31.23954515000014, -17.362331923999932], [31.23954983300007, -17.361841528999946], [31.240060451000033, -17.361846026999956], [31.24159698400007, -17.361369113999956], [31.2421076010001, -17.361373605999972], [31.24211227700016, -17.360883209999884], [31.242627568000046, -17.36039730499982], [31.245180645000175, -17.360419735999812], [31.245681927000078, -17.361405011999977], [31.247218446000147, -17.36092805399994], [31.247223108000185, -17.360437656999977], [31.249265575000152, -17.360455557999956], [31.250806731000125, -17.35948817399992], [31.252338576000113, -17.359501572999875], [31.25335980600005, -17.359510498999896], [31.254381037000087, -17.359519419999913], [31.25641422500007, -17.360518045999868], [31.257946083000036, -17.36053140299998], [31.259482572000024, -17.36005434799995], [31.259487201000184, -17.35956394799996], [31.259997819000148, -17.35956839299996], [31.260002447000147, -17.35907799299997], [31.260513063000133, -17.359082436999927], [31.26153891900009, -17.358600919999958], [31.262058779000142, -17.357624557999884], [31.263089243000138, -17.356652630999974], [31.264110463000065, -17.356661500999962], [31.265642295000134, -17.356674795999936], [31.267174128000136, -17.35668807999997], [31.269216575000144, -17.35670577299993], [31.271774232000098, -17.356237455999974], [31.27381667900005, -17.35625510199992], [31.275854542, -17.35676313199997], [31.276360572000158, -17.357257939999954], [31.277892419000125, -17.357271141999888], [31.278416770000092, -17.355804322999916], [31.279948606000175, -17.355817507999973], [31.280960688000107, -17.356807103999927], [31.282492535000074, -17.35682027099989], [31.286591136000027, -17.35538410099997], [31.28967300800008, -17.353448698999898], [31.291191202000107, -17.354933022999944], [31.29322003900006, -17.35642169699986], [31.294232202000046, -17.357411231999947], [31.29575953200009, -17.35791470699985], [31.298312645000067, -17.357936456999937], [31.297820130000048, -17.355970467999896], [31.299351983000065, -17.355983503999937], [31.29935650599998, -17.35549309299995], [31.300892875000045, -17.35501570599996], [31.302930826000136, -17.355523464999976], [31.30497329800005, -17.355540791999886], [31.30751738900011, -17.35654324799998], [31.309049255000048, -17.35655620999995], [31.312099524000075, -17.358053342999938], [31.31312077800004, -17.358061962999955], [31.314643696000076, -17.35905571299992], [31.316686219000076, -17.359072923999918], [31.3187198010001, -17.360070944999904], [31.319754478, -17.358608284999946], [31.320775739000055, -17.35861686599992], [31.321277440000074, -17.359601987999895], [31.321783610000068, -17.3600966919999], [31.32280488100008, -17.36010526399997], [31.32536697000006, -17.359145835999925], [31.32741840300008, -17.358182101999944], [31.32945648700013, -17.358689598999945], [31.332520290000048, -17.35871517999982], [31.33457168700005, -17.357751367999924], [31.335584098000083, -17.358740712999975], [31.33762664000011, -17.358757709999963], [31.33966035200018, -17.359755526999834], [31.34068163000012, -17.3597640079999], [31.3432568610001, -17.357333076999964], [31.343767495000122, -17.357337307999956], [31.345814428999972, -17.356863796999846], [31.347856960000172, -17.356880686999887], [31.350920762000158, -17.356905982999876], [31.35398456900009, -17.35693123199991], [31.35600524800003, -17.359400163999908], [31.35959283700015, -17.35795825199989], [31.360081666000156, -17.36041457199991], [31.36313683700007, -17.361420538999937], [31.36466008600007, -17.36241393299997], [31.366711389000102, -17.361449780999862], [31.36773269000014, -17.36145812399991], [31.37026860400016, -17.36344067199991], [31.37230257200008, -17.364438175999965], [31.375344922000068, -17.36691525499998], [31.377898264000123, -17.36693599899985], [31.379413020000072, -17.368910150999852], [31.384116325000093, -17.369396515999938], [31.384394317000158, -17.369400515999928], [31.384534313000017, -17.369400515999928], [31.384673309000163, -17.369402516999912], [31.38522429400018, -17.369942558999924], [31.385222294000187, -17.370075568999823], [31.38522029400002, -17.37020957999988], [31.38521829500013, -17.37047660099995], [31.385216295000134, -17.370609610999963], [31.385077299000045, -17.370743621999964], [31.385077299000045, -17.370754622999982], [31.384242322000148, -17.370747621999897], [31.384240322000153, -17.3708806329999], [31.384101326000177, -17.3708806329999], [31.383961330000147, -17.370878632999904], [31.383820334, -17.371012642999972], [31.383681338000088, -17.37101064299992], [31.383542342000112, -17.371141653999928], [31.383402346000082, -17.371141653999928], [31.383263350000107, -17.37114065399993], [31.383124354000188, -17.371138653999935], [31.382983358000047, -17.37127166399995], [31.38284436200007, -17.371403674999954], [31.38270436600004, -17.371403674999954], [31.382565370000123, -17.371401673999856], [31.382424374000152, -17.371532684999863], [31.38228537700013, -17.371532684999863], [31.382283378000068, -17.37166669499993], [31.38214438100016, -17.371664694999936], [31.38200438500013, -17.371798705999936], [31.381863389000046, -17.371929715999954], [31.3815833970001, -17.372061726999846], [31.381442401000186, -17.37232674799992], [31.381301405000045, -17.372459757999934], [31.381161409000185, -17.372591768999825], [31.381020413999977, -17.372725778999893], [31.381018413999982, -17.372858789999896], [31.380879418000063, -17.372990799999968], [31.380738422000093, -17.37312381099997], [31.380736422000098, -17.373257820999868], [31.38059742600018, -17.373388830999943], [31.380595426000184, -17.373522841999943], [31.38059342600019, -17.373655851999956], [31.380454430000043, -17.3737898629999], [31.38045043000011, -17.37405688399997], [31.380311434000134, -17.374187893999817], [31.380170438, -17.374321904999874], [31.38002844199997, -17.37458692599995], [31.379887446000055, -17.37472093599996], [31.379607454000165, -17.374851946999968], [31.379466458000024, -17.37511696799993], [31.37932546200011, -17.37525097799994], [31.379185466000024, -17.375248977999945], [31.379046470000105, -17.37538098899995], [31.378905474000135, -17.37551399899985], [31.378625482000075, -17.37564600999991], [31.378485486000045, -17.37577701999993], [31.37834649000007, -17.375775019999935], [31.378344490000075, -17.37591103099993], [31.378205494000156, -17.375909029999946], [31.37792650200015, -17.37604104099995], [31.37750951400011, -17.37603704099996], [31.377230521000058, -17.37603304099997], [31.376952529000107, -17.37603103999993], [31.376811533000193, -17.376164050999876], [31.376532541000188, -17.37616105099994], [31.376391545000047, -17.376294060999896], [31.376252549000128, -17.3764260719999], [31.375973557000123, -17.376424071999907], [31.37583256099998, -17.376555081999925], [31.375691565000068, -17.37668909299998], [31.375552569000092, -17.37668709299993], [31.375552569000092, -17.376821102999884], [31.375550569000097, -17.376954113999886], [31.37554856900016, -17.377088123999954], [31.375409573000184, -17.377221134999957], [31.375405573000023, -17.377488155999856], [31.375266577000048, -17.377486154999872], [31.375266577000048, -17.37762016599993], [31.37526457700011, -17.377753175999942], [31.37512358100014, -17.377887186999942], [31.37498358500011, -17.378018196999903], [31.3749825860001, -17.378152207999904], [31.374840590000076, -17.378285217999974], [31.374840590000076, -17.378419228999974], [31.374699594000163, -17.378551238999876], [31.374697594000168, -17.37868424999988], [31.374558598000192, -17.37868424999988], [31.374558598000192, -17.378818259999946], [31.374419602000046, -17.37881625999995], [31.374278606000132, -17.378949270999954], [31.374138610000102, -17.37894727099996], [31.373999613000024, -17.378945270999964], [31.37372162100013, -17.37894327099997], [31.37344462900012, -17.378808259999914], [31.37330563300003, -17.37880625999992], [31.37288764500005, -17.378802259999873], [31.37274864900013, -17.378800259999878], [31.37260765300016, -17.378934269999945], [31.372189664000132, -17.3789302699999], [31.372050668000156, -17.378928269999903], [31.371911672000067, -17.378928269999903], [31.370377715000018, -17.37918229099995], [31.370099723000124, -17.37917828999997], [31.369959727000094, -17.379178290999903], [31.36968173500003, -17.379174289999924], [31.369542739000053, -17.379174289999924], [31.369265747000043, -17.379037279999977], [31.368848758000127, -17.379035279999982], [31.36843277000014, -17.378896268999938], [31.36829277400011, -17.378896268999938], [31.368014782000046, -17.378894268999943], [31.36787578600007, -17.378892268999948], [31.367596794000065, -17.378890268999953], [31.36745579800015, -17.37915528999997], [31.36731480200018, -17.379289299999925], [31.367173806000096, -17.379554320999944], [31.367032810000126, -17.379685330999905], [31.36703081000013, -17.3798213419999], [31.366889814000046, -17.380086362999975], [31.36688781400005, -17.380353383999875], [31.366744818000086, -17.380620404999945], [31.366744818000086, -17.380754415999945], [31.366740818000153, -17.3810214369999], [31.366738819000034, -17.38115444699997], [31.366738819000034, -17.381288457999972], [31.3667348190001, -17.38155547899993], [31.366732819000106, -17.381824499999823], [31.36659382300013, -17.38182249999994], [31.366591823000135, -17.381955509999898], [31.36645282699999, -17.381953509999903], [31.36631383100007, -17.381953509999903], [31.36617383500004, -17.38195150999985], [31.366034839000065, -17.382083519999924], [31.365477854000062, -17.382079519999877], [31.365199862000168, -17.382077519999882], [31.365058866000027, -17.382209530999887], [31.364779874000078, -17.382207530999892], [31.363944898000057, -17.382199529999923], [31.36338791300011, -17.38219452999988], [31.363108921000105, -17.382192529999884], [31.36296992500013, -17.38219052999989], [31.36269293300012, -17.382188529999837], [31.362414941000054, -17.382052518999956], [31.36213794800011, -17.381915508999896], [31.361722960000066, -17.381778497999903], [31.361167975000058, -17.381505476999962], [31.360890983000104, -17.381370465999908], [31.36075198700013, -17.381368465999913], [31.360612991000153, -17.381368465999913], [31.360474995000118, -17.381232455999964], [31.360058007000077, -17.38122845499987], [31.35964001800005, -17.381091444999925], [31.359501022000074, -17.38108944499993], [31.359361026000045, -17.38108944499993], [31.359222030000126, -17.381087444999935], [31.35880604200014, -17.381084444999942], [31.358110061000048, -17.38107844399991], [31.357832069000096, -17.38107444399992], [31.357692073000067, -17.38107444399992], [31.357414081000172, -17.381070443999874], [31.35727308500003, -17.38120445499993], [31.357134089000112, -17.381202453999947], [31.356853097000112, -17.381333464999955], [31.352386223000167, -17.3826305689999], [31.352108231000102, -17.382628567999916], [31.352106231000107, -17.382762578999973], [31.3518272390001, -17.382758578999926], [31.3515512460001, -17.38275657899993], [31.35141225000018, -17.382754578999936], [31.35113125800018, -17.382886588999952], [31.350853266000115, -17.382884588999957], [31.35043327800014, -17.383014598999978], [31.350155286000074, -17.38301259899987], [31.350015290000044, -17.383143609999877], [31.34987629400007, -17.38314260999988], [31.34959830100007, -17.383140609999828], [31.349456305000047, -17.383273619999898], [31.34903731700001, -17.383403630999908], [31.348758325000063, -17.38339962999993], [31.34848033300011, -17.383531640999934], [31.348060345000192, -17.383660650999957], [31.347643357000152, -17.383657650999965], [31.347225368000124, -17.383653650999975], [31.346807379999973, -17.38378266099994], [31.34652938800008, -17.383781660999944], [31.34610940000016, -17.383910671999956], [31.34555241600009, -17.383906670999977], [31.344995431000086, -17.383901670999933], [31.344438447000186, -17.383895670999948], [31.34416045500012, -17.383893670999953], [31.343881463000116, -17.383891670999958], [31.34360347000012, -17.38388767099991], [31.343324478000113, -17.383885670999916], [31.342907490000073, -17.384015680999937], [31.342628498000067, -17.384013680999942], [31.34220951000009, -17.384143690999963], [31.342067514000064, -17.384275701999968], [31.341789522000113, -17.384406711999873], [31.341367534000028, -17.384669732999953], [31.340948545000117, -17.38493475399997], [31.340526556999976, -17.38533178499995], [31.340107569000168, -17.385594805999915], [31.339685581000026, -17.385858826999936], [31.339544585000112, -17.386125847999892], [31.339264593000053, -17.386254857999916], [31.338844605000077, -17.386519878999934], [31.338562613000192, -17.386918910999896], [31.33828162100008, -17.387048920999973], [31.337860633000048, -17.38744695299988], [31.337581641000043, -17.3875769629999], [31.337160653000012, -17.387975993999873], [31.336878661000128, -17.388239014999954], [31.33659966900018, -17.38837102599996], [31.33645867300004, -17.388504035999972], [31.33603868500012, -17.388634046999982], [31.335619697000084, -17.38889706699996], [31.335338705000083, -17.389029077999965], [31.33506071300019, -17.389158087999874], [31.334919717000048, -17.389292098999874], [31.334638725000104, -17.38942310899995], [31.334358732999988, -17.38968712999997], [31.33393874500007, -17.38995215099993], [31.328914886000177, -17.391110243999947], [31.32863489400006, -17.39123925399997], [31.328495898000142, -17.39123925399997], [31.32835490200017, -17.391371264999975], [31.328073910000057, -17.391636285999937], [31.32779391800011, -17.391768295999952], [31.327373930000192, -17.392031316999862], [31.327093938000132, -17.392162326999937], [31.326954942000157, -17.392294337999942], [31.326671950000048, -17.39255935899996], [31.326671950000048, -17.392693368999915], [31.326389958000163, -17.392958389999933], [31.32638795800017, -17.39322541099989], [31.32610796600011, -17.393490431999965], [31.326101967000056, -17.393890463999924], [31.325960971000086, -17.39415648499994], [31.32595897100009, -17.39429149499989], [31.325817975000177, -17.394556515999966], [31.325676979000036, -17.39468852599998], [31.325676979000036, -17.39482353699998], [31.32567497900004, -17.394957547999923], [31.32567097900005, -17.395224568999936], [31.32566898000016, -17.395491589999892], [31.325527984000075, -17.39562259999991], [31.325523984000085, -17.396025631999862], [31.32552198400009, -17.396292652999932], [31.3255179840001, -17.39655967399989], [31.325514985000154, -17.397093714999926], [31.325370989000135, -17.39736073699993], [31.325370989000135, -17.397493746999828], [31.32536598900009, -17.397894777999966], [31.325363989000095, -17.398161798999922], [31.325222993000125, -17.398428820999925], [31.325216994000073, -17.398962861999962], [31.325073998000164, -17.39936389399992], [31.32479200600011, -17.399761924999893], [31.324649010000144, -17.40002694599997], [31.324649010000144, -17.40016095699997], [31.32450701400012, -17.400293966999982], [31.324506014000065, -17.40042797799987], [31.324506014000065, -17.40056098799994], [31.32421002300015, -17.402162113999907], [31.324208024000086, -17.402431134999972], [31.324204024000096, -17.40269815599993], [31.324204024000096, -17.40283116699993], [31.32434302000007, -17.40283116699993], [31.324342020000188, -17.40294017499997], [31.323624041000187, -17.405072342999915], [31.323483045000046, -17.405206353999972], [31.32347604600011, -17.40600741699984], [31.32347204600012, -17.40640744799998], [31.3236090420001, -17.406543458999977], [31.323607042000106, -17.406810479999933], [31.32360504200011, -17.406943489999946], [31.32374503800014, -17.406945489999828], [31.323743039000078, -17.407079500999885], [31.323741039000083, -17.407346521999955], [31.323878035000064, -17.40761554299985], [31.324015031000044, -17.407750552999914], [31.32401303100005, -17.40788456399997], [31.324151027000084, -17.40801957399998], [31.324427020000087, -17.40828859599992], [31.324565016000122, -17.408557616999815], [31.32497700500005, -17.408961647999945], [31.32497700500005, -17.40909565899983], [31.325114000999974, -17.409230668999896], [31.325112001000036, -17.409497689999966], [31.325108001000046, -17.409766710999918], [31.32510600100005, -17.41003373199993], [31.32510400200016, -17.410167742999874], [31.32496300600019, -17.410298752999893], [31.324822010000105, -17.41056677399996], [31.32454201799999, -17.410831794999865], [31.324261026000045, -17.410960805999878], [31.324120030000074, -17.411094815999945], [31.324120030000074, -17.411227826999948], [31.323981034000155, -17.411225825999963], [31.32384203800018, -17.411224825999966], [31.323840038000185, -17.411359836999964], [31.32370104200004, -17.41135783699997], [31.323281053000017, -17.411620857999935], [31.322999062000065, -17.411885878999954], [31.322579073000043, -17.412015888999974], [31.322016088999987, -17.412679940999908], [31.321875094000177, -17.412810951999916], [31.321736097000098, -17.41294296199993], [31.32173209800004, -17.413211982999883], [31.321591102000127, -17.413477003999958], [31.32144810600016, -17.413878035999915], [31.321305110000083, -17.414143056999933], [31.321301110000093, -17.41454308799996], [31.32129911100003, -17.414812108999968], [31.321156115000065, -17.41507712999993], [31.32115211500013, -17.415478161999886], [31.321145115000036, -17.416281224999977], [31.321143116000144, -17.416548245999877], [31.321276112000135, -17.4170842879999], [31.321273112000085, -17.41735130899997], [31.321271113000194, -17.417618329999982], [31.321408109000174, -17.417887350999933], [31.321404109000184, -17.418287381999903], [31.321400109000024, -17.418556402999968], [31.32139711000002, -17.41895743499998], [31.321393110000088, -17.41935746599995], [31.321391110000093, -17.419625486999962], [31.321387110000103, -17.41989250799992], [31.321383110000113, -17.420294539999873], [31.32138111100005, -17.420561560999943], [31.321378111000172, -17.420828581999842], [31.321236115000147, -17.421093602999917], [31.32123311500004, -17.421496633999936], [31.321229115000108, -17.42176365499995], [31.32108812000007, -17.42202867599991], [31.32108412000008, -17.422297696999976], [31.32108412000008, -17.42243070799998], [31.32094312400011, -17.42256271799988], [31.32094112400017, -17.42282973899995], [31.32080012800003, -17.422962749999954], [31.320658132000176, -17.423094759999913], [31.320517136000035, -17.423361780999983], [31.32037614000012, -17.42349379199993], [31.32023514399998, -17.423624801999892], [31.320094148000067, -17.423891822999963], [31.319953152000096, -17.42402383299998], [31.319813156000066, -17.42415684399998], [31.319670160000157, -17.424421864999942], [31.319531164000182, -17.424555874999953], [31.319390168000098, -17.42468788599996], [31.31938816899998, -17.424820895999915], [31.319247173000065, -17.42495290699992], [31.31924517300007, -17.425221927999814], [31.319243173000075, -17.425354937999884], [31.319243173000075, -17.425488948999885], [31.31924117300008, -17.425621958999955], [31.319239173000085, -17.425755969999955], [31.31923717300009, -17.42602299099991], [31.319236173000036, -17.42615600099998], [31.31923417300004, -17.42629001199998], [31.319230174000154, -17.426692042999946], [31.319367170000135, -17.426959063999902], [31.31936517000014, -17.427093074999902], [31.319503166000175, -17.427362095999968], [31.31950116600018, -17.42749510599998], [31.319499167000117, -17.427629116999924], [31.319499167000117, -17.427764126999932], [31.319356171000038, -17.428029147999894], [31.319213175000073, -17.428430179999964], [31.31907217900016, -17.42869520099987], [31.31892818300014, -17.42896222199994], [31.31878718700017, -17.42922724199991], [31.318785187, -17.42936125299991], [31.31864419100009, -17.42962827399998], [31.318642192000027, -17.42976128399988], [31.318501196000057, -17.429893294999943], [31.31836220000008, -17.430026304999956], [31.318360200000143, -17.430160315999956], [31.317212233000078, -17.433490577999976], [31.317212233000078, -17.433624587999873], [31.317071237000164, -17.433757598999932], [31.317069238000045, -17.433891608999943], [31.316930242000126, -17.43402261999995], [31.31678724600016, -17.434289640999907], [31.316645250000136, -17.434554661999982], [31.316502254000056, -17.43495569299995], [31.316499254000178, -17.435222713999963], [31.316357258000153, -17.43548973499992], [31.316355258000158, -17.43562274599998], [31.31635025900016, -17.436157787999946], [31.316348259000165, -17.436424808999845], [31.316344259, -17.436691829999972], [31.316481255000156, -17.43695985099987], [31.316619252000123, -17.437228871999935], [31.31689124400009, -17.43776691399995], [31.31702724000013, -17.438033934999908], [31.317303233000132, -17.438304955999968], [31.317441229, -17.43857397699992], [31.317715221000128, -17.438842997999927], [31.317853218000096, -17.439112018999936], [31.317990214000076, -17.439247029999933], [31.31798821400008, -17.439381039999944], [31.318125210000062, -17.439650060999895], [31.31812421000012, -17.439783071999955], [31.31812421000012, -17.439917081999965], [31.318120211000064, -17.440184102999922], [31.318116211000074, -17.44058413499988], [31.31811421100008, -17.44071814499989], [31.317973215000166, -17.44098516599996], [31.31783021900003, -17.441250186999923], [31.31769122300011, -17.441384197999923], [31.317548226999975, -17.44164921799984], [31.317548226999975, -17.441782228999898], [31.31740623100012, -17.441916238999966], [31.31726523600014, -17.44218125999987], [31.317122240000174, -17.44244828099994], [31.31698124400009, -17.44271330199996], [31.316838248000124, -17.442980322999915], [31.31669725200004, -17.443245343999934], [31.316554256000074, -17.44351236499989], [31.31655225600008, -17.44377938599996], [31.316411260000166, -17.444044406999865], [31.31626826400003, -17.444311427999935], [31.31612826800017, -17.444443437999837], [31.316125269000054, -17.444710458999907], [31.315984273000083, -17.444977479999977], [31.315840277000063, -17.44524250099994], [31.315840277000063, -17.445378511999934], [31.31583927700018, -17.445511521999947], [31.315837277000185, -17.44564553299989], [31.315696281000044, -17.44577654299991], [31.315696281000044, -17.445910553999965], [31.31569428100005, -17.44604356399998], [31.315413289000105, -17.44617557499987], [31.31527429300013, -17.446307584999886], [31.315133297000045, -17.446440595999945], [31.314992301000075, -17.44657260599996], [31.31485130500016, -17.446705615999974], [31.314711309000074, -17.44683762699998], [31.31457031300016, -17.44696863699994], [31.314568313000166, -17.447104647999936], [31.314566314000103, -17.447371668999892], [31.314545315000032, -17.44950983699988], [31.314543315000037, -17.449642846999893], [31.314542315000153, -17.44977685799995], [31.31454031500016, -17.450043878999963], [31.314538316000096, -17.450177888999917], [31.3145363160001, -17.45031089999992], [31.31439532000013, -17.450577920999876], [31.314254324000046, -17.450842941999895], [31.314250324000056, -17.45111196299996], [31.314109328000143, -17.45137698399992], [31.313966332000177, -17.451644004999935], [31.313824336000152, -17.451909024999907], [31.31354234500003, -17.452308056999982], [31.313399349000065, -17.452573077999944], [31.31325835300015, -17.452840098999957], [31.313115357000015, -17.45310511999992], [31.31283436500007, -17.45337013999989], [31.31283336500013, -17.45363716099996], [31.312691369000106, -17.45377117199996], [31.312550373000192, -17.453903181999976], [31.312548373000027, -17.45403619299998], [31.312407377000056, -17.454303213999935], [31.312266381000143, -17.45443522399995], [31.312266381000143, -17.45456823499984], [31.31212338600011, -17.454835255999967], [31.31198238999997, -17.454967265999812], [31.31198238999997, -17.45510027699987], [31.31183939400006, -17.455367297999942], [31.31183939400006, -17.455501307999953], [31.311837394000065, -17.455634318999955], [31.31183539400007, -17.45590133999991], [31.311831394000137, -17.456168360999982], [31.31182639500014, -17.456704402999947], [31.31182639500014, -17.4568384129999], [31.311824395000144, -17.456971423999903], [31.311820394999984, -17.45723944499997], [31.311820394999984, -17.45737245499987], [31.31181839499999, -17.457506465999927], [31.31195539100014, -17.457641475999935], [31.31195539100014, -17.457774486999824], [31.311953392000078, -17.45790849699989], [31.311951392000083, -17.45804250799995], [31.311949392000088, -17.458175517999962], [31.31194239200005, -17.45911259199994], [31.311940393000157, -17.459245601999953], [31.311801396000135, -17.459243601999958], [31.311799397000016, -17.45937761199997], [31.311797397000078, -17.459510622999858], [31.311658401000102, -17.459510622999858], [31.311658401000102, -17.459644633999915], [31.31151740500013, -17.459775643999933], [31.311515405000193, -17.45990965399983], [31.311375409000107, -17.46004266499989], [31.311234413000193, -17.460174674999905], [31.311232413000027, -17.460307685999965], [31.311230413000033, -17.460441695999975], [31.31108941700012, -17.46070871699993], [31.311087417000124, -17.460842727999932], [31.311087417000124, -17.460975737999945], [31.31108541700013, -17.46110974899983], [31.31094442100016, -17.461240758999907], [31.310942422000096, -17.461507779999977], [31.3109404220001, -17.46164379099997], [31.310799426000187, -17.461774800999876], [31.310799426000187, -17.461908811999933], [31.30923047100009, -17.465638104999982], [31.30894548000009, -17.466036135999957], [31.308802484000125, -17.46643516799992], [31.308522492000066, -17.466700188999823], [31.308379496000157, -17.46710121999996], [31.30823650000019, -17.467366240999866], [31.30823650000019, -17.467499250999936], [31.30823250000003, -17.467766271999835], [31.30823050100014, -17.468035292999957], [31.308366497000065, -17.46830231399997], [31.30836449700007, -17.468571334999922], [31.308362497000076, -17.46870534599998], [31.308499493000056, -17.468974366999873], [31.308497494000108, -17.469107376999943], [31.30863549000003, -17.469374397999843], [31.308770486000185, -17.469643418999965], [31.30876848600019, -17.46991043999998], [31.30890348300005, -17.47017946099993], [31.309178475000067, -17.470717503999936], [31.309314471000164, -17.4711195349999], [31.309312472000045, -17.471253545999957], [31.30944746800003, -17.471522566999965], [31.309445468000035, -17.471789587999922], [31.309582464000187, -17.472058608999873], [31.309581464000132, -17.472191618999943], [31.309577465000075, -17.472458639999957], [31.309712461, -17.472861671999965], [31.309710461000066, -17.47312869299998], [31.309706461000076, -17.473528723999948], [31.30984245800005, -17.4737977449999], [31.309836458000063, -17.47446779799992], [31.30983410200008, -17.47462508999996], [31.309832458000074, -17.474734818999877], [31.309829614000023, -17.475114112999904], [31.309829459000127, -17.47513484999996], [31.30982765200008, -17.475335987999813], [31.309823459000143, -17.475802901999884], [31.309680463000063, -17.476069922999955], [31.30967846300007, -17.476336943999854], [31.309676464000177, -17.476469954999914], [31.309535468000036, -17.476736975999927], [31.30953346800004, -17.47687098599988], [31.309531468000046, -17.47713800699995], [31.309390472000132, -17.477270017999956], [31.309386472000142, -17.477670048999926], [31.309243476000063, -17.477937069999882], [31.309241476000068, -17.478204090999952], [31.309098481000035, -17.478471111999966], [31.30909648100004, -17.478738132999922], [31.308955485000126, -17.47900315399994], [31.308951485000136, -17.479270174999897], [31.308810489000166, -17.479537195999967], [31.308806489, -17.479938226999934], [31.30852249800006, -17.480470268999966], [31.308377502000155, -17.481004310999936], [31.30823450600002, -17.481403342999897], [31.30809151000011, -17.481670363999967], [31.30795051399997, -17.481935383999883], [31.30766752200003, -17.482200404999958], [31.307528526000056, -17.482334415999958], [31.30738553100008, -17.48259943699992], [31.30724453500011, -17.482730446999938], [31.306536556000083, -17.4864677409999]]]]}}, {"type": "Feature", "properties": {"GID_3": "ZWE.4.1.3_2", "GID_0": "ZWE", "COUNTRY": "Zimbabwe", "GID_1": "ZWE.4_1", "NAME_1": "Mashonaland Central", "NL_NAME_1": "NA", "GID_2": "ZWE.4.1_2", "NAME_2": "Bindura", "NL_NAME_2": "NA", "NAME_3": "Ward 11", "VARNAME_3": "NA", "NL_NAME_3": "NA", "TYPE_3": "Ward", "ENGTYPE_3": "Ward", "CC_3": "NA", "HASC_3": "NA", "id": "ZWE.4.1.3_2", "name": "Ward 11"}, "geometry": {"type": "MultiPolygon", "coordinates": [[[[31.236116227000025, -17.362301690999914], [31.23423970100015, -17.364617704999944], [31.234206811000092, -17.36805045899996], [31.234169212000097, -17.371973604999937], [31.233639759000084, -17.37393066199985], [31.235148216000084, -17.376396169999907], [31.234609353, -17.37933401399988], [31.234567035000055, -17.383747548999963], [31.23404255200012, -17.384730779999927], [31.23393755500001, -17.384728779999875], [31.23372356100009, -17.384830787999874], [31.2336175640001, -17.384931795999876], [31.233508567000058, -17.385032803999877], [31.233403570000178, -17.385030803999882], [31.233296573000132, -17.38502880399983], [31.23318957600003, -17.385129811999946], [31.23287158500011, -17.38512781199995], [31.23265759100019, -17.385226818999968], [31.232444597000153, -17.38532782699997], [31.232230603, -17.385427834999973], [31.232016609000084, -17.385425834999978], [31.231910612000092, -17.38552684299998], [31.23169661800017, -17.38562585099993], [31.231482624000023, -17.385827866999932], [31.231269629999986, -17.385928874999934], [31.23105363600007, -17.386128890999885], [31.23105363600007, -17.38623189899988], [31.230946639000024, -17.386230898999884], [31.230946639000024, -17.38633390699988], [31.22807672000016, -17.386508921999905], [31.227862726000183, -17.386609929999906], [31.227755729000137, -17.38660792999991], [31.22743773800005, -17.386605929999916], [31.22711874700019, -17.386704937999866], [31.22701275000003, -17.386703937999982], [31.226693759, -17.38669993799988], [31.22627077100003, -17.386594928999898], [31.225844783000127, -17.38659092899985], [31.225633789000085, -17.38658892899997], [31.225633789000085, -17.386485920999974], [31.225421795000102, -17.38648392099998], [31.225209801000176, -17.386378912999874], [31.22510480400007, -17.386275904999877], [31.224892810000142, -17.38617289699988], [31.224788812000043, -17.386170896999886], [31.224681815000167, -17.38606788899989], [31.224471821, -17.385964880999893], [31.224259827000083, -17.3857588649999], [31.224049833000095, -17.385552847999918], [31.223945836000098, -17.38544983999992], [31.223840839000047, -17.38524382399993], [31.223737842000162, -17.38503980799993], [31.22363284400018, -17.384833791999938], [31.223634844000173, -17.38462977599994], [31.22353184700006, -17.38432475199994], [31.22353484700011, -17.384120735999943], [31.223536847000105, -17.38391671999983], [31.222306879000143, -17.379722390999973], [31.22230887900014, -17.379518374999975], [31.222205882000026, -17.37921135099998], [31.222100885000145, -17.379006334999872], [31.22210288500014, -17.378802318999874], [31.22199788800009, -17.378699310999878], [31.221894890000044, -17.378493293999952], [31.221789893000164, -17.378289277999954], [31.221474902000125, -17.377980253999965], [31.221261908000088, -17.37797825399997], [31.221156911000037, -17.37797625399992], [31.22094291700006, -17.37797525399992], [31.220836920000124, -17.378076261999922], [31.22072992300002, -17.378074261999927], [31.22062492600014, -17.378074261999927], [31.22041093200005, -17.378173269999877], [31.220303935000175, -17.37827427799988], [31.220090941000137, -17.37837528599988], [31.21998194400004, -17.37847629399988], [31.219874947000164, -17.37867830999994], [31.219766950000064, -17.378779317999943], [31.219764951000116, -17.378984333999938], [31.219764951000116, -17.37908534199994], [31.219762951000178, -17.379289357999937], [31.219760951000183, -17.379392365999934], [31.219758951000188, -17.37959638199993], [31.219861948000073, -17.37980039799993], [31.219859948000078, -17.380004413999927], [31.21996494600006, -17.38020842999987], [31.219962946000066, -17.380311437999865], [31.220067943000174, -17.380515453999976], [31.22017094000006, -17.38082247799997], [31.220273937000172, -17.381028493999963], [31.220271937000177, -17.38123250999996], [31.220376934000058, -17.38143652599996], [31.22037293500017, -17.381743550999943], [31.220370935000176, -17.381948566999938], [31.220475932000056, -17.382051574999934], [31.220471932000123, -17.382356598999877], [31.220469932000128, -17.382560614999875], [31.22057492900018, -17.382764630999873], [31.220572930000117, -17.382968646999814], [31.220569930000067, -17.38327567099998], [31.220567930000072, -17.383479686999976], [31.220563930000083, -17.38378471099992], [31.220454933000042, -17.384090734999916], [31.22044593400011, -17.385007806999965], [31.220443934000116, -17.385211822999963], [31.220334937000075, -17.38541583899996], [31.220332938000126, -17.38561985499996], [31.22033093800019, -17.385821870999962], [31.220326938000028, -17.3861288949999], [31.220219941000153, -17.3862309029999], [31.220216941000047, -17.386434918999896], [31.22010994400017, -17.386535926999898], [31.22000094700013, -17.386737942999844], [31.219786952999982, -17.38693995899996], [31.219571960000053, -17.387141974999963], [31.219355966000137, -17.387445998999965], [31.2191429720001, -17.38754700699991], [31.219035975000054, -17.387646014999916], [31.218821981000076, -17.38784803099992], [31.2186069870001, -17.38805004699998], [31.218392993000123, -17.38815105499998], [31.21796400500017, -17.38855408699993], [31.21796400500017, -17.388657094999928], [31.217855009, -17.38885911099993], [31.217747012000075, -17.38906312699993], [31.21774501200008, -17.389267142999927], [31.21774101200009, -17.38957216699987], [31.217739012000095, -17.389877190999982], [31.217735012000162, -17.39008120699998], [31.217626016000168, -17.390387230999977], [31.21762301600012, -17.39069425499997], [31.217621016000123, -17.390999278999914], [31.21761901600013, -17.39120329499991], [31.21761501600014, -17.39150831899991], [31.217613017000076, -17.39171233499991], [31.21761101700008, -17.39191635099985], [31.217605017000153, -17.392325382999957], [31.217605017000153, -17.392428390999953], [31.21770801400004, -17.39263240699995], [31.217707014000155, -17.39283642299995], [31.217811012000027, -17.393040438999947], [31.217810012000143, -17.393244454999945], [31.21791300900003, -17.393450471999927], [31.21791300900003, -17.39355147999987], [31.220128947000035, -17.394899584999962], [31.220233944000142, -17.394899584999962], [31.225596796000104, -17.400154994999923], [31.22570179300004, -17.40025800299992], [31.225804790000097, -17.400462018999917], [31.22601678400008, -17.400567027999898], [31.22612178100013, -17.400670035999894], [31.226333775000057, -17.40077304399989], [31.226437772000054, -17.400876051999887], [31.226542770000037, -17.40108206799988], [31.226647767000145, -17.40108206799988], [31.22664576700015, -17.401286083999878], [31.22675076400003, -17.401389091999874], [31.226748764000035, -17.401593107999815], [31.226640767000106, -17.40179612399993], [31.22663876700011, -17.402000139999927], [31.22653177, -17.40210114799993], [31.22642277400007, -17.402305163999927], [31.226420774000076, -17.402509179999925], [31.226209780000033, -17.40250717999993], [31.22620778000004, -17.402608187999874], [31.226100783000163, -17.402608187999874], [31.226100783000163, -17.402709195999876], [31.225993786000117, -17.402810203999877], [31.22588678900007, -17.402808203999882], [31.22577979199997, -17.402909211999884], [31.225566798000102, -17.40290821199983], [31.22546180100005, -17.40290821199983], [31.225354804000176, -17.402906211999948], [31.22524780700013, -17.402906211999948], [31.225142810000023, -17.402904211999953], [31.225036813000088, -17.402904211999953], [31.22482281900011, -17.402902211999958], [31.22471782200006, -17.402900210999974], [31.22429283400004, -17.402896210999813], [31.223973843000067, -17.402892210999937], [31.22375984900009, -17.40299321899994], [31.223229864000018, -17.40298821899995], [31.223122867000143, -17.402986218999956], [31.220565939000153, -17.403777281999965], [31.22013995100008, -17.40387628999997], [31.21992695700004, -17.403976297999918], [31.219605966000017, -17.404075305999925], [31.219394971999975, -17.40407330599993], [31.21896898400007, -17.404069305999883], [31.218650993000153, -17.404065304999904], [31.218330002000187, -17.40416431299991], [31.21801201100004, -17.40416131299986], [31.21779801700012, -17.404262320999976], [31.2173730290001, -17.404258320999872], [31.21705403800013, -17.404254320999826], [31.216947041000026, -17.40435532899994], [31.21684104400009, -17.404456336999942], [31.21662505000012, -17.404658352999945], [31.216305059000035, -17.40485936899995], [31.216091065000114, -17.405061384999897], [31.215877071000136, -17.405160392999903], [31.215769074000036, -17.405261400999905], [31.215662077000104, -17.40536240899985], [31.215448084000116, -17.40546141599998], [31.21523509000008, -17.40556342399998], [31.215128092999976, -17.40566443199998], [31.214914099000055, -17.405866447999813], [31.214701105000188, -17.405965455999933], [31.214592108000147, -17.406066463999935], [31.214380114, -17.40606446399994], [31.21427311700012, -17.40616547199994], [31.21406012300008, -17.406264479999948], [31.21384612900016, -17.406366487999946], [31.21214517700008, -17.406552502999887], [31.211719189, -17.406549502999837], [31.21118720400017, -17.406543502999966], [31.210869213000024, -17.406539502999976], [31.210552222000047, -17.406434494999928], [31.210127234000026, -17.406430494999938], [31.20959724800008, -17.40632448699995], [31.20927825700005, -17.40632048599997], [31.208959266000193, -17.406318485999975], [31.20885326900003, -17.406316485999923], [31.20874827200015, -17.406316485999923], [31.203777410999976, -17.404227323999976], [31.203247426000132, -17.40412131599993], [31.202824438000107, -17.404014307999944], [31.202080459000115, -17.404006306999975], [31.20197346200007, -17.404006306999975], [31.201868465000132, -17.404004306999923], [31.201761468000086, -17.404004306999923], [31.20154947400016, -17.404002306999928], [31.196016630000088, -17.40476336899991], [31.19580363600005, -17.40486337699997], [31.195591642000124, -17.404861376999975], [31.195166654000104, -17.40496038499998], [31.19474066600003, -17.40495438499994], [31.19431367800007, -17.405053392999946], [31.193994687000043, -17.405152400999953], [31.193676696000125, -17.405149400999903], [31.1933557050001, -17.40524840899991], [31.193142711000064, -17.405347415999927], [31.193037714000184, -17.405347415999927], [31.18770886400017, -17.40692654299994], [31.187387872999977, -17.407025550999947], [31.187279876000048, -17.40722856699989], [31.187067882000065, -17.407327573999908], [31.18685188900008, -17.40752958999991], [31.186640894999982, -17.407527589999916], [31.18642690100006, -17.40762859799986], [31.186108910000144, -17.40762459799987], [31.185680922000074, -17.407722605999822], [31.185257933000173, -17.407718605999946], [31.185255934000054, -17.407819613999948], [31.18514893700018, -17.407819613999948], [31.185041940000133, -17.40792062199995], [31.185039940000138, -17.40802162999995], [31.185039940000138, -17.408124637999947], [31.185038940000084, -17.40822564599995], [31.185038940000084, -17.408328653999945], [31.18514293700008, -17.40843166199994], [31.185245934000136, -17.40863567799994], [31.185245934000136, -17.408738685999936], [31.18534893100002, -17.408942701999877], [31.185333933000038, -17.410463821999883], [31.185331933000043, -17.41066783799988], [31.18543693000015, -17.410770845999878], [31.185434930000156, -17.41087185399988], [31.185434930000156, -17.410974861999875], [31.18543293000016, -17.411075869999877], [31.185430930000166, -17.411279885999875], [31.18542993000011, -17.41138289399987], [31.18542993000011, -17.411483901999816], [31.185427930000117, -17.411687917999927], [31.18542393100006, -17.411992941999927], [31.185312934000024, -17.412297965999926], [31.185202937000042, -17.41270699799992], [31.185093940000172, -17.413012021999975], [31.185089941000115, -17.413418053999976], [31.18508794100012, -17.413622069999974], [31.185085941000125, -17.41372507799997], [31.18508394100013, -17.413826085999972], [31.185081941000135, -17.41403010199997], [31.185081941000135, -17.414133109999966], [31.18507994099997, -17.41423411799991], [31.185078941000086, -17.41443813399991], [31.185181939000074, -17.4146441499999], [31.18517993900008, -17.414847165999902], [31.18517993900008, -17.414950173999898], [31.185282936000192, -17.415154189999896], [31.185280936000026, -17.415358205999837], [31.185276936000037, -17.415665229999945], [31.18527293700015, -17.41607326199994], [31.18527293700015, -17.416174269999942], [31.185266937, -17.416582301999938], [31.185266937, -17.41668330999994], [31.185264937, -17.416786317999936], [31.185158940000065, -17.41688732599988], [31.18515694000007, -17.417092341999876], [31.185047944000075, -17.41729435799988], [31.184830950000105, -17.417700389999936], [31.184721953000064, -17.41790240599994], [31.184612955999967, -17.418106421999937], [31.184395963000043, -17.41871546999988], [31.18439196300011, -17.419022493999876], [31.18428296600007, -17.41922450999988], [31.18428194100005, -17.419329098999924], [31.184154141000135, -17.421289102999935], [31.187886493000065, -17.42132356199994], [31.18886450500014, -17.425746254999922], [31.192820401000063, -17.439023595999913], [31.196849118000046, -17.444945205999943], [31.19684429600005, -17.445435584999927], [31.201403369000047, -17.44940023099997], [31.210044761000063, -17.453891984999927], [31.214647333000187, -17.45344291599997], [31.217282718000035, -17.445129281999982], [31.217287484000053, -17.444638896999948], [31.222940009000126, -17.44125644299993], [31.22797728800009, -17.448657797999942], [31.23306695200006, -17.450664779999897], [31.23459954100008, -17.450678383999957], [31.23647310400014, -17.468350521999923], [31.238601377000123, -17.470604715999855], [31.235055560999967, -17.47156659999996], [31.23502456199998, -17.47159660199992], [31.23479256800016, -17.471598601999915], [31.234561575000157, -17.471825619999947], [31.234328581000057, -17.471827619999942], [31.233867594, -17.472056638999902], [31.233634601000176, -17.472058638999954], [31.229924706000077, -17.47321473099987], [31.228995732000158, -17.473448749999875], [31.22806675800001, -17.473458750999896], [31.228068758000177, -17.473681767999892], [31.22783676500012, -17.473683768999877], [31.204712412000163, -17.465670148999948], [31.204479418000062, -17.465672148999943], [31.20354844500008, -17.465681149999966], [31.20261447100006, -17.465247116999933], [31.20238147700013, -17.46524811699993], [31.202148484000134, -17.465250116999925], [31.201912490000154, -17.465029099999924], [31.201679497000157, -17.46503309999997], [31.201557945000047, -17.46504337599987], [31.201446074000103, -17.46504236399994], [31.200979516000075, -17.46481608299996], [31.20074652300002, -17.46481908399994], [31.200281536000034, -17.46482308399993], [31.199814549000052, -17.46460606699992], [31.19888357500008, -17.464615068999933], [31.198398589000135, -17.464621068999918], [31.189018851000128, -17.46153683099982], [31.188526865000085, -17.461376818999895], [31.185743943000034, -17.460460747999946], [31.17716718300005, -17.457475516999978], [31.176232209000148, -17.457038482999963], [31.175532229000112, -17.456823465999832], [31.17482824800004, -17.456384431999936], [31.174361261000058, -17.45616741499998], [31.17412826800006, -17.45616841599997], [31.173894274000077, -17.455947397999978], [31.173428288000025, -17.455953398999952], [31.16904041099997, -17.454969323999876], [31.16200260800008, -17.453393202999962], [31.16083264000008, -17.452958168999942], [31.159667673000058, -17.45274715299996], [31.15873469900015, -17.452533135999943], [31.158269712000106, -17.452539136999974], [31.157802725000124, -17.45231911999997], [31.157336739000073, -17.452325120999944], [31.15686975200009, -17.452106103999938], [31.155467790999978, -17.451675069999908], [31.1552367970001, -17.451677070999892], [31.152215881000075, -17.44943889599989], [31.13818527400008, -17.444826539999895], [31.138004279000143, -17.44476553499993], [31.13793627900003, -17.441298262999908], [31.137938279000025, -17.44109424699991], [31.13793927900008, -17.44099323899991], [31.137941279000074, -17.44078922299991], [31.137947278000127, -17.440176174999976], [31.137951278000116, -17.439871150999977], [31.138062275000152, -17.43946311899998], [31.138172272000077, -17.439057086999924], [31.13828126800007, -17.438854070999923], [31.138285268, -17.43854704699993], [31.13828726800017, -17.438446038999928], [31.13839326500016, -17.43824202299993], [31.138395265000156, -17.43814101499993], [31.13839726500015, -17.438038006999932], [31.138504262000026, -17.437936998999817], [31.138506262000192, -17.437835990999872], [31.138611259000072, -17.43783799099998], [31.138718256000118, -17.43783799099998], [31.138718256000118, -17.43773698299998], [31.13882425300011, -17.43773698299998], [31.138931249999985, -17.437635974999978], [31.13893325000015, -17.437534966999863], [31.139040247000025, -17.437534966999863], [31.13925424000007, -17.437333950999914], [31.139362237000057, -17.437232942999913], [31.139364237000052, -17.437028926999915], [31.139578231000144, -17.43692791899997], [31.139687228000184, -17.436725902999967], [31.139793225000176, -17.436624894999966], [31.13979522500017, -17.436523886999964], [31.13979522500017, -17.436420878999968], [31.140011219000087, -17.436218862999965], [31.14001321799998, -17.436013846999856], [31.140121215000136, -17.43581183099991], [31.140230212000176, -17.435609814999907], [31.14023621200016, -17.43509877499997], [31.140238212000156, -17.434894758999974], [31.14024021200015, -17.434690742999976], [31.140244211000038, -17.434385718999977], [31.140350207999973, -17.434283710999978], [31.140352208000138, -17.434182702999976], [31.140352208000138, -17.43407969499998], [31.140459205000013, -17.433978686999865], [31.14057020200005, -17.433673662999922], [31.14067619900004, -17.433574654999916], [31.14078519600008, -17.433370638999918], [31.140789194999968, -17.43296260699998], [31.141441176, -17.431745510999917], [31.141548173000103, -17.431644502999916], [31.141762167000024, -17.431545494999966], [31.14186916400007, -17.431545494999966], [31.14186916400007, -17.431443486999967], [31.14197516100006, -17.431443486999967], [31.142082158000107, -17.43134447999995], [31.142084158000102, -17.431241470999964], [31.14219115500015, -17.431140462999963], [31.142193155000143, -17.43103945499996], [31.142193155000143, -17.430936446999965], [31.142195155000138, -17.43083543899985], [31.142195155000138, -17.430732430999853], [31.142199155000128, -17.430528414999912], [31.142200154000136, -17.430324398999915], [31.14220415400007, -17.430019374999915], [31.142206154000064, -17.429815358999917], [31.142315151000105, -17.429612342999974], [31.14242214799998, -17.429511334999972], [31.142530145000137, -17.429307318999975], [31.142744139000115, -17.429208310999968], [31.143063130000087, -17.42910930399995], [31.143276124000124, -17.42901029599983], [31.143597115000148, -17.428910287999884], [31.143810108000082, -17.428811279999877], [31.14402410200006, -17.428710271999876], [31.144131099000106, -17.428712271999927], [31.144236096000157, -17.428714271999922], [31.14423809600015, -17.428611263999926], [31.144344093000143, -17.428510255999925], [31.14445109000019, -17.428409247999923], [31.14456008700006, -17.428207231999977], [31.1446690840001, -17.428004215999977], [31.14477908100008, -17.427699191999977], [31.144995075000168, -17.427394167999978], [31.14510307100005, -17.42719215199992], [31.145105071000046, -17.42698813599992], [31.145214068000087, -17.426786119999917], [31.14521606800008, -17.426582103999976], [31.14522006800007, -17.426173071999926], [31.14522206800001, -17.425969055999815], [31.145227067000178, -17.425460015999874], [31.145124070000122, -17.42515299199988], [31.145128070000055, -17.424845967999886], [31.145025072000067, -17.424641951999945], [31.14502707200006, -17.42433492799995], [31.14492607500017, -17.424027903999956], [31.14492807500011, -17.423824887999956], [31.144930075000104, -17.423620871999958], [31.144930075000104, -17.42351786399996], [31.144934074, -17.42321283999985], [31.145044071000143, -17.422907815999906], [31.14526006500006, -17.422604791999902], [31.145582056000137, -17.422198759999958], [31.14622703700013, -17.42159371199989], [31.146442031000163, -17.421290687999885], [31.14665802500008, -17.421087671999942], [31.14687301900011, -17.420784647999938], [31.146982016000152, -17.420479623999938], [31.147198009000192, -17.420174599999882], [31.14730600600018, -17.41997258399988], [31.147526, -17.41936153599994], [31.147635996000076, -17.41895550399994], [31.147746993000112, -17.418549471999825], [31.148515971000165, -17.41631129599989], [31.148410973000182, -17.416107279999892], [31.148200979000023, -17.4159012639999], [31.148097982000138, -17.415594239999905], [31.14788798800015, -17.415388223999912], [31.147784991000094, -17.41518220799992], [31.147681993000106, -17.414875183999925], [31.147471999000118, -17.41456815999993], [31.147367002000067, -17.41436214299995], [31.147160008000128, -17.41405511899984], [31.147160008000128, -17.413952110999844], [31.147055011000077, -17.413849102999848], [31.14705701000014, -17.413748094999903], [31.14705801000008, -17.413544078999905], [31.146955013000138, -17.413338062999912], [31.146957013000133, -17.413033038999913], [31.146854016000077, -17.412829022999915], [31.146856016000072, -17.412625006999974], [31.146858015000134, -17.41241999099998], [31.146967012000175, -17.41221597499998], [31.14696901200017, -17.412011958999813], [31.14707800900004, -17.41180994299998], [31.147079009000095, -17.411605926999982], [31.147188006000135, -17.411403910999923], [31.147192005000022, -17.410995878999927], [31.147303002000058, -17.41068985499993], [31.147305002000053, -17.410485838999932], [31.147306002000164, -17.410281822999934], [31.14730800200016, -17.410180814999933], [31.14741699900003, -17.40997679899982], [31.14741899800009, -17.40977278299988], [31.14741899800009, -17.40967177499988], [31.147527995000132, -17.40946775899988], [31.14753099500001, -17.409265742999935], [31.147532995000176, -17.409061726999937], [31.147536995000166, -17.408652694999944], [31.14753899500016, -17.408448678999946], [31.147540994000053, -17.408244662999948], [31.147542994000048, -17.40814165499995], [31.147546994000038, -17.407836630999952], [31.147548994000033, -17.40763261499984], [31.147551994000082, -17.4073275909999], [31.147551994000082, -17.407224582999902], [31.14755599300014, -17.406919558999903], [31.147557993000135, -17.40671554299996], [31.147666990000175, -17.406510525999977], [31.147775987000045, -17.406308509999974], [31.147881984000037, -17.406207501999972], [31.147990981000078, -17.40600548699996], [31.148204975, -17.405904478999958], [31.14831397200004, -17.405702462999898], [31.14844748200011, -17.405646068999943], [31.148453461000145, -17.405637621999972], [31.1525430530001, -17.404703223999945], [31.153053765000095, -17.40470795499988], [31.15356447800019, -17.40471268399989], [31.15512613800007, -17.401784642999928], [31.15563684300014, -17.40178936599989], [31.157173873000147, -17.401313156999834], [31.159751931000073, -17.398884875999897], [31.161794725000163, -17.398903709999956], [31.16178982400004, -17.399394081999958], [31.16178492200015, -17.399884453999903], [31.162295624000137, -17.399889159999873], [31.162300524000045, -17.39939878799987], [31.162305424000067, -17.39890841499988], [31.16281612300014, -17.39891311899993], [31.163326822000045, -17.398917821999873], [31.163837522000165, -17.39892252399983], [31.163842417000126, -17.39843215099995], [31.16435311600003, -17.39843685099987], [31.16486381400017, -17.398441549999916], [31.16589499100013, -17.397470195999915], [31.16589988100003, -17.396979822999924], [31.166415464000124, -17.396494143999973], [31.16642035199999, -17.396003769999936], [31.166425239000148, -17.395513395999842], [31.166935930000022, -17.39551808899995], [31.16795731200017, -17.395527469999934], [31.168973814000083, -17.396027220999883], [31.16897869500002, -17.395536846999903], [31.168983576000187, -17.395046471999933], [31.168988457000125, -17.394556097999953], [31.168993337000188, -17.39406572299987], [31.16900309800019, -17.39308497499991], [31.168492413000138, -17.393080287999965], [31.170034222000083, -17.39211359399991], [31.171055588, -17.39212295799996], [31.172587636000117, -17.392136993999884], [31.174630370000045, -17.392155689999925], [31.175155644000142, -17.390689231999943], [31.175150781000184, -17.391179607999902], [31.17668768500016, -17.390703234999933], [31.178239145000134, -17.38875571799997], [31.17977602200017, -17.388279317999945], [31.179780872000038, -17.38778894099994], [31.180807066000057, -17.38730787399993], [31.182353611, -17.385850695999977], [31.184906955000088, -17.385873929999946], [31.186959294000133, -17.3849117339999], [31.188496122000117, -17.384435261999897], [31.19055806800003, -17.382492263999893], [31.19209005400012, -17.382506141999897], [31.19363166300002, -17.38153924599993], [31.193636474000186, -17.381048863999865], [31.193641285000126, -17.38055848199997], [31.194161560999987, -17.37958233699993], [31.19416637000012, -17.379091954999865], [31.19469144500016, -17.377625425999952], [31.19573195999999, -17.37567312599998], [31.196242605000066, -17.37567773899997], [31.196261813000035, -17.373716206999973], [31.197798528000135, -17.37323965199994], [31.19934482200017, -17.371782316999884], [31.201392149000185, -17.37131033399993], [31.202943182000183, -17.36936258099996], [31.205501104000064, -17.368895144999954], [31.207032989000083, -17.368908898999905], [31.20805424600013, -17.368918060999874], [31.209085036000147, -17.367946444999973], [31.21062167800011, -17.36746978399998], [31.21165244800011, -17.366498152999952], [31.213184318, -17.36651185699992], [31.215742186000114, -17.36604428399994], [31.21727405600018, -17.366057956999953], [31.218810666000138, -17.36558122799994], [31.21985085800003, -17.363628769999934], [31.2224086760001, -17.36316110599995], [31.223940528000014, -17.363174725999954], [31.226493617000187, -17.363197398999944], [31.229027862000123, -17.365181607999887], [31.23107036100015, -17.36519969999989], [31.231609215000105, -17.36226186199991], [31.236116227000025, -17.362301690999914]]]]}}, {"type": "Feature", "properties": {"GID_3": "ZWE.4.1.4_2", "GID_0": "ZWE", "COUNTRY": "Zimbabwe", "GID_1": "ZWE.4_1", "NAME_1": "Mashonaland Central", "NL_NAME_1": "NA", "GID_2": "ZWE.4.1_2", "NAME_2": "Bindura", "NL_NAME_2": "NA", "NAME_3": "Ward 12", "VARNAME_3": "NA", "NL_NAME_3": "NA", "TYPE_3": "Ward", "ENGTYPE_3": "Ward", "CC_3": "NA", "HASC_3": "NA", "id": "ZWE.4.1.4_2", "name": "Ward 12"}, "geometry": {"type": "MultiPolygon", "coordinates": [[[[31.23404255200012, -17.384730779999927], [31.235278806000053, -17.386272444999975], [31.237265180000122, -17.392175210999937], [31.25210889500005, -17.388765271999887], [31.252789026000073, -17.388773089999916], [31.25306801800008, -17.38877508999991], [31.25334401100008, -17.38891210099996], [31.253898995000156, -17.389050110999904], [31.25459597600019, -17.389191121999943], [31.254871968000145, -17.38932613299994], [31.2551489600001, -17.389464142999884], [31.25528595600008, -17.38959915399988], [31.255424952000055, -17.38959915399988], [31.255424952000055, -17.389732163999952], [31.255422953000163, -17.389866174999952], [31.255562949000193, -17.389868174999947], [31.255560949000028, -17.39000118599995], [31.25569794500018, -17.3901371959999], [31.25569794500018, -17.390270206999958], [31.255695945000184, -17.39040421699997], [31.255832941000165, -17.39067323799992], [31.255831942000157, -17.390806248999922], [31.25638292600007, -17.391346290999934], [31.25665691900008, -17.391750322999883], [31.256931911000095, -17.392019343999948], [31.257208903000105, -17.39215735399989], [31.257486896000103, -17.392292364999946], [31.257623892000083, -17.39242837499995], [31.25790288400009, -17.39242937499995], [31.25804188, -17.392431375999934], [31.258180876000154, -17.39243337599993], [31.258180876000154, -17.392300364999983], [31.258320872000183, -17.392300364999983], [31.258877857000186, -17.39230536499997], [31.25915584900008, -17.39230936499996], [31.25957383700006, -17.392447375999893], [31.260130821000132, -17.392450375999886], [31.260406814000135, -17.392588386999932], [31.260546810000164, -17.392590386999927], [31.260683806000145, -17.39272339699994], [31.260959798000044, -17.392861407999874], [31.261375787000077, -17.393131428999936], [31.261650779000092, -17.39353646099994], [31.261925771000108, -17.393805481999948], [31.261923772000046, -17.393938491999904], [31.261923772000046, -17.394072502999904], [31.262060768000026, -17.39420751399996], [31.265070685000126, -17.399315913999942], [31.26561967000015, -17.400122976999967], [31.26575466700001, -17.400391997999975], [31.265753667000126, -17.400659018999875], [31.260154135000107, -17.402184865999914], [31.256541790000085, -17.406076827999982], [31.257015337000098, -17.41000447099998], [31.260005582000133, -17.417877603999898], [31.262522372000035, -17.42182306999996], [31.26552227100018, -17.428715350999937], [31.26655315300019, -17.427743446999898], [31.266530001000035, -17.43019544099991], [31.266497582000113, -17.433628230999886], [31.269028581000043, -17.43610244399997], [31.274647744000163, -17.43615121299996], [31.27618024700007, -17.436164485999882], [31.279254452000146, -17.435210192999875], [31.28633283700003, -17.44311831899995], [31.288832213999967, -17.449025137999854], [31.28980821700003, -17.453937957999926], [31.291828917000032, -17.456407534999983], [31.29128601600013, -17.45983597399993], [31.29433318400004, -17.461823903999857], [31.294350889000157, -17.462449859999936], [31.294347889000107, -17.462808888999973], [31.294345889000112, -17.462989902999936], [31.29550285800019, -17.465939133999825], [31.295563856000058, -17.46605914299988], [31.295563856000058, -17.46612014799996], [31.295573856000033, -17.46624015799995], [31.295571856000038, -17.466580183999838], [31.295565856000053, -17.466982215999963], [31.295562857000107, -17.46738324699993], [31.295560857000112, -17.46765026799983], [31.295554857000127, -17.46818430999997], [31.295552857000132, -17.468451330999926], [31.297137816000088, -17.476889992999872], [31.297408809000046, -17.477693055999964], [31.29740680900005, -17.47782806599986], [31.29754180600014, -17.47809508699993], [31.297679802000175, -17.47836410799988], [31.29781479800016, -17.478767139999945], [31.29808979100011, -17.47903816099995], [31.298224787000038, -17.479440191999913], [31.298360783000135, -17.47984122399987], [31.298634776000142, -17.480245254999943], [31.298907768000163, -17.48078329799995], [31.29918276100011, -17.48118532899997], [31.299317757000097, -17.481588360999922], [31.299453753000137, -17.481990391999886], [31.29959075, -17.48225941299995], [31.299865742, -17.482530433999898], [31.30000273800016, -17.482797454999968], [31.300139735000073, -17.482933465999963], [31.301228705000085, -17.485349654999936], [31.3015036970001, -17.485753686999885], [31.30160669500009, -17.48616571899987], [31.30149069800018, -17.486129715999823], [31.301154707000023, -17.486131715999875], [31.300900714000022, -17.486051709999856], [31.300565724000023, -17.486053709999908], [31.300481726000044, -17.486055710999892], [31.300313731000074, -17.486055710999892], [31.300145736000104, -17.486057710999887], [31.299893743000155, -17.486059710999882], [31.299725748000185, -17.486059710999882], [31.29964175000015, -17.486141717999942], [31.29947475500012, -17.486141717999942], [31.299306759000046, -17.486143717999937], [31.298142792000135, -17.486118716999954], [31.29746381100017, -17.485849695999946], [31.296630834000098, -17.485708684999963], [31.295794858000193, -17.485567673999924], [31.295655862000046, -17.485565673999872], [31.295460866999974, -17.485563673999877], [31.295377870000152, -17.485563673999877], [31.292588948000116, -17.485803693999912], [31.29231095600005, -17.48580169399986], [31.29189696800006, -17.48553067299997], [31.291339983000114, -17.485391661999927], [31.290786999000147, -17.48511864099993], [31.290508006000096, -17.48498362999993], [31.290230013999974, -17.48497962999994], [31.289955022000186, -17.484710608999933], [31.289400037000178, -17.484437587999878], [31.288706057000127, -17.48416356699994], [31.285522146, -17.48226141899994], [31.285106157000143, -17.48212440799989], [31.284689169000103, -17.481986397999947], [31.28462217100008, -17.481964395999967], [31.284328179000113, -17.481803382999885], [31.283909191000077, -17.48172537699992], [31.283571200000097, -17.48164737099995], [31.28331920700009, -17.481567364999876], [31.283150212000066, -17.481487358999914], [31.282982217000097, -17.481409352999947], [31.28281422100008, -17.48132834699993], [31.28092627400008, -17.480558286999894], [31.276783390000105, -17.47870414299996], [31.276644394000186, -17.47870414299996], [31.276367402000176, -17.4785671329999], [31.275951413000143, -17.478429121999852], [31.275533425000162, -17.478292110999973], [31.275116437000122, -17.478288110999927], [31.27483744400007, -17.478284110999937], [31.274698448000095, -17.478284110999937], [31.27428046000017, -17.478280110999947], [31.274141464000024, -17.47827911099995], [31.2737234760001, -17.478408120999973], [31.27344548399998, -17.478406120999978], [31.27316549200009, -17.47840312099993], [31.272886499000037, -17.478534130999947], [31.272745503000067, -17.478666141999838], [31.272465511000178, -17.478797151999913], [31.272323515000153, -17.47892916299992], [31.272045523000088, -17.478927161999934], [31.272045523000088, -17.479061172999934], [31.271904527000117, -17.47919218299984], [31.269666591000032, -17.47997424599987], [31.269388598000035, -17.479972245999875], [31.269249602000116, -17.47997024499989], [31.268972610000105, -17.479833234999944], [31.26869461800004, -17.47983123499995], [31.26855662200012, -17.47969622399995], [31.26813963400008, -17.479692223999905], [31.268139633000033, -17.479558213999837], [31.267860641000027, -17.479557213999954], [31.267723645000046, -17.47942120299996], [31.263294769000083, -17.47670499199984], [31.26287878000005, -17.47643396999996], [31.262602788000095, -17.476298959999895], [31.262325796000084, -17.47616094899996], [31.26204980300008, -17.476025938999953], [31.261909807000052, -17.4758909279999], [31.261770811000076, -17.475888927999904], [31.261352823000152, -17.475884927999914], [31.26093583500011, -17.475880927999867], [31.260376850000114, -17.476008937999893], [31.260376850000114, -17.476141948999953], [31.260237854000025, -17.476141948999953], [31.260097858000165, -17.476139947999968], [31.25997786199997, -17.476187951999975], [31.25951787500003, -17.476231955999936], [31.259266882000134, -17.476313961999892], [31.25884489400005, -17.47631796299987], [31.258508903000063, -17.476319962999867], [31.258341908000148, -17.476401969999813], [31.25817391200013, -17.476401969999813], [31.256328965000137, -17.476735996999935], [31.25607797200007, -17.47681800299995], [31.25573998100009, -17.476819003999935], [31.25557198600012, -17.47682100399993], [31.25540399099998, -17.47682100399993], [31.25531999300017, -17.476823003999925], [31.253386047, -17.47651197999994], [31.25321805200008, -17.47643197399998], [31.252967059000184, -17.47635396799984], [31.252883061000148, -17.47627396199988], [31.25279706400005, -17.47627396199988], [31.249516156000027, -17.475405894999824], [31.24943215800016, -17.475325888999862], [31.248788176000176, -17.47479784799998], [31.248555182000075, -17.47479984799986], [31.24855318200008, -17.47457582999988], [31.248088195000093, -17.474581830999853], [31.248084195000104, -17.47435881399997], [31.2478532020001, -17.474360813999965], [31.24784920200011, -17.47413779599998], [31.247384215000068, -17.474142796999956], [31.24715122200007, -17.474144796999838], [31.247149222000075, -17.473921779999955], [31.246917228000086, -17.47392377999995], [31.24691522800009, -17.473700761999964], [31.246682235000094, -17.47370276299995], [31.246678235000104, -17.473479744999963], [31.246446241000115, -17.473483744999953], [31.24644424100012, -17.47325972799996], [31.246209248000127, -17.47303871099996], [31.245972254000037, -17.472817692999968], [31.245738261000156, -17.47259667599991], [31.245734261000166, -17.472372658999916], [31.24550326700006, -17.472376658999906], [31.245267274000184, -17.472155641999905], [31.245034280000084, -17.4721576419999], [31.245038280000074, -17.472380658999953], [31.24480528700002, -17.472384659999932], [31.244344300000193, -17.47283469499996], [31.24411530700013, -17.473061712999936], [31.243882313000086, -17.47306371399992], [31.243651320000026, -17.473290730999963], [31.243419326000037, -17.473292731999948], [31.243184333000045, -17.473071713999957], [31.242951339000115, -17.473072714999944], [31.242717346000063, -17.472853697999938], [31.242251359000136, -17.472857697999927], [31.242015365000157, -17.47263868099992], [31.241780372000164, -17.472416663999923], [31.24154737900011, -17.472418663999917], [31.241546378000123, -17.472195645999932], [31.24108039200013, -17.472201646999906], [31.240613405000147, -17.471981629999902], [31.240376411000057, -17.471762612999896], [31.240144418000114, -17.47176461299989], [31.239676431000078, -17.47154759599988], [31.239493342000117, -17.47154943299995], [31.238601377000123, -17.470604715999855], [31.23647310400014, -17.468350521999923], [31.23459954100008, -17.450678383999957], [31.23306695200006, -17.450664779999897], [31.22797728800009, -17.448657797999942], [31.222940009000126, -17.44125644299993], [31.217287484000053, -17.444638896999948], [31.217282718000035, -17.445129281999982], [31.214647333000187, -17.45344291599997], [31.210044761000063, -17.453891984999927], [31.201403369000047, -17.44940023099997], [31.19684429600005, -17.445435584999927], [31.196849118000046, -17.444945205999943], [31.192820401000063, -17.439023595999913], [31.18886450500014, -17.425746254999922], [31.187886493000065, -17.42132356199994], [31.184154141000135, -17.421289102999935], [31.18428194100005, -17.419329098999924], [31.18428296600007, -17.41922450999988], [31.18439196300011, -17.419022493999876], [31.184395963000043, -17.41871546999988], [31.184612955999967, -17.418106421999937], [31.184721953000064, -17.41790240599994], [31.184830950000105, -17.417700389999936], [31.185047944000075, -17.41729435799988], [31.18515694000007, -17.417092341999876], [31.185158940000065, -17.41688732599988], [31.185264937, -17.416786317999936], [31.185266937, -17.41668330999994], [31.185266937, -17.416582301999938], [31.18527293700015, -17.416174269999942], [31.18527293700015, -17.41607326199994], [31.185276936000037, -17.415665229999945], [31.185280936000026, -17.415358205999837], [31.185282936000192, -17.415154189999896], [31.18517993900008, -17.414950173999898], [31.18517993900008, -17.414847165999902], [31.185181939000074, -17.4146441499999], [31.185078941000086, -17.41443813399991], [31.18507994099997, -17.41423411799991], [31.185081941000135, -17.414133109999966], [31.185081941000135, -17.41403010199997], [31.18508394100013, -17.413826085999972], [31.185085941000125, -17.41372507799997], [31.18508794100012, -17.413622069999974], [31.185089941000115, -17.413418053999976], [31.185093940000172, -17.413012021999975], [31.185202937000042, -17.41270699799992], [31.185312934000024, -17.412297965999926], [31.18542393100006, -17.411992941999927], [31.185427930000117, -17.411687917999927], [31.18542993000011, -17.411483901999816], [31.18542993000011, -17.41138289399987], [31.185430930000166, -17.411279885999875], [31.18543293000016, -17.411075869999877], [31.185434930000156, -17.410974861999875], [31.185434930000156, -17.41087185399988], [31.18543693000015, -17.410770845999878], [31.185331933000043, -17.41066783799988], [31.185333933000038, -17.410463821999883], [31.18534893100002, -17.408942701999877], [31.185245934000136, -17.408738685999936], [31.185245934000136, -17.40863567799994], [31.18514293700008, -17.40843166199994], [31.185038940000084, -17.408328653999945], [31.185038940000084, -17.40822564599995], [31.185039940000138, -17.408124637999947], [31.185039940000138, -17.40802162999995], [31.185041940000133, -17.40792062199995], [31.18514893700018, -17.407819613999948], [31.185255934000054, -17.407819613999948], [31.185257933000173, -17.407718605999946], [31.185680922000074, -17.407722605999822], [31.186108910000144, -17.40762459799987], [31.18642690100006, -17.40762859799986], [31.186640894999982, -17.407527589999916], [31.18685188900008, -17.40752958999991], [31.187067882000065, -17.407327573999908], [31.187279876000048, -17.40722856699989], [31.187387872999977, -17.407025550999947], [31.18770886400017, -17.40692654299994], [31.193037714000184, -17.405347415999927], [31.193142711000064, -17.405347415999927], [31.1933557050001, -17.40524840899991], [31.193676696000125, -17.405149400999903], [31.193994687000043, -17.405152400999953], [31.19431367800007, -17.405053392999946], [31.19474066600003, -17.40495438499994], [31.195166654000104, -17.40496038499998], [31.195591642000124, -17.404861376999975], [31.19580363600005, -17.40486337699997], [31.196016630000088, -17.40476336899991], [31.20154947400016, -17.404002306999928], [31.201761468000086, -17.404004306999923], [31.201868465000132, -17.404004306999923], [31.20197346200007, -17.404006306999975], [31.202080459000115, -17.404006306999975], [31.202824438000107, -17.404014307999944], [31.203247426000132, -17.40412131599993], [31.203777410999976, -17.404227323999976], [31.20874827200015, -17.406316485999923], [31.20885326900003, -17.406316485999923], [31.208959266000193, -17.406318485999975], [31.20927825700005, -17.40632048599997], [31.20959724800008, -17.40632448699995], [31.210127234000026, -17.406430494999938], [31.210552222000047, -17.406434494999928], [31.210869213000024, -17.406539502999976], [31.21118720400017, -17.406543502999966], [31.211719189, -17.406549502999837], [31.21214517700008, -17.406552502999887], [31.21384612900016, -17.406366487999946], [31.21406012300008, -17.406264479999948], [31.21427311700012, -17.40616547199994], [31.214380114, -17.40606446399994], [31.214592108000147, -17.406066463999935], [31.214701105000188, -17.405965455999933], [31.214914099000055, -17.405866447999813], [31.215128092999976, -17.40566443199998], [31.21523509000008, -17.40556342399998], [31.215448084000116, -17.40546141599998], [31.215662077000104, -17.40536240899985], [31.215769074000036, -17.405261400999905], [31.215877071000136, -17.405160392999903], [31.216091065000114, -17.405061384999897], [31.216305059000035, -17.40485936899995], [31.21662505000012, -17.404658352999945], [31.21684104400009, -17.404456336999942], [31.216947041000026, -17.40435532899994], [31.21705403800013, -17.404254320999826], [31.2173730290001, -17.404258320999872], [31.21779801700012, -17.404262320999976], [31.21801201100004, -17.40416131299986], [31.218330002000187, -17.40416431299991], [31.218650993000153, -17.404065304999904], [31.21896898400007, -17.404069305999883], [31.219394971999975, -17.40407330599993], [31.219605966000017, -17.404075305999925], [31.21992695700004, -17.403976297999918], [31.22013995100008, -17.40387628999997], [31.220565939000153, -17.403777281999965], [31.223122867000143, -17.402986218999956], [31.223229864000018, -17.40298821899995], [31.22375984900009, -17.40299321899994], [31.223973843000067, -17.402892210999937], [31.22429283400004, -17.402896210999813], [31.22471782200006, -17.402900210999974], [31.22482281900011, -17.402902211999958], [31.225036813000088, -17.402904211999953], [31.225142810000023, -17.402904211999953], [31.22524780700013, -17.402906211999948], [31.225354804000176, -17.402906211999948], [31.22546180100005, -17.40290821199983], [31.225566798000102, -17.40290821199983], [31.22577979199997, -17.402909211999884], [31.22588678900007, -17.402808203999882], [31.225993786000117, -17.402810203999877], [31.226100783000163, -17.402709195999876], [31.226100783000163, -17.402608187999874], [31.22620778000004, -17.402608187999874], [31.226209780000033, -17.40250717999993], [31.226420774000076, -17.402509179999925], [31.22642277400007, -17.402305163999927], [31.22653177, -17.40210114799993], [31.22663876700011, -17.402000139999927], [31.226640767000106, -17.40179612399993], [31.226748764000035, -17.401593107999815], [31.22675076400003, -17.401389091999874], [31.22664576700015, -17.401286083999878], [31.226647767000145, -17.40108206799988], [31.226542770000037, -17.40108206799988], [31.226437772000054, -17.400876051999887], [31.226333775000057, -17.40077304399989], [31.22612178100013, -17.400670035999894], [31.22601678400008, -17.400567027999898], [31.225804790000097, -17.400462018999917], [31.22570179300004, -17.40025800299992], [31.225596796000104, -17.400154994999923], [31.220233944000142, -17.394899584999962], [31.220128947000035, -17.394899584999962], [31.21791300900003, -17.39355147999987], [31.21791300900003, -17.393450471999927], [31.217810012000143, -17.393244454999945], [31.217811012000027, -17.393040438999947], [31.217707014000155, -17.39283642299995], [31.21770801400004, -17.39263240699995], [31.217605017000153, -17.392428390999953], [31.217605017000153, -17.392325382999957], [31.21761101700008, -17.39191635099985], [31.217613017000076, -17.39171233499991], [31.21761501600014, -17.39150831899991], [31.21761901600013, -17.39120329499991], [31.217621016000123, -17.390999278999914], [31.21762301600012, -17.39069425499997], [31.217626016000168, -17.390387230999977], [31.217735012000162, -17.39008120699998], [31.217739012000095, -17.389877190999982], [31.21774101200009, -17.38957216699987], [31.21774501200008, -17.389267142999927], [31.217747012000075, -17.38906312699993], [31.217855009, -17.38885911099993], [31.21796400500017, -17.388657094999928], [31.21796400500017, -17.38855408699993], [31.218392993000123, -17.38815105499998], [31.2186069870001, -17.38805004699998], [31.218821981000076, -17.38784803099992], [31.219035975000054, -17.387646014999916], [31.2191429720001, -17.38754700699991], [31.219355966000137, -17.387445998999965], [31.219571960000053, -17.387141974999963], [31.219786952999982, -17.38693995899996], [31.22000094700013, -17.386737942999844], [31.22010994400017, -17.386535926999898], [31.220216941000047, -17.386434918999896], [31.220219941000153, -17.3862309029999], [31.220326938000028, -17.3861288949999], [31.22033093800019, -17.385821870999962], [31.220332938000126, -17.38561985499996], [31.220334937000075, -17.38541583899996], [31.220443934000116, -17.385211822999963], [31.22044593400011, -17.385007806999965], [31.220454933000042, -17.384090734999916], [31.220563930000083, -17.38378471099992], [31.220567930000072, -17.383479686999976], [31.220569930000067, -17.38327567099998], [31.220572930000117, -17.382968646999814], [31.22057492900018, -17.382764630999873], [31.220469932000128, -17.382560614999875], [31.220471932000123, -17.382356598999877], [31.220475932000056, -17.382051574999934], [31.220370935000176, -17.381948566999938], [31.22037293500017, -17.381743550999943], [31.220376934000058, -17.38143652599996], [31.220271937000177, -17.38123250999996], [31.220273937000172, -17.381028493999963], [31.22017094000006, -17.38082247799997], [31.220067943000174, -17.380515453999976], [31.219962946000066, -17.380311437999865], [31.21996494600006, -17.38020842999987], [31.219859948000078, -17.380004413999927], [31.219861948000073, -17.37980039799993], [31.219758951000188, -17.37959638199993], [31.219760951000183, -17.379392365999934], [31.219762951000178, -17.379289357999937], [31.219764951000116, -17.37908534199994], [31.219764951000116, -17.378984333999938], [31.219766950000064, -17.378779317999943], [31.219874947000164, -17.37867830999994], [31.21998194400004, -17.37847629399988], [31.220090941000137, -17.37837528599988], [31.220303935000175, -17.37827427799988], [31.22041093200005, -17.378173269999877], [31.22062492600014, -17.378074261999927], [31.22072992300002, -17.378074261999927], [31.220836920000124, -17.378076261999922], [31.22094291700006, -17.37797525399992], [31.221156911000037, -17.37797625399992], [31.221261908000088, -17.37797825399997], [31.221474902000125, -17.377980253999965], [31.221789893000164, -17.378289277999954], [31.221894890000044, -17.378493293999952], [31.22199788800009, -17.378699310999878], [31.22210288500014, -17.378802318999874], [31.222100885000145, -17.379006334999872], [31.222205882000026, -17.37921135099998], [31.22230887900014, -17.379518374999975], [31.222306879000143, -17.379722390999973], [31.223536847000105, -17.38391671999983], [31.22353484700011, -17.384120735999943], [31.22353184700006, -17.38432475199994], [31.223634844000173, -17.38462977599994], [31.22363284400018, -17.384833791999938], [31.223737842000162, -17.38503980799993], [31.223840839000047, -17.38524382399993], [31.223945836000098, -17.38544983999992], [31.224049833000095, -17.385552847999918], [31.224259827000083, -17.3857588649999], [31.224471821, -17.385964880999893], [31.224681815000167, -17.38606788899989], [31.224788812000043, -17.386170896999886], [31.224892810000142, -17.38617289699988], [31.22510480400007, -17.386275904999877], [31.225209801000176, -17.386378912999874], [31.225421795000102, -17.38648392099998], [31.225633789000085, -17.386485920999974], [31.225633789000085, -17.38658892899997], [31.225844783000127, -17.38659092899985], [31.22627077100003, -17.386594928999898], [31.226693759, -17.38669993799988], [31.22701275000003, -17.386703937999982], [31.22711874700019, -17.386704937999866], [31.22743773800005, -17.386605929999916], [31.227755729000137, -17.38660792999991], [31.227862726000183, -17.386609929999906], [31.22807672000016, -17.386508921999905], [31.230946639000024, -17.38633390699988], [31.230946639000024, -17.386230898999884], [31.23105363600007, -17.38623189899988], [31.23105363600007, -17.386128890999885], [31.231269629999986, -17.385928874999934], [31.231482624000023, -17.385827866999932], [31.23169661800017, -17.38562585099993], [31.231910612000092, -17.38552684299998], [31.232016609000084, -17.385425834999978], [31.232230603, -17.385427834999973], [31.232444597000153, -17.38532782699997], [31.23265759100019, -17.385226818999968], [31.23287158500011, -17.38512781199995], [31.23318957600003, -17.385129811999946], [31.233296573000132, -17.38502880399983], [31.233403570000178, -17.385030803999882], [31.233508567000058, -17.385032803999877], [31.2336175640001, -17.384931795999876], [31.23372356100009, -17.384830787999874], [31.23393755500001, -17.384728779999875], [31.23404255200012, -17.384730779999927]]]]}}, {"type": "Feature", "properties": {"GID_3": "ZWE.4.1.5_2", "GID_0": "ZWE", "COUNTRY": "Zimbabwe", "GID_1": "ZWE.4_1", "NAME_1": "Mashonaland Central", "NL_NAME_1": "NA", "GID_2": "ZWE.4.1_2", "NAME_2": "Bindura", "NL_NAME_2": "NA", "NAME_3": "Ward 13", "VARNAME_3": "NA", "NL_NAME_3": "NA", "TYPE_3": "Ward", "ENGTYPE_3": "Ward", "CC_3": "NA", "HASC_3": "NA", "id": "ZWE.4.1.5_2", "name": "Ward 13"}, "geometry": {"type": "MultiPolygon", "coordinates": [[[[31.30982765200008, -17.475335987999813], [31.309829459000127, -17.47513484999996], [31.309829614000023, -17.475114112999904], [31.309832458000074, -17.474734818999877], [31.30983410200008, -17.47462508999996], [31.309836458000063, -17.47446779799992], [31.30984245800005, -17.4737977449999], [31.309706461000076, -17.473528723999948], [31.309710461000066, -17.47312869299998], [31.309712461, -17.472861671999965], [31.309577465000075, -17.472458639999957], [31.309581464000132, -17.472191618999943], [31.309582464000187, -17.472058608999873], [31.309445468000035, -17.471789587999922], [31.30944746800003, -17.471522566999965], [31.309312472000045, -17.471253545999957], [31.309314471000164, -17.4711195349999], [31.309178475000067, -17.470717503999936], [31.30890348300005, -17.47017946099993], [31.30876848600019, -17.46991043999998], [31.308770486000185, -17.469643418999965], [31.30863549000003, -17.469374397999843], [31.308497494000108, -17.469107376999943], [31.308499493000056, -17.468974366999873], [31.308362497000076, -17.46870534599998], [31.30836449700007, -17.468571334999922], [31.308366497000065, -17.46830231399997], [31.30823050100014, -17.468035292999957], [31.30823250000003, -17.467766271999835], [31.30823650000019, -17.467499250999936], [31.30823650000019, -17.467366240999866], [31.308379496000157, -17.46710121999996], [31.308522492000066, -17.466700188999823], [31.308802484000125, -17.46643516799992], [31.30894548000009, -17.466036135999957], [31.30923047100009, -17.465638104999982], [31.310799426000187, -17.461908811999933], [31.310799426000187, -17.461774800999876], [31.3109404220001, -17.46164379099997], [31.310942422000096, -17.461507779999977], [31.31094442100016, -17.461240758999907], [31.31108541700013, -17.46110974899983], [31.311087417000124, -17.460975737999945], [31.311087417000124, -17.460842727999932], [31.31108941700012, -17.46070871699993], [31.311230413000033, -17.460441695999975], [31.311232413000027, -17.460307685999965], [31.311234413000193, -17.460174674999905], [31.311375409000107, -17.46004266499989], [31.311515405000193, -17.45990965399983], [31.31151740500013, -17.459775643999933], [31.311658401000102, -17.459644633999915], [31.311658401000102, -17.459510622999858], [31.311797397000078, -17.459510622999858], [31.311799397000016, -17.45937761199997], [31.311801396000135, -17.459243601999958], [31.311940393000157, -17.459245601999953], [31.31194239200005, -17.45911259199994], [31.311949392000088, -17.458175517999962], [31.311951392000083, -17.45804250799995], [31.311953392000078, -17.45790849699989], [31.31195539100014, -17.457774486999824], [31.31195539100014, -17.457641475999935], [31.31181839499999, -17.457506465999927], [31.311820394999984, -17.45737245499987], [31.311820394999984, -17.45723944499997], [31.311824395000144, -17.456971423999903], [31.31182639500014, -17.4568384129999], [31.31182639500014, -17.456704402999947], [31.311831394000137, -17.456168360999982], [31.31183539400007, -17.45590133999991], [31.311837394000065, -17.455634318999955], [31.31183939400006, -17.455501307999953], [31.31183939400006, -17.455367297999942], [31.31198238999997, -17.45510027699987], [31.31198238999997, -17.454967265999812], [31.31212338600011, -17.454835255999967], [31.312266381000143, -17.45456823499984], [31.312266381000143, -17.45443522399995], [31.312407377000056, -17.454303213999935], [31.312548373000027, -17.45403619299998], [31.312550373000192, -17.453903181999976], [31.312691369000106, -17.45377117199996], [31.31283336500013, -17.45363716099996], [31.31283436500007, -17.45337013999989], [31.313115357000015, -17.45310511999992], [31.31325835300015, -17.452840098999957], [31.313399349000065, -17.452573077999944], [31.31354234500003, -17.452308056999982], [31.313824336000152, -17.451909024999907], [31.313966332000177, -17.451644004999935], [31.314109328000143, -17.45137698399992], [31.314250324000056, -17.45111196299996], [31.314254324000046, -17.450842941999895], [31.31439532000013, -17.450577920999876], [31.3145363160001, -17.45031089999992], [31.314538316000096, -17.450177888999917], [31.31454031500016, -17.450043878999963], [31.314542315000153, -17.44977685799995], [31.314543315000037, -17.449642846999893], [31.314545315000032, -17.44950983699988], [31.314566314000103, -17.447371668999892], [31.314568313000166, -17.447104647999936], [31.31457031300016, -17.44696863699994], [31.314711309000074, -17.44683762699998], [31.31485130500016, -17.446705615999974], [31.314992301000075, -17.44657260599996], [31.315133297000045, -17.446440595999945], [31.31527429300013, -17.446307584999886], [31.315413289000105, -17.44617557499987], [31.31569428100005, -17.44604356399998], [31.315696281000044, -17.445910553999965], [31.315696281000044, -17.44577654299991], [31.315837277000185, -17.44564553299989], [31.31583927700018, -17.445511521999947], [31.315840277000063, -17.445378511999934], [31.315840277000063, -17.44524250099994], [31.315984273000083, -17.444977479999977], [31.316125269000054, -17.444710458999907], [31.31612826800017, -17.444443437999837], [31.31626826400003, -17.444311427999935], [31.316411260000166, -17.444044406999865], [31.31655225600008, -17.44377938599996], [31.316554256000074, -17.44351236499989], [31.31669725200004, -17.443245343999934], [31.316838248000124, -17.442980322999915], [31.31698124400009, -17.44271330199996], [31.317122240000174, -17.44244828099994], [31.31726523600014, -17.44218125999987], [31.31740623100012, -17.441916238999966], [31.317548226999975, -17.441782228999898], [31.317548226999975, -17.44164921799984], [31.31769122300011, -17.441384197999923], [31.31783021900003, -17.441250186999923], [31.317973215000166, -17.44098516599996], [31.31811421100008, -17.44071814499989], [31.318116211000074, -17.44058413499988], [31.318120211000064, -17.440184102999922], [31.31812421000012, -17.439917081999965], [31.31812421000012, -17.439783071999955], [31.318125210000062, -17.439650060999895], [31.31798821400008, -17.439381039999944], [31.317990214000076, -17.439247029999933], [31.317853218000096, -17.439112018999936], [31.317715221000128, -17.438842997999927], [31.317441229, -17.43857397699992], [31.317303233000132, -17.438304955999968], [31.31702724000013, -17.438033934999908], [31.31689124400009, -17.43776691399995], [31.316619252000123, -17.437228871999935], [31.316481255000156, -17.43695985099987], [31.316344259, -17.436691829999972], [31.316348259000165, -17.436424808999845], [31.31635025900016, -17.436157787999946], [31.316355258000158, -17.43562274599998], [31.316357258000153, -17.43548973499992], [31.316499254000178, -17.435222713999963], [31.316502254000056, -17.43495569299995], [31.316645250000136, -17.434554661999982], [31.31678724600016, -17.434289640999907], [31.316930242000126, -17.43402261999995], [31.317069238000045, -17.433891608999943], [31.317071237000164, -17.433757598999932], [31.317212233000078, -17.433624587999873], [31.317212233000078, -17.433490577999976], [31.318360200000143, -17.430160315999956], [31.31836220000008, -17.430026304999956], [31.318501196000057, -17.429893294999943], [31.318642192000027, -17.42976128399988], [31.31864419100009, -17.42962827399998], [31.318785187, -17.42936125299991], [31.31878718700017, -17.42922724199991], [31.31892818300014, -17.42896222199994], [31.31907217900016, -17.42869520099987], [31.319213175000073, -17.428430179999964], [31.319356171000038, -17.428029147999894], [31.319499167000117, -17.427764126999932], [31.319499167000117, -17.427629116999924], [31.31950116600018, -17.42749510599998], [31.319503166000175, -17.427362095999968], [31.31936517000014, -17.427093074999902], [31.319367170000135, -17.426959063999902], [31.319230174000154, -17.426692042999946], [31.31923417300004, -17.42629001199998], [31.319236173000036, -17.42615600099998], [31.31923717300009, -17.42602299099991], [31.319239173000085, -17.425755969999955], [31.31924117300008, -17.425621958999955], [31.319243173000075, -17.425488948999885], [31.319243173000075, -17.425354937999884], [31.31924517300007, -17.425221927999814], [31.319247173000065, -17.42495290699992], [31.31938816899998, -17.424820895999915], [31.319390168000098, -17.42468788599996], [31.319531164000182, -17.424555874999953], [31.319670160000157, -17.424421864999942], [31.319813156000066, -17.42415684399998], [31.319953152000096, -17.42402383299998], [31.320094148000067, -17.423891822999963], [31.32023514399998, -17.423624801999892], [31.32037614000012, -17.42349379199993], [31.320517136000035, -17.423361780999983], [31.320658132000176, -17.423094759999913], [31.32080012800003, -17.422962749999954], [31.32094112400017, -17.42282973899995], [31.32094312400011, -17.42256271799988], [31.32108412000008, -17.42243070799998], [31.32108412000008, -17.422297696999976], [31.32108812000007, -17.42202867599991], [31.321229115000108, -17.42176365499995], [31.32123311500004, -17.421496633999936], [31.321236115000147, -17.421093602999917], [31.321378111000172, -17.420828581999842], [31.32138111100005, -17.420561560999943], [31.321383110000113, -17.420294539999873], [31.321387110000103, -17.41989250799992], [31.321391110000093, -17.419625486999962], [31.321393110000088, -17.41935746599995], [31.32139711000002, -17.41895743499998], [31.321400109000024, -17.418556402999968], [31.321404109000184, -17.418287381999903], [31.321408109000174, -17.417887350999933], [31.321271113000194, -17.417618329999982], [31.321273112000085, -17.41735130899997], [31.321276112000135, -17.4170842879999], [31.321143116000144, -17.416548245999877], [31.321145115000036, -17.416281224999977], [31.32115211500013, -17.415478161999886], [31.321156115000065, -17.41507712999993], [31.32129911100003, -17.414812108999968], [31.321301110000093, -17.41454308799996], [31.321305110000083, -17.414143056999933], [31.32144810600016, -17.413878035999915], [31.321591102000127, -17.413477003999958], [31.32173209800004, -17.413211982999883], [31.321736097000098, -17.41294296199993], [31.321875094000177, -17.412810951999916], [31.322016088999987, -17.412679940999908], [31.322579073000043, -17.412015888999974], [31.322999062000065, -17.411885878999954], [31.323281053000017, -17.411620857999935], [31.32370104200004, -17.41135783699997], [31.323840038000185, -17.411359836999964], [31.32384203800018, -17.411224825999966], [31.323981034000155, -17.411225825999963], [31.324120030000074, -17.411227826999948], [31.324120030000074, -17.411094815999945], [31.324261026000045, -17.410960805999878], [31.32454201799999, -17.410831794999865], [31.324822010000105, -17.41056677399996], [31.32496300600019, -17.410298752999893], [31.32510400200016, -17.410167742999874], [31.32510600100005, -17.41003373199993], [31.325108001000046, -17.409766710999918], [31.325112001000036, -17.409497689999966], [31.325114000999974, -17.409230668999896], [31.32497700500005, -17.40909565899983], [31.32497700500005, -17.408961647999945], [31.324565016000122, -17.408557616999815], [31.324427020000087, -17.40828859599992], [31.324151027000084, -17.40801957399998], [31.32401303100005, -17.40788456399997], [31.324015031000044, -17.407750552999914], [31.323878035000064, -17.40761554299985], [31.323741039000083, -17.407346521999955], [31.323743039000078, -17.407079500999885], [31.32374503800014, -17.406945489999828], [31.32360504200011, -17.406943489999946], [31.323607042000106, -17.406810479999933], [31.3236090420001, -17.406543458999977], [31.32347204600012, -17.40640744799998], [31.32347604600011, -17.40600741699984], [31.323483045000046, -17.405206353999972], [31.323624041000187, -17.405072342999915], [31.324342020000188, -17.40294017499997], [31.34633640100003, -17.403140182999834], [31.346475398000052, -17.403142182999886], [31.35119026600006, -17.405189341999915], [31.351330262000147, -17.40519134199991], [31.351328262000152, -17.40532435199998], [31.35160425400005, -17.40559337299993], [31.351602254000056, -17.40572738399993], [31.351600255000164, -17.40586239399994], [31.351740251000024, -17.405996404999883], [31.35173825100003, -17.406129414999896], [31.351736251000034, -17.406263425999953], [31.351873247000185, -17.40639843599996], [31.351873247000185, -17.406531446999963], [31.351869247000025, -17.406799467999917], [31.351730251000106, -17.406932477999817], [31.35172625200005, -17.407199498999887], [31.35172225200006, -17.407600530999957], [31.351717252000185, -17.40813657299998], [31.351713252000025, -17.40853660399995], [31.351711212, -17.40876384799998], [31.352509613999985, -17.41759867499985], [31.35191080000004, -17.427402867999945], [31.352914862000148, -17.429373000999817], [31.352906062000102, -17.430353841999874], [31.354914255000097, -17.43429409699985], [31.35537236100015, -17.440183367999964], [31.355870043000152, -17.441658849999897], [31.355345982000188, -17.443125891999955], [31.354315433000124, -17.444098287999964], [31.353271663999976, -17.44654193799994], [31.35424501400007, -17.45194500999986], [31.354778780000174, -17.45324855399997], [31.356525137000176, -17.45724442799991], [31.356798130000072, -17.457780469999875], [31.357073122000088, -17.45818550099989], [31.357208119000177, -17.458587532999957], [31.357345115000157, -17.458856553999908], [31.357620107000173, -17.459125574999973], [31.357755104000034, -17.459527606999927], [31.357893100000126, -17.45979662799988], [31.35803009600005, -17.460065648999944], [31.36104701300019, -17.464638005999973], [31.361326005000024, -17.464774016999968], [31.361741994000056, -17.46504603799991], [31.362157982000042, -17.46518404899996], [31.362572971000134, -17.465454069999907], [31.362712967, -17.465454069999907], [31.3631259550001, -17.46586110199985], [31.363402948000157, -17.465996111999914], [31.363541944000133, -17.46599811199991], [31.367987819000177, -17.467106196999907], [31.368683799000053, -17.46711219799988], [31.36937878000009, -17.46725320799993], [31.369656772000155, -17.467255208999916], [31.36979576800013, -17.467257208999968], [31.382180420000054, -17.46856930699994], [31.38231941600003, -17.468571306999934], [31.38245841200012, -17.468573306999815], [31.3960920290001, -17.469767395999952], [31.389296225000066, -17.48146831599996], [31.38929222600018, -17.48186834799992], [31.38929222600018, -17.48200235799993], [31.389153230000034, -17.48200235799993], [31.388719006000144, -17.48263585199993], [31.38462240600012, -17.48358350599989], [31.381045446000087, -17.483554387999902], [31.376446507000026, -17.48351685499989], [31.37288700400012, -17.481525897999916], [31.36931884500018, -17.48051572699984], [31.36522660900016, -17.48097255599987], [31.36368050700014, -17.48243119899996], [31.35805966600003, -17.48238482299996], [31.35346522200018, -17.48185634299989], [31.34886638900008, -17.481818175999933], [31.34887081400018, -17.481327758999953], [31.341219474000013, -17.47979266699997], [31.337642665000146, -17.47976277299989], [31.337131693000117, -17.479758497999967], [31.3299781, -17.479698499999813], [31.329467130000182, -17.479694203999884], [31.324357439000096, -17.47965117799987], [31.31416971800013, -17.47613187099995], [31.30982765200008, -17.475335987999813]]]]}}, {"type": "Feature", "properties": {"GID_3": "ZWE.4.1.6_2", "GID_0": "ZWE", "COUNTRY": "Zimbabwe", "GID_1": "ZWE.4_1", "NAME_1": "Mashonaland Central", "NL_NAME_1": "NA", "GID_2": "ZWE.4.1_2", "NAME_2": "Bindura", "NL_NAME_2": "NA", "NAME_3": "Ward 14", "VARNAME_3": "NA", "NL_NAME_3": "NA", "TYPE_3": "Ward", "ENGTYPE_3": "Ward", "CC_3": "NA", "HASC_3": "NA", "id": "ZWE.4.1.6_2", "name": "Ward 14"}, "geometry": {"type": "MultiPolygon", "coordinates": [[[[31.306536556000083, -17.4864677409999], [31.30724453500011, -17.482730446999938], [31.30738553100008, -17.48259943699992], [31.307528526000056, -17.482334415999958], [31.30766752200003, -17.482200404999958], [31.30795051399997, -17.481935383999883], [31.30809151000011, -17.481670363999967], [31.30823450600002, -17.481403342999897], [31.308377502000155, -17.481004310999936], [31.30852249800006, -17.480470268999966], [31.308806489, -17.479938226999934], [31.308810489000166, -17.479537195999967], [31.308951485000136, -17.479270174999897], [31.308955485000126, -17.47900315399994], [31.30909648100004, -17.478738132999922], [31.309098481000035, -17.478471111999966], [31.309241476000068, -17.478204090999952], [31.309243476000063, -17.477937069999882], [31.309386472000142, -17.477670048999926], [31.309390472000132, -17.477270017999956], [31.309531468000046, -17.47713800699995], [31.30953346800004, -17.47687098599988], [31.309535468000036, -17.476736975999927], [31.309676464000177, -17.476469954999914], [31.30967846300007, -17.476336943999854], [31.309680463000063, -17.476069922999955], [31.309823459000143, -17.475802901999884], [31.30982765200008, -17.475335987999813], [31.31416971800013, -17.47613187099995], [31.324357439000096, -17.47965117799987], [31.329467130000182, -17.479694203999884], [31.3299781, -17.479698499999813], [31.337131693000117, -17.479758497999967], [31.337642665000146, -17.47976277299989], [31.341219474000013, -17.47979266699997], [31.34887081400018, -17.481327758999953], [31.34886638900008, -17.481818175999933], [31.35346522200018, -17.48185634299989], [31.35805966600003, -17.48238482299996], [31.36368050700014, -17.48243119899996], [31.36522660900016, -17.48097255599987], [31.36931884500018, -17.48051572699984], [31.37288700400012, -17.481525897999916], [31.376446507000026, -17.48351685499989], [31.381045446000087, -17.483554387999902], [31.38462240600012, -17.48358350599989], [31.388719006000144, -17.48263585199993], [31.389153230000034, -17.48200235799993], [31.381617447999986, -17.497710593999955], [31.381615448000048, -17.497843603999854], [31.381423454000128, -17.49849765599987], [31.374407658000166, -17.514988951999953], [31.38095547400013, -17.514637921999963], [31.385039327000072, -17.514418791999958], [31.38338768200009, -17.51774625899992], [31.383330408000177, -17.517630154999893], [31.382519119000108, -17.519475781999915], [31.382497394000154, -17.521927898999877], [31.383480509000037, -17.526350046999937], [31.384489714000154, -17.527829650999877], [31.38389731300009, -17.530288655999925], [31.379300120000096, -17.536615524999945], [31.37520225200018, -17.53756287599998], [31.370086442000172, -17.538011310999934], [31.357312319000073, -17.53741535399996], [31.351174235000087, -17.53785481799997], [31.35066309700005, -17.537850562999893], [31.34760515800008, -17.536844179999946], [31.341462637000177, -17.537773755999922], [31.33686689700005, -17.53724478099997], [31.334831322000127, -17.53624678599988], [31.333809064000093, -17.53623819199987], [31.331253420000053, -17.536216683999953], [31.330742292000025, -17.53621237799996], [31.330244632000074, -17.534736841999916], [31.327693510000188, -17.534224880999943], [31.324622277000174, -17.53468938399982], [31.321555546000184, -17.534663429999966], [31.319004460000144, -17.534151358999964], [31.318515942000033, -17.53169498799997], [31.31647149300005, -17.531677629999933], [31.31291185300006, -17.529685581999956], [31.30831645899997, -17.52915596799994], [31.30628115400009, -17.528157699999838], [31.3016858310001, -17.527627937999966], [31.299126780000165, -17.521609499999897], [31.298875786, -17.521365480999975], [31.298877786000162, -17.52129447599998], [31.298949784000115, -17.52129647599986], [31.29902178200018, -17.52122746999993], [31.299166778000085, -17.521159464999982], [31.299384772000053, -17.52102345399993], [31.299529768000127, -17.52095544899987], [31.299746762000154, -17.520888442999933], [31.299891758000058, -17.520751432999873], [31.299964756000065, -17.520751431999884], [31.30011175100003, -17.52061342199994], [31.300257747000046, -17.520339399999898], [31.300261747000036, -17.519923366999933], [31.300191749000078, -17.519784356999878], [31.300193749000073, -17.51964434599995], [31.30012275100006, -17.519505334999963], [31.29997975500015, -17.519366323999918], [31.29990875700014, -17.519227312999874], [31.299765760000128, -17.519087301999946], [31.299622764000162, -17.5189482909999], [31.29920177600019, -17.51776619899988], [31.299203776000127, -17.517628187999946], [31.29920577600012, -17.51742017199996], [31.29920677500013, -17.51721215499998], [31.299281773000132, -17.517005138999878], [31.299355771000023, -17.516728116999957], [31.299430769000026, -17.516522100999964], [31.299504767000087, -17.516314084999976], [31.29965176200011, -17.516108067999937], [31.299943754000083, -17.51569603599995], [31.300017751999974, -17.515557024999964], [31.30009074999998, -17.515488019999964], [31.300091750000092, -17.515420013999915], [31.300141748000158, -17.515372010999954], [31.30029074400005, -17.514503941999976], [31.30028674400006, -17.514223919999893], [31.300284744000066, -17.514034905999893], [31.300280744000077, -17.513753883999982], [31.300179746000083, -17.5134738619999], [31.300177746000088, -17.513380853999934], [31.30017474600004, -17.513099831999966], [31.300269744000047, -17.512910816999977], [31.30026374400012, -17.512535787999923], [31.30026374400012, -17.51244178099995], [31.300359741000136, -17.512346772999933], [31.301032722000116, -17.511589713999967], [31.301032722000116, -17.51149570599995], [31.301224716000036, -17.51139869799988], [31.301417711000113, -17.51120968399988], [31.301707702000044, -17.51092566099993], [31.301898697000127, -17.51064163899997], [31.30209069099999, -17.51045262399998], [31.30228568600006, -17.510261608999883], [31.302283686000067, -17.510168601999908], [31.302380683000024, -17.510166600999924], [31.30237868300003, -17.509979586999975], [31.302376683000034, -17.509885578999956], [31.30237568300015, -17.509698564999837], [31.302174689000026, -17.509418542999924], [31.301285713000027, -17.508680484999957], [31.301284713000086, -17.50858547799993], [31.301284713000086, -17.508491469999967], [31.30128271300015, -17.50839846299982], [31.30118171600003, -17.508211448999873], [31.30118171600003, -17.50811744099991], [31.301179716000036, -17.508024433999935], [31.30117771600004, -17.507930425999973], [31.301078719000145, -17.507839418999936], [31.301078719000145, -17.507743411999968], [31.301074719000155, -17.507556396999973], [31.301074719000155, -17.507463389999884], [31.301169716000118, -17.507274374999895], [31.301265713000134, -17.507179367999925], [31.301455708000162, -17.50689734499997], [31.30155170500018, -17.506708329999867], [31.3017436990001, -17.50651731499994], [31.301839697000048, -17.50632830099994], [31.301839697000048, -17.506235292999975], [31.301932694000186, -17.50604627799987], [31.302029691000087, -17.505952270999842], [31.30202769100015, -17.505764255999907], [31.302020691000052, -17.505201211999974], [31.302115688000015, -17.505107204999888], [31.302504677000172, -17.504915188999917], [31.302697672000022, -17.50481918199995], [31.302891666000107, -17.504722173999937], [31.303183658000137, -17.504625165999983], [31.303279655000154, -17.504436151999982], [31.303376652999987, -17.504436151999982], [31.303473650000115, -17.504434150999884], [31.303473650000115, -17.504341143999852], [31.303569647000188, -17.504245135999895], [31.304724614000065, -17.50301303899994], [31.30472361400018, -17.502826024999877], [31.30462061700007, -17.502546002999907], [31.30461461700014, -17.50207696599989], [31.304612617000146, -17.501889950999896], [31.304707614000108, -17.501793943999928], [31.305068603, -17.49953976699993], [31.30516160000019, -17.499257744999966], [31.305133600000147, -17.49713657799998], [31.305165599000077, -17.497071572999914], [31.30524759700006, -17.496829553999873], [31.30524759700006, -17.496666540999968], [31.305329594000057, -17.496506528999873], [31.305329594000057, -17.496264509999946], [31.30541159200004, -17.49594048399996], [31.305409592000103, -17.495699464999973], [31.305409592000103, -17.49561745899996], [31.30540759200011, -17.495457445999932], [31.30540759200011, -17.49537743999997], [31.305316594000033, -17.49400633299996], [31.305314594000038, -17.493845319999878], [31.305314594000038, -17.49368330699997], [31.305312594000043, -17.49360330099995], [31.305396591000147, -17.49352129399989], [31.305396591000147, -17.493361281999967], [31.305478589000188, -17.493199268999888], [31.305646584000158, -17.49303725599998], [31.30572858200003, -17.49279523699994], [31.305812579000133, -17.492632224999966], [31.305978574000108, -17.492470211999944], [31.306061572000033, -17.49230819899998], [31.30614557000007, -17.492228192999903], [31.306227567000178, -17.492066179999938], [31.306311564999987, -17.49198417399998], [31.306395562000148, -17.491904166999916], [31.306723553000154, -17.49045005299996], [31.30672155299999, -17.490368046999947], [31.306721552000113, -17.490288039999882], [31.306721552000113, -17.49012802799996], [31.306720552000172, -17.48996601499988], [31.306718552, -17.489562982999928], [31.30671655200001, -17.489400970999952], [31.30671655200001, -17.489240957999925], [31.307296535000148, -17.488027862999957], [31.30733253400018, -17.48799385999996], [31.307334534000177, -17.487812845999883], [31.307334534000177, -17.48767883499994], [31.30733653400017, -17.48754482499993], [31.307338534000166, -17.487411813999927], [31.307338534000166, -17.487277803999973], [31.307341534000045, -17.48701078299996], [31.307202538000126, -17.486875771999905], [31.307067541000038, -17.486606750999954], [31.30692754500018, -17.48660475099996], [31.306790549000027, -17.486471740999946], [31.30665155300005, -17.486469740999894], [31.306536556000083, -17.4864677409999]]]]}}, {"type": "Feature", "properties": {"GID_3": "ZWE.4.1.7_2", "GID_0": "ZWE", "COUNTRY": "Zimbabwe", "GID_1": "ZWE.4_1", "NAME_1": "Mashonaland Central", "NL_NAME_1": "NA", "GID_2": "ZWE.4.1_2", "NAME_2": "Bindura", "NL_NAME_2": "NA", "NAME_3": "Ward 15", "VARNAME_3": "NA", "NL_NAME_3": "NA", "TYPE_3": "Ward", "ENGTYPE_3": "Ward", "CC_3": "NA", "HASC_3": "NA", "id": "ZWE.4.1.7_2", "name": "Ward 15"}, "geometry": {"type": "MultiPolygon", "coordinates": [[[[31.299126780000165, -17.521609499999897], [31.3016858310001, -17.527627937999966], [31.30628115400009, -17.528157699999838], [31.30831645899997, -17.52915596799994], [31.31291185300006, -17.529685581999956], [31.31647149300005, -17.531677629999933], [31.318515942000033, -17.53169498799997], [31.319004460000144, -17.534151358999964], [31.321555546000184, -17.534663429999966], [31.324622277000174, -17.53468938399982], [31.327693510000188, -17.534224880999943], [31.330244632000074, -17.534736841999916], [31.330742292000025, -17.53621237799996], [31.331253420000053, -17.536216683999953], [31.333809064000093, -17.53623819199987], [31.334831322000127, -17.53624678599988], [31.33686689700005, -17.53724478099997], [31.341462637000177, -17.537773755999922], [31.34760515800008, -17.536844179999946], [31.35066309700005, -17.537850562999893], [31.351174235000087, -17.53785481799997], [31.357312319000073, -17.53741535399996], [31.370086442000172, -17.538011310999934], [31.37520225200018, -17.53756287599998], [31.379300120000096, -17.536615524999945], [31.38389731300009, -17.530288655999925], [31.38395253600015, -17.530768023999883], [31.38903349600008, -17.534242606999953], [31.401764710000066, -17.539740779999875], [31.403806317000146, -17.539696527999865], [31.40390283800008, -17.53969787799997], [31.403904838000017, -17.53962787199987], [31.404193830000168, -17.539491861999977], [31.40477581300007, -17.539011823999942], [31.40484881100008, -17.539013823999937], [31.40484881100008, -17.538942817999953], [31.404920808999975, -17.538944818999937], [31.404993807000153, -17.53887581299989], [31.405065805000106, -17.53887581299989], [31.405281799000193, -17.538877812999885], [31.405643789000123, -17.538881812999932], [31.40585978300004, -17.538883812999927], [31.40708374800016, -17.539171834999877], [31.40715674600017, -17.539171834999877], [31.407301742000072, -17.539173835999975], [31.407589734000112, -17.539175835999856], [31.407734730000186, -17.539177835999908], [31.407878726000035, -17.539108829999975], [31.408022722000055, -17.53911082999997], [31.409540679000145, -17.538845808999895], [31.409614677000036, -17.53877680399995], [31.409757673000172, -17.538778803999946], [31.409902669000076, -17.538709797999843], [31.41004766499998, -17.538643792999892], [31.41019266100011, -17.538643792999892], [31.410265659000117, -17.53857478699996], [31.410482653000088, -17.538507781999897], [31.413524565999978, -17.537357690999954], [31.413526566000144, -17.537288684999965], [31.41359956400015, -17.537288684999965], [31.413814558000183, -17.537290684999846], [31.413959554000087, -17.5372226799999], [31.414104550000047, -17.537223679999897], [31.41489852800015, -17.537231679999934], [31.414970526000104, -17.537231679999934], [31.41511552200018, -17.537231679999934], [31.420774363000078, -17.539428849999922], [31.420847361000085, -17.539428849999922], [31.420990357000164, -17.539430850999906], [31.421278349000033, -17.539571861999946], [31.422430317000135, -17.539858883999955], [31.42631520800012, -17.54127799299988], [31.426385206000077, -17.541278992999878], [31.426458204000028, -17.541278992999878], [31.42653020200015, -17.54134799899998], [31.42652920200004, -17.54141900399992], [31.426601200000164, -17.54141900399992], [31.426601200000164, -17.54148700999997], [31.422144328000172, -17.547129453999958], [31.41623149700007, -17.55392798899993], [31.416160499000057, -17.553925988999936], [31.41601350300016, -17.55406399899988], [31.41213861400007, -17.559362415999885], [31.414920538000047, -17.562780682999914], [31.415557520000164, -17.564102785999978], [31.415483522000102, -17.564310802999955], [31.41533852600014, -17.564310802999955], [31.41252360600015, -17.564354806999972], [31.41230561200001, -17.564352806999977], [31.411800626000172, -17.564348806999874], [31.411295640000162, -17.56434480699994], [31.41107964600019, -17.564342806999946], [31.410934650000115, -17.56440981199995], [31.410789655000087, -17.56440981199995], [31.410501663000105, -17.564405811999904], [31.40789973600016, -17.56459082699996], [31.40775573999997, -17.56459082799995], [31.40746774800016, -17.564657832999956], [31.407104758000116, -17.564722837999852], [31.40489082099998, -17.564634831999854], [31.404817822999973, -17.564632831999972], [31.404745825000077, -17.564701836999973], [31.403362864000144, -17.565866928999924], [31.40336086400015, -17.56593793499991], [31.403288866000082, -17.5660749459999], [31.403213869000183, -17.566280961999894], [31.403139871000064, -17.566419972999938], [31.402908878000062, -17.568011096999953], [31.402906878000067, -17.568148107999946], [31.40297787600008, -17.568288118999874], [31.402975876000085, -17.568427129999918], [31.40297387600009, -17.568635145999906], [31.403043874000048, -17.568843162999883], [31.403114873000163, -17.569121183999982], [31.40318387100018, -17.56939820599996], [31.403251869000087, -17.569676227999878], [31.403392865000058, -17.57002325499991], [31.403595860000053, -17.57154937399997], [31.403595860000053, -17.571618379999904], [31.403593860000058, -17.57175739099995], [31.403591860000063, -17.571894400999838], [31.403518862000055, -17.572102417999815], [31.403516863000164, -17.572310433999974], [31.403442865000102, -17.572516449999966], [31.403440865000107, -17.572724465999954], [31.40336486700005, -17.57300148799993], [31.403362867000055, -17.573348514999964], [31.403288869000164, -17.573485525999956], [31.403213872000094, -17.573622536999892], [31.403213872000094, -17.573762547999934], [31.40314187400014, -17.57383055299988], [31.402994878000072, -17.573968563999927], [31.402176902000065, -17.576453758999946], [31.40217490200007, -17.57673078099998], [31.402099904000067, -17.57700680299996], [31.40209590500001, -17.57721481899995], [31.40209590500001, -17.577353829999822], [31.402094905000126, -17.577491840999983], [31.402164903000028, -17.57776986199997], [31.402233901000102, -17.577977878999945], [31.40244689500014, -17.578326905999972], [31.402588891000164, -17.578604927999947], [31.40287488299998, -17.578952954999977], [31.403154876000144, -17.579925030999846], [31.40351186600003, -17.58027405799993], [31.40386985599997, -17.580623084999957], [31.40422684600003, -17.580904106999924], [31.40451483800007, -17.58111612399989], [31.405788803000064, -17.583620318999976], [31.405933799000138, -17.583620318999976], [31.406005797000034, -17.58362231899997], [31.406149793000054, -17.58369232499996], [31.407158765000077, -17.583839335999983], [31.408166736000055, -17.584055351999893], [31.409177708000072, -17.58420436399996], [31.411029657000086, -17.58671255899992], [31.411102655000093, -17.586714559999905], [31.411172653000165, -17.586782564999965], [31.41131764900007, -17.58685356999996], [31.41138864700008, -17.58692357599989], [31.411604641000054, -17.587063586999932], [31.41181763500009, -17.587343608999845], [31.412033629000177, -17.587553624999885], [31.412103627000135, -17.58762262999994], [31.412176625000086, -17.58769263599993], [31.412174625000148, -17.587761640999872], [31.412317621000057, -17.587900651999917], [31.412317621000057, -17.587971657999958], [31.409408704000157, -17.590231835999873], [31.409334706000095, -17.590299840999933], [31.409261708000088, -17.590368846999866], [31.409116712000127, -17.590435851999814], [31.40904471400006, -17.590504856999928], [31.408899718000157, -17.590572862999977], [31.408681725000122, -17.590708872999926], [31.408535729000107, -17.590845883999975], [31.408390733000033, -17.590982894999968], [31.408170739000127, -17.5911209059999], [31.405494815000054, -17.59165094799988], [31.405206823000015, -17.591648947999886], [31.40506182700011, -17.591646947999834], [31.404916831000037, -17.591644947999953], [31.404844833000084, -17.591644947999953], [31.40477383500007, -17.591644947999953], [31.404628839000168, -17.591711953999948], [31.404483843000094, -17.591711953999948], [31.404338847000133, -17.591709952999963], [31.40419385100006, -17.591778958999896], [31.404049856000142, -17.59184496399996], [31.40390486000007, -17.59184496399996], [31.40252689900018, -17.592524017999835], [31.402454901000056, -17.592524017999835], [31.40238290300016, -17.592524017999835], [31.402309905000152, -17.59259302299995], [31.40223790700003, -17.592591022999954], [31.402164909000078, -17.592591022999954], [31.40194791500005, -17.59258902299996], [31.401731921000135, -17.59251901799996], [31.40158892500017, -17.592517017999967], [31.401443929000095, -17.59244601199987], [31.401012941000147, -17.592303000999948], [31.398852002000126, -17.59166195199998], [31.398421014000178, -17.59151894099989], [31.397988026000064, -17.591446934999965], [31.39777203200009, -17.591373929999975], [31.39748404000011, -17.591232918999935], [31.39712605000011, -17.591091907999896], [31.396838058000128, -17.590881890999924], [31.396552066000083, -17.590601869999944], [31.396338072000106, -17.59039185299997], [31.396124078000184, -17.590113831999815], [31.395981082000105, -17.589905814999895], [31.395768088000068, -17.58969579899997], [31.395697090000056, -17.58955678799998], [31.395697090000056, -17.58941677699994], [31.395627092000097, -17.589208760999952], [31.395556094000085, -17.589138754999965], [31.393618148000144, -17.587875656999813], [31.393475152000065, -17.587873656999932], [31.393260158000032, -17.58773264599995], [31.392684174000124, -17.58758963499986], [31.392323184000134, -17.587448623999933], [31.39196319399997, -17.58737561899983], [31.391604204000146, -17.58723460799996], [31.391173216000027, -17.587023590999934], [31.390813226000034, -17.5868805799999], [31.39066923000007, -17.58680957499996], [31.39059723200012, -17.58680957499996], [31.39052523400005, -17.586738568999976], [31.390456236000034, -17.586531552999872], [31.39031324000007, -17.586391541999944], [31.39017024400016, -17.58618152599996], [31.389954250000017, -17.586042514999917], [31.38974125599998, -17.585832498999935], [31.38959826000007, -17.58569148799984], [31.38938026600016, -17.585621481999908], [31.38916627200001, -17.585481470999866], [31.38894927800004, -17.58540946599993], [31.388663286000167, -17.58526845499989], [31.388230298000053, -17.585127443999966], [31.38636135000013, -17.584349383999893], [31.38592836300012, -17.584345383999903], [31.38564037100008, -17.584341382999924], [31.385495375000175, -17.584341382999924], [31.385350379000045, -17.58433938299987], [31.38520538300014, -17.58440638899998], [31.384989389000054, -17.58440438899993], [31.38469939700019, -17.584471393999934], [31.384482403000163, -17.584608404999926], [31.384337408000192, -17.584677409999927], [31.384120414000165, -17.58474341499982], [31.38397541800009, -17.584812420999924], [31.38383042200013, -17.584879425999873], [31.383540430000153, -17.58494643199998], [31.38303444400003, -17.584942430999945], [31.382817451000108, -17.585008436999885], [31.382529459000068, -17.585007436999888], [31.382384463000164, -17.585005436999893], [31.382167469000137, -17.58500343699984], [31.382023473000118, -17.585001435999914], [31.381734481000024, -17.584999435999862], [31.38130149300008, -17.58492643099993], [31.38029252200016, -17.58484842499996], [31.380076528000075, -17.58477641999997], [31.37964354000013, -17.584703413999875], [31.378489572000035, -17.584486396999978], [31.37166576300001, -17.58103212899988], [31.371449769000094, -17.580959123999946], [31.371449769000094, -17.580890117999957], [31.37123477500006, -17.58088911799996], [31.371018781000146, -17.580818112999907], [31.370297801000163, -17.580673101999935], [31.36776287300006, -17.581480165999892], [31.36776287300006, -17.581550171999936], [31.367615877000162, -17.58161717699994], [31.367545879000033, -17.58161717699994], [31.36747088100003, -17.581686181999885], [31.367325885000128, -17.581823192999934], [31.367180889000053, -17.58189219899998], [31.367036894000137, -17.582027208999875], [31.36688989800001, -17.582165219999922], [31.366744902000107, -17.58230223099997], [31.366526908000026, -17.582371235999915], [31.364274972000032, -17.583803348999936], [31.36412997600013, -17.58387235499987], [31.36405697800012, -17.583940359999872], [31.36398298, -17.58400936599992], [31.363909982000052, -17.584078370999862], [31.363764987000025, -17.58421538199991], [31.3634759950001, -17.584350392999966], [31.36311300500006, -17.58448640299997], [31.36296600900016, -17.584623413999907], [31.362821013000087, -17.584692419999953], [31.36064507500015, -17.585850510999933], [31.360500079000076, -17.585848510999938], [31.360500079000076, -17.585916515999884], [31.360428081000123, -17.585916515999884], [31.36028308500005, -17.585983521999935], [31.36006509200007, -17.586052526999936], [31.359775100000036, -17.586119532999817], [31.359630104000132, -17.586117532999936], [31.359340112000098, -17.586252542999887], [31.359052120000058, -17.586250542999892], [31.358692130000122, -17.586246542999845], [31.357681159000037, -17.58623754299998], [31.356525191000173, -17.58622754199996], [31.355516220000084, -17.586149536999812], [31.355228228000044, -17.586077530999887], [31.35508323200014, -17.586075530999892], [31.354940236, -17.58600652599995], [31.34871641, -17.583973368999978], [31.347742437000193, -17.583654343999967], [31.34767143900018, -17.583654343999967], [31.347454446000086, -17.583652343999972], [31.346733466000103, -17.583507332999943], [31.346372476000056, -17.58350433299995], [31.346157482000024, -17.583433326999966], [31.34601248600012, -17.58343132699997], [31.339374673000066, -17.58302529799994], [31.33930267500017, -17.583093302999885], [31.338106707000122, -17.57996505899996], [31.338106707000122, -17.579828047999968], [31.338108707000117, -17.579620031999923], [31.338113707, -17.579203998999958], [31.338043708000157, -17.57899598299997], [31.337902712000073, -17.578646955999943], [31.337688718000095, -17.578299928999854], [31.33754772200018, -17.578021906999936], [31.33742772400018, -17.575595716999942], [31.33750172200007, -17.57538970099995], [31.337648718000025, -17.575112678999915], [31.337795714000094, -17.574906662999922], [31.33794270900006, -17.57463164099994], [31.33801670700018, -17.574355618999903], [31.338165703000072, -17.573941586999922], [31.338239701000134, -17.573802575999878], [31.338384697000038, -17.573664564999945], [31.33853169200006, -17.57345854899995], [31.33867868800013, -17.57318452699991], [31.338825684000028, -17.572976510999922], [31.33911967500012, -17.572425467999892], [31.33926667100019, -17.57228745699996], [31.339412667000033, -17.572013434999917], [31.339557663000107, -17.571875423999927], [31.339704659, -17.571669407999934], [31.33985165400003, -17.57146339199994], [31.341314612000076, -17.56953724099992], [31.341461607999975, -17.56933122399994], [31.341606604000106, -17.56919421399988], [31.341680602000167, -17.569056202999946], [31.341827598000066, -17.568848185999855], [31.342117589000168, -17.568574164999916], [31.342262585000128, -17.568507159999967], [31.34233658300019, -17.56843815399992], [31.3425545770001, -17.56830114299987], [31.342699573, -17.568234137999923], [31.342844569000135, -17.568166132999977], [31.34298956500004, -17.568097126999874], [31.343061563000106, -17.56802812199993], [31.343206559000066, -17.56796111599982], [31.343280556000025, -17.567893110999876], [31.343353554000032, -17.56775509999983], [31.343425552000156, -17.567687094999883], [31.34342755200015, -17.567616088999955], [31.3435005500001, -17.56761808899995], [31.3435005500001, -17.567548083999952], [31.343502550000096, -17.567410072999962], [31.34350455000009, -17.56713405099987], [31.343578547999982, -17.56699403999994], [31.3435805470001, -17.56678702399995], [31.343582547000096, -17.566581007999957], [31.343654545000163, -17.566440996999972], [31.343656545000158, -17.566232980999928], [31.343342552000024, -17.561729627999966], [31.34334355200008, -17.561590616999922], [31.34334755200007, -17.5611745839999], [31.343422549000138, -17.560898562999967], [31.343427549000012, -17.560344518999955], [31.343502547000185, -17.560137502999964], [31.34350454700018, -17.55993148699997], [31.343506547000175, -17.559723470999927], [31.34358054400019, -17.55951545399995], [31.343582544000185, -17.559376442999962], [31.343586544000118, -17.558962410999982], [31.343588544000113, -17.558683388999896], [31.343591544, -17.558338361999972], [31.343593543999987, -17.558199350999928], [31.343597543000044, -17.557714312999963], [31.343528545000026, -17.557506296999975], [31.343530545000192, -17.557298280999873], [31.343534545000182, -17.556814242999963], [31.343464547000053, -17.556743236999978], [31.343391549000103, -17.556743236999978], [31.34331955100015, -17.556673231999866], [31.34317655500007, -17.55660222599994], [31.342743567000127, -17.55659822599995], [31.341734595000105, -17.55652021999998], [31.33798870000004, -17.55565415399991], [31.337700708000057, -17.555652153999915], [31.337555712000096, -17.555650153999864], [31.337122725000086, -17.55564715399987], [31.336977729000182, -17.55564715399987], [31.336904731000175, -17.55571515899993], [31.33683273300005, -17.55578416499992], [31.336687737000148, -17.555851169999983], [31.336542741000073, -17.55591917499993], [31.336469743000066, -17.55598818099992], [31.336395745000175, -17.556057185999975], [31.336395745000175, -17.55612519099998], [31.336322747000168, -17.55612519099998], [31.336321747000056, -17.55626320199997], [31.336321747000056, -17.5564022129999], [31.336319748000165, -17.556471218999945], [31.336319748000165, -17.556610229999876], [31.33631774800017, -17.556818245999978], [31.336313748, -17.557026261999965], [31.33638474600002, -17.55723427799984], [31.33638074600009, -17.557579304999877], [31.33645074400016, -17.557789321999905], [31.336521742000173, -17.557996337999896], [31.33651974300011, -17.558134348999943], [31.336517743000115, -17.55834236499993], [31.33651574300012, -17.558481375999975], [31.33651574300012, -17.558620386999962], [31.33644174500006, -17.558758397999895], [31.336366747000056, -17.558964413999888], [31.336221751000153, -17.559032418999948], [31.33607675500008, -17.559101424999938], [31.335859762000155, -17.559236435999935], [31.33556977000012, -17.559303440999884], [31.335424774000046, -17.559372445999827], [31.335279778000086, -17.559438451999938], [31.335062784000115, -17.55943745199994], [31.334846790000142, -17.55943545199989], [31.334556798000165, -17.55943345099996], [31.334341804000132, -17.55943145099991], [31.33376382100016, -17.559425450999925], [31.33311483900013, -17.559419450999883], [31.331983871000148, -17.55906342299994], [31.331913873000076, -17.55906342299994], [31.33176687700012, -17.55912942899988], [31.33140588700013, -17.559128428999884], [31.331045897000024, -17.559192433999954], [31.330827903000056, -17.55919043399996], [31.330682907000153, -17.55925943899996], [31.32938094399998, -17.559524460999967], [31.329164950000063, -17.559522460999972], [31.32894995600003, -17.559381449999933], [31.328733962000115, -17.559311443999945], [31.328445970000075, -17.55923843899984], [31.328302974000167, -17.55916843299991], [31.32808598000014, -17.559097427999973], [31.327726990000087, -17.55888541099995], [31.327440998000043, -17.55874439999991], [31.327225004000127, -17.55867439499997], [31.327010010000095, -17.558532383999932], [31.32679401600018, -17.558462377999945], [31.314923349000082, -17.55447406999997], [31.31485135100013, -17.55447406999997], [31.31470835500005, -17.554403064999974], [31.314635357000043, -17.554332058999933], [31.314421363000065, -17.554191047999836], [31.314133371000082, -17.554050037999957], [31.31355938700017, -17.553768015999935], [31.313201397000057, -17.553557998999963], [31.30474063300005, -17.547869556999842], [31.304742633000046, -17.547799550999912], [31.30466963500004, -17.54773054599997], [31.304599637000138, -17.547660539999868], [31.30452663900013, -17.547591534999924], [31.304383643, -17.54752052999993], [31.304240647000086, -17.547311512999954], [31.304026653000165, -17.54710149699997], [31.303740660000187, -17.54689147999983], [31.294711912000082, -17.540365971999904], [31.292676968000137, -17.538381817999948], [31.293376948000116, -17.53746274499997], [31.293473945000073, -17.537367737999887], [31.29366694000015, -17.537271729999873], [31.29366694000015, -17.537178722999897], [31.293763937000108, -17.537176722999902], [31.29385893400007, -17.537080714999945], [31.293956932000185, -17.536987707999913], [31.294146926000053, -17.536609677999877], [31.294337921000135, -17.536325655999917], [31.294530915000166, -17.536043633999952], [31.294722910000132, -17.535852618999968], [31.29481890700015, -17.535663603999865], [31.294911904000116, -17.535474588999932], [31.295008901000074, -17.535381581999957], [31.29500790100019, -17.53528657399994], [31.29500390100003, -17.534912544999884], [31.29507589800005, -17.533128404999957], [31.29517189600017, -17.532941389999962], [31.295266893000132, -17.532846382999935], [31.295262893000142, -17.532564360999913], [31.295451887000127, -17.53209332399996], [31.295546885000192, -17.53190630899985], [31.295544885000027, -17.531717293999918], [31.29564288200004, -17.531623286999945], [31.29563888200005, -17.531435271999953], [31.29573387900018, -17.531246256999964], [31.296307863000095, -17.53030218299989], [31.296887846, -17.529827144999956], [31.29717783800004, -17.52963612999997], [31.297370832000183, -17.52944511499993], [31.29756282699998, -17.52925609999994], [31.297658824000052, -17.52906808599994], [31.29775182100019, -17.528785062999873], [31.297749821000025, -17.528692055999898], [31.29774782100003, -17.52850504099996], [31.297745821000035, -17.528410033999933], [31.297610824000174, -17.525599813999918], [31.297803818000148, -17.525408798999933], [31.297801818000153, -17.52522178399994], [31.297896816, -17.52503376899989], [31.297992813000064, -17.52493776199998], [31.298087810000027, -17.524748746999933], [31.298167808000073, -17.524510727999882], [31.29827080500013, -17.524129697999967], [31.298272805000124, -17.523852675999876], [31.29827680400018, -17.523575654999945], [31.298278804000176, -17.523367637999968], [31.29828080400017, -17.523228626999924], [31.298281804000055, -17.52302061099988], [31.298281804000055, -17.522952605999933], [31.298285804000045, -17.522675583999842], [31.298873787000105, -17.5217105079999], [31.299018783, -17.52164350299995], [31.299088781000137, -17.52164350299995], [31.299126780000165, -17.521609499999897]]]]}}, {"type": "Feature", "properties": {"GID_3": "ZWE.4.1.8_2", "GID_0": "ZWE", "COUNTRY": "Zimbabwe", "GID_1": "ZWE.4_1", "NAME_1": "Mashonaland Central", "NL_NAME_1": "NA", "GID_2": "ZWE.4.1_2", "NAME_2": "Bindura", "NL_NAME_2": "NA", "NAME_3": "Ward 16", "VARNAME_3": "NA", "NL_NAME_3": "NA", "TYPE_3": "Ward", "ENGTYPE_3": "Ward", "CC_3": "NA", "HASC_3": "NA", "id": "ZWE.4.1.8_2", "name": "Ward 16"}, "geometry": {"type": "MultiPolygon", "coordinates": [[[[31.38389731300009, -17.530288655999925], [31.384489714000154, -17.527829650999877], [31.383480509000037, -17.526350046999937], [31.382497394000154, -17.521927898999877], [31.382519119000108, -17.519475781999915], [31.383330408000177, -17.517630154999893], [31.38338768200009, -17.51774625899992], [31.385039327000072, -17.514418791999958], [31.407672721000154, -17.51320279899994], [31.42269529800012, -17.512086705999877], [31.458302295000067, -17.509138460999964], [31.458518289000153, -17.509140460999845], [31.480402671000093, -17.505100135999953], [31.500202113000114, -17.50214689799992], [31.50041910700014, -17.502148897999916], [31.50827527600012, -17.500133014999903], [31.5087368720001, -17.500140736999924], [31.50874490100017, -17.500434867999957], [31.508728872000177, -17.500971801999867], [31.50872587200007, -17.50124882399996], [31.50872387300018, -17.50149284299988], [31.508719873000018, -17.50207988899996], [31.508645875000127, -17.50228590499995], [31.508570877000125, -17.50256292699987], [31.508568878000062, -17.502770942999973], [31.50849488000017, -17.50290795399991], [31.50849488000017, -17.50297895999995], [31.507969895000144, -17.50498211699994], [31.507969895000144, -17.505121127999814], [31.506796929000075, -17.507120284999928], [31.50672493100018, -17.507188290999977], [31.506649933000176, -17.507257295999977], [31.50657793500011, -17.50739430699997], [31.50643293899998, -17.507532317999903], [31.506215946000054, -17.507600322999963], [31.506068950000156, -17.507738333999896], [31.50592395400008, -17.50780433899996], [31.505850956000074, -17.507873344999894], [31.505778958000178, -17.508012355999938], [31.505633962000047, -17.508079360999886], [31.50548696600015, -17.508356382999978], [31.505412969000133, -17.508564398999965], [31.505410968999968, -17.508701409999844], [31.505337971000188, -17.50890942599989], [31.505331971000032, -17.50939346399997], [31.50546596800018, -17.510572555999943], [31.505463968000186, -17.51078057299992], [31.505534966000027, -17.51105659399991], [31.505532966000033, -17.51113860099997], [31.505532966000033, -17.511264610999888], [31.50560296400016, -17.511472626999876], [31.5056009650001, -17.511680642999977], [31.50567196300011, -17.511819653999908], [31.50566796300012, -17.512167681999927], [31.50574096100013, -17.512235686999873], [31.505738961000134, -17.512374697999917], [31.50581095900003, -17.512445702999912], [31.505881957000042, -17.51251470899996], [31.505953955000166, -17.512584713999956], [31.506096951000075, -17.512723724999944], [31.50609495100008, -17.512792729999944], [31.507098923000058, -17.513563789999978], [31.507098923000058, -17.513633795999908], [31.50716892100013, -17.513771806999955], [31.50716892100013, -17.513910817999943], [31.507239919000142, -17.51398082299994], [31.507239919000142, -17.514049828999873], [31.507237919000147, -17.514118833999817], [31.507237919000147, -17.51425784499986], [31.50730791799998, -17.514396855999905], [31.507306918000097, -17.51460487199995], [31.507306918000097, -17.514673876999893], [31.507231920000095, -17.514810887999943], [31.5072299200001, -17.515018904999863], [31.507157922000033, -17.515087909999977], [31.50708292400003, -17.515226920999908], [31.50708292400003, -17.515295925999965], [31.507010926000135, -17.5153639319999], [31.506936928000016, -17.515501942999947], [31.506791933000045, -17.515638952999893], [31.50678993300005, -17.515777963999938], [31.506716935000043, -17.51584696999987], [31.506716935000043, -17.51591497499993], [31.506272948000174, -17.51722807799996], [31.50619795000017, -17.517365088999895], [31.506052954000097, -17.517573104999883], [31.50597895599998, -17.51764211099993], [31.505906958000082, -17.51784812699998], [31.505759963000116, -17.517985137999972], [31.50568696500011, -17.518124148999902], [31.505612967, -17.51826215899996], [31.505539968999983, -17.518330164999895], [31.505539968999983, -17.518399169999952], [31.504590996000104, -17.519707272999824], [31.504446, -17.519776278999927], [31.504299004000075, -17.519913288999817], [31.504154009000104, -17.520051299999864], [31.504154009000104, -17.52011930599997], [31.50279004700019, -17.521262395999884], [31.50263705200007, -17.521336401999974], [31.502019069000028, -17.52174443399997], [31.50160708100003, -17.522149465999917], [31.501405087000023, -17.522549496999886], [31.50119709300003, -17.522553497999866], [31.501199093000025, -17.52275151299989], [31.50120109300019, -17.522952528999838], [31.500993099000027, -17.52295452899989], [31.500946100000135, -17.52300753299994], [31.50094710000002, -17.523100540999906], [31.500852103000113, -17.52319654799993], [31.500852103000113, -17.523289554999906], [31.50075710600015, -17.523385562999977], [31.500759105000043, -17.523478569999952], [31.50066110800003, -17.52357357799997], [31.50046911400011, -17.523762592999958], [31.500276119000034, -17.523953607999886], [31.50008312500006, -17.52414462299987], [31.499895130000027, -17.524521651999976], [31.49979913300018, -17.524708666999913], [31.499801133000176, -17.52480467499987], [31.499704136000048, -17.524897681999846], [31.499706136000043, -17.525069694999956], [31.499704136000048, -17.525139700999887], [31.49963113800004, -17.525208705999887], [31.49963113800004, -17.525277711999934], [31.499593139000183, -17.52531371499998], [31.499517141000126, -17.52546472599994], [31.499521141000116, -17.525651740999876], [31.499328147000142, -17.525841755999977], [31.49913715200006, -17.526217785999904], [31.499139152, -17.52631279299993], [31.499042155000097, -17.526406800999894], [31.49904615500003, -17.526595814999837], [31.498855160000176, -17.526972844999932], [31.498760163000043, -17.527161859999865], [31.49876216299998, -17.527255866999894], [31.498571169000172, -17.527537888999973], [31.498573169000167, -17.527632896999933], [31.498476171000164, -17.527726903999962], [31.49838017400009, -17.527821911999922], [31.49838017400009, -17.527915918999895], [31.49828317700019, -17.52791791899989], [31.498188180000056, -17.52801292699985], [31.498090182000112, -17.528107933999877], [31.497993185000155, -17.528107933999877], [31.49799518500015, -17.528201941999953], [31.497898188000192, -17.52829694899998], [31.49770319300012, -17.528393956999935], [31.497606196, -17.528393956999935], [31.497608195999987, -17.528487963999964], [31.497510199000146, -17.52848996399996], [31.49741320200002, -17.52858497199992], [31.49731820400018, -17.52867997899989], [31.497026213000083, -17.5287779869999], [31.496833218000177, -17.52896700199983], [31.49654322599997, -17.529253024999946], [31.4963552320001, -17.52963005399988], [31.49625723500003, -17.529726061999952], [31.496259235000025, -17.529819068999814], [31.496263235000185, -17.530006083999922], [31.496263235000185, -17.53010009099995], [31.49616823700012, -17.53019509899991], [31.496170237000115, -17.530288105999887], [31.496074240000098, -17.530571127999963], [31.496078240000088, -17.530758142999957], [31.49598124300013, -17.530853149999928], [31.495885246000114, -17.530948157999887], [31.495695251000086, -17.531326186999877], [31.495597254000074, -17.531328187999975], [31.49559925400007, -17.53142119499995], [31.495502257000112, -17.53142119499995], [31.495502257000112, -17.531517202999964], [31.495407259000046, -17.53161020999994], [31.494632281000065, -17.532089247999977], [31.49463428100006, -17.532278261999977], [31.494537284000103, -17.532278262999967], [31.49444228700014, -17.532373269999937], [31.49424529200013, -17.532375269999932], [31.494052298000156, -17.532566284999916], [31.49376230600012, -17.532756299999903], [31.49357031200003, -17.53294731499983], [31.493375317000186, -17.53304332299996], [31.493280320000054, -17.53323133799995], [31.493183323000096, -17.533233337999945], [31.49318532300009, -17.53332734499992], [31.493186323000145, -17.533420352999883], [31.49318832300014, -17.533607366999888], [31.49319632300012, -17.534076403999904], [31.493200323000053, -17.53435942599998], [31.4931063250001, -17.534641447999945], [31.493108325000094, -17.534734455999967], [31.493108325000094, -17.53482846299994], [31.49156136900018, -17.53597255299985], [31.491563369000175, -17.536066560999814], [31.491466372000048, -17.53606856099998], [31.491468372000043, -17.536161567999955], [31.491468372000043, -17.536255574999927], [31.491371375000085, -17.53625657599997], [31.49137337500008, -17.536350582999944], [31.49127537800007, -17.53644558999997], [31.491180380000173, -17.53654159799993], [31.491083383000046, -17.5366366049999], [31.490793391000068, -17.536827620999873], [31.490600397000094, -17.537016634999816], [31.490312405000054, -17.53730265799993], [31.490219408000087, -17.537584679999895], [31.490121411000075, -17.53767968799997], [31.49002641300018, -17.53786870199997], [31.489933416000042, -17.53805771699996], [31.489740422000068, -17.538339738999866], [31.489646424000114, -17.53852875399997], [31.489549427000156, -17.53862376199993], [31.48955142700015, -17.53871776899996], [31.489454430000023, -17.53881277699992], [31.489358433000177, -17.538908783999943], [31.489166438000154, -17.53909679899988], [31.48916843800015, -17.53919280699995], [31.489070441000138, -17.53928581399998], [31.488975443000072, -17.53938182099995], [31.48887844600017, -17.539476828999966], [31.48868545199997, -17.53966784399995], [31.488590454000132, -17.539760850999926], [31.48849445700006, -17.539949865999972], [31.488399460000153, -17.54013888099996], [31.48820846500007, -17.54042290299992], [31.488111468000113, -17.54051791099988], [31.488115468000103, -17.540704925999876], [31.48801647100015, -17.54070692599987], [31.488021471000025, -17.54098794799995], [31.48802347100019, -17.541175961999954], [31.487928474000057, -17.541362976999892], [31.487833476, -17.54145898499985], [31.487834476000103, -17.54155199199988], [31.487642482000183, -17.54174300699998], [31.487060498000176, -17.54212603699989], [31.48676850700008, -17.542224044999898], [31.4866845090001, -17.542306051999958], [31.48664851, -17.542409059999954], [31.486574512000118, -17.5425460699999], [31.486429516000044, -17.54268308099995], [31.48628252100019, -17.54296010299987], [31.48628252100019, -17.543029107999928], [31.486249522000037, -17.543114114999923], [31.486196523000046, -17.543168118999972], [31.486101526000084, -17.54335713399996], [31.486104526000133, -17.543544148999956], [31.486011529000166, -17.543826170999978], [31.485918531000095, -17.544108192999943], [31.48582253400008, -17.544297207999932], [31.48572553700012, -17.54439221499996], [31.485727537000116, -17.54448622299992], [31.48572953700011, -17.544579229999897], [31.4856315400001, -17.544675237999968], [31.485633540000094, -17.544768244999943], [31.485151553000094, -17.545243281999944], [31.485054556000136, -17.545245282999872], [31.48505555600019, -17.545338289999904], [31.484958559000063, -17.5453402899999], [31.484861562000162, -17.5453402899999], [31.484861562000162, -17.54543629799997], [31.484764564000102, -17.54543629799997], [31.484571570000128, -17.545626312999957], [31.484376575000056, -17.54572231999998], [31.484087584000065, -17.545914334999964], [31.48389458900016, -17.546103349999896], [31.483799592000025, -17.546199357999853], [31.483799592000025, -17.546292364999886], [31.483800592000136, -17.546385371999975], [31.483802592000075, -17.546574386999964], [31.48380459200007, -17.546668394999926], [31.483814592000044, -17.547230438999975], [31.48381659200004, -17.54741745299998], [31.48382359200008, -17.54798049699997], [31.483825592000073, -17.548073504999934], [31.48382759200001, -17.54826051899994], [31.483829592, -17.5483545269999], [31.483734595000044, -17.548543541999834], [31.483638597000095, -17.548638548999975], [31.48364059700009, -17.54882556399997], [31.482875619000026, -17.549960652999914], [31.48287761900002, -17.550055659999884], [31.48278062200012, -17.55014966799996], [31.48268562500016, -17.550244674999874], [31.48258762800009, -17.550246674999983], [31.48239363300013, -17.550341682999942], [31.482296636, -17.550437690999956], [31.482101641000156, -17.55043969099995], [31.48200464400003, -17.55044069099995], [31.482006644000023, -17.55053469799998], [31.481906647000187, -17.550536697999974], [31.481712652, -17.550538698999958], [31.481035672000132, -17.551015735999897], [31.481037672000127, -17.551203750999946], [31.481039672000122, -17.551297757999976], [31.480943674000173, -17.55148677299991], [31.480945674000168, -17.551579780999873], [31.48084867700004, -17.551675787999898], [31.480850677000035, -17.551768794999873], [31.480752679999966, -17.551768794999873], [31.480754680000132, -17.551957809999976], [31.479602713000133, -17.553284914999892], [31.479505716, -17.55337892199998], [31.479412718000162, -17.55356793699997], [31.479412718000162, -17.55366294399994], [31.47921972400019, -17.553757951999955], [31.47921972400019, -17.55385195899993], [31.479221724000126, -17.553944966999893], [31.476810793000084, -17.55621714599988], [31.47681279300008, -17.556310152999913], [31.476717795000184, -17.55640615999988], [31.476619798000172, -17.55650116799984], [31.47652480100004, -17.55659617499998], [31.476425804000087, -17.55659617499998], [31.476331806000132, -17.55678518999997], [31.476234809000175, -17.556881197999928], [31.476139812000042, -17.556976204999955], [31.475946817000192, -17.557167219999883], [31.475849820000064, -17.55726022799996], [31.47585182000006, -17.557354234999877], [31.475753823, -17.55744924199996], [31.47565882600003, -17.557544249999978], [31.475660826000023, -17.55763825699995], [31.475463831000184, -17.55764225799993], [31.4752698370001, -17.557737264999957], [31.475271837000093, -17.55783127299992], [31.47517383900015, -17.557832272999917], [31.47507684200002, -17.557928279999885], [31.47498184500006, -17.55802128799985], [31.47488484800016, -17.5580232879999], [31.47488484800016, -17.558117294999875], [31.474786850000044, -17.55811929499987], [31.474689853000086, -17.55811929499987], [31.47469185300008, -17.558214302999943], [31.474498859000107, -17.558403317999932], [31.47430486400009, -17.558500324999955], [31.474206867000078, -17.55859333299992], [31.474151868000092, -17.558649336999963], [31.474081870000134, -17.558649336999963], [31.47400887300006, -17.558717341999966], [31.473936875000106, -17.5587863479999], [31.473863877000156, -17.558855352999956], [31.47386187700016, -17.55899236399989], [31.473859877000166, -17.559339390999924], [31.47385787700017, -17.55947740199997], [31.473855877000176, -17.559616412999958], [31.473852877000127, -17.55996143999988], [31.473924875000193, -17.56003244599998], [31.47406787100016, -17.560241461999965], [31.474208868000176, -17.560449477999953], [31.474279866000188, -17.56065749399994], [31.474279866000188, -17.56079650499987], [31.47434986400009, -17.560936515999913], [31.47434686400004, -17.56121253799995], [31.47434686400004, -17.561352548999878], [31.474271866000038, -17.56155856499987], [31.474269866000043, -17.56176558099986], [31.47412387100013, -17.562042602999952], [31.474121871000136, -17.56225061899994], [31.473899877000065, -17.56266465199991], [31.473091901000032, -17.56424977599994], [31.473018903000025, -17.564388786999928], [31.472944905000134, -17.56445779299986], [31.472944905000134, -17.564525797999977], [31.472871907000126, -17.564663808999853], [31.472797909000064, -17.564802819999898], [31.472797909000064, -17.56490982799994], [31.47279590900007, -17.564939830999947], [31.47277091, -17.564989833999903], [31.472738911000135, -17.56508284199998], [31.472742911000125, -17.565269855999816], [31.47272191100012, -17.565311859999895], [31.47264691400005, -17.565458870999976], [31.47265091400004, -17.565645885999913], [31.47265091400004, -17.565740892999884], [31.472652914000037, -17.565834900999846], [31.472749911000165, -17.565832900999965], [31.47275191100016, -17.565925907999826], [31.472753911000154, -17.56601991499997], [31.472850908000055, -17.56601991499997], [31.47295090500006, -17.56611092199995], [31.47305190200018, -17.566297936999945], [31.473247897000135, -17.566482950999898], [31.473346894000088, -17.566574957999876], [31.47344789200008, -17.566761972999814], [31.473545889000093, -17.566759972999932], [31.473547889000088, -17.56685497999996], [31.47354888900003, -17.566948987999922], [31.47354888900003, -17.567041994999954], [31.473550888999966, -17.567136001999927], [31.473554889000127, -17.56732301699998], [31.473554889000127, -17.56741602399984], [31.473558889000117, -17.567605038999943], [31.473661886, -17.567979067999886], [31.473663886, -17.56816608299988], [31.473667886000158, -17.568352097999934], [31.474266869000076, -17.56928316999995], [31.474267869000187, -17.56937717799991], [31.474365867000074, -17.569375177999916], [31.474369867000064, -17.56956419199986], [31.474466864000192, -17.569562191999978], [31.47456386100015, -17.56956019199987], [31.474565861000144, -17.569646198999976], [31.474763856000095, -17.569838213999958], [31.474861853000107, -17.569838213999958], [31.47496085000006, -17.569930220999936], [31.47505784700013, -17.569930220999936], [31.475156845000186, -17.570021227999916], [31.47525584200008, -17.57011523499989], [31.475355839000144, -17.57020624199987], [31.47545483600004, -17.570300249999832], [31.475456836000035, -17.570393256999978], [31.475553834000095, -17.570391256999812], [31.475555834000033, -17.570485263999956], [31.47556183400019, -17.57095430099986], [31.475563834000184, -17.571048307999888], [31.475564834000068, -17.571141314999977], [31.475566834000062, -17.571234322999942], [31.475566834000062, -17.571330329999967], [31.475568834000057, -17.571360332999973], [31.475570834000052, -17.571517344999904], [31.475572834000047, -17.571610351999936], [31.475475835999987, -17.571706359999894], [31.475477835999982, -17.571799366999983], [31.475282842000013, -17.571894374999943], [31.475185845000112, -17.571990381999967], [31.4750918470001, -17.572179396999957], [31.47499485000003, -17.572274403999927], [31.474899853000068, -17.572369411999944], [31.474901853000063, -17.57255642699988], [31.47481985500019, -17.572558426999876], [31.474803856, -17.572558426999876], [31.47480585600016, -17.57265243399985], [31.47470685800016, -17.5726544339999], [31.474231872000132, -17.57359650799998], [31.47422087299998, -17.57363451099991], [31.474044878000086, -17.574160552999842], [31.474048878000076, -17.574443574999975], [31.473955880000176, -17.57463158999991], [31.47385988300016, -17.57482060399991], [31.473766886000192, -17.575103626999976], [31.473669889000064, -17.575103626999976], [31.473669889000064, -17.575198633999946], [31.472225930000036, -17.576623745999882], [31.472032935000186, -17.57681276099993], [31.4718389410001, -17.577002775999972], [31.471742944000084, -17.57709878399993], [31.471645946000024, -17.57709878399993], [31.471450952000055, -17.577195790999895], [31.47145295200005, -17.57728879899986], [31.471256957000094, -17.57729079899991], [31.47125895700009, -17.577384805999884], [31.47092696700014, -17.577548818999958], [31.470872968000037, -17.57759782299985], [31.470727972000077, -17.577666828999952], [31.4699959940001, -17.57897693099983], [31.469993994000106, -17.579184947999977], [31.469919996000044, -17.57939096399997], [31.46991799600005, -17.579598979999957], [31.46991399600006, -17.580015012999922], [31.469911996000064, -17.580223028999967], [31.469837999000106, -17.58042904499996], [31.46983599900011, -17.580637061999937], [31.46976100100011, -17.580845077999925], [31.46958000600017, -17.581154101999914], [31.469481010000152, -17.582846234999977], [31.458628307000026, -17.56254264799992], [31.440100835000067, -17.578244884999833], [31.436785929000052, -17.58094609799997], [31.436186946000134, -17.58104310599998], [31.43604195000006, -17.58104110599993], [31.435898954000095, -17.580971099999886], [31.43575395800019, -17.58096909999989], [31.43568396000012, -17.580900094999947], [31.435610962000112, -17.580898094999952], [31.435467966000147, -17.580759083999908], [31.43539596800008, -17.580759083999908], [31.434897982000052, -17.580063029999963], [31.434825984000156, -17.579992023999978], [31.43468398800013, -17.579714001999946], [31.434540992000052, -17.579503985999906], [31.434327998000185, -17.57929596999992], [31.43418500200005, -17.579016947999946], [31.433971008000128, -17.57880793199996], [31.433828012, -17.57859791499982], [31.433685016000084, -17.578458903999945], [31.432476049000172, -17.57650875199988], [31.43240505100016, -17.576300735999894], [31.43233505300003, -17.576161724999963], [31.432336053000085, -17.575953708999975], [31.432266055000184, -17.57581469799993], [31.432195057000172, -17.575675686999887], [31.432125058000167, -17.575536675999842], [31.432125058000167, -17.5754676709999], [31.432127058000162, -17.57539666499997], [31.432054060000155, -17.57532865999997], [31.431137085000046, -17.57317249099998], [31.431137085000046, -17.573104485999863], [31.431066087000033, -17.573033479999935], [31.431066087000033, -17.57296447499982], [31.431066087000033, -17.57289446899989], [31.43106808700003, -17.572825463999948], [31.430383104999976, -17.568871153999964], [31.430313107000075, -17.568595132999974], [31.430317106000132, -17.568316110999888], [31.43024610800012, -17.5681080949999], [31.430248108000114, -17.56797108399985], [31.430248108000114, -17.567832072999977], [31.43025010800011, -17.567624056999932], [31.430179110000097, -17.567485045999945], [31.430181110000092, -17.567277029999957], [31.430111112000134, -17.56706901299998], [31.42996911600011, -17.56685899699994], [31.429899117000105, -17.566650980999952], [31.429828119000092, -17.566442963999975], [31.429758121000134, -17.56630395299993], [31.42961712500005, -17.566025931999945], [31.429191137000146, -17.565052855999966], [31.429050141000175, -17.564705828999934], [31.428911144000153, -17.564150784999924], [31.428842146000136, -17.563871762999952], [31.42869915, -17.56366174699997], [31.4286291520001, -17.563522735999925], [31.428558154000086, -17.563385724999875], [31.428487156000074, -17.563314719999937], [31.42841515800012, -17.56324471399995], [31.42834416000011, -17.563036697999962], [31.428203164000024, -17.56282668199998], [31.42813116600007, -17.562687670999935], [31.42677520300009, -17.56122255599996], [31.42648721100005, -17.56101253999998], [31.426128221, -17.560732517999895], [31.425914227000078, -17.560590506999972], [31.425769231000174, -17.560589506999975], [31.423894284000028, -17.560297484999978], [31.423679290000166, -17.560295484999813], [31.42338929800013, -17.56036248999993], [31.42310130600015, -17.560358489999942], [31.42288431200012, -17.560426494999888], [31.422811315000047, -17.560495500999934], [31.422739317000094, -17.56049350099994], [31.42099736600011, -17.561378570999977], [31.420852370000034, -17.561516581999967], [31.420778372000143, -17.56158458699997], [31.420633376000012, -17.561653592999903], [31.420560378, -17.561790602999963], [31.42048838000011, -17.561790602999963], [31.42048838000011, -17.561859608999896], [31.415557520000164, -17.564102785999978], [31.414920538000047, -17.562780682999914], [31.41213861400007, -17.559362415999885], [31.41601350300016, -17.55406399899988], [31.416160499000057, -17.553925988999936], [31.41623149700007, -17.55392798899993], [31.422144328000172, -17.547129453999958], [31.426601200000164, -17.54148700999997], [31.426601200000164, -17.54141900399992], [31.42652920200004, -17.54141900399992], [31.42653020200015, -17.54134799899998], [31.426458204000028, -17.541278992999878], [31.426385206000077, -17.541278992999878], [31.42631520800012, -17.54127799299988], [31.422430317000135, -17.539858883999955], [31.421278349000033, -17.539571861999946], [31.420990357000164, -17.539430850999906], [31.420847361000085, -17.539428849999922], [31.420774363000078, -17.539428849999922], [31.41511552200018, -17.537231679999934], [31.414970526000104, -17.537231679999934], [31.41489852800015, -17.537231679999934], [31.414104550000047, -17.537223679999897], [31.413959554000087, -17.5372226799999], [31.413814558000183, -17.537290684999846], [31.41359956400015, -17.537288684999965], [31.413526566000144, -17.537288684999965], [31.413524565999978, -17.537357690999954], [31.410482653000088, -17.538507781999897], [31.410265659000117, -17.53857478699996], [31.41019266100011, -17.538643792999892], [31.41004766499998, -17.538643792999892], [31.409902669000076, -17.538709797999843], [31.409757673000172, -17.538778803999946], [31.409614677000036, -17.53877680399995], [31.409540679000145, -17.538845808999895], [31.408022722000055, -17.53911082999997], [31.407878726000035, -17.539108829999975], [31.407734730000186, -17.539177835999908], [31.407589734000112, -17.539175835999856], [31.407301742000072, -17.539173835999975], [31.40715674600017, -17.539171834999877], [31.40708374800016, -17.539171834999877], [31.40585978300004, -17.538883812999927], [31.405643789000123, -17.538881812999932], [31.405281799000193, -17.538877812999885], [31.405065805000106, -17.53887581299989], [31.404993807000153, -17.53887581299989], [31.404920808999975, -17.538944818999937], [31.40484881100008, -17.538942817999953], [31.40484881100008, -17.539013823999937], [31.40477581300007, -17.539011823999942], [31.404193830000168, -17.539491861999977], [31.403904838000017, -17.53962787199987], [31.40390283800008, -17.53969787799997], [31.403806317000146, -17.539696527999865], [31.401764710000066, -17.539740779999875], [31.38903349600008, -17.534242606999953], [31.38395253600015, -17.530768023999883], [31.38389731300009, -17.530288655999925]]]]}}, {"type": "Feature", "properties": {"GID_3": "ZWE.4.1.9_2", "GID_0": "ZWE", "COUNTRY": "Zimbabwe", "GID_1": "ZWE.4_1", "NAME_1": "Mashonaland Central", "NL_NAME_1": "NA", "GID_2": "ZWE.4.1_2", "NAME_2": "Bindura", "NL_NAME_2": "NA", "NAME_3": "Ward 17", "VARNAME_3": "NA", "NL_NAME_3": "NA", "TYPE_3": "Ward", "ENGTYPE_3": "Ward", "CC_3": "NA", "HASC_3": "NA", "id": "ZWE.4.1.9_2", "name": "Ward 17"}, "geometry": {"type": "MultiPolygon", "coordinates": [[[[31.292676968000137, -17.538381817999948], [31.294711912000082, -17.540365971999904], [31.303740660000187, -17.54689147999983], [31.304026653000165, -17.54710149699997], [31.304240647000086, -17.547311512999954], [31.304383643, -17.54752052999993], [31.30452663900013, -17.547591534999924], [31.304599637000138, -17.547660539999868], [31.30466963500004, -17.54773054599997], [31.304742633000046, -17.547799550999912], [31.30474063300005, -17.547869556999842], [31.313201397000057, -17.553557998999963], [31.31355938700017, -17.553768015999935], [31.314133371000082, -17.554050037999957], [31.314421363000065, -17.554191047999836], [31.314635357000043, -17.554332058999933], [31.31470835500005, -17.554403064999974], [31.31485135100013, -17.55447406999997], [31.314923349000082, -17.55447406999997], [31.32679401600018, -17.558462377999945], [31.327010010000095, -17.558532383999932], [31.327225004000127, -17.55867439499997], [31.327440998000043, -17.55874439999991], [31.327726990000087, -17.55888541099995], [31.32808598000014, -17.559097427999973], [31.328302974000167, -17.55916843299991], [31.328445970000075, -17.55923843899984], [31.328733962000115, -17.559311443999945], [31.32894995600003, -17.559381449999933], [31.329164950000063, -17.559522460999972], [31.32938094399998, -17.559524460999967], [31.330682907000153, -17.55925943899996], [31.330827903000056, -17.55919043399996], [31.331045897000024, -17.559192433999954], [31.33140588700013, -17.559128428999884], [31.33176687700012, -17.55912942899988], [31.331913873000076, -17.55906342299994], [31.331983871000148, -17.55906342299994], [31.33311483900013, -17.559419450999883], [31.33376382100016, -17.559425450999925], [31.334341804000132, -17.55943145099991], [31.334556798000165, -17.55943345099996], [31.334846790000142, -17.55943545199989], [31.335062784000115, -17.55943745199994], [31.335279778000086, -17.559438451999938], [31.335424774000046, -17.559372445999827], [31.33556977000012, -17.559303440999884], [31.335859762000155, -17.559236435999935], [31.33607675500008, -17.559101424999938], [31.336221751000153, -17.559032418999948], [31.336366747000056, -17.558964413999888], [31.33644174500006, -17.558758397999895], [31.33651574300012, -17.558620386999962], [31.33651574300012, -17.558481375999975], [31.336517743000115, -17.55834236499993], [31.33651974300011, -17.558134348999943], [31.336521742000173, -17.557996337999896], [31.33645074400016, -17.557789321999905], [31.33638074600009, -17.557579304999877], [31.33638474600002, -17.55723427799984], [31.336313748, -17.557026261999965], [31.33631774800017, -17.556818245999978], [31.336319748000165, -17.556610229999876], [31.336319748000165, -17.556471218999945], [31.336321747000056, -17.5564022129999], [31.336321747000056, -17.55626320199997], [31.336322747000168, -17.55612519099998], [31.336395745000175, -17.55612519099998], [31.336395745000175, -17.556057185999975], [31.336469743000066, -17.55598818099992], [31.336542741000073, -17.55591917499993], [31.336687737000148, -17.555851169999983], [31.33683273300005, -17.55578416499992], [31.336904731000175, -17.55571515899993], [31.336977729000182, -17.55564715399987], [31.337122725000086, -17.55564715399987], [31.337555712000096, -17.555650153999864], [31.337700708000057, -17.555652153999915], [31.33798870000004, -17.55565415399991], [31.341734595000105, -17.55652021999998], [31.342743567000127, -17.55659822599995], [31.34317655500007, -17.55660222599994], [31.34331955100015, -17.556673231999866], [31.343391549000103, -17.556743236999978], [31.343464547000053, -17.556743236999978], [31.343534545000182, -17.556814242999963], [31.343530545000192, -17.557298280999873], [31.343528545000026, -17.557506296999975], [31.343597543000044, -17.557714312999963], [31.343593543999987, -17.558199350999928], [31.343591544, -17.558338361999972], [31.343588544000113, -17.558683388999896], [31.343586544000118, -17.558962410999982], [31.343582544000185, -17.559376442999962], [31.34358054400019, -17.55951545399995], [31.343506547000175, -17.559723470999927], [31.34350454700018, -17.55993148699997], [31.343502547000185, -17.560137502999964], [31.343427549000012, -17.560344518999955], [31.343422549000138, -17.560898562999967], [31.34334755200007, -17.5611745839999], [31.34334355200008, -17.561590616999922], [31.343342552000024, -17.561729627999966], [31.343656545000158, -17.566232980999928], [31.343654545000163, -17.566440996999972], [31.343582547000096, -17.566581007999957], [31.3435805470001, -17.56678702399995], [31.343578547999982, -17.56699403999994], [31.34350455000009, -17.56713405099987], [31.343502550000096, -17.567410072999962], [31.3435005500001, -17.567548083999952], [31.3435005500001, -17.56761808899995], [31.34342755200015, -17.567616088999955], [31.343425552000156, -17.567687094999883], [31.343353554000032, -17.56775509999983], [31.343280556000025, -17.567893110999876], [31.343206559000066, -17.56796111599982], [31.343061563000106, -17.56802812199993], [31.34298956500004, -17.568097126999874], [31.342844569000135, -17.568166132999977], [31.342699573, -17.568234137999923], [31.3425545770001, -17.56830114299987], [31.34233658300019, -17.56843815399992], [31.342262585000128, -17.568507159999967], [31.342117589000168, -17.568574164999916], [31.341827598000066, -17.568848185999855], [31.341680602000167, -17.569056202999946], [31.341606604000106, -17.56919421399988], [31.341461607999975, -17.56933122399994], [31.341314612000076, -17.56953724099992], [31.33985165400003, -17.57146339199994], [31.339704659, -17.571669407999934], [31.339557663000107, -17.571875423999927], [31.339412667000033, -17.572013434999917], [31.33926667100019, -17.57228745699996], [31.33911967500012, -17.572425467999892], [31.338825684000028, -17.572976510999922], [31.33867868800013, -17.57318452699991], [31.33853169200006, -17.57345854899995], [31.338384697000038, -17.573664564999945], [31.338239701000134, -17.573802575999878], [31.338165703000072, -17.573941586999922], [31.33801670700018, -17.574355618999903], [31.33794270900006, -17.57463164099994], [31.337795714000094, -17.574906662999922], [31.337648718000025, -17.575112678999915], [31.33750172200007, -17.57538970099995], [31.33742772400018, -17.575595716999942], [31.33754772200018, -17.578021906999936], [31.337688718000095, -17.578299928999854], [31.337902712000073, -17.578646955999943], [31.338043708000157, -17.57899598299997], [31.338113707, -17.579203998999958], [31.338108707000117, -17.579620031999923], [31.338106707000122, -17.579828047999968], [31.338106707000122, -17.57996505899996], [31.33930267500017, -17.583093302999885], [31.339374673000066, -17.58302529799994], [31.34601248600012, -17.58343132699997], [31.346157482000024, -17.583433326999966], [31.346372476000056, -17.58350433299995], [31.346733466000103, -17.583507332999943], [31.347454446000086, -17.583652343999972], [31.34767143900018, -17.583654343999967], [31.347742437000193, -17.583654343999967], [31.34871641, -17.583973368999978], [31.348640412000123, -17.5841843849999], [31.34861741399999, -17.586540569999897], [31.348613414000056, -17.586954601999878], [31.348606415000063, -17.587646656999937], [31.348747411000033, -17.588064688999907], [31.349029403000088, -17.588621732999968], [31.349170399, -17.589037764999944], [31.34931239600013, -17.58931578699986], [31.3494533920001, -17.589594808999948], [31.350155373000177, -17.591539960999967], [31.350298369000086, -17.591678971999897], [31.35029636900009, -17.591957993999813], [31.350294369000096, -17.592234014999974], [31.350435365000067, -17.59251303699989], [31.35043136600018, -17.59292906999997], [31.35042736600019, -17.59320509099996], [31.35042436600014, -17.593621123999924], [31.350565362000054, -17.593898144999912], [31.35056336200006, -17.594176166999944], [31.350559363, -17.594592199999965], [31.35055536300007, -17.594869221999886], [31.35055136300008, -17.595284253999978], [31.350547364000192, -17.595698285999845], [31.3505043670001, -17.600131633999922], [31.35050036700011, -17.600407654999856], [31.350643363000017, -17.600686676999942], [31.350639363000084, -17.60096369899992], [31.35078035900017, -17.601380730999892], [31.350771360000067, -17.60234980699994], [31.350910356000043, -17.6027678399999], [31.350906357000156, -17.60318187199988], [31.35104735300007, -17.60345989399997], [31.351045353000075, -17.603738915999884], [31.35173033500007, -17.607346197999902], [31.351728335000132, -17.60762221999994], [31.351724336000018, -17.60803825199997], [31.35172133600014, -17.608314273999895], [31.35171733599998, -17.608730306999973], [31.35185833200012, -17.609009327999956], [31.351852333000068, -17.6097013829999], [31.35199332899998, -17.609980403999828], [31.351991329000043, -17.61025642599992], [31.352133325000068, -17.610535447999837], [31.352272321000157, -17.61095047999987], [31.352415317000123, -17.611229501999958], [31.353122298000073, -17.612621610999952], [31.35312129800019, -17.612759621999942], [31.3532642940001, -17.613037642999927], [31.35326029500004, -17.6133166649999], [31.353258295000046, -17.613592686999937], [31.353399291000187, -17.61387170899991], [31.353397291000192, -17.614147729999843], [31.353538287000106, -17.614286740999887], [31.353538287000106, -17.61442675199993], [31.353534287000116, -17.614702773999852], [31.35367728300008, -17.614841783999964], [31.35367728300008, -17.61498179499995], [31.353676284000073, -17.61512080599988], [31.35367428400008, -17.61525781699993], [31.353958276000128, -17.615814859999944], [31.353954275999968, -17.61609188199992], [31.354097272000104, -17.616230892999965], [31.35409527200011, -17.616369903999953], [31.354521261000116, -17.61720596899994], [31.354521261000116, -17.617342979999876], [31.354664257000024, -17.617483990999915], [31.35466225700003, -17.617621001999964], [31.354807253000104, -17.61762300199996], [31.354805253000166, -17.617763012999944], [31.35480325300017, -17.61790002299989], [31.35494624900008, -17.61804103399993], [31.354944249000084, -17.618318055999907], [31.354843252000023, -17.618495069999938], [31.33524380000017, -17.60832828199989], [31.308602565000058, -17.643403037999974], [31.29070806800013, -17.641468892999967], [31.290352078000126, -17.64143089099997], [31.281376332000036, -17.643563060999895], [31.28115833800007, -17.643630065999844], [31.281084340000177, -17.643699071999947], [31.280939344000103, -17.643767076999893], [31.280651352000064, -17.6437640769999], [31.280363360000024, -17.64369107199991], [31.280145366000113, -17.643689070999926], [31.28000037000004, -17.643689071999916], [31.27993037200008, -17.64368707099993], [31.27993037200008, -17.64361906599993], [31.279857374000073, -17.64361906599993], [31.27985937400007, -17.643479054999943], [31.279787376000172, -17.643409049999946], [31.279789376000167, -17.6433400439999], [31.279789376000167, -17.643272038999953], [31.279791376000162, -17.64320103299997], [31.27979084300017, -17.643130282999948], [31.279791376000162, -17.643064022999965], [31.279793376000157, -17.642991016999815], [31.279793376000157, -17.64285600599993], [31.27979437600004, -17.642715994999946], [31.279796376000036, -17.642647989999944], [31.279796376000036, -17.6425089789999], [31.27979837600003, -17.64237096799991], [31.279800375000093, -17.642162951999865], [31.279802375000088, -17.64209494699992], [31.279802375000088, -17.641954935999877], [31.279804375000083, -17.641747919999887], [31.279808375000016, -17.64153990299991], [31.27981037500001, -17.641262881999978], [31.27988437300013, -17.641054864999944], [31.279888372000187, -17.640778843999897], [31.27989037200018, -17.64057082699992], [31.279964370000073, -17.640364810999927], [31.280039368000075, -17.64015679499994], [31.28004136800007, -17.639948778999894], [31.28011536500003, -17.6397427629999], [31.280117365000024, -17.639534745999924], [31.280191363000085, -17.639326729999937], [31.28019336300008, -17.639189718999887], [31.28019336300008, -17.639050707999843], [31.280195363000075, -17.63891069699997], [31.28019736300007, -17.63877368699991], [31.280199363000065, -17.638496664999934], [31.280201362000128, -17.638357653999947], [31.280130364000115, -17.63814963799996], [31.28013236400011, -17.638010626999915], [31.2801363640001, -17.63759459399995], [31.28014036400009, -17.63731857299996], [31.280144363000147, -17.636902539999824], [31.280147363000026, -17.636625518999892], [31.28014936300019, -17.636417501999915], [31.280224361000023, -17.63614148099998], [31.280227361000073, -17.63586445899989], [31.280302358000142, -17.635656442999903], [31.280304358000137, -17.63545042699991], [31.280376356000033, -17.63531141599998], [31.280451354000036, -17.63517440499993], [31.28221130300011, -17.632628204999946], [31.282356299000185, -17.63249219399995], [31.28257529299998, -17.63228617799996], [31.282648290999987, -17.632147166999914], [31.282795287000113, -17.63194115099992], [31.28294228200008, -17.63180413999993], [31.283088278000093, -17.631598123999936], [31.283306272000175, -17.631392107999943], [31.28374525900017, -17.630981074999966], [31.283962253000027, -17.630844064999906], [31.28403625100009, -17.630638047999923], [31.284181247, -17.630501037999977], [31.284183247000158, -17.630362026999933], [31.284185247000153, -17.630222015999948], [31.284260245000155, -17.6300850049999], [31.284332242000175, -17.629947993999963], [31.28433624200011, -17.629670972999918], [31.28433624200011, -17.629531961999874], [31.284338242000103, -17.62946295599994], [31.284338242000103, -17.629394950999938], [31.2843402420001, -17.629254939999953], [31.284199246000185, -17.628837906999934], [31.284130248000167, -17.628560885999946], [31.283989251000094, -17.628350868999973], [31.283916253000086, -17.628282863999914], [31.283916253000086, -17.628211858999975], [31.283773257000178, -17.628140852999877], [31.2836302610001, -17.62807084799988], [31.283558263000145, -17.62807084799988], [31.283413268000174, -17.628068847999884], [31.283268272000043, -17.6280668469999], [31.28319727400003, -17.6280668469999], [31.28298028, -17.628064846999905], [31.282837284000095, -17.627994841999964], [31.282694288000187, -17.627854830999922], [31.28262129000018, -17.627784825999925], [31.282335298000135, -17.627503803999957], [31.282192302, -17.627433797999913], [31.282194302, -17.62729578699998], [31.282123303000105, -17.627156776999925], [31.282123303000105, -17.62708677099988], [31.2821253030001, -17.626948759999948], [31.28219830100005, -17.62688075499989], [31.28219830100005, -17.626811749999888], [31.282200301000046, -17.62674074399996], [31.282200301000046, -17.626672738999844], [31.28227229900017, -17.626672738999844], [31.28227229900017, -17.626603732999968], [31.283594261000133, -17.62446956599996], [31.283811255000103, -17.624402559999965], [31.283956251000063, -17.624333554999907], [31.28410324600003, -17.62419654399997], [31.28419524399999, -17.62413953999993], [31.28429424100011, -17.623815513999944], [31.28448523500009, -17.623343476999878], [31.284673230000124, -17.62287243999998], [31.284960222000052, -17.622401402999913], [31.28505321900002, -17.622119380999948], [31.285244213000055, -17.621741350999912], [31.285206213000095, -17.618930130999956], [31.285192213000187, -17.617991057999973], [31.285188213000026, -17.61771103599989], [31.285089216000074, -17.617618028999914], [31.285089216000074, -17.61752402099995], [31.284891221000123, -17.61733900699994], [31.284790224000062, -17.61715199199989], [31.283262266000065, -17.61474880499992], [31.283262266000065, -17.61470080099997], [31.283191268000053, -17.614561789999982], [31.283193268000048, -17.614424778999933], [31.283123270000146, -17.61421476299995], [31.283052272000134, -17.614075751999906], [31.282982274000176, -17.614006746999905], [31.282909276, -17.61400474699991], [31.282909276, -17.613935740999977], [31.282911276000164, -17.61386773599986], [31.282768280000084, -17.613726724999935], [31.282696281000085, -17.61358671399995], [31.28255428500006, -17.613378697999963], [31.282482287000107, -17.613308691999976], [31.282411289000095, -17.61316968099993], [31.282268293000186, -17.61302967099988], [31.28205529900015, -17.612820653999904], [31.281984301000136, -17.612680642999976], [31.281914303, -17.61254163199993], [31.281843305, -17.61226361099989], [31.28170230900008, -17.611984588999917], [31.28156131300011, -17.61177657299993], [31.2814903150001, -17.611568555999952], [31.281349318000082, -17.611290534999966], [31.28127832000007, -17.61101151299988], [31.281210322000106, -17.610733490999962], [31.281067326000027, -17.610525474999974], [31.28099832800018, -17.61031745899993], [31.280855332000044, -17.610107441999958], [31.280641338000123, -17.60982942099986], [31.28057134, -17.609619403999886], [31.280500341999982, -17.609480392999956], [31.2805023410001, -17.609343382999953], [31.280432343000143, -17.609135365999975], [31.280433343000084, -17.608995354999934], [31.280435343000022, -17.608787338999946], [31.280437343000017, -17.608580322999956], [31.280441343000177, -17.608164289999934], [31.280515340000193, -17.60795827399994], [31.280519340000183, -17.60761124699991], [31.280596338000123, -17.607265219999874], [31.280672336, -17.6068521869999], [31.280676335000067, -17.606504159999872], [31.280680335000056, -17.60615913299995], [31.280681335000168, -17.605881110999917], [31.2806853350001, -17.605535083999882], [31.280687335000096, -17.60539607299995], [31.28068733400005, -17.605328067999892], [31.28061733600009, -17.605257062999897], [31.279871355000125, -17.600615698999945], [31.279800357000113, -17.600476687999958], [31.279730359000155, -17.600339677999898], [31.279730359000155, -17.60026867199997], [31.279730359000155, -17.600200666999967], [31.279661361000137, -17.59999265099998], [31.27958836300013, -17.599921644999938], [31.279590363000125, -17.599782633999894], [31.279449366999984, -17.59950361199992], [31.27930837100007, -17.59915658499989], [31.279167374000053, -17.598740552999914], [31.279028378000078, -17.598323519999894], [31.278887382000107, -17.597976492999976], [31.27881838400009, -17.597628465999946], [31.278677388000176, -17.597350443999915], [31.278606390000164, -17.59714242799987], [31.278538391000097, -17.596864405999952], [31.27846939300008, -17.596587383999974], [31.278400395000062, -17.596240356999942], [31.27833039700016, -17.595961334999913], [31.278261399000144, -17.595685313999923], [31.278192400000023, -17.59533828699989], [31.278051404000053, -17.594991259999972], [31.27791040800014, -17.594712237999943], [31.27784141000012, -17.594434215999968], [31.27770041400015, -17.594087188999936], [31.27755941800001, -17.593808166999963], [31.277345422999986, -17.59353014499993], [31.277204427000072, -17.593181117999848], [31.2770634310001, -17.59283309099993], [31.276922435000188, -17.5925550689999], [31.276851437000175, -17.592278047999912], [31.27678343900004, -17.592069030999937], [31.276785438000104, -17.591792008999846], [31.276789438000094, -17.591514987999915], [31.276792437999973, -17.591167960999883], [31.276798438000128, -17.590545911999925], [31.27680043700019, -17.590338895999935], [31.276802437000185, -17.590130878999958], [31.276876435000077, -17.589922862999913], [31.27695143300008, -17.58971684699992], [31.27702543099997, -17.589439824999886], [31.27709942900009, -17.58923180899984], [31.277246424000055, -17.589094797999962], [31.277321422000057, -17.58888878199997], [31.27739342000018, -17.588751770999977], [31.27754041600008, -17.588543754999932], [31.277687412000148, -17.588407743999937], [31.277834407000114, -17.588199727999893], [31.277979403000074, -17.588064716999895], [31.278271395000047, -17.587858700999902], [31.278415391000067, -17.58765268499991], [31.27856038699997, -17.587583678999977], [31.278635385000143, -17.587515673999974], [31.278707383000096, -17.587446667999927], [31.27878038000017, -17.587377662999927], [31.278852378000067, -17.58737966299998], [31.278925376000075, -17.587311657999862], [31.28142530400015, -17.582903310999882], [31.28142530400015, -17.582832305999943], [31.281500302000154, -17.582695294999894], [31.281647298000053, -17.5824892789999], [31.281866291000142, -17.58228326299991], [31.28208328500017, -17.582077245999926], [31.282303279000075, -17.581871229999933], [31.282520273000046, -17.58173521899994], [31.28266726800007, -17.58152820299989], [31.282812264000142, -17.581392191999896], [31.282816264000132, -17.58118417599991], [31.282816264000132, -17.581045164999978], [31.282818264000127, -17.58083714899982], [31.282821264000177, -17.580629132999945], [31.28282326400017, -17.580421115999968], [31.28282326400017, -17.580284105999965], [31.28282726300006, -17.579937077999944], [31.282829263000053, -17.579729061999956], [31.282976259000122, -17.579523045999963], [31.283052257, -17.579246023999872], [31.283197252000036, -17.57904000799988], [31.283417246000113, -17.57876598599995], [31.283565242000122, -17.578488964999963], [31.283783236000033, -17.578284948999965], [31.284004229000118, -17.577939920999825], [31.284151225000187, -17.57766489999989], [31.284225223000078, -17.577388877999965], [31.284233222000125, -17.576764828999956], [31.28423522200012, -17.576556812999968], [31.284164224000108, -17.57641780199998], [31.28409222600004, -17.576346796999815], [31.28409422599998, -17.576278790999936], [31.283949230000076, -17.57620778599994], [31.283808234000162, -17.575999769999953], [31.283520242000122, -17.57578775299993], [31.283306247999974, -17.575578736999944], [31.283090254000058, -17.575438725999902], [31.28294725800015, -17.57536871999997], [31.28287726000019, -17.57522870899993], [31.282804262000013, -17.575158703999932], [31.28280626200018, -17.575089698999875], [31.28280626200018, -17.575019692999945], [31.282808262000174, -17.574881681999898], [31.282808262000174, -17.574811676999957], [31.28288126000018, -17.574742670999967], [31.28288225900019, -17.574605660999964], [31.28295725700019, -17.57439764399993], [31.283031255000083, -17.574260633999927], [31.283106253000085, -17.57405261699995], [31.28317825100015, -17.573914605999903], [31.283253249000154, -17.573777595999957], [31.283399244000066, -17.573500573999922], [31.28340124400006, -17.573363562999873], [31.283474242000068, -17.57329455799993], [31.283474242000068, -17.573226551999937], [31.283476242, -17.573155546999885], [31.28369123600004, -17.57315754699988], [31.28405422600008, -17.57316154699987], [31.28419722200016, -17.573163546999865], [31.28434221800012, -17.573165546999917], [31.284632210000098, -17.57309854199997], [31.284920201000034, -17.573100541999963], [31.285282191000135, -17.57303553699984], [31.285570183000175, -17.572968530999958], [31.285717179000073, -17.572831520999898], [31.285862174999977, -17.572762514999965], [31.2859341730001, -17.572694509999963], [31.285936173000096, -17.572556498999973], [31.285936173000096, -17.57248649299987], [31.285866175000137, -17.572417487999928], [31.28586617400009, -17.572346481999944], [31.285867174000145, -17.572278476999884], [31.285724178000066, -17.572139465999953], [31.28565418000011, -17.57192944999997], [31.285513183999967, -17.57165242799988], [31.28537018800006, -17.571442411999897], [31.285156194000137, -17.571093384999926], [31.285017198000162, -17.570746356999962], [31.284874202000083, -17.570468335999976], [31.284805203000133, -17.570191313999942], [31.284735205000175, -17.569981297999902], [31.284666207000157, -17.569773280999925], [31.284668207000152, -17.569566264999935], [31.284670207000147, -17.569428253999888], [31.285702177000076, -17.567221080999957], [31.285703177000187, -17.567153075999954], [31.285776174999967, -17.567084069999908], [31.285831173000076, -17.566979061999916], [31.285663178000163, -17.56651402599988], [31.285761175000175, -17.56651402499989], [31.285955169000033, -17.566333010999927], [31.2861521640001, -17.566424017999907], [31.286247161000063, -17.566329010999937], [31.286245161000068, -17.566141995999942], [31.286241161000078, -17.565860973999975], [31.286140164000187, -17.565580951999948], [31.286138164000192, -17.565487944999916], [31.286136164000027, -17.565298929999926], [31.286131164000153, -17.56492490099987], [31.286030167000035, -17.564737885999932], [31.286022167000112, -17.564174841999886], [31.286020167000117, -17.56398782699995], [31.286117164000075, -17.56398682699995], [31.286117164000075, -17.56389281999992], [31.28611416400014, -17.563705804999813], [31.286211161000097, -17.563703804999932], [31.28630615800006, -17.563514789999886], [31.286499153000136, -17.56323276799992], [31.286690147000115, -17.56294874599996], [31.286783145000186, -17.562666723999882], [31.28687814200015, -17.562477708999893], [31.28687814200015, -17.56238370099993], [31.286876142000153, -17.562290693999955], [31.286875142000042, -17.562196686999982], [31.28677514400016, -17.56201067199987], [31.286773144000165, -17.5619166649999], [31.286672147000047, -17.561729649999904], [31.286670147000052, -17.561542635999956], [31.28666914700017, -17.56135562099996], [31.28666514700018, -17.561167605999856], [31.28676014400014, -17.56088458399995], [31.28685514199998, -17.56069556899996], [31.286949139000058, -17.560413546999882], [31.28741812500016, -17.55909544299982], [31.287517122000054, -17.55909544299982], [31.28751512200006, -17.559002435999957], [31.287514122000175, -17.558906428999876], [31.287613120000174, -17.558906428999876], [31.28761112, -17.55881342099991], [31.287609120000013, -17.55871941399988], [31.287607120000075, -17.558531398999946], [31.28760512000008, -17.558437391999973], [31.28760512000008, -17.55834438499994], [31.287603120000085, -17.55825037699998], [31.28760112000009, -17.55806336199987], [31.287599120000095, -17.5579683549999], [31.287697117000107, -17.5579683549999], [31.287695117000112, -17.557874347999928], [31.287790114000074, -17.557686332999936], [31.287885111000037, -17.557497317999946], [31.28798110800011, -17.5573083029999], [31.287979108000116, -17.557121288999895], [31.288074106000124, -17.557026280999935], [31.288074106000124, -17.556932273999962], [31.28807010600019, -17.556745258999968], [31.28807010600019, -17.55665025199994], [31.28806910600008, -17.556556243999978], [31.287967107999975, -17.55637122999991], [31.28786811100008, -17.556278221999946], [31.28775211400017, -17.554874111999936], [31.287750114000175, -17.55477910499991], [31.287847111000076, -17.554685097999936], [31.287845111000138, -17.554590089999976], [31.28794310800015, -17.554497082999944], [31.28813310300012, -17.554212059999884], [31.28832809700009, -17.554117052999914], [31.288326097000095, -17.554023045999884], [31.28842509500015, -17.554022044999954], [31.288521092000167, -17.55392603799993], [31.288521092000167, -17.553833030999954], [31.288614089000134, -17.553644015999964], [31.288709086000097, -17.553455000999975], [31.28880308400005, -17.553078970999934], [31.28889608100019, -17.55279694899997], [31.28889308100014, -17.552516926999942], [31.288891081000145, -17.552422919999913], [31.288986078000107, -17.55223390499998], [31.288986078000107, -17.552140897999948], [31.289264070000172, -17.551104815999906], [31.28945506399998, -17.55082279399994], [31.289648059000058, -17.55053877199998], [31.289827054000057, -17.550360757999897], [31.290033048000055, -17.550158741999894], [31.29012904500007, -17.54996972699996], [31.290224042000034, -17.54978171199997], [31.290319039000167, -17.54968570499983], [31.290317039000172, -17.549498689999893], [31.290315039000177, -17.549405682999918], [31.290315039000177, -17.54934267799996], [31.290314039000123, -17.54921866799998], [31.290312039000128, -17.54912466099995], [31.290312039000128, -17.54902965299982], [31.290201042000092, -17.54818858699997], [31.290199042000097, -17.547999572999856], [31.290197042000102, -17.54781255799992], [31.29029103900018, -17.54762354299993], [31.29038603700019, -17.54743552799988], [31.290481034000152, -17.54724651399988], [31.290479034000157, -17.547059498999943], [31.291808995000167, -17.544230276999883], [31.291804995000177, -17.54404326199989], [31.291804995000177, -17.543950254999913], [31.291802995000012, -17.54385624699995], [31.291796995000084, -17.54348121799984], [31.291793994999978, -17.543107188999954], [31.291789995000045, -17.542918173999965], [31.291884992000178, -17.54273115899997], [31.291884992000178, -17.542636151999886], [31.291978990000132, -17.54244913699995], [31.292075987000032, -17.542353128999935], [31.292073987000094, -17.54216611499993], [31.292264981000073, -17.541882091999867], [31.292359979000082, -17.541693076999934], [31.292454976000045, -17.54150506299993], [31.292550973000118, -17.541316047999942], [31.292546973000128, -17.54112903299989], [31.292544973000133, -17.540942018999885], [31.29254297300014, -17.540847010999926], [31.29254297300014, -17.540753003999953], [31.292443976000015, -17.540661996999972], [31.292342979000125, -17.540474981999978], [31.292176983000047, -17.540317969999933], [31.292144984000174, -17.540222961999973], [31.292144984000174, -17.54019595999995], [31.292140984000184, -17.539913937999927], [31.292136984000024, -17.539726922999876], [31.29213298400009, -17.539446900999906], [31.292130984000096, -17.539257886999962], [31.2921289840001, -17.539070871999968], [31.292224981000118, -17.53897486399984], [31.292676968000137, -17.538381817999948]]]]}}, {"type": "Feature", "properties": {"GID_3": "ZWE.4.1.10_2", "GID_0": "ZWE", "COUNTRY": "Zimbabwe", "GID_1": "ZWE.4_1", "NAME_1": "Mashonaland Central", "NL_NAME_1": "NA", "GID_2": "ZWE.4.1_2", "NAME_2": "Bindura", "NL_NAME_2": "NA", "NAME_3": "Ward 18", "VARNAME_3": "NA", "NL_NAME_3": "NA", "TYPE_3": "Ward", "ENGTYPE_3": "Ward", "CC_3": "NA", "HASC_3": "NA", "id": "ZWE.4.1.10_2", "name": "Ward 18"}, "geometry": {"type": "MultiPolygon", "coordinates": [[[[31.34871641, -17.583973368999978], [31.354940236, -17.58600652599995], [31.35508323200014, -17.586075530999892], [31.355228228000044, -17.586077530999887], [31.355516220000084, -17.586149536999812], [31.356525191000173, -17.58622754199996], [31.357681159000037, -17.58623754299998], [31.358692130000122, -17.586246542999845], [31.359052120000058, -17.586250542999892], [31.359340112000098, -17.586252542999887], [31.359630104000132, -17.586117532999936], [31.359775100000036, -17.586119532999817], [31.36006509200007, -17.586052526999936], [31.36028308500005, -17.585983521999935], [31.360428081000123, -17.585916515999884], [31.360500079000076, -17.585916515999884], [31.360500079000076, -17.585848510999938], [31.36064507500015, -17.585850510999933], [31.362821013000087, -17.584692419999953], [31.36296600900016, -17.584623413999907], [31.36311300500006, -17.58448640299997], [31.3634759950001, -17.584350392999966], [31.363764987000025, -17.58421538199991], [31.363909982000052, -17.584078370999862], [31.36398298, -17.58400936599992], [31.36405697800012, -17.583940359999872], [31.36412997600013, -17.58387235499987], [31.364274972000032, -17.583803348999936], [31.366526908000026, -17.582371235999915], [31.366744902000107, -17.58230223099997], [31.36688989800001, -17.582165219999922], [31.367036894000137, -17.582027208999875], [31.367180889000053, -17.58189219899998], [31.367325885000128, -17.581823192999934], [31.36747088100003, -17.581686181999885], [31.367545879000033, -17.58161717699994], [31.367615877000162, -17.58161717699994], [31.36776287300006, -17.581550171999936], [31.36776287300006, -17.581480165999892], [31.370297801000163, -17.580673101999935], [31.371018781000146, -17.580818112999907], [31.37123477500006, -17.58088911799996], [31.371449769000094, -17.580890117999957], [31.371449769000094, -17.580959123999946], [31.37166576300001, -17.58103212899988], [31.378489572000035, -17.584486396999978], [31.37964354000013, -17.584703413999875], [31.380076528000075, -17.58477641999997], [31.38029252200016, -17.58484842499996], [31.38130149300008, -17.58492643099993], [31.381734481000024, -17.584999435999862], [31.382023473000118, -17.585001435999914], [31.382167469000137, -17.58500343699984], [31.382384463000164, -17.585005436999893], [31.382529459000068, -17.585007436999888], [31.382817451000108, -17.585008436999885], [31.38303444400003, -17.584942430999945], [31.383540430000153, -17.58494643199998], [31.38383042200013, -17.584879425999873], [31.38397541800009, -17.584812420999924], [31.384120414000165, -17.58474341499982], [31.384337408000192, -17.584677409999927], [31.384482403000163, -17.584608404999926], [31.38469939700019, -17.584471393999934], [31.384989389000054, -17.58440438899993], [31.38520538300014, -17.58440638899998], [31.385350379000045, -17.58433938299987], [31.385495375000175, -17.584341382999924], [31.38564037100008, -17.584341382999924], [31.38592836300012, -17.584345383999903], [31.38636135000013, -17.584349383999893], [31.388230298000053, -17.585127443999966], [31.388663286000167, -17.58526845499989], [31.38894927800004, -17.58540946599993], [31.38916627200001, -17.585481470999866], [31.38938026600016, -17.585621481999908], [31.38959826000007, -17.58569148799984], [31.38974125599998, -17.585832498999935], [31.389954250000017, -17.586042514999917], [31.39017024400016, -17.58618152599996], [31.39031324000007, -17.586391541999944], [31.390456236000034, -17.586531552999872], [31.39052523400005, -17.586738568999976], [31.39059723200012, -17.58680957499996], [31.39066923000007, -17.58680957499996], [31.390813226000034, -17.5868805799999], [31.391173216000027, -17.587023590999934], [31.391604204000146, -17.58723460799996], [31.39196319399997, -17.58737561899983], [31.392323184000134, -17.587448623999933], [31.392684174000124, -17.58758963499986], [31.393260158000032, -17.58773264599995], [31.393475152000065, -17.587873656999932], [31.393618148000144, -17.587875656999813], [31.395556094000085, -17.589138754999965], [31.395627092000097, -17.589208760999952], [31.395697090000056, -17.58941677699994], [31.395697090000056, -17.58955678799998], [31.395768088000068, -17.58969579899997], [31.395981082000105, -17.589905814999895], [31.396124078000184, -17.590113831999815], [31.396338072000106, -17.59039185299997], [31.396552066000083, -17.590601869999944], [31.396838058000128, -17.590881890999924], [31.39712605000011, -17.591091907999896], [31.39748404000011, -17.591232918999935], [31.39777203200009, -17.591373929999975], [31.397988026000064, -17.591446934999965], [31.398421014000178, -17.59151894099989], [31.398852002000126, -17.59166195199998], [31.401012941000147, -17.592303000999948], [31.401443929000095, -17.59244601199987], [31.40158892500017, -17.592517017999967], [31.401731921000135, -17.59251901799996], [31.40194791500005, -17.59258902299996], [31.402164909000078, -17.592591022999954], [31.40223790700003, -17.592591022999954], [31.402309905000152, -17.59259302299995], [31.40238290300016, -17.592524017999835], [31.402454901000056, -17.592524017999835], [31.40252689900018, -17.592524017999835], [31.40390486000007, -17.59184496399996], [31.404049856000142, -17.59184496399996], [31.40419385100006, -17.591778958999896], [31.404338847000133, -17.591709952999963], [31.404483843000094, -17.591711953999948], [31.404628839000168, -17.591711953999948], [31.40477383500007, -17.591644947999953], [31.404844833000084, -17.591644947999953], [31.404916831000037, -17.591644947999953], [31.40506182700011, -17.591646947999834], [31.405206823000015, -17.591648947999886], [31.405494815000054, -17.59165094799988], [31.408170739000127, -17.5911209059999], [31.408390733000033, -17.590982894999968], [31.408535729000107, -17.590845883999975], [31.408681725000122, -17.590708872999926], [31.408899718000157, -17.590572862999977], [31.40904471400006, -17.590504856999928], [31.409116712000127, -17.590435851999814], [31.409261708000088, -17.590368846999866], [31.409334706000095, -17.590299840999933], [31.409408704000157, -17.590231835999873], [31.412317621000057, -17.587971657999958], [31.412317621000057, -17.587900651999917], [31.412174625000148, -17.587761640999872], [31.412176625000086, -17.58769263599993], [31.412103627000135, -17.58762262999994], [31.412033629000177, -17.587553624999885], [31.41181763500009, -17.587343608999845], [31.411604641000054, -17.587063586999932], [31.41138864700008, -17.58692357599989], [31.41131764900007, -17.58685356999996], [31.411172653000165, -17.586782564999965], [31.411102655000093, -17.586714559999905], [31.411029657000086, -17.58671255899992], [31.409177708000072, -17.58420436399996], [31.408166736000055, -17.584055351999893], [31.407158765000077, -17.583839335999983], [31.406149793000054, -17.58369232499996], [31.406005797000034, -17.58362231899997], [31.405933799000138, -17.583620318999976], [31.405788803000064, -17.583620318999976], [31.40451483800007, -17.58111612399989], [31.40422684600003, -17.580904106999924], [31.40386985599997, -17.580623084999957], [31.40351186600003, -17.58027405799993], [31.403154876000144, -17.579925030999846], [31.40287488299998, -17.578952954999977], [31.402588891000164, -17.578604927999947], [31.40244689500014, -17.578326905999972], [31.402233901000102, -17.577977878999945], [31.402164903000028, -17.57776986199997], [31.402094905000126, -17.577491840999983], [31.40209590500001, -17.577353829999822], [31.40209590500001, -17.57721481899995], [31.402099904000067, -17.57700680299996], [31.40217490200007, -17.57673078099998], [31.402176902000065, -17.576453758999946], [31.402994878000072, -17.573968563999927], [31.40314187400014, -17.57383055299988], [31.403213872000094, -17.573762547999934], [31.403213872000094, -17.573622536999892], [31.403288869000164, -17.573485525999956], [31.403362867000055, -17.573348514999964], [31.40336486700005, -17.57300148799993], [31.403440865000107, -17.572724465999954], [31.403442865000102, -17.572516449999966], [31.403516863000164, -17.572310433999974], [31.403518862000055, -17.572102417999815], [31.403591860000063, -17.571894400999838], [31.403593860000058, -17.57175739099995], [31.403595860000053, -17.571618379999904], [31.403595860000053, -17.57154937399997], [31.403392865000058, -17.57002325499991], [31.403251869000087, -17.569676227999878], [31.40318387100018, -17.56939820599996], [31.403114873000163, -17.569121183999982], [31.403043874000048, -17.568843162999883], [31.40297387600009, -17.568635145999906], [31.402975876000085, -17.568427129999918], [31.40297787600008, -17.568288118999874], [31.402906878000067, -17.568148107999946], [31.402908878000062, -17.568011096999953], [31.403139871000064, -17.566419972999938], [31.403213869000183, -17.566280961999894], [31.403288866000082, -17.5660749459999], [31.40336086400015, -17.56593793499991], [31.403362864000144, -17.565866928999924], [31.404745825000077, -17.564701836999973], [31.404817822999973, -17.564632831999972], [31.40489082099998, -17.564634831999854], [31.407104758000116, -17.564722837999852], [31.40746774800016, -17.564657832999956], [31.40775573999997, -17.56459082799995], [31.40789973600016, -17.56459082699996], [31.410501663000105, -17.564405811999904], [31.410789655000087, -17.56440981199995], [31.410934650000115, -17.56440981199995], [31.41107964600019, -17.564342806999946], [31.411295640000162, -17.56434480699994], [31.411800626000172, -17.564348806999874], [31.41230561200001, -17.564352806999977], [31.41252360600015, -17.564354806999972], [31.41533852600014, -17.564310802999955], [31.415483522000102, -17.564310802999955], [31.415557520000164, -17.564102785999978], [31.42048838000011, -17.561859608999896], [31.42048838000011, -17.561790602999963], [31.420560378, -17.561790602999963], [31.420633376000012, -17.561653592999903], [31.420778372000143, -17.56158458699997], [31.420852370000034, -17.561516581999967], [31.42099736600011, -17.561378570999977], [31.422739317000094, -17.56049350099994], [31.422811315000047, -17.560495500999934], [31.42288431200012, -17.560426494999888], [31.42310130600015, -17.560358489999942], [31.42338929800013, -17.56036248999993], [31.423679290000166, -17.560295484999813], [31.423894284000028, -17.560297484999978], [31.425769231000174, -17.560589506999975], [31.425914227000078, -17.560590506999972], [31.426128221, -17.560732517999895], [31.42648721100005, -17.56101253999998], [31.42677520300009, -17.56122255599996], [31.42813116600007, -17.562687670999935], [31.428203164000024, -17.56282668199998], [31.42834416000011, -17.563036697999962], [31.42841515800012, -17.56324471399995], [31.428487156000074, -17.563314719999937], [31.428558154000086, -17.563385724999875], [31.4286291520001, -17.563522735999925], [31.42869915, -17.56366174699997], [31.428842146000136, -17.563871762999952], [31.428911144000153, -17.564150784999924], [31.429050141000175, -17.564705828999934], [31.429191137000146, -17.565052855999966], [31.42961712500005, -17.566025931999945], [31.429758121000134, -17.56630395299993], [31.429828119000092, -17.566442963999975], [31.429899117000105, -17.566650980999952], [31.42996911600011, -17.56685899699994], [31.430111112000134, -17.56706901299998], [31.430181110000092, -17.567277029999957], [31.430179110000097, -17.567485045999945], [31.43025010800011, -17.567624056999932], [31.430248108000114, -17.567832072999977], [31.430248108000114, -17.56797108399985], [31.43024610800012, -17.5681080949999], [31.430317106000132, -17.568316110999888], [31.430313107000075, -17.568595132999974], [31.430383104999976, -17.568871153999964], [31.43106808700003, -17.572825463999948], [31.431066087000033, -17.57289446899989], [31.431066087000033, -17.57296447499982], [31.431066087000033, -17.573033479999935], [31.431137085000046, -17.573104485999863], [31.431137085000046, -17.57317249099998], [31.432054060000155, -17.57532865999997], [31.432127058000162, -17.57539666499997], [31.432125058000167, -17.5754676709999], [31.432125058000167, -17.575536675999842], [31.432195057000172, -17.575675686999887], [31.432266055000184, -17.57581469799993], [31.432336053000085, -17.575953708999975], [31.43233505300003, -17.576161724999963], [31.43240505100016, -17.576300735999894], [31.432476049000172, -17.57650875199988], [31.433685016000084, -17.578458903999945], [31.433828012, -17.57859791499982], [31.433971008000128, -17.57880793199996], [31.43418500200005, -17.579016947999946], [31.434327998000185, -17.57929596999992], [31.434540992000052, -17.579503985999906], [31.43468398800013, -17.579714001999946], [31.434825984000156, -17.579992023999978], [31.434897982000052, -17.580063029999963], [31.43539596800008, -17.580759083999908], [31.435467966000147, -17.580759083999908], [31.435610962000112, -17.580898094999952], [31.43568396000012, -17.580900094999947], [31.43575395800019, -17.58096909999989], [31.435898954000095, -17.580971099999886], [31.43604195000006, -17.58104110599993], [31.436186946000134, -17.58104310599998], [31.436785929000052, -17.58094609799997], [31.42000540700019, -17.594621175999976], [31.380934520000153, -17.623542454999836], [31.37492669100004, -17.627988804999916], [31.374776695000037, -17.628270827999927], [31.374522702000093, -17.62875686599989], [31.374518702000103, -17.628697860999978], [31.354843252000023, -17.618495069999938], [31.354944249000084, -17.618318055999907], [31.35494624900008, -17.61804103399993], [31.35480325300017, -17.61790002299989], [31.354805253000166, -17.617763012999944], [31.354807253000104, -17.61762300199996], [31.35466225700003, -17.617621001999964], [31.354664257000024, -17.617483990999915], [31.354521261000116, -17.617342979999876], [31.354521261000116, -17.61720596899994], [31.35409527200011, -17.616369903999953], [31.354097272000104, -17.616230892999965], [31.353954275999968, -17.61609188199992], [31.353958276000128, -17.615814859999944], [31.35367428400008, -17.61525781699993], [31.353676284000073, -17.61512080599988], [31.35367728300008, -17.61498179499995], [31.35367728300008, -17.614841783999964], [31.353534287000116, -17.614702773999852], [31.353538287000106, -17.61442675199993], [31.353538287000106, -17.614286740999887], [31.353397291000192, -17.614147729999843], [31.353399291000187, -17.61387170899991], [31.353258295000046, -17.613592686999937], [31.35326029500004, -17.6133166649999], [31.3532642940001, -17.613037642999927], [31.35312129800019, -17.612759621999942], [31.353122298000073, -17.612621610999952], [31.352415317000123, -17.611229501999958], [31.352272321000157, -17.61095047999987], [31.352133325000068, -17.610535447999837], [31.351991329000043, -17.61025642599992], [31.35199332899998, -17.609980403999828], [31.351852333000068, -17.6097013829999], [31.35185833200012, -17.609009327999956], [31.35171733599998, -17.608730306999973], [31.35172133600014, -17.608314273999895], [31.351724336000018, -17.60803825199997], [31.351728335000132, -17.60762221999994], [31.35173033500007, -17.607346197999902], [31.351045353000075, -17.603738915999884], [31.35104735300007, -17.60345989399997], [31.350906357000156, -17.60318187199988], [31.350910356000043, -17.6027678399999], [31.350771360000067, -17.60234980699994], [31.35078035900017, -17.601380730999892], [31.350639363000084, -17.60096369899992], [31.350643363000017, -17.600686676999942], [31.35050036700011, -17.600407654999856], [31.3505043670001, -17.600131633999922], [31.350547364000192, -17.595698285999845], [31.35055136300008, -17.595284253999978], [31.35055536300007, -17.594869221999886], [31.350559363, -17.594592199999965], [31.35056336200006, -17.594176166999944], [31.350565362000054, -17.593898144999912], [31.35042436600014, -17.593621123999924], [31.35042736600019, -17.59320509099996], [31.35043136600018, -17.59292906999997], [31.350435365000067, -17.59251303699989], [31.350294369000096, -17.592234014999974], [31.35029636900009, -17.591957993999813], [31.350298369000086, -17.591678971999897], [31.350155373000177, -17.591539960999967], [31.3494533920001, -17.589594808999948], [31.34931239600013, -17.58931578699986], [31.349170399, -17.589037764999944], [31.349029403000088, -17.588621732999968], [31.348747411000033, -17.588064688999907], [31.348606415000063, -17.587646656999937], [31.348613414000056, -17.586954601999878], [31.34861741399999, -17.586540569999897], [31.348640412000123, -17.5841843849999], [31.34871641, -17.583973368999978]]]]}}, {"type": "Feature", "properties": {"GID_3": "ZWE.4.1.11_2", "GID_0": "ZWE", "COUNTRY": "Zimbabwe", "GID_1": "ZWE.4_1", "NAME_1": "Mashonaland Central", "NL_NAME_1": "NA", "GID_2": "ZWE.4.1_2", "NAME_2": "Bindura", "NL_NAME_2": "NA", "NAME_3": "Ward 19", "VARNAME_3": "NA", "NL_NAME_3": "NA", "TYPE_3": "Ward", "ENGTYPE_3": "Ward", "CC_3": "NA", "HASC_3": "NA", "id": "ZWE.4.1.11_2", "name": "Ward 19"}, "geometry": {"type": "MultiPolygon", "coordinates": [[[[31.28113740600014, -17.19555510699996], [31.280828156000155, -17.195962902999952], [31.30045061300018, -17.216255494999928], [31.289702924999972, -17.237976209999886], [31.292027859000143, -17.23786520099992], [31.292165855, -17.237867200999915], [31.29216385500007, -17.237998210999933], [31.2922988520001, -17.23813022099995], [31.292296852000106, -17.238393241999916], [31.292432848000033, -17.23839524199991], [31.292432848000033, -17.238527252999916], [31.29256784400019, -17.238527251999926], [31.29256784400019, -17.238658262999934], [31.29270284100005, -17.23866026299993], [31.292840837000085, -17.23866026299993], [31.292977833000066, -17.23866226299998], [31.293250825000086, -17.238664262999976], [31.293387821000067, -17.23866626299997], [31.29379981000011, -17.238538252999945], [31.29448279000013, -17.238544252999816], [31.29597574900015, -17.239610335999828], [31.295974749000038, -17.23974234699989], [31.29611174500019, -17.23974234699989], [31.296109745000024, -17.240005367999913], [31.296380738000153, -17.240270387999885], [31.296513734000143, -17.24053540899996], [31.296649730000013, -17.240667418999976], [31.29664773100012, -17.240930439999886], [31.296782727000107, -17.241064450999943], [31.29685092600016, -17.24119831899992], [31.293203090000134, -17.252456795999933], [31.285065003000113, -17.249444809999943], [31.28350229600005, -17.25286462699995], [31.266634026000077, -17.25566252599998], [31.264537647000054, -17.261529786999972], [31.234951716000182, -17.25980068399997], [31.230260429000055, -17.270058622999898], [31.214940191999972, -17.27090387599992], [31.215835175000052, -17.27495009499995], [31.211320351000097, -17.27577600199993], [31.207752489000086, -17.27525374399994], [31.193943877000095, -17.278072558999952], [31.194010779000166, -17.271207138999955], [31.168313558000136, -17.270974343999967], [31.16798287400013, -17.270971326999927], [31.168014353, -17.271237870999926], [31.146445963000133, -17.26840266399995], [31.14623396899998, -17.268400663999955], [31.146127972000045, -17.26839866399996], [31.146022975000108, -17.268396662999976], [31.145915978000062, -17.268396662999976], [31.145808981000187, -17.26839466299998], [31.145703984000136, -17.26839466299998], [31.145385993, -17.26828965499982], [31.144855008000036, -17.268283654999948], [31.144430020000073, -17.268280654999955], [31.144007031000115, -17.26827465499997], [31.143900035000172, -17.26827465499997], [31.14379503700019, -17.26827265499992], [31.137119225000106, -17.267187571999955], [31.13690623100007, -17.267183571999965], [31.136909230000015, -17.266981555999962], [31.136913230000175, -17.26657352399991], [31.136917230000165, -17.266164490999927], [31.137960193000026, -17.248528101999966], [31.137960193000026, -17.248427093999965], [31.13785619600003, -17.24842509399997], [31.13782719600016, -17.248086066999974], [31.138865166000016, -17.246006902999966], [31.140654108000092, -17.2281864979999], [31.140534527000057, -17.22822057199994], [31.15405041200006, -17.21746238199995], [31.149982150000085, -17.21574217199992], [31.161255585000163, -17.197053333999918], [31.17864470400019, -17.17926039499997], [31.178676019000193, -17.179941679999956], [31.20104961900006, -17.169022089999885], [31.22041456700009, -17.176405819999957], [31.220177851000187, -17.175185287999852], [31.24324120300014, -17.17345314299996], [31.249347030000024, -17.171839012999897], [31.249768018000054, -17.17175100599991], [31.249905015000138, -17.171621995999885], [31.276773257000116, -17.16438041399988], [31.2702884360001, -17.156828820999976], [31.275619286000108, -17.156746811999938], [31.275757282000143, -17.156746811999938], [31.275894278000123, -17.156748811999933], [31.275894278000123, -17.15661680199986], [31.276031274000047, -17.15661880199991], [31.276171270000134, -17.15635778099994], [31.27644526300014, -17.156227770999976], [31.278505204000112, -17.15532769899994], [31.278642201000025, -17.15532769899994], [31.27905318900008, -17.15533169899993], [31.280962136000028, -17.155743730999916], [31.292813804000104, -17.15966503599992], [31.29295080100013, -17.15966503599992], [31.307845381999982, -17.16032708199998], [31.28113740600014, -17.19555510699996]]]]}}, {"type": "Feature", "properties": {"GID_3": "ZWE.4.1.12_2", "GID_0": "ZWE", "COUNTRY": "Zimbabwe", "GID_1": "ZWE.4_1", "NAME_1": "Mashonaland Central", "NL_NAME_1": "NA", "GID_2": "ZWE.4.1_2", "NAME_2": "Bindura", "NL_NAME_2": "NA", "NAME_3": "Ward 2", "VARNAME_3": "NA", "NL_NAME_3": "NA", "TYPE_3": "Ward", "ENGTYPE_3": "Ward", "CC_3": "NA", "HASC_3": "NA", "id": "ZWE.4.1.12_2", "name": "Ward 2"}, "geometry": {"type": "MultiPolygon", "coordinates": [[[[31.29787379000004, -17.003738833999932], [31.296199061000152, -16.97767740699993], [31.286358509000024, -16.927041809999935], [31.27812176900011, -16.926972573999876], [31.27811726300007, -16.92746815399994], [31.267197709000072, -16.939270620999935], [31.25746685200005, -16.895283908999943], [31.291975739000122, -16.89160739999994], [31.29147441800012, -16.89011634999997], [31.29044948400002, -16.88961217299982], [31.290453947000117, -16.889116586999933], [31.290462872999967, -16.88812541699997], [31.291505638000046, -16.886647251999875], [31.29202478500008, -16.88615595999994], [31.292047073000163, -16.883678030999874], [31.294110252000053, -16.883199601999934], [31.29461603100009, -16.884195060999957], [31.296679211000082, -16.883716605999894], [31.29721166800016, -16.881738536999933], [31.299288129000104, -16.879773288999957], [31.30134238900007, -16.8802859569999], [31.30186149400015, -16.87979463599993], [31.301865925000072, -16.87929904699996], [31.30187478500011, -16.8783078699999], [31.302411597000116, -16.875834191999957], [31.301910221000185, -16.874343160999956], [31.303960010000026, -16.8753513879999], [31.30498933400014, -16.875359904999982], [31.30551725500004, -16.873877392999873], [31.30501143800018, -16.872881957999937], [31.305015858, -16.87238636799998], [31.30502469800001, -16.87139518799995], [31.30502911800005, -16.87089959899987], [31.304514468000093, -16.87089534199987], [31.303999818000136, -16.87089108399988], [31.302455869000028, -16.87087830199988], [31.301945647000082, -16.87037844999992], [31.301963357000147, -16.868396093999877], [31.3019766380001, -16.86690932599987], [31.301985490999982, -16.865918147999935], [31.301989917000185, -16.865422558999967], [31.301994343000047, -16.864926969999885], [31.302003195000054, -16.86393579099996], [31.30202532200019, -16.861457843999915], [31.30153282800012, -16.85897563499998], [31.30154610400018, -16.857488866999972], [31.299496514000055, -16.856480631999943], [31.29796155400004, -16.8554766499999], [31.296422172000064, -16.85496824599994], [31.29540184399997, -16.85396851899992], [31.29541072400019, -16.852977342999964], [31.293866927000067, -16.85296450999988], [31.293356774000074, -16.852464641999916], [31.292345369000145, -16.85047372799994], [31.290819398999986, -16.848478524999905], [31.289790228000186, -16.84846994999998], [31.288765513000044, -16.84796578299995], [31.287754178000114, -16.84597485199987], [31.28672948300016, -16.845470675999877], [31.286733943000172, -16.844975089999934], [31.28571371900017, -16.84397532399987], [31.287776466000025, -16.843496918999904], [31.28932908700017, -16.842518616999882], [31.291387365000105, -16.842535760999965], [31.293450087000053, -16.842057295999894], [31.295002671000077, -16.84107894699997], [31.296546372000194, -16.84109176299995], [31.296550805000095, -16.840596173999813], [31.296049543000038, -16.839105135999887], [31.295552723000128, -16.837118508999936], [31.295566027000177, -16.83563174199992], [31.29661729000003, -16.833162334999884], [31.295610366000176, -16.830675850999967], [31.29564582600011, -16.82671113599997], [31.29627078800013, -16.826321855999936], [31.371562184000084, -16.836350178999965], [31.351309325000102, -16.8575009569999], [31.359325195, -16.882842761999882], [31.38595351800012, -16.83844638799991], [31.403053245000024, -16.840362247999906], [31.40185615600018, -16.846446988999958], [31.401791346000152, -16.846723103999977], [31.388850004000176, -16.901838621999957], [31.382414195000138, -16.929490813999962], [31.38159627100015, -16.93300484999986], [31.37566065200008, -16.958501083999977], [31.37551147500011, -16.959141754999962], [31.374028445000135, -16.96551066799998], [31.37036255400011, -16.98124691399994], [31.376238396000076, -16.998375265999982], [31.376509389000034, -16.998499275999848], [31.379477422000036, -17.006811629999902], [31.379232940000065, -17.00680295899997], [31.379294314000163, -17.007330972999966], [31.30216547700013, -17.002964656999836], [31.302027481000096, -17.002964656999836], [31.29787379000004, -17.003738833999932]]]]}}, {"type": "Feature", "properties": {"GID_3": "ZWE.4.1.13_2", "GID_0": "ZWE", "COUNTRY": "Zimbabwe", "GID_1": "ZWE.4_1", "NAME_1": "Mashonaland Central", "NL_NAME_1": "NA", "GID_2": "ZWE.4.1_2", "NAME_2": "Bindura", "NL_NAME_2": "NA", "NAME_3": "Ward 20", "VARNAME_3": "NA", "NL_NAME_3": "NA", "TYPE_3": "Ward", "ENGTYPE_3": "Ward", "CC_3": "NA", "HASC_3": "NA", "id": "ZWE.4.1.13_2", "name": "Ward 20"}, "geometry": {"type": "MultiPolygon", "coordinates": [[[[31.346170354000037, -17.27719027699993], [31.318696130000035, -17.285275923999905], [31.31241530000011, -17.2700137249999], [31.30362053800019, -17.248641044999886], [31.30341054400003, -17.248223011999926], [31.301247603000036, -17.245704814999954], [31.301112607000107, -17.245573803999946], [31.30097761100012, -17.24557180399995], [31.300568622000128, -17.24530478299988], [31.300433626000142, -17.24517277299998], [31.30029663000016, -17.245170772999927], [31.300025637000033, -17.24503776199998], [31.299617649000027, -17.244770741999957], [31.299348656000063, -17.244373709999934], [31.299075664000043, -17.24423969999998], [31.299077664000038, -17.244108689999962], [31.29880667100008, -17.243843668999887], [31.29880667100008, -17.24371165799988], [31.298671675000094, -17.243577647999814], [31.298535679000054, -17.243446637999966], [31.29840268200013, -17.24318161699989], [31.298131690000105, -17.24291659599993], [31.297995694, -17.24278258599992], [31.29786269700014, -17.24251956499984], [31.297726701000045, -17.242385553999952], [31.29758970500012, -17.242385553999952], [31.297454709000135, -17.24225254399994], [31.297320712000158, -17.24198952299986], [31.297185716000172, -17.24185551299996], [31.297049720000075, -17.24159249199994], [31.296914723000043, -17.24145848199987], [31.296916723000038, -17.241327470999977], [31.29685092600016, -17.24119831899992], [31.296782727000107, -17.241064450999943], [31.29664773100012, -17.240930439999886], [31.296649730000013, -17.240667418999976], [31.296513734000143, -17.24053540899996], [31.296380738000153, -17.240270387999885], [31.296109745000024, -17.240005367999913], [31.29611174500019, -17.23974234699989], [31.295974749000038, -17.23974234699989], [31.29597574900015, -17.239610335999828], [31.29448279000013, -17.238544252999816], [31.29379981000011, -17.238538252999945], [31.293387821000067, -17.23866626299997], [31.293250825000086, -17.238664262999976], [31.292977833000066, -17.23866226299998], [31.292840837000085, -17.23866026299993], [31.29270284100005, -17.23866026299993], [31.29256784400019, -17.238658262999934], [31.29256784400019, -17.238527251999926], [31.292432848000033, -17.238527252999916], [31.292432848000033, -17.23839524199991], [31.292296852000106, -17.238393241999916], [31.2922988520001, -17.23813022099995], [31.29216385500007, -17.237998210999933], [31.292165855, -17.237867200999915], [31.292027859000143, -17.23786520099992], [31.289702924999972, -17.237976209999886], [31.30045061300018, -17.216255494999928], [31.280828156000155, -17.195962902999952], [31.28113740600014, -17.19555510699996], [31.280989438000177, -17.195974720999914], [31.284084326000084, -17.196001093999882], [31.31689847400014, -17.192467649999912], [31.316895114000033, -17.192839534999962], [31.33121903800003, -17.191842876999942], [31.361761786000102, -17.194324913999935], [31.389491417000045, -17.209053413999982], [31.428484839000134, -17.219403515999886], [31.428865494000092, -17.22015034599997], [31.429252434000148, -17.22015336499993], [31.4296393730001, -17.22015638399995], [31.430026313000155, -17.22015940199998], [31.430413252999983, -17.220162418999962], [31.43041837900006, -17.220137548999958], [31.434283197000127, -17.220128582999962], [31.434282658000143, -17.22019255099997], [31.434669599000074, -17.22019555999998], [31.435050281000144, -17.22094237999994], [31.435791988000176, -17.221306056999936], [31.445071545000133, -17.202805379999973], [31.472137785000143, -17.20369043999989], [31.47227278100013, -17.20369043999989], [31.472410777000164, -17.203686439999956], [31.473477087000106, -17.203732182999886], [31.495202316000075, -17.204662948999896], [31.495262135000132, -17.204665508999938], [31.49537413200005, -17.204670508999982], [31.495367848000114, -17.20537252899993], [31.494997159000036, -17.24673082299995], [31.49513215500002, -17.246732822999945], [31.49513215500002, -17.246864833999837], [31.49486716300015, -17.24762789399989], [31.494865163000156, -17.247760903999904], [31.494865163000156, -17.24789491499996], [31.49486316300016, -17.248027924999974], [31.494859164000104, -17.248561966999944], [31.494716167999968, -17.248962998999957], [31.49471416800003, -17.24923001999997], [31.4947091680001, -17.24976606199988], [31.49470716800016, -17.24989907299988], [31.49470716800016, -17.25003308299995], [31.494705169000042, -17.25016609399995], [31.494705169000042, -17.25030010399996], [31.49456417300013, -17.250432114999853], [31.494562173000133, -17.250701135999975], [31.49456017300014, -17.250834145999875], [31.494558173000144, -17.250968156999875], [31.494554172999983, -17.2515021989999], [31.494411177000075, -17.251902230999974], [31.494407178000188, -17.25230326199994], [31.494403178000027, -17.2527032939999], [31.49440017800015, -17.253106324999976], [31.494258182000124, -17.253371345999938], [31.49425518300012, -17.25377337799989], [31.494253183000126, -17.254040398999962], [31.494249183000193, -17.25444143099992], [31.49423218400011, -17.25631257799995], [31.494228185000054, -17.25684861999997], [31.49422618500006, -17.25711564099987], [31.494361181000045, -17.257384661999936], [31.49435818100011, -17.257784693999895], [31.494354182000052, -17.25831873599992], [31.494352182000057, -17.25858675699982], [31.494348182000124, -17.258988788999943], [31.494483178000053, -17.259255809999843], [31.49448217800017, -17.259524830999965], [31.49447817900011, -17.260058872999934], [31.494613175000097, -17.260327893999886], [31.494613175000097, -17.2604609039999], [31.494611175000102, -17.260594914999956], [31.495090165000136, -17.26915558899998], [31.495090165000136, -17.269289598999933], [31.49508816500014, -17.269422609999936], [31.495084166000083, -17.269823641999892], [31.495080166000093, -17.27022567299997], [31.495079165999982, -17.270492693999927], [31.49507791100018, -17.270660278999856], [31.495077166000044, -17.270759714999883], [31.49507516600005, -17.270893725999883], [31.495071167000162, -17.271427767999853], [31.495069167000167, -17.271560777999923], [31.495067167000173, -17.271829798999875], [31.493600268000193, -17.271337243999824], [31.494142568000143, -17.267417374999923], [31.492607315000043, -17.267896349999944], [31.49055763700011, -17.268861936999826], [31.486956643000042, -17.272268272999952], [31.484902881000096, -17.27372425599998], [31.48336755600019, -17.274203152999974], [31.480815365000126, -17.27418385699997], [31.478773615000136, -17.274168396999926], [31.475710993000177, -17.274145166999972], [31.47469012, -17.274137413999938], [31.470618774000116, -17.272634977999815], [31.47099055700005, -17.27228009199996], [31.468069175000096, -17.264053851999904], [31.463879503000044, -17.26344603399997], [31.465743779000093, -17.255398787999923], [31.45735052000009, -17.255910350999955], [31.454929839999977, -17.258770846999937], [31.44834843899997, -17.25756849299995], [31.444753363000075, -17.257540698999946], [31.444192804000124, -17.252929827999935], [31.442414640000095, -17.250612789999877], [31.432823311000107, -17.251114050999945], [31.432248470000047, -17.24823049799994], [31.425048972000184, -17.249325845999977], [31.418993753000166, -17.256763851999892], [31.417736486000138, -17.263663675999965], [31.41736834700015, -17.26382219699991], [31.417089355000144, -17.263820196999916], [31.416669367000054, -17.26408321799994], [31.416252379000184, -17.264080217999947], [31.415971387000013, -17.264211228999955], [31.41569339500012, -17.26434323899997], [31.415554398999973, -17.264341238999975], [31.415414403000113, -17.264341238999975], [31.415136410000116, -17.26433723899993], [31.414859418000106, -17.26420222799993], [31.41458142600004, -17.264200227999936], [31.414302434000035, -17.264196227999946], [31.41402444200014, -17.26419422799995], [31.41096152800003, -17.26457025899998], [31.410822532000054, -17.26456825899993], [31.41082053200006, -17.26470126899983], [31.410539540000116, -17.264967289999902], [31.410398544000145, -17.265098299999977], [31.410259548000056, -17.265232310999977], [31.41025754800006, -17.26536532199998], [31.410118552000085, -17.26536332099988], [31.41011655200009, -17.26549733199988], [31.409837560000085, -17.265495331999887], [31.409698564000166, -17.265495331999887], [31.409561568000186, -17.265493331999892], [31.409422571000164, -17.265491331999897], [31.40914357900016, -17.265489331999845], [31.409004583000183, -17.265487331999964], [31.408865587000093, -17.265487331999964], [31.408447599000112, -17.265483331999974], [31.408310603000132, -17.265348320999976], [31.408031611000183, -17.26534632099998], [31.407892614000104, -17.26534432099993], [31.4078946140001, -17.265211309999927], [31.407476626000175, -17.26507329999987], [31.407339630000024, -17.26507329999987], [31.40706063800019, -17.264936288999934], [31.406784645000187, -17.264801277999936], [31.406644649000157, -17.26479927799994], [31.40650565300001, -17.26479927799994], [31.405811673000187, -17.264791277999905], [31.40553268100018, -17.26478927799991], [31.405250689000127, -17.265054298999928], [31.405113692000043, -17.265052298999933], [31.40497269600013, -17.265186308999887], [31.404693704000124, -17.265184308999892], [31.40441571200006, -17.26518030899996], [31.404276716000084, -17.26518030899996], [31.404136720000054, -17.265178308999964], [31.403997724000078, -17.26517630899997], [31.40344273900007, -17.265173308999977], [31.40330374300015, -17.26517130899998], [31.40218977500018, -17.26516130799996], [31.401773786000092, -17.2650242979999], [31.401355798000168, -17.26502029799991], [31.40107980600004, -17.26488528699997], [31.400802813000155, -17.264749276999964], [31.400388825000164, -17.264343244999964], [31.400112833000094, -17.26420723399997], [31.39983584000015, -17.2639392129999], [31.399561848000076, -17.263668191999955], [31.399286855000128, -17.263265159999946], [31.399009863000117, -17.262994138999886], [31.39859487500007, -17.262857127999837], [31.398180886000034, -17.262586106999947], [31.39790189400003, -17.262451096999882], [31.397485906000043, -17.26231308599995], [31.397071917000176, -17.262043064999887], [31.39651593299999, -17.2620370649999], [31.396238941000036, -17.261901053999964], [31.395961948000092, -17.261766042999966], [31.395822952000117, -17.26176404299997], [31.395544960000052, -17.261762042999976], [31.395404964000193, -17.261760042999924], [31.395265968000047, -17.26175804299993], [31.395126972000128, -17.26175804299993], [31.39415399899997, -17.261749042999895], [31.393736011000044, -17.261745042999905], [31.39373501100016, -17.261879052999973], [31.393595015000074, -17.261879052999973], [31.39331702300018, -17.26187705299992], [31.392066058000182, -17.261865052999894], [31.391230081000174, -17.261858051999923], [31.39095208900011, -17.26185605199987], [31.390813093000133, -17.261854051999876], [31.390673097000104, -17.26185205199988], [31.390536101000123, -17.26185205199988], [31.390256109000063, -17.261984062999886], [31.39011411300004, -17.26211507299996], [31.389975117000063, -17.26224908399996], [31.38969712500017, -17.26224508399997], [31.389416133, -17.262376093999933], [31.38913814, -17.26250810399989], [31.38885914800005, -17.262506103999897], [31.38871815200008, -17.262638114999902], [31.388579156000105, -17.262636114999907], [31.38830116400004, -17.262767124999925], [31.387883176000116, -17.262764124999933], [31.38774418000014, -17.262764124999933], [31.38760418400011, -17.26289513499995], [31.387185194999972, -17.26302514599996], [31.386906203000024, -17.263023145999966], [31.386208223000153, -17.26328416699988], [31.38620622300016, -17.263418176999892], [31.35705904700012, -17.27492609399991], [31.356920051000145, -17.274924093999857], [31.35650406299999, -17.27492009399998], [31.346466346, -17.276971258999936], [31.34646434600006, -17.27710426999994], [31.346170354000037, -17.27719027699993]]]]}}, {"type": "Feature", "properties": {"GID_3": "ZWE.4.1.14_2", "GID_0": "ZWE", "COUNTRY": "Zimbabwe", "GID_1": "ZWE.4_1", "NAME_1": "Mashonaland Central", "NL_NAME_1": "NA", "GID_2": "ZWE.4.1_2", "NAME_2": "Bindura", "NL_NAME_2": "NA", "NAME_3": "Ward 21", "VARNAME_3": "NA", "NL_NAME_3": "NA", "TYPE_3": "Ward", "ENGTYPE_3": "Ward", "CC_3": "NA", "HASC_3": "NA", "id": "ZWE.4.1.14_2", "name": "Ward 21"}, "geometry": {"type": "MultiPolygon", "coordinates": [[[[31.318696130000035, -17.285275923999905], [31.318569673000127, -17.30352772499998], [31.318472456000165, -17.317540295999947], [31.291638646000024, -17.31142513799989], [31.253751409000017, -17.322869126999876], [31.24857189000005, -17.330670930999872], [31.194861166000067, -17.340983193999932], [31.17641855200003, -17.347191442999872], [31.151337430000126, -17.35333660999993], [31.137938863000045, -17.3654726179999], [31.137100759000134, -17.365179552999905], [31.13665628100017, -17.364592235999964], [31.133867356000053, -17.357526681999957], [31.123848628000133, -17.334882904999972], [31.11938374900012, -17.32565818099988], [31.11928075200018, -17.325454164999883], [31.119068758000083, -17.32534915699989], [31.118858764000095, -17.3251431409999], [31.118755766000106, -17.324937124999906], [31.118544772000064, -17.324731108999913], [31.11844177500012, -17.324527092999915], [31.118338778000066, -17.324321076999922], [31.11823178100019, -17.324218068999926], [31.118023786000094, -17.323911043999942], [31.117918789000043, -17.32370502799995], [31.117708795000055, -17.323499011999957], [31.11760579800017, -17.32329499599996], [31.117395804000182, -17.323088979999966], [31.11729080700013, -17.322882963999973], [31.117083812000146, -17.32247193199987], [31.116980815000034, -17.322267915999873], [31.116980815000034, -17.322164906999888], [31.116875818000153, -17.32206189899989], [31.116878818000032, -17.32185788299995], [31.116772821000097, -17.321754874999954], [31.116774821000035, -17.321653866999952], [31.116671823000047, -17.32144785099996], [31.116566826000167, -17.32124383499996], [31.11646382900011, -17.32103781899997], [31.116358832000174, -17.32083380299997], [31.11636083200017, -17.320730794999974], [31.116362832000164, -17.320526778999977], [31.11636483200016, -17.32032276299998], [31.116312685000025, -17.32021704999994], [31.11629328700019, -17.320164139999974], [31.11626183400017, -17.32011874699998], [31.11626183400017, -17.32001573899987], [31.116262834000054, -17.31991473099987], [31.116262834000054, -17.319813722999925], [31.1163698310001, -17.319813722999925], [31.116371831000095, -17.319609706999927], [31.11647882799997, -17.319610706999924], [31.11647882799997, -17.319507698999928], [31.116480828000135, -17.319406690999926], [31.116587825000067, -17.319406690999926], [31.116587825000067, -17.319305682999925], [31.116800819000105, -17.319206674999975], [31.117014813000026, -17.319105666999974], [31.118090782000138, -17.317882569999938], [31.11819677900013, -17.317884569999933], [31.11819677900013, -17.317781561999936], [31.11830577600017, -17.317579545999934], [31.118309775000057, -17.31727252199994], [31.118418772000098, -17.316969497999878], [31.118420772000093, -17.31676548199988], [31.11852876900008, -17.31666447399988], [31.118635766000125, -17.316459457999883], [31.11863776600012, -17.31635844999994], [31.11885176000004, -17.316259441999932], [31.118959757000027, -17.316055425999934], [31.11917375100012, -17.31585340999993], [31.119280748, -17.315855409999926], [31.119282747000113, -17.315754401999982], [31.119705736000185, -17.31575840199997], [31.11981273300006, -17.31575840199997], [31.120024727000043, -17.31575940199997], [31.12023772100008, -17.315763401999845], [31.12034271800013, -17.315866410999945], [31.120447715000182, -17.315866409999842], [31.120447715000182, -17.31596941899994], [31.12055271200012, -17.316072426999938], [31.120655709000175, -17.316276442999936], [31.12065370900018, -17.316480458999933], [31.120756706000122, -17.316788482999925], [31.12085970400011, -17.316994498999918], [31.12096470100016, -17.317198514999916], [31.120962701000167, -17.317402530999914], [31.12106569800011, -17.31760654699991], [31.12117069500016, -17.317812562999904], [31.121166696000103, -17.318016578999845], [31.121271693000153, -17.318220594999957], [31.123070642000073, -17.318851643999835], [31.123281636000115, -17.318853643999887], [31.1233866340001, -17.318956651999883], [31.123493631000144, -17.318956651999883], [31.123705625000127, -17.318960652999976], [31.12381062200018, -17.319063660999973], [31.1241266130001, -17.319168668999964], [31.124552601, -17.31917266899984], [31.124763595000047, -17.31927767699989], [31.124868592000155, -17.31927767699989], [31.124973589000035, -17.319380684999885], [31.12508058600008, -17.31938268499988], [31.12539957700011, -17.319486692999874], [31.125822565000135, -17.319593701999963], [31.126141556000107, -17.31959570199996], [31.127094530000136, -17.319605701999876], [31.127520517999983, -17.31961070199992], [31.128050503000054, -17.31961470199991], [31.128157500000157, -17.319616701999962], [31.12826349700009, -17.319618701999957], [31.12836849400003, -17.319721710999886], [31.128580488000125, -17.319723710999938], [31.128792482000108, -17.319826718999934], [31.129004476000034, -17.319931726999926], [31.12910847300003, -17.319931726999926], [31.129215470000076, -17.31993372699992], [31.129320467000184, -17.320036734999917], [31.12953246100011, -17.320038734999912], [31.130167444000165, -17.320247750999954], [31.130379438000148, -17.320251750999944], [31.130592432000185, -17.32025375199993], [31.130697429000065, -17.32025375099994], [31.130697429000065, -17.320356759999925], [31.130909423, -17.32035875999992], [31.131227414000136, -17.320360759999915], [31.131334411000182, -17.320362759999966], [31.131441408000057, -17.320261751999965], [31.131548405000103, -17.32026375199996], [31.131548405000103, -17.320160743999963], [31.131657401999973, -17.320059735999962], [31.131657401999973, -17.31995872799996], [31.131763399000135, -17.31985671999996], [31.132606371000065, -17.310890013999938], [31.134523308000155, -17.291029449999883], [31.134523308000155, -17.290926441999886], [31.13452930800014, -17.29041640199995], [31.13690223100008, -17.26759160399996], [31.136904231000074, -17.26749059599996], [31.136904231000074, -17.267387587999963], [31.13690623100007, -17.267183571999965], [31.137119225000106, -17.267187571999955], [31.14379503700019, -17.26827265499992], [31.143900035000172, -17.26827465499997], [31.144007031000115, -17.26827465499997], [31.144430020000073, -17.268280654999955], [31.144855008000036, -17.268283654999948], [31.145385993, -17.26828965499982], [31.145703984000136, -17.26839466299998], [31.145808981000187, -17.26839466299998], [31.145915978000062, -17.268396662999976], [31.146022975000108, -17.268396662999976], [31.146127972000045, -17.26839866399996], [31.14623396899998, -17.268400663999955], [31.146445963000133, -17.26840266399995], [31.168014353, -17.271237870999926], [31.16798287400013, -17.270971326999927], [31.168313558000136, -17.270974343999967], [31.194010779000166, -17.271207138999955], [31.193943877000095, -17.278072558999952], [31.207752489000086, -17.27525374399994], [31.211320351000097, -17.27577600199993], [31.215835175000052, -17.27495009499995], [31.214940191999972, -17.27090387599992], [31.230260429000055, -17.270058622999898], [31.234951716000182, -17.25980068399997], [31.264537647000054, -17.261529786999972], [31.266634026000077, -17.25566252599998], [31.28350229600005, -17.25286462699995], [31.285065003000113, -17.249444809999943], [31.293203090000134, -17.252456795999933], [31.29685092600016, -17.24119831899992], [31.296916723000038, -17.241327470999977], [31.296914723000043, -17.24145848199987], [31.297049720000075, -17.24159249199994], [31.297185716000172, -17.24185551299996], [31.297320712000158, -17.24198952299986], [31.297454709000135, -17.24225254399994], [31.29758970500012, -17.242385553999952], [31.297726701000045, -17.242385553999952], [31.29786269700014, -17.24251956499984], [31.297995694, -17.24278258599992], [31.298131690000105, -17.24291659599993], [31.29840268200013, -17.24318161699989], [31.298535679000054, -17.243446637999966], [31.298671675000094, -17.243577647999814], [31.29880667100008, -17.24371165799988], [31.29880667100008, -17.243843668999887], [31.299077664000038, -17.244108689999962], [31.299075664000043, -17.24423969999998], [31.299348656000063, -17.244373709999934], [31.299617649000027, -17.244770741999957], [31.300025637000033, -17.24503776199998], [31.30029663000016, -17.245170772999927], [31.300433626000142, -17.24517277299998], [31.300568622000128, -17.24530478299988], [31.30097761100012, -17.24557180399995], [31.301112607000107, -17.245573803999946], [31.301247603000036, -17.245704814999954], [31.30341054400003, -17.248223011999926], [31.30362053800019, -17.248641044999886], [31.31241530000011, -17.2700137249999], [31.318696130000035, -17.285275923999905]]]]}}, {"type": "Feature", "properties": {"GID_3": "ZWE.4.1.15_2", "GID_0": "ZWE", "COUNTRY": "Zimbabwe", "GID_1": "ZWE.4_1", "NAME_1": "Mashonaland Central", "NL_NAME_1": "NA", "GID_2": "ZWE.4.1_2", "NAME_2": "Bindura", "NL_NAME_2": "NA", "NAME_3": "Ward 3", "VARNAME_3": "NA", "NL_NAME_3": "NA", "TYPE_3": "Ward", "ENGTYPE_3": "Ward", "CC_3": "NA", "HASC_3": "NA", "id": "ZWE.4.1.15_2", "name": "Ward 3"}, "geometry": {"type": "MultiPolygon", "coordinates": [[[[31.213028594000093, -16.984745575999966], [31.229872276000037, -16.98298742099996], [31.237930687000187, -17.00238590999993], [31.238053861000083, -17.001212765999924], [31.24312713900008, -17.01529265399995], [31.24312713900008, -17.015153642999906], [31.249096970000153, -17.012004391999938], [31.249353962999976, -17.011811376999958], [31.260183657000027, -17.00783805799989], [31.27264850400013, -17.016000687999906], [31.272805968, -17.016100149999886], [31.28938149100003, -17.026568830999906], [31.28052598900007, -17.038555575999965], [31.282548751000093, -17.040536175999875], [31.283119008000142, -17.04194349099987], [31.285995985000056, -17.046175271999914], [31.288594309000132, -17.049002176999863], [31.28887563900014, -17.050126544999898], [31.294356473000107, -17.056624154999895], [31.29462511300011, -17.05915091099996], [31.303541895000023, -17.07268967099992], [31.297952634000183, -17.078064963999964], [31.294717087000095, -17.081123271999957], [31.288005282000142, -17.081627701999935], [31.276712967000094, -17.072836615999904], [31.275309189000097, -17.066934242999935], [31.268696169000066, -17.0567800419999], [31.26038515400012, -17.07263428699997], [31.251658766000162, -17.070315298999844], [31.25179875400005, -17.086585161999892], [31.25499066599997, -17.088295633999905], [31.23903618899999, -17.13620641899996], [31.2108731080001, -17.16422642799995], [31.20104961900006, -17.169022089999885], [31.178676019000193, -17.179941679999956], [31.17864470400019, -17.17926039499997], [31.161255585000163, -17.197053333999918], [31.149982150000085, -17.21574217199992], [31.15405041200006, -17.21746238199995], [31.140534527000057, -17.22822057199994], [31.13120137499999, -17.23087971399997], [31.131199375, -17.230845711999905], [31.129541412000037, -17.21025208899988], [31.127192468000032, -17.18667923199996], [31.127192468000032, -17.186540220999916], [31.12704747200013, -17.186538220999864], [31.127048472000013, -17.18639920999982], [31.124159552000094, -17.185672153999974], [31.12430061200007, -17.185663184999953], [31.12430253700012, -17.18562084499996], [31.124304548, -17.18553514299998], [31.124306548000163, -17.185396131999937], [31.12430854800016, -17.185256120999895], [31.124454544000173, -17.184980098999972], [31.124458544000163, -17.184701076999886], [31.124460544000158, -17.18456006599996], [31.12446254300005, -17.184282043999872], [31.124464543000045, -17.184142032999944], [31.124466542999983, -17.184003021999956], [31.12432154700008, -17.184003021999956], [31.124323547000074, -17.183862010999917], [31.124180551000165, -17.183722999999873], [31.124035555000034, -17.18372099999982], [31.12374756300005, -17.183577988999957], [31.123459571000183, -17.18329696699982], [31.123169579000148, -17.18329396699994], [31.123171579000143, -17.183153955999956], [31.123175579000133, -17.182736922999936], [31.123177579000128, -17.182596911999894], [31.123178579000182, -17.18245790099985], [31.123180578000074, -17.182318889999976], [31.12332757400003, -17.182181878999927], [31.123329573999968, -17.181902856999955], [31.1234745700001, -17.181902856999955], [31.123476570000093, -17.181763845999967], [31.12347857000009, -17.181624834999923], [31.12304958200008, -17.181063790999872], [31.1227595900001, -17.181059790999882], [31.12261459399997, -17.181057790999887], [31.122324602000162, -17.181055790999835], [31.122036610000123, -17.18091277999997], [31.12174661800009, -17.18091077899993], [31.121601622000185, -17.180908778999935], [31.12116863400007, -17.1807657679999], [31.12088064200003, -17.18062275699998], [31.12059265000005, -17.180342734999897], [31.120161662000044, -17.180058712999937], [31.119730674000095, -17.179775690999975], [31.119585678000192, -17.179634679999936], [31.119587678000187, -17.17949566899989], [31.119591678000177, -17.179217646999973], [31.12004366499997, -17.177689525999938], [31.120043664000093, -17.17755051499995], [31.120192660000157, -17.177271492999978], [31.12034065600011, -17.176995470999884], [31.120636647000026, -17.176440426999875], [31.12063864700019, -17.176300415999947], [31.12063864700019, -17.17616140499996], [31.12078564300009, -17.1760243949999], [31.120787643000085, -17.17588538399997], [31.12078964300008, -17.175745372999927], [31.120668645000023, -17.173514196999975], [31.133257281000112, -17.148697233999883], [31.13710615100007, -17.100737446999972], [31.137112151000053, -17.100672441999905], [31.14582990400004, -17.094209927999884], [31.17007221500012, -17.076052484999877], [31.1699282190001, -17.075910472999965], [31.169785223000133, -17.075769461999926], [31.169787223000128, -17.07563045099988], [31.16950923000013, -17.07451436299982], [31.169518230000165, -17.073677296999904], [31.16952023000016, -17.07339827499993], [31.169524229000046, -17.073120252999843], [31.169528229000036, -17.072842230999925], [31.16953022900003, -17.072563208999952], [31.170119211999975, -17.071592131999978], [31.170264208000106, -17.071594131999973], [31.1702662080001, -17.07145512099993], [31.170411204000175, -17.07145712099998], [31.17041320400017, -17.071318109999936], [31.170703195999977, -17.071319109999934], [31.1707031950001, -17.07118009899989], [31.17099318700008, -17.071184099999982], [31.170995187000074, -17.071045088999938], [31.171140182999977, -17.071045088999938], [31.171575171000086, -17.07105108899998], [31.171576171000027, -17.070911077999938], [31.1717211670001, -17.070911077999938], [31.172887134000064, -17.070227022999973], [31.173179125000104, -17.06995000099988], [31.173470117000022, -17.06981498999994], [31.173619113000143, -17.06953596799991], [31.173764109000047, -17.069398956999976], [31.17376610900004, -17.06925994599993], [31.173911105000116, -17.069260946999975], [31.173913104000178, -17.06912193599993], [31.173915104000173, -17.068843913999956], [31.17406210000007, -17.06870390199998], [31.174064100000066, -17.068564890999937], [31.17406610000006, -17.06828686999995], [31.174212096000076, -17.068148858999905], [31.174216095000133, -17.06787083699993], [31.174653083000067, -17.06759581499989], [31.174943075000044, -17.067597814999885], [31.17523306700008, -17.067601814999932], [31.175668055000187, -17.067605814999922], [31.175813049999988, -17.067607814999974], [31.17682902200005, -17.067199782999978], [31.17697801700001, -17.066922760999887], [31.17712301300014, -17.066922760999887], [31.176724023000133, -17.06357549599994], [31.17672602300013, -17.06329647399997], [31.17673002300012, -17.06301845199988], [31.17673602200017, -17.06245940799988], [31.176738022000166, -17.06218038599991], [31.176742022000155, -17.06190236399982], [31.17674302200004, -17.061623341999905], [31.17674902100009, -17.061206308999942], [31.176751021000086, -17.0610662979999], [31.17689601700016, -17.060929286999965], [31.17690001700015, -17.060651264999933], [31.17704701300005, -17.06051125399989], [31.17704701300005, -17.06037224299996], [31.177194009000118, -17.060235231999968], [31.177339004000146, -17.060237231999963], [31.17734000400003, -17.06009822099992], [31.177342004000025, -17.059958209999877], [31.1790969540001, -17.058303078999927], [31.179241950000062, -17.05830507899998], [31.17938894600013, -17.058165067999937], [31.17938894600013, -17.058026056999893], [31.179533942000035, -17.058028056999888], [31.179537942000024, -17.05775003499997], [31.17953994200019, -17.057610023999928], [31.179541941000082, -17.057332001999953], [31.179546941000126, -17.056772957999954], [31.179405945000042, -17.05649493599998], [31.17940794499998, -17.05621591399995], [31.179411944000094, -17.05593589199998], [31.179415944000027, -17.055656869999893], [31.179415944000027, -17.05551785899985], [31.180307918000153, -17.05343669399997], [31.180315918000076, -17.052601627999877], [31.18032191700013, -17.052181594999922], [31.180323917000123, -17.051903572999947], [31.180179921000104, -17.051763561999906], [31.1801819210001, -17.051483539999936], [31.180202919000067, -17.049534385999948], [31.18035191500013, -17.04925536299993], [31.18035191500013, -17.049116351999885], [31.180353915000126, -17.048977340999954], [31.18035591500012, -17.04883732999997], [31.180500911000024, -17.048839329999964], [31.18050291100019, -17.04870031899992], [31.180504911000185, -17.04856130899998], [31.180647907000093, -17.048563308999974], [31.180649905999985, -17.04842429799993], [31.180794902000116, -17.04842429799993], [31.18093989800019, -17.048425297999927], [31.181085894000034, -17.048288286999934], [31.18123089000011, -17.04829028699993], [31.18123089000011, -17.04814927599989], [31.181375886000012, -17.048151275999885], [31.181520882000143, -17.04815327599988], [31.18166787800004, -17.048015264999833], [31.181812874000116, -17.048015264999833], [31.18195986900014, -17.047878253999954], [31.181961869000133, -17.047600231999866], [31.18196386900007, -17.047460220999824], [31.181965869000067, -17.04732120999995], [31.18196786900006, -17.047043187999975], [31.181970869000168, -17.046764165999946], [31.181972869000106, -17.0466251549999], [31.18197286800006, -17.04648614399997], [31.181829872000094, -17.04634513299993], [31.18183187200009, -17.04620512199989], [31.181833872000084, -17.04606611099996], [31.1821358630001, -17.044954022999946], [31.182281859000113, -17.044815011999958], [31.182426855000017, -17.04467800099991], [31.182428855000182, -17.04453798999998], [31.18257585100008, -17.04440097899993], [31.18257585100008, -17.044261967999944], [31.18272084700004, -17.044261967999944], [31.182722846000104, -17.044121956999902], [31.182869842000173, -17.043984945999966], [31.185337773000185, -17.043450902999894], [31.18562776500005, -17.043454902999883], [31.1857327620001, -17.04340489899994], [31.18591775600015, -17.043317891999834], [31.186209748000124, -17.043181880999953], [31.18649974000016, -17.043183880999948], [31.18664373600018, -17.043046869999955], [31.186788732000082, -17.04304886999995], [31.186790732000077, -17.04290785899991], [31.18693572800015, -17.04290885899991], [31.189272661000132, -17.041119716999958], [31.18971164900006, -17.040705683999875], [31.18985964500007, -17.04042966199995], [31.190002640000046, -17.040431661999946], [31.192793561000144, -17.036834376999934], [31.192940556000167, -17.036696365999887], [31.196163464000165, -17.033105080999917], [31.196310460000063, -17.032965069999875], [31.196455456000024, -17.03282805899994], [31.196602452000093, -17.032691047999947], [31.196751448000157, -17.032412025999975], [31.196895444000177, -17.032414025999856], [31.197042438999972, -17.032138003999933], [31.197189435000098, -17.03199799299989], [31.197336431000167, -17.031721970999968], [31.19762842300014, -17.03158395999992], [31.1977734190001, -17.03144694899993], [31.197920414000066, -17.03130993799988], [31.198067410000135, -17.03117092699995], [31.19938637200005, -17.029510794999965], [31.199821360000158, -17.02951679599994], [31.20040134400017, -17.02952079599993], [31.20126932000005, -17.029529795999963], [31.201414316000125, -17.029531795999958], [31.203442259000155, -17.0295507969999], [31.20373125100008, -17.029552796999894], [31.204166238000084, -17.029556796999884], [31.20445623000012, -17.029421785999887], [31.204893218000052, -17.02928577499995], [31.205330205000053, -17.02915076499994], [31.205620197000087, -17.029012753999893], [31.20591218900006, -17.028877742999896], [31.20605618500008, -17.028738731999965], [31.20620318100015, -17.028600720999975], [31.206350177000047, -17.028463709999926], [31.20649717200007, -17.02818568799995], [31.20664416800014, -17.02804767699996], [31.206646168000134, -17.027908665999917], [31.206646168000134, -17.027769654999872], [31.206650168000124, -17.0274906329999], [31.206795164000027, -17.02749263299995], [31.20724915000011, -17.025684489999946], [31.207395146000124, -17.025407467999912], [31.207687138000097, -17.025131445999932], [31.207836133000114, -17.024854423999898], [31.208130125000082, -17.02443939099993], [31.208422117000055, -17.024162368999953], [31.20857011200013, -17.02388534699992], [31.208715108000092, -17.02374833599987], [31.208717108000087, -17.02360932499994], [31.20886210400016, -17.02360932499994], [31.208864104000156, -17.02347031399995], [31.20886610400015, -17.02333030299991], [31.209011100000055, -17.023332302999904], [31.211201037000137, -17.02154116099996], [31.21149102900017, -17.02154516099995], [31.21178202100009, -17.021408149999957], [31.211927017000164, -17.02127013899991], [31.212219009000023, -17.02113312799986], [31.21250900100017, -17.021137127999907], [31.212798992000103, -17.02100011699997], [31.212945988, -17.02086210599998], [31.213090984000132, -17.02086210599998], [31.213382976000105, -17.020588084999872], [31.214267950000135, -17.01906196399989], [31.21426995000013, -17.018922952999958], [31.21427095000007, -17.018782941999916], [31.214127954000105, -17.018643930999872], [31.2141299540001, -17.01836390899996], [31.21413395400009, -17.018084885999883], [31.213990958000124, -17.017806864999955], [31.21399895700017, -17.017108808999865], [31.21400295700016, -17.01682978699995], [31.214148953000176, -17.016553764999856], [31.215895903000103, -17.0155936889999], [31.216040899, -17.015595688999895], [31.216187895000132, -17.015456677999964], [31.216332891000036, -17.015458677999845], [31.216624883, -17.015322666999964], [31.21677187800003, -17.015044644999932], [31.2169188740001, -17.014907633999883], [31.2169188740001, -17.014767622999955], [31.216924874000085, -17.01435058999982], [31.216924874000085, -17.01421057899995], [31.21692587400014, -17.014071567999906], [31.21579190500006, -17.011830390999933], [31.215793904000122, -17.011552368999844], [31.215653908000093, -17.01113233599989], [31.215657908000026, -17.01071430299993], [31.21565990800002, -17.010575291999885], [31.215661908000186, -17.010296269999913], [31.215665907000073, -17.010018247999938], [31.216403886000137, -17.008631137999885], [31.216405886000132, -17.008492126999954], [31.216550882000035, -17.008353115999967], [31.216697878000105, -17.008216104999917], [31.216700877000108, -17.007937082999945], [31.216702877000102, -17.007659060999913], [31.21684987300017, -17.007519049999814], [31.216851873000167, -17.007241027999896], [31.216998869000065, -17.007104016999847], [31.217021867000028, -17.00487384099995], [31.217023867000023, -17.004734829999904], [31.21702586700019, -17.004594818999976], [31.21702586700019, -17.004455807999932], [31.217028867000067, -17.004177785999843], [31.21703086600013, -17.003898763999928], [31.217175862000033, -17.003900763999923], [31.21732285800016, -17.00376175299988], [31.217469854000058, -17.00362474199983], [31.217616850000127, -17.00334771999991], [31.21790684200016, -17.00334971999996], [31.217908841000053, -17.003210708999916], [31.219210805000102, -17.003221708999945], [31.219500797000137, -17.003225709999924], [31.219500797000137, -17.00308669899988], [31.21964579300004, -17.00308669799989], [31.219647793000036, -17.002946686999962], [31.218648820000055, -17.001684587999875], [31.218505824000147, -17.001403565999965], [31.218219832000102, -17.001123543999825], [31.218076836000193, -17.00084352199991], [31.218079836000072, -17.00056449999994], [31.21793484000017, -17.000562499999944], [31.217378854000174, -16.9983273229999], [31.2172558580001, -16.998165309999933], [31.21725985700016, -16.99769927299991], [31.217120860000136, -16.9955191009999], [31.21712286000013, -16.995363088999966], [31.217126860000064, -16.99505206399982], [31.21696686399997, -16.994894051999893], [31.216969864000077, -16.994583026999976], [31.217316853000113, -16.992251842999963], [31.21731885300005, -16.99209682999998], [31.217320853000047, -16.991940817999875], [31.21732285300004, -16.991629792999902], [31.21732685300003, -16.991318768999918], [31.21716685700011, -16.991160755999886], [31.217168857000104, -16.99100574399995], [31.21700686200012, -16.99100474399995], [31.217007862000173, -16.99084773199985], [31.216845866000085, -16.99084573199997], [31.21684786600008, -16.990691718999926], [31.21668587, -16.99068971899993], [31.216687869999987, -16.990532706999886], [31.216525875000173, -16.990532706999886], [31.216527875000168, -16.990376694999952], [31.21636587900008, -16.990374693999968], [31.216367879000074, -16.990220681999915], [31.216204884000035, -16.99021868199992], [31.216044888000113, -16.990059669999937], [31.21588689300006, -16.9899036569999], [31.215726896999968, -16.989747644999966], [31.215564902000153, -16.98974564499997], [31.215566901000045, -16.989588632999926], [31.214770923000117, -16.988181521999934], [31.214772923000112, -16.988024508999956], [31.2147769230001, -16.987713484999972], [31.21461692700018, -16.987557471999935], [31.214618927000174, -16.987401459999887], [31.214459931000135, -16.98708843499992], [31.21446193100013, -16.986777410999935], [31.21446593100012, -16.98646638599996], [31.214303936000135, -16.986464385999966], [31.214143940000042, -16.986308373999975], [31.21414593999998, -16.98615136099994], [31.21398294400018, -16.986149360999946], [31.213824949000184, -16.985837336999964], [31.21366495300009, -16.985837336999964], [31.21366495300009, -16.98568032399993], [31.2135049580001, -16.985678323999878], [31.2135049580001, -16.98552431199994], [31.213343962000067, -16.985522311999944], [31.213345962000062, -16.98536529899991], [31.21318596600014, -16.985209286999975], [31.21318596600014, -16.985053274999927], [31.21302597100015, -16.985051274999933], [31.213028594000093, -16.984745575999966]]]]}}, {"type": "Feature", "properties": {"GID_3": "ZWE.4.1.16_2", "GID_0": "ZWE", "COUNTRY": "Zimbabwe", "GID_1": "ZWE.4_1", "NAME_1": "Mashonaland Central", "NL_NAME_1": "NA", "GID_2": "ZWE.4.1_2", "NAME_2": "Bindura", "NL_NAME_2": "NA", "NAME_3": "Ward 4", "VARNAME_3": "NA", "NL_NAME_3": "NA", "TYPE_3": "Ward", "ENGTYPE_3": "Ward", "CC_3": "NA", "HASC_3": "NA", "id": "ZWE.4.1.16_2", "name": "Ward 4"}, "geometry": {"type": "MultiPolygon", "coordinates": [[[[31.28113740600014, -17.19555510699996], [31.307845381999982, -17.16032708199998], [31.308121374999985, -17.15993405099988], [31.32389630300014, -17.144462674999886], [31.332204470000192, -17.147786735999944], [31.33262443200016, -17.144071028999917], [31.36059459600017, -17.114814251999917], [31.360640065000098, -17.109621802999925], [31.357670923000114, -17.106135862999963], [31.35708115600005, -17.104977119999944], [31.35650658100002, -17.10208756199995], [31.361335868000026, -17.09866481199998], [31.36075619100012, -17.096352198999966], [31.370963841000048, -17.095280573999844], [31.35863443600016, -17.064601071999903], [31.360884852000027, -17.0609182149999], [31.361159845000145, -17.060920214999896], [31.36115784500015, -17.061051224999915], [31.361294841000074, -17.0610532259999], [31.361565833000157, -17.061187235999967], [31.361840826000048, -17.06118923599996], [31.362385810000035, -17.06119423599995], [31.36279579900014, -17.061198235999825], [31.363206787000024, -17.061202236999975], [31.363478780000037, -17.06120423699997], [31.363476780000042, -17.061335246999874], [31.363614776000134, -17.061335246999874], [31.36361277600014, -17.061467256999947], [31.363747772000124, -17.061601267999947], [31.364018765000083, -17.061866288999852], [31.364291757000103, -17.061999298999922], [31.36442675300009, -17.062133309999922], [31.364697746, -17.06226631999982], [31.364970738000068, -17.06240033099988], [31.365243731000135, -17.06253334099989], [31.3655157230001, -17.062535340999943], [31.365653719000136, -17.06253734099994], [31.36578871500012, -17.062539340999933], [31.365925711000102, -17.062539340999933], [31.365925711000102, -17.062407330999918], [31.36606370800007, -17.062409330999913], [31.366065707000132, -17.062278320999837], [31.36620070400005, -17.06228032099989], [31.36620270399999, -17.062148309999827], [31.36633970000014, -17.062016299999982], [31.366614692000155, -17.061889289999954], [31.366891684000166, -17.06162726899987], [31.367163676000132, -17.06163126899986], [31.3673016730001, -17.06163126899986], [31.3677116610001, -17.061635268999908], [31.367848657000025, -17.061505258999887], [31.36798365300018, -17.061505258999887], [31.36826064500019, -17.061246237999967], [31.36853563800014, -17.061116227999946], [31.36867263400012, -17.06098621799987], [31.368809630000044, -17.06098821799992], [31.36881163000004, -17.060857206999913], [31.368947626000136, -17.060857206999913], [31.36935761400008, -17.060860206999905], [31.369630607000033, -17.0608622069999], [31.369904599000165, -17.06086620799988], [31.370040595000035, -17.060998217999952], [31.370175592000123, -17.061000217999947], [31.37031058800011, -17.061131227999965], [31.370448584000144, -17.06113322799996], [31.37044658400015, -17.061265238999965], [31.370581580000135, -17.061396248999927], [31.37057958000014, -17.061528259999932], [31.370717577000107, -17.061530259999927], [31.370715577000112, -17.061662269999943], [31.370715577000112, -17.06179328099995], [31.370713577000117, -17.061925290999852], [31.370850573000098, -17.061925290999852], [31.370848573000103, -17.062056300999927], [31.370982568999978, -17.062322321999943], [31.371117566000066, -17.062453331999905], [31.37152455400019, -17.06285236399998], [31.372067539000057, -17.063250394999955], [31.372611524000035, -17.063517415999968], [31.372748520000187, -17.063519415999963], [31.37302151300014, -17.063521415999844], [31.373023513000135, -17.06339040599994], [31.37316050900006, -17.06326039499993], [31.373162509000053, -17.062997374999895], [31.373164508000116, -17.06286536399989], [31.37330150500003, -17.062735353999926], [31.37330350400009, -17.062604343999965], [31.37330350400009, -17.062472332999903], [31.373442500000067, -17.062342322999882], [31.373444500000062, -17.062079301999972], [31.373582496000097, -17.06195029199995], [31.373858488000167, -17.061688270999866], [31.374133481000115, -17.061560260999954], [31.374406473000136, -17.061562260999835], [31.374680465000097, -17.061433250999983], [31.37481846100013, -17.061435250999978], [31.374814462000074, -17.061698270999898], [31.374814462000074, -17.061829281999962], [31.374676465999983, -17.061828281999908], [31.374674466000045, -17.062091302999818], [31.37467146600011, -17.06235432299991], [31.37467146600011, -17.06248433399992], [31.374669466000114, -17.062615343999937], [31.374667466000176, -17.062747353999896], [31.374802462000105, -17.0628803649999], [31.374802462000105, -17.063012374999914], [31.374938459000077, -17.063144385999976], [31.375073455000063, -17.063277395999876], [31.375071455000068, -17.06340940699988], [31.37520945100016, -17.06340940599989], [31.37520545100017, -17.06367242699997], [31.375342448000026, -17.063674426999967], [31.37534044800003, -17.063805437999974], [31.375477444000182, -17.063805437999974], [31.375476444000128, -17.063937447999876], [31.37735639100015, -17.063033375999964], [31.377494387000183, -17.06303537599996], [31.37885934900015, -17.063046375999875], [31.378997345000187, -17.063048376999973], [31.379132341000172, -17.063048376999973], [31.379407333000188, -17.06305237699985], [31.37967932600003, -17.0630543769999], [31.37981732200012, -17.063056376999896], [31.379815322000127, -17.063186386999917], [31.379952318000107, -17.063187386999914], [31.379950318000112, -17.063319397999976], [31.380088314000147, -17.06332139799997], [31.380358307, -17.063586418999876], [31.380627299000082, -17.063983449999967], [31.381169284000066, -17.06438148099994], [31.381577273000175, -17.06464850199984], [31.38157527300018, -17.06477851199992], [31.381850265000026, -17.06478251199991], [31.381850265000026, -17.064650501999893], [31.382125258000087, -17.064521491999812], [31.382262254000068, -17.064391480999973], [31.382401250000044, -17.064261470999952], [31.382403249000106, -17.063998449999872], [31.3824052490001, -17.06386643999997], [31.3824052490001, -17.06373542999995], [31.38240924900009, -17.06334039799998], [31.382413249000024, -17.062947366999936], [31.38241624900013, -17.06268434699996], [31.38241624900013, -17.062552335999953], [31.38325022500004, -17.061114221999958], [31.383252224000103, -17.060983211999883], [31.38352621700011, -17.060853200999873], [31.383664213000145, -17.060723190999965], [31.383801209000126, -17.060592180999947], [31.384078201000136, -17.060332159999916], [31.384215197000117, -17.060202149999895], [31.38435219300004, -17.060202149999895], [31.384488189000137, -17.06020414999989], [31.38490017800018, -17.060077139999976], [31.38517317000003, -17.060078139999973], [31.385720155000115, -17.0600841399999], [31.3858551510001, -17.060216149999917], [31.38599114700014, -17.060218149999912], [31.386536132, -17.060485170999982], [31.386809124000024, -17.060487170999977], [31.386807124000086, -17.06061818199987], [31.386944121000113, -17.060620181999866], [31.38721511300014, -17.060754191999933], [31.387353109, -17.06075619199993], [31.387625102000072, -17.06088920299993], [31.387761098000112, -17.061021212999833], [31.387896094000098, -17.061154223999893], [31.388032089999967, -17.061154223999893], [31.388302083000042, -17.06141924399998], [31.388438079000082, -17.06155325499998], [31.388707072000045, -17.062081296999963], [31.38884206800003, -17.06221330699998], [31.388976064000133, -17.06247832799994], [31.38911306100016, -17.06247832799994], [31.389111061000165, -17.062610337999956], [31.38924905700003, -17.062611337999954], [31.38938205300002, -17.062875358999918], [31.389926038, -17.063144379999926], [31.39033602600017, -17.063277389999882], [31.39047102300009, -17.06327939099998], [31.390473023000084, -17.063147379999975], [31.39060801900007, -17.06314937999997], [31.390610019, -17.063018369999952], [31.390612019, -17.062886358999947], [31.390750015000094, -17.06275634899987], [31.39075101500015, -17.06249332799996], [31.391030007000154, -17.062100296999915], [31.391169002000026, -17.061707265999928], [31.39130999800011, -17.061314234999827], [31.39144999399997, -17.06105321399997], [31.39158499100006, -17.061055213999964], [31.39158699000012, -17.06092320399989], [31.392406967000056, -17.060798193999915], [31.392681960000118, -17.060801193999907], [31.392816956000104, -17.060801193999907], [31.39309194800012, -17.060805193999897], [31.39336494000014, -17.06080719399995], [31.393362941000078, -17.060939204999954], [31.393497937000063, -17.061070214999972], [31.393770929000084, -17.06120422499987], [31.39390592500007, -17.06133723599993], [31.393903926000178, -17.061469245999945], [31.394041922000042, -17.061469245999945], [31.394033922000062, -17.06212729799995], [31.39416891900015, -17.062390318999974], [31.394165919000102, -17.06265333999994], [31.394163919000107, -17.06291736099996], [31.394161919000112, -17.06318038099994], [31.394157919000122, -17.063575412999967], [31.394294915000103, -17.063575412999967], [31.3942919160001, -17.063838432999944], [31.394426912000085, -17.06396944399995], [31.39456190800007, -17.064103453999962], [31.394834901000024, -17.06423646499985], [31.39496889700007, -17.064502485999924], [31.39510189300006, -17.0647655059999], [31.395511882000164, -17.0649005169999], [31.39578287400019, -17.065165537999974], [31.39605386700015, -17.06543055799989], [31.396324859000174, -17.06569657899996], [31.396459856000092, -17.065698578999957], [31.396597852000127, -17.065698578999957], [31.396732848000113, -17.065699578999954], [31.39700784000013, -17.06570157899995], [31.397417829, -17.065705579999815], [31.397552825, -17.065705579999815], [31.397827817, -17.065709579999975], [31.397962813000163, -17.065709579999975], [31.398100809000027, -17.06571157999997], [31.398235806000116, -17.065713579999965], [31.39850679800014, -17.065978600999927], [31.39891478700008, -17.066243621999945], [31.399185779000106, -17.066508641999917], [31.399322775000087, -17.0665106429999], [31.39945877200006, -17.066512642999953], [31.39959576800004, -17.066512642999953], [31.39986876000006, -17.066514642999948], [31.40000575600004, -17.066516642999943], [31.40027874900011, -17.066518642999938], [31.40041574500009, -17.066520642999933], [31.400550741000075, -17.066520642999933], [31.40068873700011, -17.06652164299993], [31.401098726000043, -17.066525642999977], [31.40123372200003, -17.066527642999972], [31.401235722000024, -17.066396632999954], [31.40137371800006, -17.066396632999954], [31.40137371800006, -17.06626462199995], [31.40151071400004, -17.066266621999944], [31.401512713999978, -17.06613461199987], [31.40178670600011, -17.06587559099995], [31.401924702000144, -17.065743580999936], [31.40206369800012, -17.065482559999907], [31.402202694000096, -17.06535254999983], [31.40234069000013, -17.065221539999982], [31.40247768600011, -17.06509152899997], [31.40261668200003, -17.064961518999894], [31.402752679000173, -17.064961518999894], [31.402889675000154, -17.06483250899987], [31.403026671000134, -17.064833508999868], [31.40316466700017, -17.064704497999855], [31.40343865900013, -17.06457448799995], [31.403576655000165, -17.06457448799995], [31.403850648000173, -17.06444647799998], [31.403986644000042, -17.06444647799998], [31.404121640000028, -17.064580487999876], [31.40425863600018, -17.06458248799987], [31.40453162800003, -17.06458448799998], [31.404668625000113, -17.06458448799998], [31.404804621000153, -17.064717498999926], [31.405077613000174, -17.064851508999936], [31.40534760600002, -17.06498451999994], [31.405485602000113, -17.064986519999934], [31.405483602000118, -17.065118529999893], [31.405620598000098, -17.065118529999893], [31.405891591, -17.065383550999968], [31.406026586999985, -17.06551656199997], [31.406160583000087, -17.06578058199989], [31.406158583000092, -17.065911592999896], [31.406158583000092, -17.06604360299997], [31.40615658400003, -17.06630662399988], [31.406017588000054, -17.066567644999907], [31.406013588000064, -17.06696267599989], [31.405874592000146, -17.067223695999928], [31.405870592000156, -17.0676187279999], [31.405866592000166, -17.068011758999944], [31.405864593000103, -17.06827477899992], [31.405725597000128, -17.068536799999947], [31.40571959700003, -17.069062841999937], [31.405853593000074, -17.069327862999955], [31.40585159300008, -17.069589882999935], [31.405988590000163, -17.069590882999933], [31.40625958200019, -17.069724893999933], [31.406534574000034, -17.069726893999928], [31.40666957000019, -17.06972889399998], [31.40694456300008, -17.069730893999974], [31.407077559000072, -17.069863904999977], [31.407215555000164, -17.069863903999874], [31.40735055100015, -17.069997914999874], [31.40734855200003, -17.07012892499995], [31.407484548000127, -17.070260935999954], [31.407619544000113, -17.070525956999973], [31.407615544000123, -17.07091898799996], [31.407478548000142, -17.07091898799996], [31.407478548000142, -17.071050997999976], [31.407203556000127, -17.071046997999872], [31.407203556000127, -17.07117800799989], [31.407066560000146, -17.07117800799989], [31.406927564000057, -17.071440028999973], [31.406789568000136, -17.07156903899994], [31.40678756799997, -17.071833059999904], [31.40664857200005, -17.071962069999927], [31.406646572000056, -17.07222509099995], [31.406919564000077, -17.072227090999945], [31.407327553000187, -17.072363101999883], [31.407600545000037, -17.072496111999897], [31.40773554200007, -17.072630122999954], [31.40787353800016, -17.072630122999954], [31.407871538000165, -17.072761132999972], [31.408008534000146, -17.072763132999967], [31.408004534000156, -17.07302715399993], [31.408004534000156, -17.07315816399995], [31.40800253400016, -17.073290174999954], [31.40814053100013, -17.073290174999954], [31.408275527000114, -17.073423184999967], [31.40840952300016, -17.073686205999934], [31.408681516, -17.073820215999945], [31.408678516000123, -17.074083236999854], [31.408815512000103, -17.074085236999906], [31.40881351200011, -17.07421724799991], [31.409088504000124, -17.074219247999906], [31.409360497000137, -17.0742212479999], [31.409498493000058, -17.0742222479999], [31.409498493000058, -17.07409123799988], [31.40963548899998, -17.07409123699989], [31.409637489000147, -17.073959226999875], [31.409637489000147, -17.073830216999966], [31.409774485000128, -17.073830216999966], [31.409912481000163, -17.073700205999955], [31.409914481000158, -17.07356819599994], [31.410186473000124, -17.073570195999935], [31.410322470000096, -17.073704206999935], [31.410732458000098, -17.073707206999927], [31.410867454000083, -17.073839216999886], [31.41100545000012, -17.07384121699988], [31.41127744300013, -17.073843216999876], [31.411411439000062, -17.074106237999956], [31.4119544240001, -17.074375258999964], [31.41222741600012, -17.074509269999908], [31.41372337500019, -17.075310331999958], [31.41386037100017, -17.075310331999958], [31.413995367000155, -17.07544334299996], [31.414131363000024, -17.075445342999842], [31.414268359000175, -17.075445342999842], [31.414266360000113, -17.075577352999915], [31.414404356000148, -17.07557935299991], [31.41454135200013, -17.07557935299991], [31.414539352000133, -17.075710363999917], [31.41467434800012, -17.075844373999928], [31.414947341000016, -17.075977383999884], [31.415083337000112, -17.07610939499989], [31.415353329000027, -17.076374415999965], [31.415489326, -17.076507425999978], [31.415622322, -17.076771446999942], [31.415893314000073, -17.07703646799996], [31.41602731100005, -17.077433498999937], [31.41643130000017, -17.077961540999922], [31.41670029200003, -17.0783585719999], [31.41683528900012, -17.078491581999913], [31.417110281000134, -17.078493581999965], [31.41765726500006, -17.078365571999882], [31.418340246000184, -17.07837357199992], [31.418752235000056, -17.078243561999898], [31.418888231000153, -17.078245561999893], [31.418890231000148, -17.078152554999917], [31.418890231000148, -17.078113551999877], [31.419162223000058, -17.078115551999872], [31.419160223000063, -17.078247561999888], [31.41929621900016, -17.078380572999947], [31.41957121200005, -17.078382572999942], [31.419567212000118, -17.078646593999963], [31.41970420800004, -17.078646593999963], [31.419702208000103, -17.078777603999868], [31.419702208000103, -17.07890961399994], [31.41970020800011, -17.079040624999948], [31.419698208000113, -17.07930464599997], [31.41969620900005, -17.079567665999946], [31.41983220500009, -17.079698676999953], [31.4198282050001, -17.079962696999928], [31.419963201000087, -17.08009570799993], [31.42009919800006, -17.080358728999954], [31.420234194000045, -17.080492738999908], [31.420370190000085, -17.080624749999913], [31.42050518600007, -17.080757759999926], [31.42060118400019, -17.08085076699996], [31.420641183000043, -17.080889769999942], [31.42077617900003, -17.080891769999823], [31.42146116000015, -17.08089677099997], [31.421598156000073, -17.080765759999963], [31.422008144000074, -17.080768759999955], [31.42214414000017, -17.08077075999995], [31.422281137000027, -17.080772760999935], [31.42241813300018, -17.08077275999983], [31.422554129000048, -17.08077476099993], [31.42282812100018, -17.08077676099998], [31.42296411700005, -17.080778760999976], [31.423099114000138, -17.08091077099988], [31.42350910200014, -17.080913770999928], [31.423782095000035, -17.081047781999928], [31.424053087000118, -17.08118079199994], [31.424188083000047, -17.081314802999827], [31.424188083000047, -17.0814468129999], [31.424324079000144, -17.08157782299992], [31.424320080000086, -17.081972854999833], [31.424316080000096, -17.08236788599993], [31.424312080000107, -17.082760916999916], [31.42431008000011, -17.082891926999935], [31.42431008000011, -17.08302393799994], [31.424303081000176, -17.083681989999945], [31.42430108100018, -17.083943009999928], [31.424436077000166, -17.084208030999946], [31.42443207800011, -17.08447205199991], [31.42456807400015, -17.084735072999933], [31.424699070000145, -17.085130103999916], [31.424699070000145, -17.085261113999934], [31.424835067000117, -17.08526311399993], [31.42524505500012, -17.085267113999976], [31.4253820510001, -17.085267113999976], [31.425520047000134, -17.08526911399997], [31.426065032000054, -17.08527311499995], [31.4264750210001, -17.08527711499994], [31.426612017000082, -17.085278114999937], [31.42674801300012, -17.085278114999937], [31.42674801300012, -17.08541012499984], [31.426883009000107, -17.085544135999896], [31.426879009000118, -17.08580715599993], [31.426879009000118, -17.085938166999938], [31.42687601000017, -17.086200186999918], [31.42687601000017, -17.086331197999925], [31.426874010000176, -17.086595218999946], [31.42687201000018, -17.086726228999908], [31.426870010000187, -17.086858238999923], [31.426870010000187, -17.08698924999993], [31.42686801000019, -17.087121259999947], [31.426866010000026, -17.087253270999838], [31.427002007, -17.08751629099993], [31.426998007000066, -17.087779311999952], [31.427133003, -17.08791132199991], [31.427133003, -17.08804233299992], [31.427267, -17.088307353999937], [31.427265, -17.0885713749999], [31.427263, -17.088700384999925], [31.42739999600019, -17.08870238499992], [31.427537992000055, -17.088704384999915], [31.42780998400019, -17.088706384999966], [31.428082977000088, -17.08870838499996], [31.42877295699998, -17.08792632299992], [31.429045949, -17.087928322999915], [31.429455938000103, -17.08793232299996], [31.42973093000012, -17.087802312999884], [31.4298679260001, -17.087804312999936], [31.430005922000134, -17.087804312999936], [31.430140919000053, -17.08780631299993], [31.430140919000053, -17.08793732299995], [31.43027591499998, -17.088069333999954], [31.43041191100008, -17.08807133399995], [31.43041191100008, -17.088202343999853], [31.430546907000064, -17.088202343999853], [31.430817900000193, -17.088468364999926], [31.431227887999967, -17.08860337599998], [31.431363885000167, -17.08873638599988], [31.431498881000095, -17.08873638599988], [31.431635877000076, -17.088738385999875], [31.431634877000192, -17.089002406999953], [31.431769873000178, -17.08913341699997], [31.43176787400006, -17.089265427999976], [31.43190187000016, -17.089530448999938], [31.43189787000017, -17.08992347999998], [31.43203486600015, -17.089925479999977], [31.432032866000156, -17.090056489999938], [31.432032866000156, -17.090188499999954], [31.432030867000094, -17.09032051099996], [31.4320288670001, -17.090449520999982], [31.43391981500008, -17.092963718999897], [31.43391981500008, -17.093091728999923], [31.434395801000164, -17.093097728999965], [31.409513864000132, -17.12443242699993], [31.439314590000095, -17.136934718999896], [31.421825439000145, -17.177443560999905], [31.47447989900013, -17.17669823799997], [31.473477087000106, -17.203732182999886], [31.472410777000164, -17.203686439999956], [31.47227278100013, -17.20369043999989], [31.472137785000143, -17.20369043999989], [31.445071545000133, -17.202805379999973], [31.435791988000176, -17.221306056999936], [31.435050281000144, -17.22094237999994], [31.434669599000074, -17.22019555999998], [31.434282658000143, -17.22019255099997], [31.434283197000127, -17.220128582999962], [31.43041837900006, -17.220137548999958], [31.430413252999983, -17.220162418999962], [31.430026313000155, -17.22015940199998], [31.4296393730001, -17.22015638399995], [31.429252434000148, -17.22015336499993], [31.428865494000092, -17.22015034599997], [31.428484839000134, -17.219403515999886], [31.389491417000045, -17.209053413999982], [31.361761786000102, -17.194324913999935], [31.33121903800003, -17.191842876999942], [31.316895114000033, -17.192839534999962], [31.31689847400014, -17.192467649999912], [31.284084326000084, -17.196001093999882], [31.280989438000177, -17.195974720999914], [31.28113740600014, -17.19555510699996]]]]}}, {"type": "Feature", "properties": {"GID_3": "ZWE.4.1.17_2", "GID_0": "ZWE", "COUNTRY": "Zimbabwe", "GID_1": "ZWE.4_1", "NAME_1": "Mashonaland Central", "NL_NAME_1": "NA", "GID_2": "ZWE.4.1_2", "NAME_2": "Bindura", "NL_NAME_2": "NA", "NAME_3": "Ward 5", "VARNAME_3": "NA", "NL_NAME_3": "NA", "TYPE_3": "Ward", "ENGTYPE_3": "Ward", "CC_3": "NA", "HASC_3": "NA", "id": "ZWE.4.1.17_2", "name": "Ward 5"}, "geometry": {"type": "MultiPolygon", "coordinates": [[[[31.272805968, -17.016100149999886], [31.27849214300005, -17.00735001299995], [31.29787379000004, -17.003738833999932], [31.302027481000096, -17.002964656999836], [31.30216547700013, -17.002964656999836], [31.379294314000163, -17.007330972999966], [31.37390446800009, -17.01291541699993], [31.351700100000187, -17.035874239999885], [31.345823265000035, -17.036217268999962], [31.344963291000113, -17.040402599999936], [31.344959291000123, -17.04066562099996], [31.344955292000066, -17.041192661999958], [31.34495329200007, -17.041323672999965], [31.34481629600009, -17.04145368299993], [31.344814296000095, -17.041585693999934], [31.34453630400003, -17.042107734999888], [31.344534304000035, -17.042371755999966], [31.34439630800017, -17.04250076599982], [31.34439230800018, -17.0427637869999], [31.34439230800018, -17.04289579699997], [31.344387308000137, -17.043420838999907], [31.344522305, -17.043553848999977], [31.34452030500006, -17.043685859999982], [31.344658301000095, -17.043687859999977], [31.3446563010001, -17.043816869999887], [31.3446563010001, -17.043948879999903], [31.344791297000086, -17.043950880999887], [31.344791297000086, -17.044081890999962], [31.344925294000063, -17.044213900999978], [31.344925294000063, -17.04434591199987], [31.345195286000035, -17.044610932999888], [31.345466279000163, -17.044875952999973], [31.345602275000033, -17.04487795299997], [31.345600275000038, -17.045140973999935], [31.345598275000043, -17.04527298499994], [31.345598275000043, -17.04540399499996], [31.345594275000053, -17.045667015999868], [31.345594275000053, -17.045797025999946], [31.345590276, -17.04619205699987], [31.345588276, -17.046324067999876], [31.345586276000063, -17.04645507799995], [31.345724272000098, -17.046457077999946], [31.345722272000103, -17.046587087999967], [31.345722272000103, -17.046718098999975], [31.345855269000026, -17.04685210899987], [31.34599326500006, -17.046854108999923], [31.346264257000087, -17.047119129999942], [31.346399253000072, -17.047251140999947], [31.34653425000016, -17.047384150999903], [31.346805242000187, -17.047518161999903], [31.346941238000056, -17.04764917199998], [31.34721323100007, -17.047785182999974], [31.347349227000166, -17.047916192999878], [31.34748422300015, -17.048050202999946], [31.347620220000124, -17.048181213999953], [31.34775521600011, -17.048315223999964], [31.347753216000115, -17.04844623499997], [31.34953916700016, -17.051199450999945], [31.349638164000112, -17.051353463999874], [31.349773160000098, -17.051487473999885], [31.35004215300006, -17.051883504999978], [31.350311146000024, -17.05241254699996], [31.350584138000045, -17.05254555699986], [31.350855131000174, -17.052810577999935], [31.35085313100018, -17.05294258899994], [31.350851131000184, -17.053074598999842], [31.350988127000164, -17.053076598999894], [31.351124123000034, -17.053076598999894], [31.351534112000138, -17.05321160999989], [31.352350089000026, -17.05348263099995], [31.352758078000136, -17.053747651999913], [31.352894074000176, -17.053749651999908], [31.35302907000016, -17.053880661999926], [31.35302907000016, -17.054012671999942], [31.353162066000152, -17.054277692999904], [31.353298063000125, -17.05440970399991], [31.353294063000135, -17.054672723999886], [31.353294063000135, -17.05480473499989], [31.35343005900006, -17.054806734999886], [31.35342605900007, -17.055198765999933], [31.35356105600016, -17.05546478699989], [31.353832048000186, -17.055729807999967], [31.353965045000052, -17.055992828999877], [31.354103041000144, -17.05599482899987], [31.35410104100015, -17.056125838999947], [31.35423803700013, -17.05612783899994], [31.35437403300017, -17.056259848999957], [31.354646026000182, -17.05626184999994], [31.354917018000037, -17.056396859999836], [31.35505501400013, -17.056396859999836], [31.355192010000053, -17.056398859999888], [31.35532700700014, -17.056398859999888], [31.355870991000018, -17.056667880999953], [31.356415976000108, -17.056803891999948], [31.3568249650001, -17.0569389019999], [31.357234953000102, -17.057073912999897], [31.35750594600006, -17.05733993399997], [31.357640942000046, -17.057470943999874], [31.357775937999975, -17.05760495399994], [31.357773938000037, -17.05773596499995], [31.357911935000175, -17.05773596499995], [31.35790993500018, -17.057867974999965], [31.35831592300019, -17.05813499599992], [31.358723912000073, -17.058402016999935], [31.359131901000183, -17.058667037999896], [31.359265897000114, -17.05893205899997], [31.359536890000015, -17.059197079999876], [31.359671886, -17.059331089999944], [31.359667886000068, -17.059592110999972], [31.359805882000103, -17.059594110999967], [31.35994087800009, -17.05972612099987], [31.360074875000066, -17.059991141999944], [31.360345867000092, -17.060256162999963], [31.36061386000017, -17.06065319399994], [31.360884852000027, -17.0609182149999], [31.35863443600016, -17.064601071999903], [31.370963841000048, -17.095280573999844], [31.36075619100012, -17.096352198999966], [31.361335868000026, -17.09866481199998], [31.35650658100002, -17.10208756199995], [31.35708115600005, -17.104977119999944], [31.357670923000114, -17.106135862999963], [31.360640065000098, -17.109621802999925], [31.36059459600017, -17.114814251999917], [31.33262443200016, -17.144071028999917], [31.332204470000192, -17.147786735999944], [31.32389630300014, -17.144462674999886], [31.308121374999985, -17.15993405099988], [31.307845381999982, -17.16032708199998], [31.29295080100013, -17.15966503599992], [31.292813804000104, -17.15966503599992], [31.280962136000028, -17.155743730999916], [31.27905318900008, -17.15533169899993], [31.278642201000025, -17.15532769899994], [31.278505204000112, -17.15532769899994], [31.27644526300014, -17.156227770999976], [31.276171270000134, -17.15635778099994], [31.276031274000047, -17.15661880199991], [31.275894278000123, -17.15661680199986], [31.275894278000123, -17.156748811999933], [31.275757282000143, -17.156746811999938], [31.275619286000108, -17.156746811999938], [31.2702884360001, -17.156828820999976], [31.276773257000116, -17.16438041399988], [31.249905015000138, -17.171621995999885], [31.249768018000054, -17.17175100599991], [31.249347030000024, -17.171839012999897], [31.24324120300014, -17.17345314299996], [31.220177851000187, -17.175185287999852], [31.22041456700009, -17.176405819999957], [31.20104961900006, -17.169022089999885], [31.2108731080001, -17.16422642799995], [31.23903618899999, -17.13620641899996], [31.25499066599997, -17.088295633999905], [31.25179875400005, -17.086585161999892], [31.251658766000162, -17.070315298999844], [31.26038515400012, -17.07263428699997], [31.268696169000066, -17.0567800419999], [31.275309189000097, -17.066934242999935], [31.276712967000094, -17.072836615999904], [31.288005282000142, -17.081627701999935], [31.294717087000095, -17.081123271999957], [31.297952634000183, -17.078064963999964], [31.303541895000023, -17.07268967099992], [31.29462511300011, -17.05915091099996], [31.294356473000107, -17.056624154999895], [31.28887563900014, -17.050126544999898], [31.288594309000132, -17.049002176999863], [31.285995985000056, -17.046175271999914], [31.283119008000142, -17.04194349099987], [31.282548751000093, -17.040536175999875], [31.28052598900007, -17.038555575999965], [31.28938149100003, -17.026568830999906], [31.272805968, -17.016100149999886]]]]}}, {"type": "Feature", "properties": {"GID_3": "ZWE.4.1.18_2", "GID_0": "ZWE", "COUNTRY": "Zimbabwe", "GID_1": "ZWE.4_1", "NAME_1": "Mashonaland Central", "NL_NAME_1": "NA", "GID_2": "ZWE.4.1_2", "NAME_2": "Bindura", "NL_NAME_2": "NA", "NAME_3": "Ward 6", "VARNAME_3": "NA", "NL_NAME_3": "NA", "TYPE_3": "Ward", "ENGTYPE_3": "Ward", "CC_3": "NA", "HASC_3": "NA", "id": "ZWE.4.1.18_2", "name": "Ward 6"}, "geometry": {"type": "MultiPolygon", "coordinates": [[[[31.366008706000116, -17.323955273999957], [31.365016613000194, -17.319713837999927], [31.36462397000014, -17.318035149999957], [31.37769866900004, -17.313575546999914], [31.379622516000154, -17.327078971999867], [31.379662747, -17.32659855899982], [31.379761432000123, -17.330186434999916], [31.379886627000076, -17.330687269999885], [31.379895428000168, -17.33072247699988], [31.38016442100013, -17.331794560999924], [31.380299417000117, -17.33219659199989], [31.380295417000127, -17.33246361299996], [31.38029241800018, -17.332864644999916], [31.380429414000105, -17.33313366599998], [31.38042541400017, -17.33353369799994], [31.380562410000095, -17.333669707999945], [31.380561411000144, -17.333936728999902], [31.38055941100015, -17.334069739999904], [31.380696407000073, -17.334205749999967], [31.380696407000073, -17.33433876099997], [31.380694407000135, -17.334472770999923], [31.38270235400006, -17.342779423999957], [31.382697354000186, -17.343313465999927], [31.382832351000104, -17.34358248699988], [31.382828351000114, -17.34398351899995], [31.38296634700015, -17.3442525399999], [31.382964347000154, -17.34438554999997], [31.385428286000035, -17.36325803299991], [31.38556228200008, -17.36366106499986], [31.38556228200008, -17.36379407499993], [31.38555828200009, -17.36406309599988], [31.38569727900017, -17.36419710699988], [31.38569327900018, -17.36459913799996], [31.38582927500005, -17.364866158999916], [31.385827275000054, -17.365133179999873], [31.385964271000034, -17.365402201999927], [31.385960272000148, -17.36566922299994], [31.386098268000012, -17.365938243999892], [31.386096268000017, -17.36607225399996], [31.386233264000168, -17.36634127499991], [31.38622926500011, -17.36660829599998], [31.38622526500012, -17.367010327999935], [31.38622526500012, -17.367144337999946], [31.386223265000183, -17.36727734899995], [31.38608626900003, -17.36714233799995], [31.385947273000056, -17.367140337999956], [31.38580827700008, -17.367140337999956], [31.38580827700008, -17.36700632799989], [31.385531284000024, -17.36700232699991], [31.385392288000048, -17.3670023279999], [31.38525329200013, -17.3670013279999], [31.385113296000043, -17.366999326999917], [31.38483530400015, -17.366997326999922], [31.384417316000054, -17.366993326999875], [31.384278320000078, -17.366993326999875], [31.384139323000056, -17.36699132699988], [31.383721335000075, -17.366987326999833], [31.383582339000156, -17.366985326999952], [31.38344334300018, -17.366985326999952], [31.383441343000186, -17.367119336999906], [31.383441343000186, -17.36725234799991], [31.383301347000156, -17.367250347999914], [31.38329934700016, -17.36738435799998], [31.383298347000107, -17.36765337999998], [31.38329434800005, -17.367920400999935], [31.383292348000055, -17.36805341099995], [31.383292348000055, -17.36818742199989], [31.38342934399998, -17.3683224319999], [31.38342734400004, -17.368456442999957], [31.38342734400004, -17.36858945299997], [31.383702337000102, -17.36885847399992], [31.383841333000078, -17.368994484999973], [31.383977329000118, -17.369263505999868], [31.384116325000093, -17.369263505999868], [31.384116325000093, -17.369396515999938], [31.379413020000072, -17.368910150999852], [31.377898264000123, -17.36693599899985], [31.375344922000068, -17.36691525499998], [31.37230257200008, -17.364438175999965], [31.37026860400016, -17.36344067199991], [31.36773269000014, -17.36145812399991], [31.366711389000102, -17.361449780999862], [31.36466008600007, -17.36241393299997], [31.36313683700007, -17.361420538999937], [31.360081666000156, -17.36041457199991], [31.35959283700015, -17.35795825199989], [31.35600524800003, -17.359400163999908], [31.35398456900009, -17.35693123199991], [31.350920762000158, -17.356905982999876], [31.347856960000172, -17.356880686999887], [31.345814428999972, -17.356863796999846], [31.343767495000122, -17.357337307999956], [31.3432568610001, -17.357333076999964], [31.34068163000012, -17.3597640079999], [31.33966035200018, -17.359755526999834], [31.33762664000011, -17.358757709999963], [31.335584098000083, -17.358740712999975], [31.33457168700005, -17.357751367999924], [31.332520290000048, -17.35871517999982], [31.32945648700013, -17.358689598999945], [31.32741840300008, -17.358182101999944], [31.32536697000006, -17.359145835999925], [31.32280488100008, -17.36010526399997], [31.321783610000068, -17.3600966919999], [31.321277440000074, -17.359601987999895], [31.320775739000055, -17.35861686599992], [31.319754478, -17.358608284999946], [31.3187198010001, -17.360070944999904], [31.316686219000076, -17.359072923999918], [31.314643696000076, -17.35905571299992], [31.31312077800004, -17.358061962999955], [31.312099524000075, -17.358053342999938], [31.309049255000048, -17.35655620999995], [31.30751738900011, -17.35654324799998], [31.30497329800005, -17.355540791999886], [31.302930826000136, -17.355523464999976], [31.300892875000045, -17.35501570599996], [31.29935650599998, -17.35549309299995], [31.299351983000065, -17.355983503999937], [31.297820130000048, -17.355970467999896], [31.298312645000067, -17.357936456999937], [31.29575953200009, -17.35791470699985], [31.294232202000046, -17.357411231999947], [31.29322003900006, -17.35642169699986], [31.291191202000107, -17.354933022999944], [31.28967300800008, -17.353448698999898], [31.286591136000027, -17.35538410099997], [31.282492535000074, -17.35682027099989], [31.280960688000107, -17.356807103999927], [31.279948606000175, -17.355817507999973], [31.278416770000092, -17.355804322999916], [31.277892419000125, -17.357271141999888], [31.276360572000158, -17.357257939999954], [31.275854542, -17.35676313199997], [31.27381667900005, -17.35625510199992], [31.271774232000098, -17.356237455999974], [31.269216575000144, -17.35670577299993], [31.267174128000136, -17.35668807999997], [31.265642295000134, -17.356674795999936], [31.264110463000065, -17.356661500999962], [31.263089243000138, -17.356652630999974], [31.262058779000142, -17.357624557999884], [31.26153891900009, -17.358600919999958], [31.260513063000133, -17.359082436999927], [31.260002447000147, -17.35907799299997], [31.259997819000148, -17.35956839299996], [31.259487201000184, -17.35956394799996], [31.259482572000024, -17.36005434799995], [31.257946083000036, -17.36053140299998], [31.25641422500007, -17.360518045999868], [31.254381037000087, -17.359519419999913], [31.25335980600005, -17.359510498999896], [31.252338576000113, -17.359501572999875], [31.250806731000125, -17.35948817399992], [31.249265575000152, -17.360455557999956], [31.247223108000185, -17.360437656999977], [31.247218446000147, -17.36092805399994], [31.245681927000078, -17.361405011999977], [31.245180645000175, -17.360419735999812], [31.242627568000046, -17.36039730499982], [31.24211227700016, -17.360883209999884], [31.2421076010001, -17.361373605999972], [31.24159698400007, -17.361369113999956], [31.240060451000033, -17.361846026999956], [31.23954983300007, -17.361841528999946], [31.23954515000014, -17.362331923999932], [31.236481436000133, -17.362304913999935], [31.236534718000087, -17.3617851759999], [31.236116227000025, -17.362301690999914], [31.231609215000105, -17.36226186199991], [31.23107036100015, -17.36519969999989], [31.229027862000123, -17.365181607999887], [31.226493617000187, -17.363197398999944], [31.223940528000014, -17.363174725999954], [31.2224086760001, -17.36316110599995], [31.21985085800003, -17.363628769999934], [31.218810666000138, -17.36558122799994], [31.21727405600018, -17.366057956999953], [31.215742186000114, -17.36604428399994], [31.213184318, -17.36651185699992], [31.21165244800011, -17.366498152999952], [31.21062167800011, -17.36746978399998], [31.209085036000147, -17.367946444999973], [31.20805424600013, -17.368918060999874], [31.207032989000083, -17.368908898999905], [31.205501104000064, -17.368895144999954], [31.202943182000183, -17.36936258099996], [31.201392149000185, -17.37131033399993], [31.19934482200017, -17.371782316999884], [31.197798528000135, -17.37323965199994], [31.196261813000035, -17.373716206999973], [31.196242605000066, -17.37567773899997], [31.19573195999999, -17.37567312599998], [31.19469144500016, -17.377625425999952], [31.19416637000012, -17.379091954999865], [31.194161560999987, -17.37958233699993], [31.193641285000126, -17.38055848199997], [31.193636474000186, -17.381048863999865], [31.19363166300002, -17.38153924599993], [31.19209005400012, -17.382506141999897], [31.19055806800003, -17.382492263999893], [31.188496122000117, -17.384435261999897], [31.186959294000133, -17.3849117339999], [31.184906955000088, -17.385873929999946], [31.182353611, -17.385850695999977], [31.180807066000057, -17.38730787399993], [31.179780872000038, -17.38778894099994], [31.17977602200017, -17.388279317999945], [31.178239145000134, -17.38875571799997], [31.17668768500016, -17.390703234999933], [31.175150781000184, -17.391179607999902], [31.175155644000142, -17.390689231999943], [31.174630370000045, -17.392155689999925], [31.172587636000117, -17.392136993999884], [31.171055588, -17.39212295799996], [31.170034222000083, -17.39211359399991], [31.168492413000138, -17.393080287999965], [31.16900309800019, -17.39308497499991], [31.168993337000188, -17.39406572299987], [31.168988457000125, -17.394556097999953], [31.168983576000187, -17.395046471999933], [31.16897869500002, -17.395536846999903], [31.168973814000083, -17.396027220999883], [31.16795731200017, -17.395527469999934], [31.166935930000022, -17.39551808899995], [31.166425239000148, -17.395513395999842], [31.16642035199999, -17.396003769999936], [31.166415464000124, -17.396494143999973], [31.16589988100003, -17.396979822999924], [31.16589499100013, -17.397470195999915], [31.16486381400017, -17.398441549999916], [31.16435311600003, -17.39843685099987], [31.163842417000126, -17.39843215099995], [31.163837522000165, -17.39892252399983], [31.163326822000045, -17.398917821999873], [31.16281612300014, -17.39891311899993], [31.162305424000067, -17.39890841499988], [31.162300524000045, -17.39939878799987], [31.162295624000137, -17.399889159999873], [31.16178492200015, -17.399884453999903], [31.16178982400004, -17.399394081999958], [31.161794725000163, -17.398903709999956], [31.159751931000073, -17.398884875999897], [31.157173873000147, -17.401313156999834], [31.15563684300014, -17.40178936599989], [31.15512613800007, -17.401784642999928], [31.15356447800019, -17.40471268399989], [31.153053765000095, -17.40470795499988], [31.1525430530001, -17.404703223999945], [31.148453461000145, -17.405637621999972], [31.149329942000122, -17.4043993599999], [31.149390941000092, -17.404285350999885], [31.149392940000155, -17.404081334999887], [31.14939494000015, -17.403979326999888], [31.149396940000145, -17.40377531099989], [31.149396940000145, -17.403672302999894], [31.149400940000135, -17.403468286999896], [31.14940294000013, -17.403163262999954], [31.14940594000018, -17.402959246999956], [31.14930194200008, -17.402755230999958], [31.14930294200019, -17.40255121499996], [31.149198945000023, -17.402448206999964], [31.149199945000078, -17.402244190999966], [31.14909594800008, -17.402141181999866], [31.149096948000192, -17.401937165999925], [31.148992951000025, -17.40183415799993], [31.148889953000037, -17.401527133999934], [31.14889095300009, -17.401323117999937], [31.148892953000086, -17.40122010999994], [31.14878995600003, -17.401015093999945], [31.148791956000025, -17.400811077999947], [31.14879395600019, -17.400504053999953], [31.148690957999975, -17.400300037999955], [31.148694958000135, -17.399995013999842], [31.148698958000125, -17.399586981999903], [31.14870595700006, -17.398974933999966], [31.1478579730001, -17.379392394999854], [31.137100759000134, -17.365179552999905], [31.137938863000045, -17.3654726179999], [31.151337430000126, -17.35333660999993], [31.17641855200003, -17.347191442999872], [31.194861166000067, -17.340983193999932], [31.24857189000005, -17.330670930999872], [31.253751409000017, -17.322869126999876], [31.291638646000024, -17.31142513799989], [31.318472456000165, -17.317540295999947], [31.318379158000084, -17.330972519999875], [31.31851815400006, -17.330973519999873], [31.32111029800012, -17.330161870999973], [31.340673238000136, -17.32403500199996], [31.34169046300019, -17.32371635499993], [31.345856286000185, -17.32241133699995], [31.347974322000084, -17.32174778299992], [31.349257509000154, -17.324255109999967], [31.349291020000123, -17.3243205899999], [31.352424948000078, -17.330443938999906], [31.355608902000085, -17.336664611999936], [31.355661931000157, -17.336768214999893], [31.35808004600011, -17.341492331999973], [31.36938372700007, -17.33838308299994], [31.366008706000116, -17.323955273999957]]]]}}, {"type": "Feature", "properties": {"GID_3": "ZWE.4.1.19_2", "GID_0": "ZWE", "COUNTRY": "Zimbabwe", "GID_1": "ZWE.4_1", "NAME_1": "Mashonaland Central", "NL_NAME_1": "NA", "GID_2": "ZWE.4.1_2", "NAME_2": "Bindura", "NL_NAME_2": "NA", "NAME_3": "Ward 7", "VARNAME_3": "NA", "NL_NAME_3": "NA", "TYPE_3": "Ward", "ENGTYPE_3": "Ward", "CC_3": "NA", "HASC_3": "NA", "id": "ZWE.4.1.19_2", "name": "Ward 7"}, "geometry": {"type": "MultiPolygon", "coordinates": [[[[31.34739163200004, -17.31115673299996], [31.346170354000037, -17.27719027699993], [31.34646434600006, -17.27710426999994], [31.346466346, -17.276971258999936], [31.35650406299999, -17.27492009399998], [31.356920051000145, -17.274924093999857], [31.35705904700012, -17.27492609399991], [31.38620622300016, -17.263418176999892], [31.386208223000153, -17.26328416699988], [31.386906203000024, -17.263023145999966], [31.387185194999972, -17.26302514599996], [31.38760418400011, -17.26289513499995], [31.38774418000014, -17.262764124999933], [31.387883176000116, -17.262764124999933], [31.38830116400004, -17.262767124999925], [31.388579156000105, -17.262636114999907], [31.38871815200008, -17.262638114999902], [31.38885914800005, -17.262506103999897], [31.38913814, -17.26250810399989], [31.389416133, -17.262376093999933], [31.38969712500017, -17.26224508399997], [31.389975117000063, -17.26224908399996], [31.39011411300004, -17.26211507299996], [31.390256109000063, -17.261984062999886], [31.390536101000123, -17.26185205199988], [31.390673097000104, -17.26185205199988], [31.390813093000133, -17.261854051999876], [31.39095208900011, -17.26185605199987], [31.391230081000174, -17.261858051999923], [31.392066058000182, -17.261865052999894], [31.39331702300018, -17.26187705299992], [31.393595015000074, -17.261879052999973], [31.39373501100016, -17.261879052999973], [31.393736011000044, -17.261745042999905], [31.39415399899997, -17.261749042999895], [31.395126972000128, -17.26175804299993], [31.395265968000047, -17.26175804299993], [31.395404964000193, -17.261760042999924], [31.395544960000052, -17.261762042999976], [31.395822952000117, -17.26176404299997], [31.395961948000092, -17.261766042999966], [31.396238941000036, -17.261901053999964], [31.39651593299999, -17.2620370649999], [31.397071917000176, -17.262043064999887], [31.397485906000043, -17.26231308599995], [31.39790189400003, -17.262451096999882], [31.398180886000034, -17.262586106999947], [31.39859487500007, -17.262857127999837], [31.399009863000117, -17.262994138999886], [31.399286855000128, -17.263265159999946], [31.399561848000076, -17.263668191999955], [31.39983584000015, -17.2639392129999], [31.400112833000094, -17.26420723399997], [31.400388825000164, -17.264343244999964], [31.400802813000155, -17.264749276999964], [31.40107980600004, -17.26488528699997], [31.401355798000168, -17.26502029799991], [31.401773786000092, -17.2650242979999], [31.40218977500018, -17.26516130799996], [31.40330374300015, -17.26517130899998], [31.40344273900007, -17.265173308999977], [31.403997724000078, -17.26517630899997], [31.404136720000054, -17.265178308999964], [31.404276716000084, -17.26518030899996], [31.40441571200006, -17.26518030899996], [31.404693704000124, -17.265184308999892], [31.40497269600013, -17.265186308999887], [31.405113692000043, -17.265052298999933], [31.405250689000127, -17.265054298999928], [31.40553268100018, -17.26478927799991], [31.405811673000187, -17.264791277999905], [31.40650565300001, -17.26479927799994], [31.406644649000157, -17.26479927799994], [31.406784645000187, -17.264801277999936], [31.40706063800019, -17.264936288999934], [31.407339630000024, -17.26507329999987], [31.407476626000175, -17.26507329999987], [31.4078946140001, -17.265211309999927], [31.407892614000104, -17.26534432099993], [31.408031611000183, -17.26534632099998], [31.408310603000132, -17.265348320999976], [31.408447599000112, -17.265483331999974], [31.408865587000093, -17.265487331999964], [31.409004583000183, -17.265487331999964], [31.40914357900016, -17.265489331999845], [31.409422571000164, -17.265491331999897], [31.409561568000186, -17.265493331999892], [31.409698564000166, -17.265495331999887], [31.409837560000085, -17.265495331999887], [31.41011655200009, -17.26549733199988], [31.410118552000085, -17.26536332099988], [31.41025754800006, -17.26536532199998], [31.410259548000056, -17.265232310999977], [31.410398544000145, -17.265098299999977], [31.410539540000116, -17.264967289999902], [31.41082053200006, -17.26470126899983], [31.410822532000054, -17.26456825899993], [31.41096152800003, -17.26457025899998], [31.41402444200014, -17.26419422799995], [31.414302434000035, -17.264196227999946], [31.41458142600004, -17.264200227999936], [31.414859418000106, -17.26420222799993], [31.415136410000116, -17.26433723899993], [31.415414403000113, -17.264341238999975], [31.415554398999973, -17.264341238999975], [31.41569339500012, -17.26434323899997], [31.415971387000013, -17.264211228999955], [31.416252379000184, -17.264080217999947], [31.416669367000054, -17.26408321799994], [31.417089355000144, -17.263820196999916], [31.41736834700015, -17.26382219699991], [31.417736486000138, -17.263663675999965], [31.418993753000166, -17.256763851999892], [31.425048972000184, -17.249325845999977], [31.432248470000047, -17.24823049799994], [31.432823311000107, -17.251114050999945], [31.442414640000095, -17.250612789999877], [31.444192804000124, -17.252929827999935], [31.444753363000075, -17.257540698999946], [31.44834843899997, -17.25756849299995], [31.454929839999977, -17.258770846999937], [31.45735052000009, -17.255910350999955], [31.465743779000093, -17.255398787999923], [31.463879503000044, -17.26344603399997], [31.468069175000096, -17.264053851999904], [31.47099055700005, -17.27228009199996], [31.47057585500005, -17.272295844999974], [31.469224897000174, -17.28284567599991], [31.469223898000166, -17.28311269699998], [31.469223898000166, -17.28324870799986], [31.460639155000138, -17.323940912999944], [31.432078959000137, -17.327042167999934], [31.430313603000116, -17.331124282999895], [31.408741637000105, -17.3809884179999], [31.40873963700011, -17.381257438999967], [31.40859964100008, -17.381255438999972], [31.408184653000035, -17.381118428999912], [31.40776666500011, -17.380981417999976], [31.40762966900013, -17.38097941799998], [31.4074896730001, -17.38097941799998], [31.40679369200012, -17.380837406999945], [31.406238708000046, -17.380700395999895], [31.405405731000144, -17.38055938599996], [31.40498774300005, -17.380422374999966], [31.404850746000136, -17.38042037499997], [31.40457175400013, -17.38041837499992], [31.404293762000066, -17.380282363999925], [31.404153766000036, -17.380281363999927], [31.402391815000158, -17.379731321999827], [31.402113823000093, -17.37972732199995], [31.401834831000087, -17.379726321999954], [31.40169583500017, -17.37972432099997], [31.401418843000158, -17.379455299999904], [31.40128384600007, -17.379186278999953], [31.40086985800008, -17.378781247999825], [31.40086985800008, -17.378648236999936], [31.400732862000154, -17.37851222699993], [31.400734861000046, -17.378379215999928], [31.400594865000187, -17.378379215999928], [31.400594865000187, -17.378243204999876], [31.400457869000036, -17.378110194999977], [31.40045986900003, -17.377843173999906], [31.400461869000026, -17.377708162999852], [31.40032387300016, -17.377574152999955], [31.40032387300016, -17.377440141999955], [31.400186876000078, -17.37730513199989], [31.400188876000072, -17.377038110999933], [31.400051880000092, -17.376903099999936], [31.400053880000087, -17.37663607899998], [31.399913884000057, -17.37663407899987], [31.39963989100005, -17.37636505799992], [31.399501895000185, -17.376096036999968], [31.39895091000011, -17.375555994999957], [31.39881191400019, -17.37555399499996], [31.398813914000186, -17.37542098399996], [31.39853492200018, -17.375418983999964], [31.398256930000116, -17.37541698399997], [31.398256930000116, -17.3752829739999], [31.39811793400014, -17.375280973999907], [31.39797793800011, -17.375278972999922], [31.397838942000135, -17.375278972999922], [31.397562949000132, -17.375141962999976], [31.397285957000122, -17.37500695199998], [31.397009965000052, -17.374870941999916], [31.396591976000025, -17.37473393099998], [31.39617598800004, -17.37459691999993], [31.395758000000114, -17.37459291999994], [31.395621004000134, -17.374456909999935], [31.395482008000158, -17.374454909999884], [31.395342011000025, -17.374454909999884], [31.395203015000106, -17.374453909999886], [31.394925022999985, -17.37445190999989], [31.394368039000085, -17.374445908999917], [31.393532062000133, -17.374439908999875], [31.393115074000093, -17.374435908999885], [31.392836082000088, -17.37443290899995], [31.392558090000193, -17.374430908999955], [31.39144412100012, -17.374420907999934], [31.391305124999974, -17.37441890799994], [31.391165129000115, -17.37441890799994], [31.39088713700005, -17.37454891899995], [31.390469149000126, -17.374546918999954], [31.390191156000128, -17.374542917999975], [31.389355180000052, -17.374535917999935], [31.388938192000182, -17.374531917999946], [31.388659199000074, -17.37452991799995], [31.388520203000155, -17.37452991799995], [31.38838120700018, -17.374527917999956], [31.388383207000174, -17.3743939069999], [31.385499288, -17.373838864999982], [31.385466289000078, -17.37368885299992], [31.385327293000103, -17.373552842999857], [31.385192296000014, -17.373283820999973], [31.385192296000014, -17.37315081099996], [31.385193296000125, -17.373016799999903], [31.38519529600012, -17.372883789999833], [31.38505830000014, -17.372614768999938], [31.385060300000134, -17.37248075799988], [31.38506230000013, -17.37234774799998], [31.385064300000124, -17.37208072699991], [31.38506829900018, -17.37167769499996], [31.385070299000176, -17.371544684999947], [31.38507129900006, -17.371277663999876], [31.385073299000055, -17.371143652999933], [31.385073299000055, -17.37101064299992], [31.385077299000045, -17.370754622999982], [31.385077299000045, -17.370743621999964], [31.385216295000134, -17.370609610999963], [31.38521829500013, -17.37047660099995], [31.38522029400002, -17.37020957999988], [31.385222294000187, -17.370075568999823], [31.38522429400018, -17.369942558999924], [31.384673309000163, -17.369402516999912], [31.384534313000017, -17.369400515999928], [31.384394317000158, -17.369400515999928], [31.384116325000093, -17.369396515999938], [31.384116325000093, -17.369263505999868], [31.383977329000118, -17.369263505999868], [31.383841333000078, -17.368994484999973], [31.383702337000102, -17.36885847399992], [31.38342734400004, -17.36858945299997], [31.38342734400004, -17.368456442999957], [31.38342934399998, -17.3683224319999], [31.383292348000055, -17.36818742199989], [31.383292348000055, -17.36805341099995], [31.38329434800005, -17.367920400999935], [31.383298347000107, -17.36765337999998], [31.38329934700016, -17.36738435799998], [31.383301347000156, -17.367250347999914], [31.383441343000186, -17.36725234799991], [31.383441343000186, -17.367119336999906], [31.38344334300018, -17.366985326999952], [31.383582339000156, -17.366985326999952], [31.383721335000075, -17.366987326999833], [31.384139323000056, -17.36699132699988], [31.384278320000078, -17.366993326999875], [31.384417316000054, -17.366993326999875], [31.38483530400015, -17.366997326999922], [31.385113296000043, -17.366999326999917], [31.38525329200013, -17.3670013279999], [31.385392288000048, -17.3670023279999], [31.385531284000024, -17.36700232699991], [31.38580827700008, -17.36700632799989], [31.38580827700008, -17.367140337999956], [31.385947273000056, -17.367140337999956], [31.38608626900003, -17.36714233799995], [31.386223265000183, -17.36727734899995], [31.38622526500012, -17.367144337999946], [31.38622526500012, -17.367010327999935], [31.38622926500011, -17.36660829599998], [31.386233264000168, -17.36634127499991], [31.386096268000017, -17.36607225399996], [31.386098268000012, -17.365938243999892], [31.385960272000148, -17.36566922299994], [31.385964271000034, -17.365402201999927], [31.385827275000054, -17.365133179999873], [31.38582927500005, -17.364866158999916], [31.38569327900018, -17.36459913799996], [31.38569727900017, -17.36419710699988], [31.38555828200009, -17.36406309599988], [31.38556228200008, -17.36379407499993], [31.38556228200008, -17.36366106499986], [31.385428286000035, -17.36325803299991], [31.382964347000154, -17.34438554999997], [31.38296634700015, -17.3442525399999], [31.382828351000114, -17.34398351899995], [31.382832351000104, -17.34358248699988], [31.382697354000186, -17.343313465999927], [31.38270235400006, -17.342779423999957], [31.380694407000135, -17.334472770999923], [31.380696407000073, -17.33433876099997], [31.380696407000073, -17.334205749999967], [31.38055941100015, -17.334069739999904], [31.380561411000144, -17.333936728999902], [31.380562410000095, -17.333669707999945], [31.38042541400017, -17.33353369799994], [31.380429414000105, -17.33313366599998], [31.38029241800018, -17.332864644999916], [31.380295417000127, -17.33246361299996], [31.380299417000117, -17.33219659199989], [31.38016442100013, -17.331794560999924], [31.379895428000168, -17.33072247699988], [31.379886627000076, -17.330687269999885], [31.379761432000123, -17.330186434999916], [31.379662747, -17.32659855899982], [31.379622516000154, -17.327078971999867], [31.37769866900004, -17.313575546999914], [31.36462397000014, -17.318035149999957], [31.36430686000017, -17.316679377999947], [31.363892872, -17.316284346999964], [31.354871125000102, -17.313799154999856], [31.354732128000023, -17.313797154999975], [31.35469197000009, -17.31373806199997], [31.35232326100015, -17.312777027999914], [31.349867504000088, -17.311780638999892], [31.34739163200004, -17.31115673299996]]]]}}, {"type": "Feature", "properties": {"GID_3": "ZWE.4.1.20_2", "GID_0": "ZWE", "COUNTRY": "Zimbabwe", "GID_1": "ZWE.4_1", "NAME_1": "Mashonaland Central", "NL_NAME_1": "NA", "GID_2": "ZWE.4.1_2", "NAME_2": "Bindura", "NL_NAME_2": "NA", "NAME_3": "Ward 8", "VARNAME_3": "NA", "NL_NAME_3": "NA", "TYPE_3": "Ward", "ENGTYPE_3": "Ward", "CC_3": "NA", "HASC_3": "NA", "id": "ZWE.4.1.20_2", "name": "Ward 8"}, "geometry": {"type": "MultiPolygon", "coordinates": [[[[31.389153230000034, -17.48200235799993], [31.38929222600018, -17.48200235799993], [31.38929222600018, -17.48186834799992], [31.389296225000066, -17.48146831599996], [31.3960920290001, -17.469767395999952], [31.396098029000086, -17.469628384999965], [31.396098029000086, -17.469494373999908], [31.396102029000076, -17.46922735299995], [31.399549927000066, -17.458160482999972], [31.39955192700006, -17.45802647299996], [31.399692923000146, -17.457895461999954], [31.399692923000146, -17.457761451999886], [31.399696923000135, -17.45749443099993], [31.39983791900005, -17.45722740999986], [31.399839919000044, -17.45696038899996], [31.3998439180001, -17.45669336799989], [31.3998439180001, -17.45656035799982], [31.399986914000067, -17.456292335999933], [31.399986914000067, -17.45615932599992], [31.399988914000062, -17.456025315999966], [31.399990914000057, -17.455892304999963], [31.399990914000057, -17.455758294999896], [31.399992914, -17.455625283999893], [31.40013191000014, -17.455625283999893], [31.400133910000136, -17.455358262999937], [31.40013591000013, -17.455224252999926], [31.400274906000107, -17.45522625299992], [31.400276906000045, -17.45509324199992], [31.40041590200019, -17.45509324199992], [31.40041590200019, -17.454959231999965], [31.400417902000186, -17.454826220999962], [31.400558897000053, -17.454694210999946], [31.400558897000053, -17.454561199999944], [31.400562897000043, -17.45429217899982], [31.40056489699998, -17.454158168999925], [31.400703893000127, -17.454027157999917], [31.400707893000117, -17.45376013699996], [31.400707893000117, -17.45362612699995], [31.400850889000026, -17.45335910599988], [31.400850889000026, -17.45322509499988], [31.40085288900019, -17.45309208499998], [31.400714892000053, -17.45282306399986], [31.400716892000048, -17.452689052999972], [31.400718892000043, -17.45242203199996], [31.400583896000057, -17.452154010999834], [31.400447899000085, -17.451750979999872], [31.400310903000104, -17.45148195899992], [31.400037911000084, -17.450945916999956], [31.39989891400006, -17.4508109059999], [31.399763918000076, -17.45054188499995], [31.39948892600006, -17.450138853999874], [31.39935392899997, -17.44973682199992], [31.39597802000003, -17.438743959999954], [31.39597802000003, -17.438609949999886], [31.39583802400017, -17.43860794999989], [31.395842024000103, -17.438340928999935], [31.395705027000076, -17.43807190799987], [31.395568031000096, -17.437803886999973], [31.38986618500013, -17.422512687999927], [31.389868185000125, -17.422379676999924], [31.38987018500012, -17.422245666999913], [31.389872185000115, -17.421978645999957], [31.389874185000053, -17.421845634999954], [31.389874185000053, -17.42170962499989], [31.389880184000106, -17.421309592999933], [31.389880184000106, -17.421175582999865], [31.3898821840001, -17.421042571999976], [31.389884184000096, -17.420775550999963], [31.38988618400009, -17.420641540999895], [31.389887183999974, -17.420508529999893], [31.389748188000056, -17.420372519999944], [31.389760187000036, -17.419302435999953], [31.38976218700003, -17.419035414999883], [31.38976318600004, -17.418768393999926], [31.389765186000034, -17.41863538299998], [31.389769186000024, -17.418234351999956], [31.389912182000103, -17.417834319999884], [31.391196139000044, -17.40019693399995], [31.38865520600001, -17.389479092999977], [31.38879520200004, -17.389481092999972], [31.385499288, -17.373838864999982], [31.388383207000174, -17.3743939069999], [31.38838120700018, -17.374527917999956], [31.388520203000155, -17.37452991799995], [31.388659199000074, -17.37452991799995], [31.388938192000182, -17.374531917999946], [31.389355180000052, -17.374535917999935], [31.390191156000128, -17.374542917999975], [31.390469149000126, -17.374546918999954], [31.39088713700005, -17.37454891899995], [31.391165129000115, -17.37441890799994], [31.391305124999974, -17.37441890799994], [31.39144412100012, -17.374420907999934], [31.392558090000193, -17.374430908999955], [31.392836082000088, -17.37443290899995], [31.393115074000093, -17.374435908999885], [31.393532062000133, -17.374439908999875], [31.394368039000085, -17.374445908999917], [31.394925022999985, -17.37445190999989], [31.395203015000106, -17.374453909999886], [31.395342011000025, -17.374454909999884], [31.395482008000158, -17.374454909999884], [31.395621004000134, -17.374456909999935], [31.395758000000114, -17.37459291999994], [31.39617598800004, -17.37459691999993], [31.396591976000025, -17.37473393099998], [31.397009965000052, -17.374870941999916], [31.397285957000122, -17.37500695199998], [31.397562949000132, -17.375141962999976], [31.397838942000135, -17.375278972999922], [31.39797793800011, -17.375278972999922], [31.39811793400014, -17.375280973999907], [31.398256930000116, -17.3752829739999], [31.398256930000116, -17.37541698399997], [31.39853492200018, -17.375418983999964], [31.398813914000186, -17.37542098399996], [31.39881191400019, -17.37555399499996], [31.39895091000011, -17.375555994999957], [31.399501895000185, -17.376096036999968], [31.39963989100005, -17.37636505799992], [31.399913884000057, -17.37663407899987], [31.400053880000087, -17.37663607899998], [31.400051880000092, -17.376903099999936], [31.400188876000072, -17.377038110999933], [31.400186876000078, -17.37730513199989], [31.40032387300016, -17.377440141999955], [31.40032387300016, -17.377574152999955], [31.400461869000026, -17.377708162999852], [31.40045986900003, -17.377843173999906], [31.400457869000036, -17.378110194999977], [31.400594865000187, -17.378243204999876], [31.400594865000187, -17.378379215999928], [31.400734861000046, -17.378379215999928], [31.400732862000154, -17.37851222699993], [31.40086985800008, -17.378648236999936], [31.40086985800008, -17.378781247999825], [31.40128384600007, -17.379186278999953], [31.401418843000158, -17.379455299999904], [31.40169583500017, -17.37972432099997], [31.401834831000087, -17.379726321999954], [31.402113823000093, -17.37972732199995], [31.402391815000158, -17.379731321999827], [31.404153766000036, -17.380281363999927], [31.404293762000066, -17.380282363999925], [31.40457175400013, -17.38041837499992], [31.404850746000136, -17.38042037499997], [31.40498774300005, -17.380422374999966], [31.405405731000144, -17.38055938599996], [31.406238708000046, -17.380700395999895], [31.40679369200012, -17.380837406999945], [31.4074896730001, -17.38097941799998], [31.40762966900013, -17.38097941799998], [31.40776666500011, -17.380981417999976], [31.408184653000035, -17.381118428999912], [31.40859964100008, -17.381255438999972], [31.40873963700011, -17.381257438999967], [31.40887863400019, -17.381257438999967], [31.409155625999972, -17.38139444999996], [31.409433618000094, -17.381396449999954], [31.40985160600019, -17.381400449999887], [31.409990602000164, -17.381400449999887], [31.41012959800014, -17.381402449999882], [31.41026859500016, -17.381404449999877], [31.41040859100019, -17.381404449999877], [31.410547587000167, -17.381406449999872], [31.41082557900006, -17.381408449999924], [31.41096557500009, -17.38141044999992], [31.411104571000067, -17.38141044999992], [31.411243566999985, -17.381412450999903], [31.41152255900016, -17.3814144509999], [31.411663555000132, -17.381282439999893], [31.41180255100005, -17.381284439999888], [31.411941547000026, -17.381284439999888], [31.412080544000048, -17.381286439999883], [31.412220540000078, -17.381286439999883], [31.41235753600006, -17.381421450999937], [31.412496532000034, -17.381423450999932], [31.41263452800007, -17.38155846099994], [31.41263452800007, -17.381692471999827], [31.41277152400005, -17.381825481999897], [31.412769524000055, -17.381959492999954], [31.412767525000163, -17.382228513999962], [31.412761525000178, -17.382896566999875], [31.4126185290001, -17.383163587999945], [31.4126185290001, -17.38329659799996], [31.41261452900011, -17.383563618999915], [31.4126135300001, -17.383830639999815], [31.412471534000076, -17.383962650999877], [31.412471534000076, -17.38409766099994], [31.41246953400008, -17.38423167199994], [31.412468534000027, -17.38449869299984], [31.412466534000032, -17.38463170299991], [31.412603530000183, -17.384767713999963], [31.412742526000102, -17.384767713999963], [31.412881522000077, -17.384769713999958], [31.413021518000107, -17.384769713999958], [31.413023518000102, -17.3846357029999], [31.413025518000097, -17.384502692999888], [31.413164514000073, -17.384503692999886], [31.413580503000105, -17.384507692999875], [31.41385849500017, -17.384643703999927], [31.413997491000146, -17.384645703999922], [31.41469347100019, -17.384650703999966], [31.41469347100019, -17.384517692999907], [31.41469547100013, -17.384383682999896], [31.414697471000125, -17.38411666199994], [31.414701471000114, -17.383847640999875], [31.414701471000114, -17.383714629999872], [31.414705471000104, -17.383447608999916], [31.414844467000023, -17.3833155989999], [31.414846467000018, -17.38318258799984], [31.414987462000056, -17.383048577999944], [31.415266455000165, -17.38291656699994], [31.41540745100008, -17.38278555699992], [31.415548446000116, -17.382518535999964], [31.415687442999968, -17.38252053599996], [31.41582843900011, -17.382388525999943], [31.415969435000022, -17.38225551499994], [31.416246427000033, -17.382257514999935], [31.416664415000184, -17.382260514999928], [31.41749939200008, -17.382268514999964], [31.417638388, -17.38227051599995], [31.417778384000087, -17.38227051599995], [31.417917380000176, -17.382272515999944], [31.418335368000157, -17.38240952599989], [31.418750356000032, -17.382546536999882], [31.41902734900009, -17.382815557999947], [31.4193043410001, -17.38295356899988], [31.419443337000075, -17.38295356899988], [31.41944133700008, -17.38308657899995], [31.419580333000056, -17.383088578999946], [31.419717330000083, -17.38335759999984], [31.419994322000093, -17.383493610999892], [31.420408310000084, -17.38389764199985], [31.42054530700011, -17.384166663999906], [31.420822299000122, -17.384303673999966], [31.42109829100002, -17.384572694999918], [31.421096291000026, -17.384706705999974], [31.421236287000113, -17.384707705999972], [31.42137328400014, -17.384841715999983], [31.421651276000034, -17.38497872699986], [31.421928268000045, -17.385114737999913], [31.42206726400019, -17.38511673799991], [31.422205260000055, -17.38524974799998], [31.422483253000053, -17.38525374799997], [31.422485252000115, -17.385119737999958], [31.422626248000086, -17.384986726999898], [31.42262824800008, -17.38471970599994], [31.42262824800008, -17.38458569599993], [31.422634248, -17.38405165399996], [31.422496252000144, -17.383916642999907], [31.422496252000144, -17.38378263299984], [31.422361255000112, -17.383513611999945], [31.42236325500005, -17.383246590999875], [31.422365255000045, -17.383113579999815], [31.422643247000167, -17.38311557999998], [31.422922239000115, -17.383117579999976], [31.42333922800009, -17.38312157999985], [31.42347922400012, -17.38312257999985], [31.423755216000075, -17.3832585909999], [31.423894212000164, -17.383260590999896], [31.424171204000174, -17.38339560199995], [31.42431020000015, -17.383531611999956], [31.424450197000112, -17.383531611999956], [31.424448197000117, -17.383664622999845], [31.424587193000036, -17.383666622999897], [31.424728189000177, -17.383534611999835], [31.424728189000177, -17.383401601999935], [31.424867185000153, -17.383401601999935], [31.424871185000086, -17.383134580999865], [31.42487118400004, -17.38300056999998], [31.424875183999973, -17.382733548999965], [31.424875183999973, -17.382600538999895], [31.424879184000133, -17.382331517999944], [31.424879184000133, -17.382197506999944], [31.424741188000098, -17.382064496999874], [31.424743188000093, -17.381930485999874], [31.424745188000088, -17.381661464999922], [31.424608191000175, -17.381394443999966], [31.424472195000135, -17.381125422999958], [31.424472195000135, -17.380992412999888], [31.42433719900015, -17.380723390999947], [31.424200202000122, -17.38045436999988], [31.42420220200006, -17.380321359999982], [31.42406220600003, -17.38018534899993], [31.42406620600019, -17.379918327999917], [31.42392921000004, -17.379649306999966], [31.423935209000092, -17.378982254999926], [31.423938209000028, -17.37858122299997], [31.423944209000126, -17.378045180999948], [31.424396194000167, -17.374439897999878], [31.424396194000167, -17.374306886999875], [31.42439819400016, -17.374172876999978], [31.4244001940001, -17.373905855999908], [31.424543190000065, -17.37363883499995], [31.42454519000006, -17.37337181399988], [31.424686186000145, -17.37323880299988], [31.424827182000115, -17.372972781999977], [31.428054090000103, -17.370327572999884], [31.428194086000133, -17.370327572999884], [31.428194086000133, -17.370193561999884], [31.42833308200011, -17.37019556199988], [31.428335082000103, -17.37006255199998], [31.428615074000163, -17.369930541999906], [31.428896066000164, -17.369665520999888], [31.429174058000058, -17.369534509999824], [31.429454050000118, -17.36940249999998], [31.429735042000118, -17.369137478999903], [31.429737042000113, -17.369003467999846], [31.430017034000173, -17.36887245799994], [31.430017034000173, -17.36873844699994], [31.43016003000008, -17.368473425999866], [31.430299026000057, -17.368340415999967], [31.430441022000082, -17.368074394999894], [31.430442022000136, -17.36794138399989], [31.430584018, -17.367674362999935], [31.43072501400013, -17.36754235299992], [31.430727014000126, -17.367409342999906], [31.43072901300019, -17.367140320999965], [31.430730013000073, -17.367006310999955], [31.430730013000073, -17.366873299999895], [31.430734013000063, -17.366472268999928], [31.430599017000077, -17.366203247999977], [31.43060101599997, -17.365936226999906], [31.429910036000024, -17.365261173999897], [31.429218055000035, -17.364988152999956], [31.428941063000025, -17.364719131999834], [31.428802067000106, -17.364717131999953], [31.428663070000027, -17.364716131999955], [31.428667070000188, -17.364449110999942], [31.428527074000158, -17.364315099999885], [31.428529074000153, -17.364182089999872], [31.428531074000148, -17.36391306899992], [31.428533074000143, -17.36377905799992], [31.428535074000138, -17.363646047999964], [31.428539073000024, -17.363245015999894], [31.42854107300019, -17.362977994999937], [31.4286840690001, -17.362576962999867], [31.428686069000094, -17.362309941999968], [31.428827065, -17.362042920999897], [31.428970061000143, -17.361777899999936], [31.429111057000057, -17.361510878999923], [31.429252053000027, -17.36137986899996], [31.42925405200009, -17.361112847999948], [31.42939504800006, -17.360845826999878], [31.42953804400014, -17.360579805999976], [31.42954204400013, -17.360177773999965], [31.42954804300018, -17.359376710999925], [31.429550043000177, -17.359242700999857], [31.42955204300017, -17.358975679999958], [31.429554043000167, -17.358840668999903], [31.429416047000075, -17.358706658999893], [31.42941804700007, -17.358439637999936], [31.42928105100009, -17.35830462699994], [31.429144054000062, -17.358035605999817], [31.428869062000047, -17.357766584999922], [31.42873006600007, -17.35763157499997], [31.428453073000185, -17.357495563999976], [31.427790416000164, -17.358445165999967], [31.427608098000178, -17.35876326399989], [31.425245506000067, -17.357444184999906], [31.42525807000004, -17.35597285999995], [31.427304854000113, -17.35549849499995], [31.427309037000043, -17.35500805299995], [31.427819684999974, -17.35501206899994], [31.429862279000076, -17.35502811999993], [31.43139839700018, -17.35454970099994], [31.431410909000135, -17.353078369999878], [31.43141925100008, -17.35209748299991], [31.43346181600009, -17.352113494999912], [31.43601918300004, -17.35164303499988], [31.438049289000162, -17.353130334999946], [31.438040983000178, -17.354111224999826], [31.43905397800006, -17.35510009099994], [31.441092439000045, -17.355606471999977], [31.442105459000175, -17.356595324999944], [31.4436415670001, -17.356116809999946], [31.446705500000064, -17.356140637999943], [31.44976119300003, -17.357145312999933], [31.452821037000035, -17.357659496999872], [31.454353023000124, -17.35767134699995], [31.45690223000014, -17.358181520999892], [31.45894488800019, -17.35819727699993], [31.461485936000145, -17.359688293999966], [31.46301385600009, -17.360190529999954], [31.465567213000043, -17.360210146999975], [31.469652592000102, -17.360241465999877], [31.469915908000075, -17.358373617999973], [31.47006490400014, -17.358382617999837], [31.473529813000027, -17.37512493299988], [31.45175842800012, -17.381091409999897], [31.45835925100016, -17.404811271999904], [31.478176692000034, -17.39976386799998], [31.480331635000084, -17.40780449899995], [31.48032963500009, -17.407937508999908], [31.480207638000024, -17.40799351399994], [31.46872596300011, -17.413175924999905], [31.47252086100019, -17.424303797999983], [31.46604004600016, -17.432405435999897], [31.46117818900018, -17.44626852699986], [31.47322285300004, -17.453857117999974], [31.468980981000072, -17.475882847999912], [31.461146209000162, -17.494668324999964], [31.460555227000157, -17.49827260799998], [31.460351233000154, -17.498351613999944], [31.458518289000153, -17.509140460999845], [31.458302295000067, -17.509138460999964], [31.42269529800012, -17.512086705999877], [31.407672721000154, -17.51320279899994], [31.385039327000072, -17.514418791999958], [31.38095547400013, -17.514637921999963], [31.374407658000166, -17.514988951999953], [31.381423454000128, -17.49849765599987], [31.381615448000048, -17.497843603999854], [31.381617447999986, -17.497710593999955], [31.389153230000034, -17.48200235799993]]]]}}, {"type": "Feature", "properties": {"GID_3": "ZWE.4.1.21_2", "GID_0": "ZWE", "COUNTRY": "Zimbabwe", "GID_1": "ZWE.4_1", "NAME_1": "Mashonaland Central", "NL_NAME_1": "NA", "GID_2": "ZWE.4.1_2", "NAME_2": "Bindura", "NL_NAME_2": "NA", "NAME_3": "Ward 9", "VARNAME_3": "NA", "NL_NAME_3": "NA", "TYPE_3": "Ward", "ENGTYPE_3": "Ward", "CC_3": "NA", "HASC_3": "NA", "id": "ZWE.4.1.21_2", "name": "Ward 9"}, "geometry": {"type": "MultiPolygon", "coordinates": [[[[31.324342020000188, -17.40294017499997], [31.32434302000007, -17.40283116699993], [31.324204024000096, -17.40283116699993], [31.324204024000096, -17.40269815599993], [31.324208024000086, -17.402431134999972], [31.32421002300015, -17.402162113999907], [31.324506014000065, -17.40056098799994], [31.324506014000065, -17.40042797799987], [31.32450701400012, -17.400293966999982], [31.324649010000144, -17.40016095699997], [31.324649010000144, -17.40002694599997], [31.32479200600011, -17.399761924999893], [31.325073998000164, -17.39936389399992], [31.325216994000073, -17.398962861999962], [31.325222993000125, -17.398428820999925], [31.325363989000095, -17.398161798999922], [31.32536598900009, -17.397894777999966], [31.325370989000135, -17.397493746999828], [31.325370989000135, -17.39736073699993], [31.325514985000154, -17.397093714999926], [31.3255179840001, -17.39655967399989], [31.32552198400009, -17.396292652999932], [31.325523984000085, -17.396025631999862], [31.325527984000075, -17.39562259999991], [31.32566898000016, -17.395491589999892], [31.32567097900005, -17.395224568999936], [31.32567497900004, -17.394957547999923], [31.325676979000036, -17.39482353699998], [31.325676979000036, -17.39468852599998], [31.325817975000177, -17.394556515999966], [31.32595897100009, -17.39429149499989], [31.325960971000086, -17.39415648499994], [31.326101967000056, -17.393890463999924], [31.32610796600011, -17.393490431999965], [31.32638795800017, -17.39322541099989], [31.326389958000163, -17.392958389999933], [31.326671950000048, -17.392693368999915], [31.326671950000048, -17.39255935899996], [31.326954942000157, -17.392294337999942], [31.327093938000132, -17.392162326999937], [31.327373930000192, -17.392031316999862], [31.32779391800011, -17.391768295999952], [31.328073910000057, -17.391636285999937], [31.32835490200017, -17.391371264999975], [31.328495898000142, -17.39123925399997], [31.32863489400006, -17.39123925399997], [31.328914886000177, -17.391110243999947], [31.33393874500007, -17.38995215099993], [31.334358732999988, -17.38968712999997], [31.334638725000104, -17.38942310899995], [31.334919717000048, -17.389292098999874], [31.33506071300019, -17.389158087999874], [31.335338705000083, -17.389029077999965], [31.335619697000084, -17.38889706699996], [31.33603868500012, -17.388634046999982], [31.33645867300004, -17.388504035999972], [31.33659966900018, -17.38837102599996], [31.336878661000128, -17.388239014999954], [31.337160653000012, -17.387975993999873], [31.337581641000043, -17.3875769629999], [31.337860633000048, -17.38744695299988], [31.33828162100008, -17.387048920999973], [31.338562613000192, -17.386918910999896], [31.338844605000077, -17.386519878999934], [31.339264593000053, -17.386254857999916], [31.339544585000112, -17.386125847999892], [31.339685581000026, -17.385858826999936], [31.340107569000168, -17.385594805999915], [31.340526556999976, -17.38533178499995], [31.340948545000117, -17.38493475399997], [31.341367534000028, -17.384669732999953], [31.341789522000113, -17.384406711999873], [31.342067514000064, -17.384275701999968], [31.34220951000009, -17.384143690999963], [31.342628498000067, -17.384013680999942], [31.342907490000073, -17.384015680999937], [31.343324478000113, -17.383885670999916], [31.34360347000012, -17.38388767099991], [31.343881463000116, -17.383891670999958], [31.34416045500012, -17.383893670999953], [31.344438447000186, -17.383895670999948], [31.344995431000086, -17.383901670999933], [31.34555241600009, -17.383906670999977], [31.34610940000016, -17.383910671999956], [31.34652938800008, -17.383781660999944], [31.346807379999973, -17.38378266099994], [31.347225368000124, -17.383653650999975], [31.347643357000152, -17.383657650999965], [31.348060345000192, -17.383660650999957], [31.34848033300011, -17.383531640999934], [31.348758325000063, -17.38339962999993], [31.34903731700001, -17.383403630999908], [31.349456305000047, -17.383273619999898], [31.34959830100007, -17.383140609999828], [31.34987629400007, -17.38314260999988], [31.350015290000044, -17.383143609999877], [31.350155286000074, -17.38301259899987], [31.35043327800014, -17.383014598999978], [31.350853266000115, -17.382884588999957], [31.35113125800018, -17.382886588999952], [31.35141225000018, -17.382754578999936], [31.3515512460001, -17.38275657899993], [31.3518272390001, -17.382758578999926], [31.352106231000107, -17.382762578999973], [31.352108231000102, -17.382628567999916], [31.352386223000167, -17.3826305689999], [31.356853097000112, -17.381333464999955], [31.357134089000112, -17.381202453999947], [31.35727308500003, -17.38120445499993], [31.357414081000172, -17.381070443999874], [31.357692073000067, -17.38107444399992], [31.357832069000096, -17.38107444399992], [31.358110061000048, -17.38107844399991], [31.35880604200014, -17.381084444999942], [31.359222030000126, -17.381087444999935], [31.359361026000045, -17.38108944499993], [31.359501022000074, -17.38108944499993], [31.35964001800005, -17.381091444999925], [31.360058007000077, -17.38122845499987], [31.360474995000118, -17.381232455999964], [31.360612991000153, -17.381368465999913], [31.36075198700013, -17.381368465999913], [31.360890983000104, -17.381370465999908], [31.361167975000058, -17.381505476999962], [31.361722960000066, -17.381778497999903], [31.36213794800011, -17.381915508999896], [31.362414941000054, -17.382052518999956], [31.36269293300012, -17.382188529999837], [31.36296992500013, -17.38219052999989], [31.363108921000105, -17.382192529999884], [31.36338791300011, -17.38219452999988], [31.363944898000057, -17.382199529999923], [31.364779874000078, -17.382207530999892], [31.365058866000027, -17.382209530999887], [31.365199862000168, -17.382077519999882], [31.365477854000062, -17.382079519999877], [31.366034839000065, -17.382083519999924], [31.36617383500004, -17.38195150999985], [31.36631383100007, -17.381953509999903], [31.36645282699999, -17.381953509999903], [31.366591823000135, -17.381955509999898], [31.36659382300013, -17.38182249999994], [31.366732819000106, -17.381824499999823], [31.3667348190001, -17.38155547899993], [31.366738819000034, -17.381288457999972], [31.366738819000034, -17.38115444699997], [31.366740818000153, -17.3810214369999], [31.366744818000086, -17.380754415999945], [31.366744818000086, -17.380620404999945], [31.36688781400005, -17.380353383999875], [31.366889814000046, -17.380086362999975], [31.36703081000013, -17.3798213419999], [31.367032810000126, -17.379685330999905], [31.367173806000096, -17.379554320999944], [31.36731480200018, -17.379289299999925], [31.36745579800015, -17.37915528999997], [31.367596794000065, -17.378890268999953], [31.36787578600007, -17.378892268999948], [31.368014782000046, -17.378894268999943], [31.36829277400011, -17.378896268999938], [31.36843277000014, -17.378896268999938], [31.368848758000127, -17.379035279999982], [31.369265747000043, -17.379037279999977], [31.369542739000053, -17.379174289999924], [31.36968173500003, -17.379174289999924], [31.369959727000094, -17.379178290999903], [31.370099723000124, -17.37917828999997], [31.370377715000018, -17.37918229099995], [31.371911672000067, -17.378928269999903], [31.372050668000156, -17.378928269999903], [31.372189664000132, -17.3789302699999], [31.37260765300016, -17.378934269999945], [31.37274864900013, -17.378800259999878], [31.37288764500005, -17.378802259999873], [31.37330563300003, -17.37880625999992], [31.37344462900012, -17.378808259999914], [31.37372162100013, -17.37894327099997], [31.373999613000024, -17.378945270999964], [31.374138610000102, -17.37894727099996], [31.374278606000132, -17.378949270999954], [31.374419602000046, -17.37881625999995], [31.374558598000192, -17.378818259999946], [31.374558598000192, -17.37868424999988], [31.374697594000168, -17.37868424999988], [31.374699594000163, -17.378551238999876], [31.374840590000076, -17.378419228999974], [31.374840590000076, -17.378285217999974], [31.3749825860001, -17.378152207999904], [31.37498358500011, -17.378018196999903], [31.37512358100014, -17.377887186999942], [31.37526457700011, -17.377753175999942], [31.375266577000048, -17.37762016599993], [31.375266577000048, -17.377486154999872], [31.375405573000023, -17.377488155999856], [31.375409573000184, -17.377221134999957], [31.37554856900016, -17.377088123999954], [31.375550569000097, -17.376954113999886], [31.375552569000092, -17.376821102999884], [31.375552569000092, -17.37668709299993], [31.375691565000068, -17.37668909299998], [31.37583256099998, -17.376555081999925], [31.375973557000123, -17.376424071999907], [31.376252549000128, -17.3764260719999], [31.376391545000047, -17.376294060999896], [31.376532541000188, -17.37616105099994], [31.376811533000193, -17.376164050999876], [31.376952529000107, -17.37603103999993], [31.377230521000058, -17.37603304099997], [31.37750951400011, -17.37603704099996], [31.37792650200015, -17.37604104099995], [31.378205494000156, -17.375909029999946], [31.378344490000075, -17.37591103099993], [31.37834649000007, -17.375775019999935], [31.378485486000045, -17.37577701999993], [31.378625482000075, -17.37564600999991], [31.378905474000135, -17.37551399899985], [31.379046470000105, -17.37538098899995], [31.379185466000024, -17.375248977999945], [31.37932546200011, -17.37525097799994], [31.379466458000024, -17.37511696799993], [31.379607454000165, -17.374851946999968], [31.379887446000055, -17.37472093599996], [31.38002844199997, -17.37458692599995], [31.380170438, -17.374321904999874], [31.380311434000134, -17.374187893999817], [31.38045043000011, -17.37405688399997], [31.380454430000043, -17.3737898629999], [31.38059342600019, -17.373655851999956], [31.380595426000184, -17.373522841999943], [31.38059742600018, -17.373388830999943], [31.380736422000098, -17.373257820999868], [31.380738422000093, -17.37312381099997], [31.380879418000063, -17.372990799999968], [31.381018413999982, -17.372858789999896], [31.381020413999977, -17.372725778999893], [31.381161409000185, -17.372591768999825], [31.381301405000045, -17.372459757999934], [31.381442401000186, -17.37232674799992], [31.3815833970001, -17.372061726999846], [31.381863389000046, -17.371929715999954], [31.38200438500013, -17.371798705999936], [31.38214438100016, -17.371664694999936], [31.382283378000068, -17.37166669499993], [31.38228537700013, -17.371532684999863], [31.382424374000152, -17.371532684999863], [31.382565370000123, -17.371401673999856], [31.38270436600004, -17.371403674999954], [31.38284436200007, -17.371403674999954], [31.382983358000047, -17.37127166399995], [31.383124354000188, -17.371138653999935], [31.383263350000107, -17.37114065399993], [31.383402346000082, -17.371141653999928], [31.383542342000112, -17.371141653999928], [31.383681338000088, -17.37101064299992], [31.383820334, -17.371012642999972], [31.383961330000147, -17.370878632999904], [31.384101326000177, -17.3708806329999], [31.384240322000153, -17.3708806329999], [31.384242322000148, -17.370747621999897], [31.385077299000045, -17.370754622999982], [31.385073299000055, -17.37101064299992], [31.385073299000055, -17.371143652999933], [31.38507129900006, -17.371277663999876], [31.385070299000176, -17.371544684999947], [31.38506829900018, -17.37167769499996], [31.385064300000124, -17.37208072699991], [31.38506230000013, -17.37234774799998], [31.385060300000134, -17.37248075799988], [31.38505830000014, -17.372614768999938], [31.38519529600012, -17.372883789999833], [31.385193296000125, -17.373016799999903], [31.385192296000014, -17.37315081099996], [31.385192296000014, -17.373283820999973], [31.385327293000103, -17.373552842999857], [31.385466289000078, -17.37368885299992], [31.385499288, -17.373838864999982], [31.38879520200004, -17.389481092999972], [31.38865520600001, -17.389479092999977], [31.391196139000044, -17.40019693399995], [31.389912182000103, -17.417834319999884], [31.389769186000024, -17.418234351999956], [31.389765186000034, -17.41863538299998], [31.38976318600004, -17.418768393999926], [31.38976218700003, -17.419035414999883], [31.389760187000036, -17.419302435999953], [31.389748188000056, -17.420372519999944], [31.389887183999974, -17.420508529999893], [31.38988618400009, -17.420641540999895], [31.389884184000096, -17.420775550999963], [31.3898821840001, -17.421042571999976], [31.389880184000106, -17.421175582999865], [31.389880184000106, -17.421309592999933], [31.389874185000053, -17.42170962499989], [31.389874185000053, -17.421845634999954], [31.389872185000115, -17.421978645999957], [31.38987018500012, -17.422245666999913], [31.389868185000125, -17.422379676999924], [31.38986618500013, -17.422512687999927], [31.395568031000096, -17.437803886999973], [31.395705027000076, -17.43807190799987], [31.395842024000103, -17.438340928999935], [31.39583802400017, -17.43860794999989], [31.39597802000003, -17.438609949999886], [31.39597802000003, -17.438743959999954], [31.39935392899997, -17.44973682199992], [31.39948892600006, -17.450138853999874], [31.399763918000076, -17.45054188499995], [31.39989891400006, -17.4508109059999], [31.400037911000084, -17.450945916999956], [31.400310903000104, -17.45148195899992], [31.400447899000085, -17.451750979999872], [31.400583896000057, -17.452154010999834], [31.400718892000043, -17.45242203199996], [31.400716892000048, -17.452689052999972], [31.400714892000053, -17.45282306399986], [31.40085288900019, -17.45309208499998], [31.400850889000026, -17.45322509499988], [31.400850889000026, -17.45335910599988], [31.400707893000117, -17.45362612699995], [31.400707893000117, -17.45376013699996], [31.400703893000127, -17.454027157999917], [31.40056489699998, -17.454158168999925], [31.400562897000043, -17.45429217899982], [31.400558897000053, -17.454561199999944], [31.400558897000053, -17.454694210999946], [31.400417902000186, -17.454826220999962], [31.40041590200019, -17.454959231999965], [31.40041590200019, -17.45509324199992], [31.400276906000045, -17.45509324199992], [31.400274906000107, -17.45522625299992], [31.40013591000013, -17.455224252999926], [31.400133910000136, -17.455358262999937], [31.40013191000014, -17.455625283999893], [31.399992914, -17.455625283999893], [31.399990914000057, -17.455758294999896], [31.399990914000057, -17.455892304999963], [31.399988914000062, -17.456025315999966], [31.399986914000067, -17.45615932599992], [31.399986914000067, -17.456292335999933], [31.3998439180001, -17.45656035799982], [31.3998439180001, -17.45669336799989], [31.399839919000044, -17.45696038899996], [31.39983791900005, -17.45722740999986], [31.399696923000135, -17.45749443099993], [31.399692923000146, -17.457761451999886], [31.399692923000146, -17.457895461999954], [31.39955192700006, -17.45802647299996], [31.399549927000066, -17.458160482999972], [31.396102029000076, -17.46922735299995], [31.396098029000086, -17.469494373999908], [31.396098029000086, -17.469628384999965], [31.3960920290001, -17.469767395999952], [31.38245841200012, -17.468573306999815], [31.38231941600003, -17.468571306999934], [31.382180420000054, -17.46856930699994], [31.36979576800013, -17.467257208999968], [31.369656772000155, -17.467255208999916], [31.36937878000009, -17.46725320799993], [31.368683799000053, -17.46711219799988], [31.367987819000177, -17.467106196999907], [31.363541944000133, -17.46599811199991], [31.363402948000157, -17.465996111999914], [31.3631259550001, -17.46586110199985], [31.362712967, -17.465454069999907], [31.362572971000134, -17.465454069999907], [31.362157982000042, -17.46518404899996], [31.361741994000056, -17.46504603799991], [31.361326005000024, -17.464774016999968], [31.36104701300019, -17.464638005999973], [31.35803009600005, -17.460065648999944], [31.357893100000126, -17.45979662799988], [31.357755104000034, -17.459527606999927], [31.357620107000173, -17.459125574999973], [31.357345115000157, -17.458856553999908], [31.357208119000177, -17.458587532999957], [31.357073122000088, -17.45818550099989], [31.356798130000072, -17.457780469999875], [31.356525137000176, -17.45724442799991], [31.354778780000174, -17.45324855399997], [31.35424501400007, -17.45194500999986], [31.353271663999976, -17.44654193799994], [31.354315433000124, -17.444098287999964], [31.355345982000188, -17.443125891999955], [31.355870043000152, -17.441658849999897], [31.35537236100015, -17.440183367999964], [31.354914255000097, -17.43429409699985], [31.352906062000102, -17.430353841999874], [31.352914862000148, -17.429373000999817], [31.35191080000004, -17.427402867999945], [31.352509613999985, -17.41759867499985], [31.351711212, -17.40876384799998], [31.351713252000025, -17.40853660399995], [31.351717252000185, -17.40813657299998], [31.35172225200006, -17.407600530999957], [31.35172625200005, -17.407199498999887], [31.351730251000106, -17.406932477999817], [31.351869247000025, -17.406799467999917], [31.351873247000185, -17.406531446999963], [31.351873247000185, -17.40639843599996], [31.351736251000034, -17.406263425999953], [31.35173825100003, -17.406129414999896], [31.351740251000024, -17.405996404999883], [31.351600255000164, -17.40586239399994], [31.351602254000056, -17.40572738399993], [31.35160425400005, -17.40559337299993], [31.351328262000152, -17.40532435199998], [31.351330262000147, -17.40519134199991], [31.35119026600006, -17.405189341999915], [31.346475398000052, -17.403142182999886], [31.34633640100003, -17.403140182999834], [31.324342020000188, -17.40294017499997]]]]}}]}